title,price,address,rooms,living_space,property_area,price_per_m2,type,usable_area,available_from,bedrooms,bathrooms,garage_parking,buyer_commission,criteriagroup_boolean_listing
Freistehendes Mehrfamilienhaus auf großzügigem Grundstück mit 3 separaten Wohnungen,297.500 €,"35716 Dietzhölztal, Lahn-Dill-Kreis
Die vollständige Adresse der Immobilie erhalten Sie vom Anbieter.",12,270 m²,692 m²,1.102 €/m²,Mehrfamilienhaus,45 m²,nach Absprache,7,5,2 Außenstellplätze,"7,14 % Käuferprovision inkl. 19 % MWST","{'is24qa-keller-label': '', 'is24qa-einliegerwohnung-label': '', 'is24qa-vermietet-label': ''}"
"Einzigartiger, sanierungsbedürftiger Bungalow in ruhiger Lage von Neuberg",675.000 €,"63543 Neuberg, Main-Kinzig-Kreis
Die vollständige Adresse der Immobilie erhalten Sie vom Anbieter.",10,350 m²,1.175 m²,1.929 €/m²,Bungalow,150 m²,sofort,6,2,1 Garage,"3,57 % Käuferprovision inkl. 19 % MwSt.","{'is24qa-keller-label': '', 'is24qa-einliegerwohnung-label': ''}"
Idyllisches Wohnen am Fuße des Hohen Meißners: Einfamilienhaus mit zwei Wohneinheiten und malerische,175.000 €,"37290 Meißner, Werra-Meißner-Kreis
Die vollständige Adresse der Immobilie erhalten Sie vom Anbieter.",8,149 m²,790 m²,1.174 €/m²,Einfamilienhaus (freistehend),nil,sofort,4,2,2 Garagen,"3,57 % Käuferprovision inkl. 19 % MwSt.",{'is24qa-keller-label': ''}
5-Zimmer-Einfamilienhaus am Stadtrand in Marburg-Ockershausen,400.000 €,"Auf dem Junkheim 11,
Marburg, 35037 Marburg",5,95 m²,843 m²,4.211 €/m²,Einfamilienhaus (freistehend),35 m²,1.9.2024,3,1,1 Garage,Nein,"{'is24qa-gaeste-wc-label': '', 'is24qa-keller-label': '', 'is24qa-provisionsfrei-fuer-kaufende-label': ''}"
Gemütliches Haus in ländlicher Lage mit tollem Ausblick in Fürstenberg,109.999 €,"35104 Lichtenfels, Waldeck-Frankenberg (Kreis)
Die vollständige Adresse der Immobilie erhalten Sie vom Anbieter.",5,160 m²,837 m²,687 €/m²,Einfamilienhaus (freistehend),nil,01.11.2024,nil,2,2 Außenstellplätze,"3,57 % Käuferprovision inkl. 19 % MwSt.","{'is24qa-keller-label': '', 'is24qa-vermietet-label': ''}"
2-Familienhaus mit Gewerbe und Garage in gesuchter Lage von Griesheim,595.000 €,"64347 Griesheim, Darmstadt-Dieburg (Kreis)
Die vollständige Adresse der Immobilie erhalten Sie vom Anbieter.",6,"138,05 m²",507 m²,4.310 €/m²,Mehrfamilienhaus,nil,nil,2,2,4 Stellplätze,"5,95 % inkl. ges. MwSt.",{}
Höchst/Odw: großes Fachwerkhaus mit viel Flair,285.000 €,"64739 Höchst im Odenwald, Odenwaldkreis
Die vollständige Adresse der Immobilie erhalten Sie vom Anbieter.",7,163 m²,470 m²,1.748 €/m²,Einfamilienhaus (freistehend),140 m²,nil,2,1,nil,Nein,{'is24qa-provisionsfrei-fuer-kaufende-label': ''}
Zweifamilienhaus im wunderschönen Rheingau,589.000 €,"65399 Kiedrich, Rheingau-Taunus-Kreis
Die vollständige Adresse der Immobilie erhalten Sie vom Anbieter.",7,"218,33 m²",337 m²,2.698 €/m²,Wohnimmobilie (sonstige),"174,57 m²",sofort,nil,nil,1 Stellplatz,"3,57 % inkl. gesetzl. MwSt.","{'is24qa-keller-label': '', 'is24qa-als-ferienhaus-geeignet-label': ''}"
Startklar für Ihren Businesserfolg: Helle Gewerbeeinheit mit 2 Freistellplätzen in Bickenbach,214.000 €,"64404 Bickenbach, Darmstadt-Dieburg (Kreis)
Die vollständige Adresse der Immobilie erhalten Sie vom Anbieter.",3,"132,75 m²","300,23 m²",1.612 €/m²,Wohnimmobilie (sonstige),nil,ab sofort,1,1,2 Außenstellplätze,"5,95 %","{'is24qa-online-besichtigung-moeglich-label': '', 'is24qa-keller-label': ''}"
274 m² Wohnfläche in einem Einfamilienhaus mit Doppelgarage in schöner ruhiger Hanglage von Malchen,1.290.000 €,"64342 Seeheim-Jugenheim, Darmstadt-Dieburg (Kreis)
Die vollständige Adresse der Immobilie erhalten Sie vom Anbieter.",7,274 m²,968 m²,4.708 €/m²,Einfamilienhaus (freistehend),nil,nach Vereinbarung,4,2,2 Garagen,"3,57% inkl. gesetzl. MwSt.","{'is24qa-online-besichtigung-moeglich-label': '', 'is24qa-gaeste-wc-label': '', 'is24qa-keller-label': '', 'is24qa-einliegerwohnung-label': ''}"
Kapitalanlage + Achtfamilienhaus +,1.200.000 €,"Zehnmorgenstraße XXX,
Eschersheim, 60433 Frankfurt am Main",24,450 m²,254 m²,2.667 €/m²,Wohnimmobilie (sonstige),nil,nil,nil,nil,nil,Nein,{'is24qa-provisionsfrei-fuer-kaufende-label': ''}
Secret Sale - Eine hochkarätige Sommer-Oase in herausragender Lage,Auf Anfrage,"Bockenheim, 60487 Frankfurt am Main
Die vollständige Adresse der Immobilie erhalten Sie vom Anbieter.",9,850 m²,950 m²,nil,Villa,nil,nach Vereinbarung,5,3,Tiefgaragen-Stellplatz,"1,5 % inkl. Mwst.","{'is24qa-gaeste-wc-label': '', 'is24qa-keller-label': '', 'is24qa-stufenloser-zugang-label': ''}"
"Geräumiges und preiswertes 10-Zimmer-Farmhaus zum Kauf in Heringen (Werra), Heringen (Werra)",95.000 €,"Landwehrstr. 22,
36266 Heringen (Werra), Hersfeld-Rotenburg (Kreis)",10,180 m²,1.300 m²,528 €/m²,Bauernhaus,216 m²,22.3.2024,5,2,3 Außenstellplätze,Nein,{'is24qa-provisionsfrei-fuer-kaufende-label': ''}
"Geräumiges, preiswertes und gepflegtes 9-Raum-Einfamilienhaus in Wettenberg",699.000 €,"35435 Wettenberg, Gießen (Kreis)
Die vollständige Adresse der Immobilie erhalten Sie vom Anbieter.",9,285 m²,919 m²,2.453 €/m²,Einfamilienhaus (freistehend),nil,3.5.2024,4,3,2 Garagen,Nein,"{'is24qa-keller-label': '', 'is24qa-einliegerwohnung-label': '', 'is24qa-provisionsfrei-fuer-kaufende-label': ''}"
Doppelhaushälfte mit Potenzial,299.000 €,"Wieseck, 35396 Gießen
Die vollständige Adresse der Immobilie erhalten Sie vom Anbieter.",4,99 m²,377 m²,3.020 €/m²,Doppelhaushälfte,15 m²,nil,3,1,nil,"2,737",{'is24qa-vermietet-label': ''}
Historisches kleines EFH mit Nebengebäude und Carport. Zusätzliche Fläche im Dachgeschoss!,159.000 €,"61250 Usingen, Hochtaunuskreis
Die vollständige Adresse der Immobilie erhalten Sie vom Anbieter.","3,5",67 m²,205 m²,2.373 €/m²,Einfamilienhaus (freistehend),50 m²,sofort,2,1,1 Carport,Nein,"{'is24qa-gaeste-wc-label': '', 'is24qa-keller-label': '', 'is24qa-provisionsfrei-fuer-kaufende-label': ''}"
Flachdachbungalow mit Garage,280.000 €,"Albanstraße XXX,
65795 Hattersheim am Main, Main-Taunus-Kreis",4,87 m²,525 m²,3.218 €/m²,Wohnimmobilie (sonstige),nil,nil,nil,nil,nil,Nein,{'is24qa-provisionsfrei-fuer-kaufende-label': ''}
Ruheoase mit Modernisierungsbedarf,398.000 €,"61389 Schmitten, Hochtaunuskreis
Die vollständige Adresse der Immobilie erhalten Sie vom Anbieter.",6,"173,37 m²",853 m²,2.296 €/m²,Einfamilienhaus (freistehend),"26,5 m²",nach Vereinbarung,5,2,nil,Nein,"{'is24qa-gaeste-wc-label': '', 'is24qa-keller-label': '', 'is24qa-provisionsfrei-fuer-kaufende-label': ''}"
**Bischofsheim : Neubau Reihenhaus - schlüsselfertig - mit Keller - Nähe Gänseeweiher***,627.200 €,"63477 Maintal, Main-Kinzig-Kreis
Die vollständige Adresse der Immobilie erhalten Sie vom Anbieter.",5,"121,2 m²","172,5 m²",5.175 €/m²,Reihenmittelhaus,"40,41 m²",31.12.2025,5,1,2 Stellplätze,"2,38 % inkl. ges. MwSt.",{}
"**Schlüsselfertiges Reihenendhaus mit Keller ruhiger, zweiter Reihe am Waldrand von Bischofsheim",632.300 €,"63477 Maintal, Main-Kinzig-Kreis
Die vollständige Adresse der Immobilie erhalten Sie vom Anbieter.",4,"107,34 m²",236 m²,5.891 €/m²,Reiheneckhaus,"43,77 m²",31.12.2025,3,1,2 Außenstellplätze,"2,38 % inkl. ges. MwSt.",{}
Neubau : Tolles RMH in gefragter Waldrandlage mit Keller in Bischofsheim - schlüsselfertig !,627.200 €,"63477 Maintal, Main-Kinzig-Kreis
Die vollständige Adresse der Immobilie erhalten Sie vom Anbieter.",5,"121,2 m²","172,5 m²",5.175 €/m²,Reihenmittelhaus,"40,41 m²",31.12.2025,5,1,2 Stellplätze,"2,38 % inkl. ges. MwSt.",{}
**Modernes Wohnen ohne Kompromisse ! Neubau RMH mit Keller - schlüsselfertig !***,612.300 €,"63477 Maintal, Main-Kinzig-Kreis
Die vollständige Adresse der Immobilie erhalten Sie vom Anbieter.",4,"107,34 m²",158 m²,5.704 €/m²,Reihenmittelhaus,"43,77 m²",31.12.2025,3,1,2 Carports,"2,38 % inkl. ges. MwSt.",{}
Sonniges Reihenendhaus - Bezugsfertiger NEUBAU mit Keller in toller Waldrandlage von Bischofsheim,632.300 €,"63477 Maintal, Main-Kinzig-Kreis
Die vollständige Adresse der Immobilie erhalten Sie vom Anbieter.",4,"107,34 m²",227 m²,5.891 €/m²,Reiheneckhaus,"43,77 m²",31.12.2025,3,1,2 Außenstellplätze,"2,38 % inkl. ges. MwSt.",{}
"**""Wohnen am Weiher"" - bezugsfertiger NEUBAU : Modernes Reihenendhaus mit Keller in Bischofsheim***",642.300 €,"63477 Maintal, Main-Kinzig-Kreis
Die vollständige Adresse der Immobilie erhalten Sie vom Anbieter.",5,"121,2 m²",194 m²,5.300 €/m²,Reiheneckhaus,"40,41 m²",31.12.2025,5,1,2 Carports,"2,38 % inkl. ges. MwSt.",{}
Traumhafte Stadtvilla nach Ihren Wünschen*auf Bodenplatte inkl. Grundstück*Eigenleistung möglich,373.500 €,"36381 Schlüchtern, Main-Kinzig-Kreis
Die vollständige Adresse der Immobilie erhalten Sie vom Anbieter.",6,"195,5 m²",675 m²,1.910 €/m²,Villa,nil,nil,4,2,nil,Nein,"{'is24qa-gaeste-wc-label': '', 'is24qa-provisionsfrei-fuer-kaufende-label': ''}"
Ein wahrer Wohntraum*EFH mit großzügiger Wohnfläche und hochwertiger Ausstattung*KFN/QNG möglich,282.500 €,"36381 Schlüchtern, Main-Kinzig-Kreis
Die vollständige Adresse der Immobilie erhalten Sie vom Anbieter.",5,"147,64 m²",675 m²,1.913 €/m²,Einfamilienhaus (freistehend),nil,nil,4,1,nil,Nein,"{'is24qa-gaeste-wc-label': '', 'is24qa-provisionsfrei-fuer-kaufende-label': ''}"
Traumhafte Stadtvilla nach Ihren Wünschen*auf Bodenplatte inkl. Grundstück*Eigenleistung möglich,738.500 €,"Mittelbuchen, 63454 Hanau
Die vollständige Adresse der Immobilie erhalten Sie vom Anbieter.",6,"195,5 m²",500 m²,3.777 €/m²,Villa,nil,nil,4,2,nil,Nein,"{'is24qa-gaeste-wc-label': '', 'is24qa-provisionsfrei-fuer-kaufende-label': ''}"
Ein Wohngefühl von purem Luxus*Tolles EFH auf Bodenplatte inkl. Grundstück*KFN/QNG/40+ möglich,756.500 €,"Mittelbuchen, 63454 Hanau
Die vollständige Adresse der Immobilie erhalten Sie vom Anbieter.",6,"232,99 m²",500 m²,3.247 €/m²,Mehrfamilienhaus,nil,2024,5,1,nil,Nein,"{'is24qa-gaeste-wc-label': '', 'is24qa-stufenloser-zugang-label': '', 'is24qa-einliegerwohnung-label': '', 'is24qa-provisionsfrei-fuer-kaufende-label': ''}"
Anspruchsvolles Wohnen auf knapp 90 m²*mit Bodenplatte*Material*Grundstück*KFN/QNG/40+ möglich,643.500 €,"63571 Gelnhausen, Main-Kinzig-Kreis
Die vollständige Adresse der Immobilie erhalten Sie vom Anbieter.",3,"88,34 m²",480 m²,7.284 €/m²,Bungalow,nil,nil,2,1,nil,Nein,"{'is24qa-gaeste-wc-label': '', 'is24qa-stufenloser-zugang-label': '', 'is24qa-provisionsfrei-fuer-kaufende-label': ''}"
Ein wahrer Wohntraum*EFH mit großzügiger Wohnfläche und hochwertiger Ausstattung*KFN/QNG möglich,661.500 €,"63571 Gelnhausen, Main-Kinzig-Kreis
Die vollständige Adresse der Immobilie erhalten Sie vom Anbieter.",5,"147,64 m²",480 m²,4.480 €/m²,Einfamilienhaus (freistehend),nil,nil,4,1,nil,Nein,"{'is24qa-gaeste-wc-label': '', 'is24qa-provisionsfrei-fuer-kaufende-label': ''}"
Modernes Generationenhaus*inkl. Bodenplatte*Material*Grundstück*KFN möglich,1.030.900 €,"61137 Schöneck, Main-Kinzig-Kreis
Die vollständige Adresse der Immobilie erhalten Sie vom Anbieter.",6,"192,87 m²",792 m²,5.345 €/m²,Mehrfamilienhaus,nil,nil,4,2,nil,Nein,"{'is24qa-einliegerwohnung-label': '', 'is24qa-provisionsfrei-fuer-kaufende-label': ''}"
Traumhafte Stadtvilla nach Ihren Wünschen*auf Bodenplatte inkl. Grundstück*Eigenleistung möglich,1.073.500 €,"61137 Schöneck, Main-Kinzig-Kreis
Die vollständige Adresse der Immobilie erhalten Sie vom Anbieter.",6,"195,5 m²",792 m²,5.491 €/m²,Villa,nil,nil,4,2,nil,Nein,"{'is24qa-gaeste-wc-label': '', 'is24qa-provisionsfrei-fuer-kaufende-label': ''}"
Anspruchsvolles Wohnen auf knapp 90 m²*mit Bodenplatte*Material*Grundstück*KFN/QNG/40+ möglich,599.500 €,"61137 Schöneck, Main-Kinzig-Kreis
Die vollständige Adresse der Immobilie erhalten Sie vom Anbieter.",3,"88,34 m²",425 m²,6.786 €/m²,Bungalow,nil,nil,2,1,nil,Nein,"{'is24qa-gaeste-wc-label': '', 'is24qa-stufenloser-zugang-label': '', 'is24qa-provisionsfrei-fuer-kaufende-label': ''}"
Ein wahrer Wohntraum*EFH mit großzügiger Wohnfläche und hochwertiger Ausstattung*KFN/QNG möglich,618.900 €,"61137 Schöneck, Main-Kinzig-Kreis
Die vollständige Adresse der Immobilie erhalten Sie vom Anbieter.",5,"147,64 m²",425 m²,4.192 €/m²,Einfamilienhaus (freistehend),nil,nil,4,1,nil,Nein,"{'is24qa-gaeste-wc-label': '', 'is24qa-provisionsfrei-fuer-kaufende-label': ''}"
Ein wahrer Wohntraum*EFH mit großzügiger Wohnfläche und hochwertiger Ausstattung*KFN/QNG möglich,396.500 €,"63599 Biebergemünd, Main-Kinzig-Kreis
Die vollständige Adresse der Immobilie erhalten Sie vom Anbieter.",5,"147,64 m²",398 m²,2.686 €/m²,Einfamilienhaus (freistehend),nil,nil,4,1,nil,Nein,"{'is24qa-gaeste-wc-label': '', 'is24qa-provisionsfrei-fuer-kaufende-label': ''}"
Anspruchsvolles Wohnen auf knapp 90 m²*mit Bodenplatte*Material*Grundstück*KFN/QNG/40+ möglich,377.900 €,"63599 Biebergemünd, Main-Kinzig-Kreis
Die vollständige Adresse der Immobilie erhalten Sie vom Anbieter.",3,"88,34 m²",398 m²,4.278 €/m²,Bungalow,nil,nil,2,1,nil,Nein,"{'is24qa-gaeste-wc-label': '', 'is24qa-stufenloser-zugang-label': '', 'is24qa-provisionsfrei-fuer-kaufende-label': ''}"
Anspruchsvolles Wohnen auf knapp 90 m²*mit Bodenplatte*Material*Grundstück*KFN/QNG/40+ möglich,411.500 €,"63607 Wächtersbach, Main-Kinzig-Kreis
Die vollständige Adresse der Immobilie erhalten Sie vom Anbieter.",3,"88,34 m²",868 m²,4.658 €/m²,Bungalow,nil,nil,2,1,nil,Nein,"{'is24qa-gaeste-wc-label': '', 'is24qa-stufenloser-zugang-label': '', 'is24qa-provisionsfrei-fuer-kaufende-label': ''}"
Ein Wohngefühl von purem Luxus*Tolles EFH auf Bodenplatte inkl. Grundstück*KFN/QNG/40+ möglich,537.900 €,"63607 Wächtersbach, Main-Kinzig-Kreis
Die vollständige Adresse der Immobilie erhalten Sie vom Anbieter.",6,"232,99 m²",868 m²,2.309 €/m²,Mehrfamilienhaus,nil,2024,5,1,nil,Nein,"{'is24qa-gaeste-wc-label': '', 'is24qa-stufenloser-zugang-label': '', 'is24qa-einliegerwohnung-label': '', 'is24qa-provisionsfrei-fuer-kaufende-label': ''}"
Modernes Generationenhaus*inkl. Bodenplatte*Material*Grundstück*KFN möglich,728.900 €,"63517 Rodenbach, Main-Kinzig-Kreis
Die vollständige Adresse der Immobilie erhalten Sie vom Anbieter.",6,"192,87 m²",789 m²,3.779 €/m²,Mehrfamilienhaus,nil,nil,4,2,nil,Nein,"{'is24qa-einliegerwohnung-label': '', 'is24qa-provisionsfrei-fuer-kaufende-label': ''}"
Ein wahrer Wohntraum*EFH mit großzügiger Wohnfläche und hochwertiger Ausstattung*KFN/QNG möglich,680.900 €,"63517 Rodenbach, Main-Kinzig-Kreis
Die vollständige Adresse der Immobilie erhalten Sie vom Anbieter.",5,"147,64 m²",789 m²,4.612 €/m²,Einfamilienhaus (freistehend),nil,nil,4,1,nil,Nein,"{'is24qa-gaeste-wc-label': '', 'is24qa-provisionsfrei-fuer-kaufende-label': ''}"
Ein wahrer Wohntraum*EFH mit großzügiger Wohnfläche und hochwertiger Ausstattung*KFN/QNG möglich,414.500 €,"63607 Wächtersbach, Main-Kinzig-Kreis
Die vollständige Adresse der Immobilie erhalten Sie vom Anbieter.",5,"147,64 m²",550 m²,2.808 €/m²,Einfamilienhaus (freistehend),nil,nil,4,1,nil,Nein,"{'is24qa-gaeste-wc-label': '', 'is24qa-provisionsfrei-fuer-kaufende-label': ''}"
Traumhafte Stadtvilla nach Ihren Wünschen*auf Bodenplatte inkl. Grundstück*Eigenleistung möglich,504.900 €,"63607 Wächtersbach, Main-Kinzig-Kreis
Die vollständige Adresse der Immobilie erhalten Sie vom Anbieter.",6,"195,5 m²",550 m²,2.583 €/m²,Villa,nil,nil,4,2,nil,Nein,"{'is24qa-gaeste-wc-label': '', 'is24qa-provisionsfrei-fuer-kaufende-label': ''}"
Ein wahrer Wohntraum*EFH mit großzügiger Wohnfläche und hochwertiger Ausstattung*KFN/QNG möglich,784.500 €,"61138 Niederdorfelden, Main-Kinzig-Kreis
Die vollständige Adresse der Immobilie erhalten Sie vom Anbieter.",5,"147,64 m²",480 m²,5.314 €/m²,Einfamilienhaus (freistehend),nil,nil,4,1,nil,Nein,"{'is24qa-gaeste-wc-label': '', 'is24qa-provisionsfrei-fuer-kaufende-label': ''}"
Ein Wohngefühl von purem Luxus*Tolles EFH auf Bodenplatte inkl. Grundstück*KFN/QNG/40+ möglich,892.900 €,"61138 Niederdorfelden, Main-Kinzig-Kreis
Die vollständige Adresse der Immobilie erhalten Sie vom Anbieter.",6,"232,99 m²",480 m²,3.832 €/m²,Mehrfamilienhaus,nil,2024,5,1,nil,Nein,"{'is24qa-gaeste-wc-label': '', 'is24qa-stufenloser-zugang-label': '', 'is24qa-einliegerwohnung-label': '', 'is24qa-provisionsfrei-fuer-kaufende-label': ''}"
Ein Wohngefühl von purem Luxus*Tolles EFH auf Bodenplatte inkl. Grundstück*KFN/QNG/40+ möglich,1.111.500 €,"61130 Nidderau, Main-Kinzig-Kreis
Die vollständige Adresse der Immobilie erhalten Sie vom Anbieter.",6,"232,99 m²",1.150 m²,4.771 €/m²,Mehrfamilienhaus,nil,2024,5,1,nil,Nein,"{'is24qa-gaeste-wc-label': '', 'is24qa-stufenloser-zugang-label': '', 'is24qa-einliegerwohnung-label': '', 'is24qa-provisionsfrei-fuer-kaufende-label': ''}"
Modernes Generationenhaus*inkl. Bodenplatte*Material*Grundstück*KFN möglich,1.051.500 €,"61130 Nidderau, Main-Kinzig-Kreis
Die vollständige Adresse der Immobilie erhalten Sie vom Anbieter.",6,"192,87 m²",1.150 m²,5.452 €/m²,Mehrfamilienhaus,nil,nil,4,2,nil,Nein,"{'is24qa-einliegerwohnung-label': '', 'is24qa-provisionsfrei-fuer-kaufende-label': ''}"
Ein Wohngefühl von purem Luxus*Tolles EFH auf Bodenplatte inkl. Grundstück*KFN/QNG/40+ möglich,892.900 €,"Mittelbuchen, 63454 Hanau
Die vollständige Adresse der Immobilie erhalten Sie vom Anbieter.",6,"232,99 m²",648 m²,3.832 €/m²,Mehrfamilienhaus,nil,2024,5,1,nil,Nein,"{'is24qa-gaeste-wc-label': '', 'is24qa-stufenloser-zugang-label': '', 'is24qa-einliegerwohnung-label': '', 'is24qa-provisionsfrei-fuer-kaufende-label': ''}"
Traumhafte Stadtvilla nach Ihren Wünschen*auf Bodenplatte inkl. Grundstück*Eigenleistung möglich,875.500 €,"Mittelbuchen, 63454 Hanau
Die vollständige Adresse der Immobilie erhalten Sie vom Anbieter.",6,"195,5 m²",648 m²,4.478 €/m²,Villa,nil,nil,4,2,nil,Nein,"{'is24qa-gaeste-wc-label': '', 'is24qa-provisionsfrei-fuer-kaufende-label': ''}"
Traumhafte Stadtvilla nach Ihren Wünschen*auf Bodenplatte inkl. Grundstück*Eigenleistung möglich,720.500 €,"61130 Nidderau, Main-Kinzig-Kreis
Die vollständige Adresse der Immobilie erhalten Sie vom Anbieter.",6,"195,5 m²",1.025 m²,3.685 €/m²,Villa,nil,nil,4,2,nil,Nein,"{'is24qa-gaeste-wc-label': '', 'is24qa-provisionsfrei-fuer-kaufende-label': ''}"
Ein wahrer Wohntraum*EFH mit großzügiger Wohnfläche und hochwertiger Ausstattung*KFN/QNG möglich,629.500 €,"61130 Nidderau, Main-Kinzig-Kreis
Die vollständige Adresse der Immobilie erhalten Sie vom Anbieter.",5,"147,64 m²",1.025 m²,4.264 €/m²,Einfamilienhaus (freistehend),nil,nil,4,1,nil,Nein,"{'is24qa-gaeste-wc-label': '', 'is24qa-provisionsfrei-fuer-kaufende-label': ''}"
Ein Wohngefühl von purem Luxus*Tolles EFH auf Bodenplatte inkl. Grundstück*KFN/QNG/40+ möglich,464.500 €,"36381 Schlüchtern, Main-Kinzig-Kreis
Die vollständige Adresse der Immobilie erhalten Sie vom Anbieter.",6,"232,99 m²",735 m²,1.994 €/m²,Mehrfamilienhaus,nil,2024,5,1,nil,Nein,"{'is24qa-gaeste-wc-label': '', 'is24qa-stufenloser-zugang-label': '', 'is24qa-einliegerwohnung-label': '', 'is24qa-provisionsfrei-fuer-kaufende-label': ''}"
Traumhafte Stadtvilla nach Ihren Wünschen*auf Bodenplatte inkl. Grundstück*Eigenleistung möglich,516.500 €,"36381 Schlüchtern, Main-Kinzig-Kreis
Die vollständige Adresse der Immobilie erhalten Sie vom Anbieter.",6,"195,5 m²",1.100 m²,2.642 €/m²,Villa,nil,nil,4,2,nil,Nein,"{'is24qa-gaeste-wc-label': '', 'is24qa-provisionsfrei-fuer-kaufende-label': ''}"
Anspruchsvolles Wohnen auf knapp 90 m²*mit Bodenplatte*Material*Grundstück*KFN/QNG/40+ möglich,348.500 €,"36381 Schlüchtern, Main-Kinzig-Kreis
Die vollständige Adresse der Immobilie erhalten Sie vom Anbieter.",3,"88,34 m²",650 m²,3.945 €/m²,Bungalow,nil,nil,2,1,nil,Nein,"{'is24qa-gaeste-wc-label': '', 'is24qa-stufenloser-zugang-label': '', 'is24qa-provisionsfrei-fuer-kaufende-label': ''}"
Modernes Generationenhaus*inkl. Bodenplatte*Material*Grundstück*KFN möglich,414.900 €,"36381 Schlüchtern, Main-Kinzig-Kreis
Die vollständige Adresse der Immobilie erhalten Sie vom Anbieter.",6,"192,87 m²",650 m²,2.151 €/m²,Mehrfamilienhaus,nil,nil,4,2,nil,Nein,"{'is24qa-einliegerwohnung-label': '', 'is24qa-provisionsfrei-fuer-kaufende-label': ''}"
Sie suchen sich Ihre Nachbarn selber aus*Doppelhaus mit Grundstück*Material*Bodenplatte*KFN möglich,592.500 €,"63607 Wächtersbach, Main-Kinzig-Kreis
Die vollständige Adresse der Immobilie erhalten Sie vom Anbieter.",8,"262,37 m²",880 m²,2.258 €/m²,Doppelhaushälfte,nil,nil,6,2,nil,Nein,"{'is24qa-gaeste-wc-label': '', 'is24qa-einliegerwohnung-label': '', 'is24qa-provisionsfrei-fuer-kaufende-label': ''}"
Sie suchen sich Ihre Nachbarn selber aus*Doppelhaus mit Grundstück*Material*Bodenplatte*KFN möglich,537.500 €,"63633 Birstein, Main-Kinzig-Kreis
Die vollständige Adresse der Immobilie erhalten Sie vom Anbieter.",8,"262,37 m²",1.650 m²,2.049 €/m²,Doppelhaushälfte,nil,nil,6,2,nil,Nein,"{'is24qa-gaeste-wc-label': '', 'is24qa-einliegerwohnung-label': '', 'is24qa-provisionsfrei-fuer-kaufende-label': ''}"
Sie suchen sich Ihre Nachbarn selber aus*Doppelhaus mit Grundstück*Material*Bodenplatte*KFN möglich,659.500 €,"36396 Steinau an der Straße, Main-Kinzig-Kreis
Die vollständige Adresse der Immobilie erhalten Sie vom Anbieter.",8,"262,37 m²",1.380 m²,2.514 €/m²,Doppelhaushälfte,nil,nil,6,2,nil,Nein,"{'is24qa-gaeste-wc-label': '', 'is24qa-einliegerwohnung-label': '', 'is24qa-provisionsfrei-fuer-kaufende-label': ''}"
Individuelle Wohnträume verwirklichen mit viel Platz für die ganze Familie *KFN/QNG/40+ möglich,730.900 €,"63505 Langenselbold, Main-Kinzig-Kreis
Die vollständige Adresse der Immobilie erhalten Sie vom Anbieter.",6,"181,86 m²",698 m²,4.019 €/m²,Einfamilienhaus (freistehend),nil,nil,5,1,nil,Nein,"{'is24qa-gaeste-wc-label': '', 'is24qa-provisionsfrei-fuer-kaufende-label': ''}"
Individuelle Wohnträume verwirklichen mit viel Platz für die ganze Familie *KFN/QNG/40+ möglich,615.500 €,"63571 Gelnhausen, Main-Kinzig-Kreis
Die vollständige Adresse der Immobilie erhalten Sie vom Anbieter.",6,"181,86 m²",670 m²,3.384 €/m²,Einfamilienhaus (freistehend),nil,nil,5,1,nil,Nein,"{'is24qa-gaeste-wc-label': '', 'is24qa-provisionsfrei-fuer-kaufende-label': ''}"
Individuelle Wohnträume verwirklichen mit viel Platz für die ganze Familie *KFN/QNG/40+ möglich,509.500 €,"63636 Brachttal, Main-Kinzig-Kreis
Die vollständige Adresse der Immobilie erhalten Sie vom Anbieter.",6,"181,86 m²",920 m²,2.802 €/m²,Einfamilienhaus (freistehend),nil,nil,5,1,nil,Nein,"{'is24qa-gaeste-wc-label': '', 'is24qa-provisionsfrei-fuer-kaufende-label': ''}"
Individuelle Wohnträume verwirklichen mit viel Platz für die ganze Familie *KFN/QNG/40+ möglich,344.500 €,"63639 Flörsbachtal, Main-Kinzig-Kreis
Die vollständige Adresse der Immobilie erhalten Sie vom Anbieter.",6,"181,86 m²",725 m²,1.894 €/m²,Einfamilienhaus (freistehend),nil,nil,5,1,nil,Nein,"{'is24qa-gaeste-wc-label': '', 'is24qa-provisionsfrei-fuer-kaufende-label': ''}"
Großes Einfamilienhaus*Ein Grundriss mit vielen Möglichkeiten*inkl. Material*Grundstück*Bodenplatte,475.900 €,"61137 Schöneck, Main-Kinzig-Kreis
Die vollständige Adresse der Immobilie erhalten Sie vom Anbieter.",5,"172,07 m²",345 m²,2.766 €/m²,Einfamilienhaus (freistehend),nil,nil,4,1,nil,Nein,"{'is24qa-gaeste-wc-label': '', 'is24qa-provisionsfrei-fuer-kaufende-label': ''}"
Großes Einfamilienhaus*Ein Grundriss mit vielen Möglichkeiten*inkl. Material*Grundstück*Bodenplatte,684.900 €,"Groß-Auheim, 63457 Hanau
Die vollständige Adresse der Immobilie erhalten Sie vom Anbieter.",5,"172,07 m²",730 m²,3.980 €/m²,Einfamilienhaus (freistehend),nil,nil,4,1,nil,Nein,"{'is24qa-gaeste-wc-label': '', 'is24qa-provisionsfrei-fuer-kaufende-label': ''}"
Großes Einfamilienhaus*Ein Grundriss mit vielen Möglichkeiten*inkl. Material*Grundstück*Bodenplatte,657.500 €,"63543 Neuberg, Main-Kinzig-Kreis
Die vollständige Adresse der Immobilie erhalten Sie vom Anbieter.",5,"172,07 m²",765 m²,3.821 €/m²,Einfamilienhaus (freistehend),nil,nil,4,1,nil,Nein,"{'is24qa-gaeste-wc-label': '', 'is24qa-provisionsfrei-fuer-kaufende-label': ''}"
Großes Einfamilienhaus*Ein Grundriss mit vielen Möglichkeiten*inkl. Material*Grundstück*Bodenplatte,442.900 €,"63599 Biebergemünd, Main-Kinzig-Kreis
Die vollständige Adresse der Immobilie erhalten Sie vom Anbieter.",5,"172,07 m²",1.050 m²,2.574 €/m²,Einfamilienhaus (freistehend),nil,nil,4,1,nil,Nein,"{'is24qa-gaeste-wc-label': '', 'is24qa-provisionsfrei-fuer-kaufende-label': ''}"
Großes Einfamilienhaus*Ein Grundriss mit vielen Möglichkeiten*inkl. Material*Grundstück*Bodenplatte,330.900 €,"63637 Jossgrund, Main-Kinzig-Kreis
Die vollständige Adresse der Immobilie erhalten Sie vom Anbieter.",5,"172,07 m²",668 m²,1.923 €/m²,Einfamilienhaus (freistehend),nil,nil,4,1,nil,Nein,"{'is24qa-gaeste-wc-label': '', 'is24qa-provisionsfrei-fuer-kaufende-label': ''}"
Großes Einfamilienhaus*Ein Grundriss mit vielen Möglichkeiten*inkl. Material*Grundstück*Bodenplatte,338.500 €,"36381 Schlüchtern, Main-Kinzig-Kreis
Die vollständige Adresse der Immobilie erhalten Sie vom Anbieter.",5,"172,07 m²",570 m²,1.967 €/m²,Einfamilienhaus (freistehend),nil,nil,4,1,nil,Nein,"{'is24qa-gaeste-wc-label': '', 'is24qa-provisionsfrei-fuer-kaufende-label': ''}"
Perfekt für große Familien dank eines durchdachten und offenen Raumkonzepts*KFN/QNG möglich,914.500 €,"63526 Erlensee, Main-Kinzig-Kreis
Die vollständige Adresse der Immobilie erhalten Sie vom Anbieter.",5,"159,18 m²",1.000 m²,5.745 €/m²,Einfamilienhaus (freistehend),nil,nil,4,1,nil,Nein,"{'is24qa-gaeste-wc-label': '', 'is24qa-provisionsfrei-fuer-kaufende-label': ''}"
Perfekt für große Familien dank eines durchdachten und offenen Raumkonzepts*KFN/QNG möglich,540.800 €,"63628 Bad Soden-Salmünster, Main-Kinzig-Kreis
Die vollständige Adresse der Immobilie erhalten Sie vom Anbieter.",5,"159,18 m²",989 m²,3.397 €/m²,Einfamilienhaus (freistehend),nil,nil,4,1,nil,Nein,"{'is24qa-gaeste-wc-label': '', 'is24qa-provisionsfrei-fuer-kaufende-label': ''}"
Perfekt für große Familien dank eines durchdachten und offenen Raumkonzepts*KFN/QNG möglich,332.500 €,"63639 Flörsbachtal, Main-Kinzig-Kreis
Die vollständige Adresse der Immobilie erhalten Sie vom Anbieter.",5,"159,18 m²",957 m²,2.089 €/m²,Einfamilienhaus (freistehend),nil,nil,4,1,nil,Nein,"{'is24qa-gaeste-wc-label': '', 'is24qa-provisionsfrei-fuer-kaufende-label': ''}"
Großzügiges und modernes Zuhause mit vielseitig nutzbarem Raum*KFN/QNG/40+ möglich,708.500 €,"Groß-Auheim, 63457 Hanau
Die vollständige Adresse der Immobilie erhalten Sie vom Anbieter.",4,"142,23 m²",565 m²,4.981 €/m²,Einfamilienhaus (freistehend),nil,nil,3,1,nil,Nein,"{'is24qa-gaeste-wc-label': '', 'is24qa-provisionsfrei-fuer-kaufende-label': ''}"
Großzügiges und modernes Zuhause mit vielseitig nutzbarem Raum*KFN/QNG/40+ möglich,758.900 €,"63543 Neuberg, Main-Kinzig-Kreis
Die vollständige Adresse der Immobilie erhalten Sie vom Anbieter.",4,"142,23 m²",628 m²,5.336 €/m²,Einfamilienhaus (freistehend),nil,nil,3,1,nil,Nein,"{'is24qa-gaeste-wc-label': '', 'is24qa-provisionsfrei-fuer-kaufende-label': ''}"
Großzügiges und modernes Zuhause mit vielseitig nutzbarem Raum*KFN/QNG/40+ möglich,608.900 €,"63579 Freigericht, Main-Kinzig-Kreis
Die vollständige Adresse der Immobilie erhalten Sie vom Anbieter.",4,"142,23 m²",473 m²,4.281 €/m²,Einfamilienhaus (freistehend),nil,nil,3,1,nil,Nein,"{'is24qa-gaeste-wc-label': '', 'is24qa-provisionsfrei-fuer-kaufende-label': ''}"
Großzügiges und modernes Zuhause mit vielseitig nutzbarem Raum*KFN/QNG/40+ möglich,334.500 €,"63584 Gründau, Main-Kinzig-Kreis
Die vollständige Adresse der Immobilie erhalten Sie vom Anbieter.",4,"142,23 m²",384 m²,2.352 €/m²,Einfamilienhaus (freistehend),nil,nil,3,1,nil,Nein,"{'is24qa-gaeste-wc-label': '', 'is24qa-provisionsfrei-fuer-kaufende-label': ''}"
Großzügiges und modernes Zuhause mit vielseitig nutzbarem Raum*KFN/QNG/40+ möglich,355.300 €,"63628 Bad Soden-Salmünster, Main-Kinzig-Kreis
Die vollständige Adresse der Immobilie erhalten Sie vom Anbieter.",4,"142,23 m²",635 m²,2.498 €/m²,Einfamilienhaus (freistehend),nil,nil,3,1,nil,Nein,"{'is24qa-gaeste-wc-label': '', 'is24qa-provisionsfrei-fuer-kaufende-label': ''}"
Großzügiges und modernes Zuhause mit vielseitig nutzbarem Raum*KFN/QNG/40+ möglich,357.900 €,"63633 Birstein, Main-Kinzig-Kreis
Die vollständige Adresse der Immobilie erhalten Sie vom Anbieter.",4,"142,23 m²",448 m²,2.516 €/m²,Einfamilienhaus (freistehend),nil,nil,3,1,nil,Nein,"{'is24qa-gaeste-wc-label': '', 'is24qa-provisionsfrei-fuer-kaufende-label': ''}"
Großzügiges und modernes Zuhause mit vielseitig nutzbarem Raum*KFN/QNG/40+ möglich,411.500 €,"36396 Steinau an der Straße, Main-Kinzig-Kreis
Die vollständige Adresse der Immobilie erhalten Sie vom Anbieter.",4,"142,23 m²",630 m²,2.893 €/m²,Einfamilienhaus (freistehend),nil,nil,3,1,nil,Nein,"{'is24qa-gaeste-wc-label': '', 'is24qa-provisionsfrei-fuer-kaufende-label': ''}"
Großzügiges und modernes Zuhause mit vielseitig nutzbarem Raum*KFN/QNG/40+ möglich,346.500 €,"36391 Sinntal, Main-Kinzig-Kreis
Die vollständige Adresse der Immobilie erhalten Sie vom Anbieter.",4,"142,23 m²",985 m²,2.436 €/m²,Einfamilienhaus (freistehend),nil,nil,3,1,nil,Nein,"{'is24qa-gaeste-wc-label': '', 'is24qa-provisionsfrei-fuer-kaufende-label': ''}"
Modernes Einfamilienhaus mit offenem Grundriss*mit Ausbaumaterial*Bodenplatte*Grundstück*KFN möglich,541.500 €,"63505 Langenselbold, Main-Kinzig-Kreis
Die vollständige Adresse der Immobilie erhalten Sie vom Anbieter.",4,"135,25 m²",475 m²,4.004 €/m²,Einfamilienhaus (freistehend),nil,nil,3,1,nil,Nein,"{'is24qa-gaeste-wc-label': '', 'is24qa-provisionsfrei-fuer-kaufende-label': ''}"
Modernes Einfamilienhaus mit offenem Grundriss*mit Ausbaumaterial*Bodenplatte*Grundstück*KFN möglich,509.900 €,"63571 Gelnhausen, Main-Kinzig-Kreis
Die vollständige Adresse der Immobilie erhalten Sie vom Anbieter.",4,"135,25 m²",675 m²,3.770 €/m²,Einfamilienhaus (freistehend),nil,nil,3,1,nil,Nein,"{'is24qa-gaeste-wc-label': '', 'is24qa-provisionsfrei-fuer-kaufende-label': ''}"
Modernes Einfamilienhaus mit offenem Grundriss*mit Ausbaumaterial*Bodenplatte*Grundstück*KFN möglich,398.500 €,"63584 Gründau, Main-Kinzig-Kreis
Die vollständige Adresse der Immobilie erhalten Sie vom Anbieter.",4,"135,25 m²",850 m²,2.946 €/m²,Einfamilienhaus (freistehend),nil,nil,3,1,nil,Nein,"{'is24qa-gaeste-wc-label': '', 'is24qa-provisionsfrei-fuer-kaufende-label': ''}"
Modernes Einfamilienhaus mit offenem Grundriss*mit Ausbaumaterial*Bodenplatte*Grundstück*KFN möglich,390.500 €,"63599 Biebergemünd, Main-Kinzig-Kreis
Die vollständige Adresse der Immobilie erhalten Sie vom Anbieter.",4,"135,25 m²",400 m²,2.887 €/m²,Einfamilienhaus (freistehend),nil,nil,3,1,nil,Nein,"{'is24qa-gaeste-wc-label': '', 'is24qa-provisionsfrei-fuer-kaufende-label': ''}"
Modernes Einfamilienhaus mit offenem Grundriss*mit Ausbaumaterial*Bodenplatte*Grundstück*KFN möglich,332.500 €,"63636 Brachttal, Main-Kinzig-Kreis
Die vollständige Adresse der Immobilie erhalten Sie vom Anbieter.",4,"135,25 m²",682 m²,2.458 €/m²,Einfamilienhaus (freistehend),nil,nil,3,1,nil,Nein,"{'is24qa-gaeste-wc-label': '', 'is24qa-provisionsfrei-fuer-kaufende-label': ''}"
Modernes Einfamilienhaus mit offenem Grundriss*mit Ausbaumaterial*Bodenplatte*Grundstück*KFN möglich,316.900 €,"63639 Flörsbachtal, Main-Kinzig-Kreis
Die vollständige Adresse der Immobilie erhalten Sie vom Anbieter.",4,"135,25 m²",687 m²,2.343 €/m²,Einfamilienhaus (freistehend),nil,nil,3,1,nil,Nein,"{'is24qa-gaeste-wc-label': '', 'is24qa-provisionsfrei-fuer-kaufende-label': ''}"
Modernes Einfamilienhaus mit offenem Grundriss*mit Ausbaumaterial*Bodenplatte*Grundstück*KFN möglich,377.500 €,"36381 Schlüchtern, Main-Kinzig-Kreis
Die vollständige Adresse der Immobilie erhalten Sie vom Anbieter.",4,"135,25 m²",675 m²,2.791 €/m²,Einfamilienhaus (freistehend),nil,nil,3,1,nil,Nein,"{'is24qa-gaeste-wc-label': '', 'is24qa-provisionsfrei-fuer-kaufende-label': ''}"
Modernes Einfamilienhaus mit großzügigem Raumangebot im modernen Stil*KFN/QNG/40+ möglich,846.500 €,"61137 Schöneck, Main-Kinzig-Kreis
Die vollständige Adresse der Immobilie erhalten Sie vom Anbieter.",4,"124,9 m²",345 m²,6.777 €/m²,Einfamilienhaus (freistehend),nil,nil,3,1,nil,Nein,"{'is24qa-gaeste-wc-label': '', 'is24qa-provisionsfrei-fuer-kaufende-label': ''}"
Modernes Einfamilienhaus mit großzügigem Raumangebot im modernen Stil*KFN/QNG/40+ möglich,653.900 €,"63526 Erlensee, Main-Kinzig-Kreis
Die vollständige Adresse der Immobilie erhalten Sie vom Anbieter.",4,"124,9 m²",420 m²,5.235 €/m²,Einfamilienhaus (freistehend),nil,nil,3,1,nil,Nein,"{'is24qa-gaeste-wc-label': '', 'is24qa-provisionsfrei-fuer-kaufende-label': ''}"
Modernes Einfamilienhaus mit großzügigem Raumangebot im modernen Stil*KFN/QNG/40+ möglich,597.500 €,"63579 Freigericht, Main-Kinzig-Kreis
Die vollständige Adresse der Immobilie erhalten Sie vom Anbieter.",4,"124,9 m²",473 m²,4.784 €/m²,Einfamilienhaus (freistehend),nil,nil,3,1,nil,Nein,"{'is24qa-gaeste-wc-label': '', 'is24qa-provisionsfrei-fuer-kaufende-label': ''}"
Modernes Einfamilienhaus mit großzügigem Raumangebot im modernen Stil*KFN/QNG/40+ möglich,722.600 €,"63589 Linsengericht, Main-Kinzig-Kreis
Die vollständige Adresse der Immobilie erhalten Sie vom Anbieter.",4,"124,9 m²",1.490 m²,5.785 €/m²,Einfamilienhaus (freistehend),nil,nil,3,1,nil,Nein,"{'is24qa-gaeste-wc-label': '', 'is24qa-provisionsfrei-fuer-kaufende-label': ''}"
Modernes Einfamilienhaus mit großzügigem Raumangebot im modernen Stil*KFN/QNG/40+ möglich,399.800 €,"63607 Wächtersbach, Main-Kinzig-Kreis
Die vollständige Adresse der Immobilie erhalten Sie vom Anbieter.",4,"124,9 m²",550 m²,3.201 €/m²,Einfamilienhaus (freistehend),nil,nil,3,1,nil,Nein,"{'is24qa-gaeste-wc-label': '', 'is24qa-provisionsfrei-fuer-kaufende-label': ''}"
Modernes Einfamilienhaus mit großzügigem Raumangebot im modernen Stil*KFN/QNG/40+ möglich,343.900 €,"63628 Bad Soden-Salmünster, Main-Kinzig-Kreis
Die vollständige Adresse der Immobilie erhalten Sie vom Anbieter.",4,"124,9 m²",325 m²,2.753 €/m²,Einfamilienhaus (freistehend),nil,nil,3,1,nil,Nein,"{'is24qa-gaeste-wc-label': '', 'is24qa-provisionsfrei-fuer-kaufende-label': ''}"
Modernes Einfamilienhaus mit großzügigem Raumangebot im modernen Stil*KFN/QNG/40+ möglich,316.500 €,"63637 Jossgrund, Main-Kinzig-Kreis
Die vollständige Adresse der Immobilie erhalten Sie vom Anbieter.",4,"124,9 m²",790 m²,2.534 €/m²,Einfamilienhaus (freistehend),nil,nil,3,1,nil,Nein,"{'is24qa-gaeste-wc-label': '', 'is24qa-provisionsfrei-fuer-kaufende-label': ''}"
Modernes Einfamilienhaus mit großzügigem Raumangebot im modernen Stil*KFN/QNG/40+ möglich,269.935 €,"36391 Sinntal, Main-Kinzig-Kreis
Die vollständige Adresse der Immobilie erhalten Sie vom Anbieter.",4,"124,9 m²",630 m²,2.161 €/m²,Einfamilienhaus (freistehend),nil,nil,3,1,nil,Nein,"{'is24qa-gaeste-wc-label': '', 'is24qa-provisionsfrei-fuer-kaufende-label': ''}"
Sie suchen sich Ihre Nachbarn selber aus*Doppelhaus mit Grundstück*Material*Bodenplatte*KFN möglich,999.500 €,"61130 Nidderau, Main-Kinzig-Kreis
Die vollständige Adresse der Immobilie erhalten Sie vom Anbieter.",8,"262,37 m²",723 m²,3.810 €/m²,Doppelhaushälfte,nil,nil,6,2,nil,Nein,"{'is24qa-gaeste-wc-label': '', 'is24qa-einliegerwohnung-label': '', 'is24qa-provisionsfrei-fuer-kaufende-label': ''}"
Individuelle Wohnträume verwirklichen mit viel Platz für die ganze Familie *KFN/QNG/40+ möglich,905.500 €,"61130 Nidderau, Main-Kinzig-Kreis
Die vollständige Adresse der Immobilie erhalten Sie vom Anbieter.",6,"181,86 m²",723 m²,4.979 €/m²,Einfamilienhaus (freistehend),nil,nil,5,1,nil,Nein,"{'is24qa-gaeste-wc-label': '', 'is24qa-provisionsfrei-fuer-kaufende-label': ''}"
Großes Einfamilienhaus*Ein Grundriss mit vielen Möglichkeiten*inkl. Material*Grundstück*Bodenplatte,876.000 €,"61130 Nidderau, Main-Kinzig-Kreis
Die vollständige Adresse der Immobilie erhalten Sie vom Anbieter.",5,"172,07 m²",723 m²,5.091 €/m²,Einfamilienhaus (freistehend),nil,nil,4,1,nil,Nein,"{'is24qa-gaeste-wc-label': '', 'is24qa-provisionsfrei-fuer-kaufende-label': ''}"
Perfekt für große Familien dank eines durchdachten und offenen Raumkonzepts*KFN/QNG möglich,885.500 €,"61130 Nidderau, Main-Kinzig-Kreis
Die vollständige Adresse der Immobilie erhalten Sie vom Anbieter.",5,"159,18 m²",723 m²,5.563 €/m²,Einfamilienhaus (freistehend),nil,nil,4,1,nil,Nein,"{'is24qa-gaeste-wc-label': '', 'is24qa-provisionsfrei-fuer-kaufende-label': ''}"
Großzügiges und modernes Zuhause mit vielseitig nutzbarem Raum*KFN/QNG/40+ möglich,861.900 €,"61130 Nidderau, Main-Kinzig-Kreis
Die vollständige Adresse der Immobilie erhalten Sie vom Anbieter.",4,"142,23 m²",723 m²,6.060 €/m²,Einfamilienhaus (freistehend),nil,nil,3,1,nil,Nein,"{'is24qa-gaeste-wc-label': '', 'is24qa-provisionsfrei-fuer-kaufende-label': ''}"
Modernes Einfamilienhaus mit offenem Grundriss*mit Ausbaumaterial*Bodenplatte*Grundstück*KFN möglich,859.900 €,"61130 Nidderau, Main-Kinzig-Kreis
Die vollständige Adresse der Immobilie erhalten Sie vom Anbieter.",4,"135,25 m²",723 m²,6.358 €/m²,Einfamilienhaus (freistehend),nil,nil,3,1,nil,Nein,"{'is24qa-gaeste-wc-label': '', 'is24qa-provisionsfrei-fuer-kaufende-label': ''}"
Modernes Einfamilienhaus mit großzügigem Raumangebot im modernen Stil*KFN/QNG/40+ möglich,850.500 €,"61130 Nidderau, Main-Kinzig-Kreis
Die vollständige Adresse der Immobilie erhalten Sie vom Anbieter.",4,"124,9 m²",723 m²,6.809 €/m²,Einfamilienhaus (freistehend),nil,nil,3,1,nil,Nein,"{'is24qa-gaeste-wc-label': '', 'is24qa-provisionsfrei-fuer-kaufende-label': ''}"
Sie suchen sich Ihre Nachbarn selber aus*Doppelhaus mit Grundstück*Material*Bodenplatte*KFN möglich,458.900 €,"36391 Sinntal, Main-Kinzig-Kreis
Die vollständige Adresse der Immobilie erhalten Sie vom Anbieter.",8,"262,37 m²",570 m²,1.749 €/m²,Doppelhaushälfte,nil,nil,6,2,nil,Nein,"{'is24qa-gaeste-wc-label': '', 'is24qa-einliegerwohnung-label': '', 'is24qa-provisionsfrei-fuer-kaufende-label': ''}"
Individuelle Wohnträume verwirklichen mit viel Platz für die ganze Familie *KFN/QNG/40+ möglich,364.900 €,"36391 Sinntal, Main-Kinzig-Kreis
Die vollständige Adresse der Immobilie erhalten Sie vom Anbieter.",6,"181,86 m²",570 m²,2.006 €/m²,Einfamilienhaus (freistehend),nil,nil,5,1,nil,Nein,"{'is24qa-gaeste-wc-label': '', 'is24qa-provisionsfrei-fuer-kaufende-label': ''}"
Großes Einfamilienhaus*Ein Grundriss mit vielen Möglichkeiten*inkl. Material*Grundstück*Bodenplatte,335.900 €,"36391 Sinntal, Main-Kinzig-Kreis
Die vollständige Adresse der Immobilie erhalten Sie vom Anbieter.",5,"172,07 m²",570 m²,1.952 €/m²,Einfamilienhaus (freistehend),nil,nil,4,1,nil,Nein,"{'is24qa-gaeste-wc-label': '', 'is24qa-provisionsfrei-fuer-kaufende-label': ''}"
Perfekt für große Familien dank eines durchdachten und offenen Raumkonzepts*KFN/QNG möglich,345.500 €,"36391 Sinntal, Main-Kinzig-Kreis
Die vollständige Adresse der Immobilie erhalten Sie vom Anbieter.",5,"159,18 m²",570 m²,2.170 €/m²,Einfamilienhaus (freistehend),nil,nil,4,1,nil,Nein,"{'is24qa-gaeste-wc-label': '', 'is24qa-provisionsfrei-fuer-kaufende-label': ''}"
Großzügiges und modernes Zuhause mit vielseitig nutzbarem Raum*KFN/QNG/40+ möglich,321.900 €,"36391 Sinntal, Main-Kinzig-Kreis
Die vollständige Adresse der Immobilie erhalten Sie vom Anbieter.",4,"142,23 m²",570 m²,2.263 €/m²,Einfamilienhaus (freistehend),nil,nil,3,1,nil,Nein,"{'is24qa-gaeste-wc-label': '', 'is24qa-provisionsfrei-fuer-kaufende-label': ''}"
Modernes Einfamilienhaus mit offenem Grundriss*mit Ausbaumaterial*Bodenplatte*Grundstück*KFN möglich,319.500 €,"36391 Sinntal, Main-Kinzig-Kreis
Die vollständige Adresse der Immobilie erhalten Sie vom Anbieter.",4,"135,25 m²",570 m²,2.362 €/m²,Einfamilienhaus (freistehend),nil,nil,3,1,nil,Nein,"{'is24qa-gaeste-wc-label': '', 'is24qa-provisionsfrei-fuer-kaufende-label': ''}"
Modernes Einfamilienhaus mit großzügigem Raumangebot im modernen Stil*KFN/QNG/40+ möglich,310.500 €,"36391 Sinntal, Main-Kinzig-Kreis
Die vollständige Adresse der Immobilie erhalten Sie vom Anbieter.",4,"124,9 m²",570 m²,2.486 €/m²,Einfamilienhaus (freistehend),nil,nil,3,1,nil,Nein,"{'is24qa-gaeste-wc-label': '', 'is24qa-provisionsfrei-fuer-kaufende-label': ''}"
Großes Einfamilienhaus*Ein Grundriss mit vielen Möglichkeiten*inkl. Material*Grundstück*Bodenplatte,362.500 €,"36381 Schlüchtern, Main-Kinzig-Kreis
Die vollständige Adresse der Immobilie erhalten Sie vom Anbieter.",5,"172,07 m²",735 m²,2.107 €/m²,Einfamilienhaus (freistehend),nil,nil,4,1,nil,Nein,"{'is24qa-gaeste-wc-label': '', 'is24qa-provisionsfrei-fuer-kaufende-label': ''}"
Individuelle Wohnträume verwirklichen mit viel Platz für die ganze Familie *KFN/QNG/40+ möglich,391.500 €,"36381 Schlüchtern, Main-Kinzig-Kreis
Die vollständige Adresse der Immobilie erhalten Sie vom Anbieter.",6,"181,86 m²",735 m²,2.153 €/m²,Einfamilienhaus (freistehend),nil,nil,5,1,nil,Nein,"{'is24qa-gaeste-wc-label': '', 'is24qa-provisionsfrei-fuer-kaufende-label': ''}"
Sie suchen sich Ihre Nachbarn selber aus*Doppelhaus mit Grundstück*Material*Bodenplatte*KFN möglich,555.000 €,"36381 Schlüchtern, Main-Kinzig-Kreis
Die vollständige Adresse der Immobilie erhalten Sie vom Anbieter.",8,"262,37 m²",1.100 m²,2.115 €/m²,Doppelhaushälfte,nil,nil,6,2,nil,Nein,"{'is24qa-gaeste-wc-label': '', 'is24qa-einliegerwohnung-label': '', 'is24qa-provisionsfrei-fuer-kaufende-label': ''}"
Sie suchen sich Ihre Nachbarn selber aus*Doppelhaus mit Grundstück*Material*Bodenplatte*KFN möglich,458.900 €,"36396 Steinau an der Straße, Main-Kinzig-Kreis
Die vollständige Adresse der Immobilie erhalten Sie vom Anbieter.",8,"262,37 m²",800 m²,1.749 €/m²,Doppelhaushälfte,nil,nil,6,2,nil,Nein,"{'is24qa-gaeste-wc-label': '', 'is24qa-einliegerwohnung-label': '', 'is24qa-provisionsfrei-fuer-kaufende-label': ''}"
Individuelle Wohnträume verwirklichen mit viel Platz für die ganze Familie *KFN/QNG/40+ möglich,364.900 €,"36396 Steinau an der Straße, Main-Kinzig-Kreis
Die vollständige Adresse der Immobilie erhalten Sie vom Anbieter.",6,"181,86 m²",800 m²,2.006 €/m²,Einfamilienhaus (freistehend),nil,nil,5,1,nil,Nein,"{'is24qa-gaeste-wc-label': '', 'is24qa-provisionsfrei-fuer-kaufende-label': ''}"
Großes Einfamilienhaus*Ein Grundriss mit vielen Möglichkeiten*inkl. Material*Grundstück*Bodenplatte,335.900 €,"36396 Steinau an der Straße, Main-Kinzig-Kreis
Die vollständige Adresse der Immobilie erhalten Sie vom Anbieter.",5,"172,07 m²",800 m²,1.952 €/m²,Einfamilienhaus (freistehend),nil,nil,4,1,nil,Nein,"{'is24qa-gaeste-wc-label': '', 'is24qa-provisionsfrei-fuer-kaufende-label': ''}"
Perfekt für große Familien dank eines durchdachten und offenen Raumkonzepts*KFN/QNG möglich,345.500 €,"36396 Steinau an der Straße, Main-Kinzig-Kreis
Die vollständige Adresse der Immobilie erhalten Sie vom Anbieter.",5,"159,18 m²",800 m²,2.170 €/m²,Einfamilienhaus (freistehend),nil,nil,4,1,nil,Nein,"{'is24qa-gaeste-wc-label': '', 'is24qa-provisionsfrei-fuer-kaufende-label': ''}"
Großzügiges und modernes Zuhause mit vielseitig nutzbarem Raum*KFN/QNG/40+ möglich,321.900 €,"36396 Steinau an der Straße, Main-Kinzig-Kreis
Die vollständige Adresse der Immobilie erhalten Sie vom Anbieter.",4,"142,23 m²",800 m²,2.263 €/m²,Einfamilienhaus (freistehend),nil,nil,3,1,nil,Nein,"{'is24qa-gaeste-wc-label': '', 'is24qa-provisionsfrei-fuer-kaufende-label': ''}"
Modernes Einfamilienhaus mit offenem Grundriss*mit Ausbaumaterial*Bodenplatte*Grundstück*KFN möglich,319.500 €,"36396 Steinau an der Straße, Main-Kinzig-Kreis
Die vollständige Adresse der Immobilie erhalten Sie vom Anbieter.",4,"135,25 m²",800 m²,2.362 €/m²,Einfamilienhaus (freistehend),nil,nil,3,1,nil,Nein,"{'is24qa-gaeste-wc-label': '', 'is24qa-provisionsfrei-fuer-kaufende-label': ''}"
Modernes Einfamilienhaus mit großzügigem Raumangebot im modernen Stil*KFN/QNG/40+ möglich,310.500 €,"36396 Steinau an der Straße, Main-Kinzig-Kreis
Die vollständige Adresse der Immobilie erhalten Sie vom Anbieter.",4,"124,9 m²",800 m²,2.486 €/m²,Einfamilienhaus (freistehend),nil,nil,3,1,nil,Nein,"{'is24qa-gaeste-wc-label': '', 'is24qa-provisionsfrei-fuer-kaufende-label': ''}"
Perfekt für große Familien dank eines durchdachten und offenen Raumkonzepts*KFN/QNG möglich,382.500 €,"36381 Schlüchtern, Main-Kinzig-Kreis
Die vollständige Adresse der Immobilie erhalten Sie vom Anbieter.",5,"159,18 m²",736 m²,2.403 €/m²,Einfamilienhaus (freistehend),nil,nil,4,1,nil,Nein,"{'is24qa-gaeste-wc-label': '', 'is24qa-provisionsfrei-fuer-kaufende-label': ''}"
Großzügiges und modernes Zuhause mit vielseitig nutzbarem Raum*KFN/QNG/40+ möglich,359.500 €,"36381 Schlüchtern, Main-Kinzig-Kreis
Die vollständige Adresse der Immobilie erhalten Sie vom Anbieter.",4,"142,23 m²",736 m²,2.528 €/m²,Einfamilienhaus (freistehend),nil,nil,3,1,nil,Nein,"{'is24qa-gaeste-wc-label': '', 'is24qa-provisionsfrei-fuer-kaufende-label': ''}"
Modernes Einfamilienhaus mit großzügigem Raumangebot im modernen Stil*KFN/QNG/40+ möglich,347.500 €,"36381 Schlüchtern, Main-Kinzig-Kreis
Die vollständige Adresse der Immobilie erhalten Sie vom Anbieter.",4,"124,9 m²",736 m²,2.782 €/m²,Einfamilienhaus (freistehend),nil,nil,3,1,nil,Nein,"{'is24qa-gaeste-wc-label': '', 'is24qa-provisionsfrei-fuer-kaufende-label': ''}"
Ein Zuhause voller Licht und Leben*inkl. Material*Bodenplatte*Grundstück*KFN/QNG möglich,405.500 €,"63633 Birstein, Main-Kinzig-Kreis
Die vollständige Adresse der Immobilie erhalten Sie vom Anbieter.",4,"136,78 m²",1.800 m²,2.965 €/m²,Einfamilienhaus (freistehend),nil,nil,3,1,nil,Nein,"{'is24qa-gaeste-wc-label': '', 'is24qa-provisionsfrei-fuer-kaufende-label': ''}"
Großzügiger und durchdachter Grundriss*Eigenleistung und KFN/QNG Förderung möglich!,543.500 €,"63505 Langenselbold, Main-Kinzig-Kreis
Die vollständige Adresse der Immobilie erhalten Sie vom Anbieter.",4,"142,23 m²",489 m²,3.821 €/m²,Einfamilienhaus (freistehend),nil,nil,3,1,nil,Nein,"{'is24qa-gaeste-wc-label': '', 'is24qa-provisionsfrei-fuer-kaufende-label': ''}"
Großzügiger und durchdachter Grundriss*Eigenleistung und KFN/QNG Förderung möglich!,608.900 €,"63579 Freigericht, Main-Kinzig-Kreis
Die vollständige Adresse der Immobilie erhalten Sie vom Anbieter.",4,"142,23 m²",488 m²,4.281 €/m²,Einfamilienhaus (freistehend),nil,nil,3,1,nil,Nein,"{'is24qa-gaeste-wc-label': '', 'is24qa-provisionsfrei-fuer-kaufende-label': ''}"
Großzügiger und durchdachter Grundriss*Eigenleistung und KFN/QNG Förderung möglich!,392.900 €,"63599 Biebergemünd, Main-Kinzig-Kreis
Die vollständige Adresse der Immobilie erhalten Sie vom Anbieter.",4,"142,23 m²",420 m²,2.762 €/m²,Einfamilienhaus (freistehend),nil,nil,3,1,nil,Nein,"{'is24qa-gaeste-wc-label': '', 'is24qa-provisionsfrei-fuer-kaufende-label': ''}"
Großzügiger und durchdachter Grundriss*Eigenleistung und KFN/QNG Förderung möglich!,316.900 €,"63639 Flörsbachtal, Main-Kinzig-Kreis
Die vollständige Adresse der Immobilie erhalten Sie vom Anbieter.",4,"142,23 m²",953 m²,2.228 €/m²,Einfamilienhaus (freistehend),nil,nil,3,1,nil,Nein,"{'is24qa-gaeste-wc-label': '', 'is24qa-provisionsfrei-fuer-kaufende-label': ''}"
