title,price,address,rooms,living_space,property_area,price_per_m2,type,usable_area,available_from,bedrooms,bathrooms,garage_parking,buyer_commission,criteriagroup_boolean_listing
Faszinierendes Haus in Spielstraße im Stadtteil EVERSTEN,675.000 €,"Eversten, 26131 Oldenburg (Oldenburg)
Die vollständige Adresse der Immobilie erhalten Sie vom Anbieter.",5,"204,06 m²",673 m²,3.308 €/m²,Einfamilienhaus (freistehend),"145,26 m²",nil,3,2,1 Garage,"Käuferprovision beträgt 3,57 % (inkl. MwSt.) des beurkundeten Kaufpreises","{'is24qa-gaeste-wc-label': '', 'is24qa-keller-label': ''}"
Elegantes Ferienduo: Zwei Häuser mit Flair auf Borkum!,1.580.000 €,"26757 Borkum, Leer (Kreis)
Die vollständige Adresse der Immobilie erhalten Sie vom Anbieter.",9,214 m²,0 m²,7.383 €/m²,Wohnimmobilie (sonstige),nil,sofort,7,4,2 Stellplätze,2.98 %,"{'is24qa-gaeste-wc-label': '', 'is24qa-als-ferienhaus-geeignet-label': ''}"
Juist: Hochwertige Doppelhaushälfte in begehrter Lage,1.850.000 €,"26571 Juist, Aurich (Kreis)
Die vollständige Adresse der Immobilie erhalten Sie vom Anbieter.",3,91 m²,164 m²,20.330 €/m²,Doppelhaushälfte,nil,nil,2,2,nil,3.57 %,{}
Charmantes RMH mit Terrasse an der Nordsee!,179.000 €,"26427 Holtgast, Wittmund (Kreis)
Die vollständige Adresse der Immobilie erhalten Sie vom Anbieter.",3,70 m²,100 m²,2.557 €/m²,Reihenmittelhaus,nil,sofort,2,2,1 Stellplatz,3.57 %,{'is24qa-als-ferienhaus-geeignet-label': ''}
"Eigentumsgrundstück, KNX Smart Home, PV-Anlage, Möbliert: Ferienhaus am Großen Meer!",289.000 €,"26624 Südbrookmerland, Aurich (Kreis)
Die vollständige Adresse der Immobilie erhalten Sie vom Anbieter.",3,50 m²,420 m²,5.780 €/m²,Wohnimmobilie (sonstige),nil,nil,2,1,2 Stellplätze,3.57 %,"{'is24qa-gaeste-wc-label': '', 'is24qa-als-ferienhaus-geeignet-label': ''}"
Hochwertiges Einfamilienhaus mit besonderen Austattungsdetails und möglicher ELW!,449.000 €,"26624 Südbrookmerland, Aurich (Kreis)
Die vollständige Adresse der Immobilie erhalten Sie vom Anbieter.",6,170 m²,1.057 m²,2.641 €/m²,Einfamilienhaus (freistehend),nil,nil,4,2,4 Stellplätze,2.43 %,"{'is24qa-gaeste-wc-label': '', 'is24qa-einliegerwohnung-label': ''}"
4* Ferienhaus am Yachthafen!,489.000 €,"26409 Wittmund, Wittmund (Kreis)
Die vollständige Adresse der Immobilie erhalten Sie vom Anbieter.",4,77 m²,175 m²,6.351 €/m²,Einfamilienhaus (freistehend),7 m²,nil,3,1,1 Stellplatz,2.38 %,{'is24qa-gaeste-wc-label': ''}
Großes Doppelhaus mit viel Potential in Garrel,329.000 €,"49681 Garrel, Cloppenburg (Kreis)
Die vollständige Adresse der Immobilie erhalten Sie vom Anbieter.",13,310 m²,1.300 m²,1.061 €/m²,Mehrfamilienhaus,145 m²,nil,10,2,10 Stellplätze,"3,57 % inkl. ges. MwSt.",{'is24qa-gaeste-wc-label': ''}
Ostrhauderfehn! Schlüsselfertige Neubau-Bungalow mit Terrasse und Gartenanlage in ruhiger Wohnlage!,270.000 €,"26842 Ostrhauderfehn, Leer (Kreis)
Die vollständige Adresse der Immobilie erhalten Sie vom Anbieter.",3,87 m²,320 m²,3.103 €/m²,Einfamilienhaus (freistehend),nil,Nach Absprache,2,1,nil,"Die Maklerprovision beträgt für den Käufer 3,57 % vom Kaufpreis inkl. ges. MwSt..",{}
"Sehr großzügiges, freistehendes Einfamilienhaus",1.050.000 €,"31535 Neustadt am Rübenberge, Hannover (Kreis)
Die vollständige Adresse der Immobilie erhalten Sie vom Anbieter.",7,400 m²,3.400 m²,2.625 €/m²,Einfamilienhaus (freistehend),nil,nil,4,3,Garage,"3,57 % (inkl. MwSt.) vom Kaufpreis","{'is24qa-keller-label': '', 'is24qa-einliegerwohnung-label': ''}"
Wohnen und Arbeiten unter einem Dach!,350.000 €,"31515 Wunstorf, Hannover (Kreis)
Die vollständige Adresse der Immobilie erhalten Sie vom Anbieter.",8,200 m²,1.150 m²,1.750 €/m²,Einfamilienhaus (freistehend),nil,nil,nil,nil,Garage,"3,57 % (inkl. MwSt.) vom Kaufpreis","{'is24qa-gaeste-wc-label': '', 'is24qa-keller-label': ''}"
Bezugsfertiges Einfamilienhaus mit Einliegerwohnung.,450.000 €,"31177 Harsum, Hildesheim (Kreis)
Die vollständige Adresse der Immobilie erhalten Sie vom Anbieter.",6,220 m²,598 m²,2.045 €/m²,Einfamilienhaus (freistehend),nil,nil,6,3,Garage,"3,57 % (inkl. MwSt.) vom Kaufpreis","{'is24qa-gaeste-wc-label': '', 'is24qa-keller-label': '', 'is24qa-einliegerwohnung-label': ''}"
Charmantes Fachwerk-Klinkerhaus,340.000 €,"31311 Uetze, Hannover (Kreis)
Die vollständige Adresse der Immobilie erhalten Sie vom Anbieter.",7,198 m²,777 m²,1.717 €/m²,Einfamilienhaus (freistehend),40 m²,nil,nil,nil,Garage,"3,57 % (inkl. MwSt.) vom Kaufpreis",{'is24qa-keller-label': ''}
Freistehendes Einfamilienhaus zum Sanieren!,250.000 €,"31311 Uetze, Hannover (Kreis)
Die vollständige Adresse der Immobilie erhalten Sie vom Anbieter.",7,157 m²,1.020 m²,1.592 €/m²,Einfamilienhaus (freistehend),nil,nil,nil,nil,Garage,"3,57 % (inkl. MwSt.) vom Kaufpreis",{'is24qa-keller-label': ''}
Modernisiertes Reihenhaus in Hannover-Bemerode!,420.000 €,"Bemerode, 30539 Hannover
Die vollständige Adresse der Immobilie erhalten Sie vom Anbieter.",5,112 m²,150 m²,3.750 €/m²,Reihenmittelhaus,61 m²,nil,nil,nil,Garage,"3,57 % (inkl. MwSt.) vom Kaufpreis","{'is24qa-gaeste-wc-label': '', 'is24qa-keller-label': ''}"
Gepflegtes Haus mit fünf Ferienapartments in idyllischer Lage...,449.000 €,"37447 Wieda, Osterode am Harz (Kreis)
Die vollständige Adresse der Immobilie erhalten Sie vom Anbieter.",15,400 m²,8.000 m²,1.123 €/m²,Mehrfamilienhaus,nil,nil,7,7,Garage,"5,95% vom Kaufpreis","{'is24qa-gaeste-wc-label': '', 'is24qa-einliegerwohnung-label': '', 'is24qa-vermietet-label': ''}"
"Moderne, großzügige Doppelhaushälfte in Wolfshagen...",349.000 €,"38685 Langelsheim, Goslar (Kreis)
Die vollständige Adresse der Immobilie erhalten Sie vom Anbieter.",4,134 m²,393 m²,2.604 €/m²,Doppelhaushälfte,nil,nil,1,1,Außenstellplatz,"3,57 % (inkl. MwSt.) vom Kaufpreis",{'is24qa-gaeste-wc-label': ''}
"Schöne, moderne Doppelhaushälfte in Wolfshagen...",369.000 €,"38685 Langelsheim, Goslar (Kreis)
Die vollständige Adresse der Immobilie erhalten Sie vom Anbieter.",4,134 m²,394 m²,2.754 €/m²,Doppelhaushälfte,nil,nil,1,1,Außenstellplatz,"3,57 % (inkl. MwSt.) vom Kaufpreis",{'is24qa-gaeste-wc-label': ''}
Wunderschönes Einfamilienhaus in idyllischer Lage...,198.000 €,"37444 Sankt Andreasberg, Goslar (Kreis)
Die vollständige Adresse der Immobilie erhalten Sie vom Anbieter.",6,221 m²,977 m²,896 €/m²,Einfamilienhaus (freistehend),nil,nil,3,2,Garage,"3,57 % (inkl. MwSt.) vom Kaufpreis","{'is24qa-gaeste-wc-label': '', 'is24qa-keller-label': '', 'is24qa-einliegerwohnung-label': ''}"
Modernes Zweifamilienhaus in Wendeburg!,695.000 €,"38176 Wendeburg, Peine (Kreis)
Die vollständige Adresse der Immobilie erhalten Sie vom Anbieter.",8,300 m²,802 m²,2.317 €/m²,Einfamilienhaus (freistehend),nil,nil,4,4,Außenstellplatz,"3,57 % (inkl. MwSt.) vom Kaufpreis",{'is24qa-gaeste-wc-label': ''}
