title,price,address,rooms,living_space,property_area,price_per_m2,type,usable_area,available_from,bedrooms,bathrooms,garage_parking,buyer_commission,criteriagroup_boolean_listing
Charmantes Einfamilienhaus mit Ausbaupotenzial,300.000 €,"15754 Heidesee, Dahme-Spreewald (Kreis)
Die vollständige Adresse der Immobilie erhalten Sie vom Anbieter.",4,"110,46 m²",817 m²,2.716 €/m²,Einfamilienhaus (freistehend),nil,nil,nil,nil,nil,"3,57 % inkl. MwSt.",{}
Schönes ländliches Anwesen mit eigener Fließanbindung in Kolkwitz,266.800 €,"03099 Kolkwitz, Spree-Neiße (Kreis)
Die vollständige Adresse der Immobilie erhalten Sie vom Anbieter.",5,115 m²,6.050 m²,2.320 €/m²,Einfamilienhaus (freistehend),115 m²,nil,nil,2,5 Stellplätze,"3,57 %",{'is24qa-keller-label': ''}
Wohn- und Geschäftshaus + Gewerbehalle mit exzellenten Renditechancen zentral in Falkensee,1.200.000 €,"14612 Falkensee, Havelland (Kreis)
Die vollständige Adresse der Immobilie erhalten Sie vom Anbieter.",12,92 m²,1.098 m²,13.043 €/m²,Wohnimmobilie (sonstige),603 m²,nach Vereinbarung,3,2,6 Garagen,"3,57% inkl. MwSt.","{'is24qa-keller-label': '', 'is24qa-einliegerwohnung-label': ''}"
"Hochwertige Ausstattung | Real geteilte Doppelhaushälfte mit Vollkeller, Dachterrasse und Garten",895.000 €,"14612 Falkensee, Havelland (Kreis)
Die vollständige Adresse der Immobilie erhalten Sie vom Anbieter.",5,164 m²,438 m²,5.457 €/m²,Doppelhaushälfte,58 m²,nil,4,2,2 Carports,Nein,"{'is24qa-online-besichtigung-moeglich-label': '', 'is24qa-gaeste-wc-label': '', 'is24qa-keller-label': '', 'is24qa-provisionsfrei-fuer-kaufende-label': ''}"
Wunderschönes Architektenhaus in Guben,269.000 €,"03172 Guben, Spree-Neiße (Kreis)
Die vollständige Adresse der Immobilie erhalten Sie vom Anbieter.",6,137 m²,5.602 m²,1.964 €/m²,Einfamilienhaus (freistehend),180 m²,nil,nil,2,2 Stellplätze,"3,57 %",{'is24qa-keller-label': ''}
Neuer Preis! Drei Seiten Hof mit viel Potenzial,349.000 €,"14929 Treuenbrietzen, Potsdam-Mittelmark (Kreis)
Die vollständige Adresse der Immobilie erhalten Sie vom Anbieter.",7,250 m²,2.280 m²,1.396 €/m²,nil,nil,ab sofort,nil,nil,nil,"3,57 % inkl. 19 % gesetzlicher MwSt.",{'is24qa-keller-label': ''}
Charmantes Haus auf herrlichem Grundstück,545.000 €,"14612 Falkensee, Havelland (Kreis)
Die vollständige Adresse der Immobilie erhalten Sie vom Anbieter.",4,120 m²,1.023 m²,4.542 €/m²,Einfamilienhaus (freistehend),45 m²,nil,nil,nil,1 Stellplatz,"3,5 % incl. MwSt.","{'is24qa-gaeste-wc-label': '', 'is24qa-keller-label': ''}"
"Reihenhaus-Idylle im Grünen - Kaufpreis- UND Zinssenkung... Wenn nicht jetzt, wann dann?",485.000 €,"14624 Dallgow-Döberitz, Havelland (Kreis)
Die vollständige Adresse der Immobilie erhalten Sie vom Anbieter.",5,112 m²,198 m²,4.330 €/m²,nil,59 m²,nil,3,2,2 Außenstellplätze,Nein,"{'is24qa-online-besichtigung-moeglich-label': '', 'is24qa-gaeste-wc-label': '', 'is24qa-keller-label': '', 'is24qa-provisionsfrei-fuer-kaufende-label': ''}"
Einfamilienhaus mitten im Grünen und großem Gartenhaus,429.000 €,"16775 Löwenberger Land, Oberhavel (Kreis)
Die vollständige Adresse der Immobilie erhalten Sie vom Anbieter.",4,115 m²,498 m²,3.730 €/m²,Einfamilienhaus (freistehend),120 m²,nil,3,2,2 Außenstellplätze,"3,57 % incl. MwSt",{'is24qa-gaeste-wc-label': ''}
*Kleines Mehrfamilienhaus mit Gewerbe!*,260.000 €,"14662 Friesack, Havelland (Kreis)
Die vollständige Adresse der Immobilie erhalten Sie vom Anbieter.",9,152 m²,532 m²,1.711 €/m²,Mehrfamilienhaus,nil,nil,nil,2,Carport,"7,14 % des Kaufpreises inkl. MwSt.","{'is24qa-gaeste-wc-label': '', 'is24qa-keller-label': '', 'is24qa-einliegerwohnung-label': '', 'is24qa-vermietet-label': ''}"
Kapitalanleger aufgepasst !!! Vermietete DHH in familienfreundlicher Siedlung in Schönow,375.000 €,"16321 Bernau bei Berlin, Barnim (Kreis)
Die vollständige Adresse der Immobilie erhalten Sie vom Anbieter.",5,125 m²,270 m²,3.000 €/m²,Doppelhaushälfte,80 m²,nil,3,2,1 Außenstellplatz,"Käuferprovision beträgt 3,57 % (inkl. MwSt.) des beurkundeten Kaufpreises","{'is24qa-gaeste-wc-label': '', 'is24qa-keller-label': ''}"
Einfamilienhaus in Elbnähe zu kaufen,99.000 €,"19322 Rühstädt, Prignitz (Kreis)
Die vollständige Adresse der Immobilie erhalten Sie vom Anbieter.",5,135 m²,500 m²,733 €/m²,Einfamilienhaus (freistehend),100 m²,Absprache,4,1,1 Außenstellplatz,Nein,"{'is24qa-keller-label': '', 'is24qa-provisionsfrei-fuer-kaufende-label': ''}"
Neubau - eine moderne Doppelhaushälfte,798.000 €,"14974 Ludwigsfelde, Teltow-Fläming (Kreis)
Die vollständige Adresse der Immobilie erhalten Sie vom Anbieter.",5,"161,5 m²",285 m²,4.941 €/m²,Doppelhaushälfte,195 m²,2024,4,3,2 Außenstellplätze,"3,57 %",{'is24qa-gaeste-wc-label': ''}
Kapitalanlage nahe Krebssee - Vermietetes Reihenhaus mit 4 Wohneinheiten,1.876.357 €,"Alte Försterei 7,
15711 Königs Wusterhausen, Dahme-Spreewald (Kreis)",16,397 m²,0 m²,4.726 €/m²,Mehrfamilienhaus,nil,nil,nil,nil,nil,Nein,{'is24qa-provisionsfrei-fuer-kaufende-label': ''}
KENSINGTON - Exklusiv - Hochwertiger Bungalow mit 10-jährigem Wohnrecht auf 4372 qm,280.000 €,"14712 Rathenow, Havelland (Kreis)
Die vollständige Adresse der Immobilie erhalten Sie vom Anbieter.",5,183 m²,4.372 m²,1.530 €/m²,Bungalow,21 m²,nil,1,2,2 Garagen,"3,57% Käufer-Provision inkl. 19% MwSt.",{'is24qa-gaeste-wc-label': ''}
Ein Haus für Jemanden der Herausforderungen liebt,425.000 €,"14542 Werder (Havel), Potsdam-Mittelmark (Kreis)
Die vollständige Adresse der Immobilie erhalten Sie vom Anbieter.",6,120 m²,234 m²,3.542 €/m²,Einfamilienhaus (freistehend),nil,nil,1,1,nil,"Käuferprovision beträgt 3,57 % (inkl. MwSt.) des beurkundeten Kaufpreises","{'is24qa-gaeste-wc-label': '', 'is24qa-keller-label': ''}"
Dreiseitenhof mit Doppelhaushälfte zu verkaufen,229.000 €,"Beenzer Straße 19 A,
17279 Lychen, Uckermark (Kreis)",5,134 m²,3.080 m²,1.709 €/m²,Einfamilienhaus (freistehend),70 m²,September 2024,3,2,2 Garagen,"3,57% inklusive 19% gesetzlicher MwSt.","{'is24qa-gaeste-wc-label': '', 'is24qa-keller-label': '', 'is24qa-als-ferienhaus-geeignet-label': ''}"
Einfamilienhaus im Grünen zu verkaufen - Tagendorf,149.000 €,"16928 Groß Pankow (Prignitz), Prignitz (Kreis)
Die vollständige Adresse der Immobilie erhalten Sie vom Anbieter.",5,100 m²,2.070 m²,1.490 €/m²,Einfamilienhaus (freistehend),nil,sofort,5,1,2 Stellplätze,"3,57% inkl. MwSt.",{}
Kaufen mit Blick in die Zukunft: Ihr energieeffizientes Eigenheim,330.000 €,"15806 Zossen, Teltow-Fläming (Kreis)
Die vollständige Adresse der Immobilie erhalten Sie vom Anbieter.",3,85 m²,175 m²,3.882 €/m²,Einfamilienhaus (freistehend),nil,Sofort,2,2,1 Stellplatz,Nein,"{'is24qa-online-besichtigung-moeglich-label': '', 'is24qa-gaeste-wc-label': '', 'is24qa-provisionsfrei-fuer-kaufende-label': ''}"
Effiziente Architektenperle im Wald mit Feldrandlage inkl. Gästehaus!,650.000 €,"15806 Zossen, Teltow-Fläming (Kreis)
Die vollständige Adresse der Immobilie erhalten Sie vom Anbieter.",3,115 m²,1.100 m²,5.652 €/m²,Einfamilienhaus (freistehend),200 m²,nach Kauf,1,2,1 Garage,"23.205,00 € inkl. 19 % Ust.","{'is24qa-keller-label': '', 'is24qa-als-ferienhaus-geeignet-label': '', 'is24qa-einliegerwohnung-label': ''}"
