title,price,address,rooms,living_space,property_area,price_per_m2,type,usable_area,available_from,bedrooms,bathrooms,garage_parking,buyer_commission,criteriagroup_boolean_listing
"Grundsolides, äußerst gepflegtes Einfamilienhaus m. viel Platz und zahlreichen Nutzungsmöglichkeiten",249.000 €,"26532 Großheide, Aurich (Kreis)
Die vollständige Adresse der Immobilie erhalten Sie vom Anbieter.",6,130 m²,805 m²,1.915 €/m²,Einfamilienhaus (freistehend),nil,VHS,4,2,Garage,"zuzgl. 2,975% Maklercourtage",{}
Modernisierte Doppelhaushälfte in Jesteburg,349.000 €,"21266 Jesteburg, Harburg (Kreis)
Die vollständige Adresse der Immobilie erhalten Sie vom Anbieter.",3,98 m²,433 m²,3.561 €/m²,Doppelhaushälfte,49 m²,nach Vereinbarung,2,2,1 Carport,"3,57 % inkl. MwSt.","{'is24qa-gaeste-wc-label': '', 'is24qa-keller-label': ''}"
**PROVISIONSFREI für den Käufer** Horneburg: Repräsentatives Einfamilienhaus mit A,880.000 €,"21640 Horneburg, Stade (Kreis)
Die vollständige Adresse der Immobilie erhalten Sie vom Anbieter.",8,265 m²,2.417 m²,3.321 €/m²,Einfamilienhaus (freistehend),145 m²,sofort,nil,nil,2 Garagen,Nein,{'is24qa-provisionsfrei-fuer-kaufende-label': ''}
"Einfamilienhaus mit großem Grundstück, Garagen und weiteren Nebengebäuden zu verkaufen!",289.000 €,"27232 Sulingen, Diepholz (Kreis)
Die vollständige Adresse der Immobilie erhalten Sie vom Anbieter.","8,5",241 m²,2.500 m²,1.199 €/m²,Einfamilienhaus (freistehend),nil,nil,nil,1,6 Garagen,"2,38 % nkl. USt.","{'is24qa-gaeste-wc-label': '', 'is24qa-keller-label': ''}"
KAUFPREISSENKUNG *** Wunderschönes Wohnhaus in Sackgassenlage OFFENER WOHNBEREICH ESSEN&WOHNEN&KAM,349.000 €,"26817 Rhauderfehn, Leer (Kreis)
Die vollständige Adresse der Immobilie erhalten Sie vom Anbieter.",7,159 m²,1.018 m²,2.195 €/m²,Einfamilienhaus (freistehend),69 m²,kurzfristig möglich,4,2,2 Garagen,"Die Maklercourtage (2,98% des Kaufpreises) ist für den Käufer mit Kaufvertragsunterzeichnung fällig.",{'is24qa-keller-label': ''}
Gemütliches Haus mit Garten in absolut ruhiger Lage,139.000 €,"26817 Rhauderfehn, Leer (Kreis)
Die vollständige Adresse der Immobilie erhalten Sie vom Anbieter.",4,101 m²,955 m²,1.376 €/m²,Einfamilienhaus (freistehend),22 m²,sofort,1,1,3 Stellplätze,"2,97% inkl. MwSt.","{'is24qa-keller-label': '', 'is24qa-stufenloser-zugang-label': '', 'is24qa-als-ferienhaus-geeignet-label': ''}"
Bungalow mit Außenpool und großem Garten in Seevetal-Ohlendorf,379.000 €,"21220 Seevetal, Harburg (Kreis)
Die vollständige Adresse der Immobilie erhalten Sie vom Anbieter.",3,96 m²,985 m²,3.948 €/m²,Einfamilienhaus (freistehend),nil,Ab sofort,2,1,1 Garage,"3,57% inkl. MwSt.",{}
"Neubau eines hochw. Einfamilienhauses in begehrter, zentrumsnaher Lage in Bad Zwischenahn-Ohrwege",529.950 €,"26160 Bad Zwischenahn, Ammerland (Kreis)
Die vollständige Adresse der Immobilie erhalten Sie vom Anbieter.",5,123 m²,477 m²,4.309 €/m²,Einfamilienhaus (freistehend),nil,Fertigstellung 2024,3,1,nil,"3,00 % des Kaufpreises inkl. 19 % gesetzl. MwSt.",{}
Neubau eines hochwertigen Einfamilienhauses in Bad Zwischenahn-Orwege / ruhige und begehrte Lage,511.350 €,"26160 Bad Zwischenahn, Ammerland (Kreis)
Die vollständige Adresse der Immobilie erhalten Sie vom Anbieter.",4,116 m²,477 m²,4.408 €/m²,Einfamilienhaus (freistehend),nil,Fertigstellung 2024,3,1,nil,"3,00 % des Kaufpreises inkl. 19 % gesetzl. MwSt.",{}
PREISREDUZIERUNG - Ansprechendes Fachwerkhaus in TOP-Innenstadtlage von Bückeburg,369.000 €,"31675 Bückeburg, Schaumburg (Kreis)
Die vollständige Adresse der Immobilie erhalten Sie vom Anbieter.","7,5",218 m²,471 m²,1.693 €/m²,Einfamilienhaus (freistehend),"30,2 m²",nil,nil,2,nil,"4,16% inkl. ges. MwSt.",{'is24qa-keller-label': ''}
Neubau eines Mehrfamilienhauses mit zwei Wohneinheiten und Carportanlage // Ostrhauderfehn,447.500 €,"26842 Ostrhauderfehn, Leer (Kreis)
Die vollständige Adresse der Immobilie erhalten Sie vom Anbieter.",6,"138,49 m²",883 m²,3.231 €/m²,Mehrfamilienhaus,nil,April 2024,4,2,3 Carports,"2,38 % inkl. 19 % MwSt.","{'is24qa-stufenloser-zugang-label': '', 'is24qa-vermietet-label': ''}"
Ganderkesee - Heide| Märchenhaft Wohnen: Prachtvolles Einfamilienhaus auf großem Grund mit ELW,699.000 €,"27777 Ganderkesee, Oldenburg (Kreis)
Die vollständige Adresse der Immobilie erhalten Sie vom Anbieter.",9,"318,61 m²",1.604 m²,2.194 €/m²,Einfamilienhaus (freistehend),"78,56 m²",nil,6,4,nil,"3,57 % inkl. 19% MwSt. (Käuferprovision)",{'is24qa-gaeste-wc-label': ''}
"""Großes Meer"": Gemütliches Nurdachhaus mit Sonnenterrasse, schönem Garten, Carport & Vollmöblierung",189.000 €,"26624 Südbrookmerland, Aurich (Kreis)
Die vollständige Adresse der Immobilie erhalten Sie vom Anbieter.",4,69 m²,385 m²,2.739 €/m²,Einfamilienhaus (freistehend),nil,nil,3,2,2 Carports,"3,57 % (inkl. MwSt.)","{'is24qa-online-besichtigung-moeglich-label': '', 'is24qa-gaeste-wc-label': '', 'is24qa-als-ferienhaus-geeignet-label': ''}"
Großzügiger Winkelbungalow in zentraler Lage von Weener,559.000 €,"26826 Weener, Leer (Kreis)
Die vollständige Adresse der Immobilie erhalten Sie vom Anbieter.",5,170 m²,875 m²,3.288 €/m²,Einfamilienhaus (freistehend),nil,nach Absprache,2,2,nil,"3,57 % inkl. der gesetzl. MwSt. bezogen auf den Kaufpreis",{}
Traumhaus in Helmste - Charmantes Einfamilienhaus mit Vollkeller,849.000 €,"21717 Deinste, Stade (Kreis)
Die vollständige Adresse der Immobilie erhalten Sie vom Anbieter.",4,"151,49 m²",889 m²,5.604 €/m²,Einfamilienhaus (freistehend),"88,17 m²",Nach Vereinbarung,nil,1,1 Carport,"3,57 % inkl. MwSt.",{'is24qa-keller-label': ''}
Fertighaus mit Ausbaureserve im Alten Land in Jork,335.000 €,"21635 Jork, Stade (Kreis)
Die vollständige Adresse der Immobilie erhalten Sie vom Anbieter.",4,"114,48 m²",1.067 m²,2.926 €/m²,Einfamilienhaus (freistehend),nil,Nach Vereinbarung,nil,1,nil,"3,57 % inkl. MwSt.",{'is24qa-keller-label': ''}
Top gepflegtes MFH -Wohnen und Arbeiten unter einem Dach,750.000 €,"Nordstadt, 38106 Braunschweig
Die vollständige Adresse der Immobilie erhalten Sie vom Anbieter.",10,"328,67 m²",480 m²,2.282 €/m²,Mehrfamilienhaus,15 m²,nil,5,4,nil,"5,95% des Kaufpreis inkl. MwSt.","{'is24qa-gaeste-wc-label': '', 'is24qa-keller-label': '', 'is24qa-vermietet-label': ''}"
"Resthof mit zwei Häusern, vier Wohneinheiten, Ausbaupotenzial und Nebengebäuden im Deister",1.090.000 €,"30974 Wennigsen (Deister), Hannover (Kreis)
Die vollständige Adresse der Immobilie erhalten Sie vom Anbieter.",13,458 m²,1.509 m²,2.380 €/m²,Einfamilienhaus (freistehend),nil,Nach Absprache,nil,nil,8 Garagen,Nein,"{'is24qa-online-besichtigung-moeglich-label': '', 'is24qa-gaeste-wc-label': '', 'is24qa-keller-label': '', 'is24qa-provisionsfrei-fuer-kaufende-label': ''}"
Stadtvilla ca. 265 m² Wfl. + ca.100 m² Gew.Fl. von FALC Immobilien Göttingen,749.500 €,"Südstadt, 37083 Göttingen
Die vollständige Adresse der Immobilie erhalten Sie vom Anbieter.",10,265 m²,690 m²,2.828 €/m²,Einfamilienhaus (freistehend),244 m²,nil,4,3,4 Garagen,"3,57% inkl. MwSt. v not. Kaufvertrag s. Sonstiges","{'is24qa-online-besichtigung-moeglich-label': '', 'is24qa-keller-label': ''}"
Wilhelmshaven/ Jadeviertel: Ruhig gelegenes Niedrigenergiehaus im Reihenendhausstil,299.000 €,"Bant, 26389 Wilhelmshaven
Die vollständige Adresse der Immobilie erhalten Sie vom Anbieter.",4,158 m²,263 m²,1.892 €/m²,Reihenmittelhaus,30 m²,nach Vereinbarung,3,1,1 Carport,"3,57 % inkl. der gesetzl. MwSt. bezogen auf den Kaufpreis",{}
