title,price,address,rooms,living_space,property_area,price_per_m2,type,usable_area,available_from,bedrooms,bathrooms,garage_parking,buyer_commission,criteriagroup_boolean_listing
Ihr Wohntraum im Mehrgenerationenhaus 2024,686.000 €,"Lankwitz, 12249 Berlin
Die vollständige Adresse der Immobilie erhalten Sie vom Anbieter.",8,272 m²,688 m²,2.522 €/m²,nil,nil,nil,nil,3,1 Garage,3.57%,{'is24qa-keller-label': ''}
Zweifamilienhaus Stadtvilla in Top Lage Berlin Mitte nahe Bürgerpark Pankow,859.000 €,"Gesundbrunnen, 13359 Berlin
Die vollständige Adresse der Immobilie erhalten Sie vom Anbieter.",9,200 m²,410 m²,4.295 €/m²,nil,230 m²,01.07.2024,6,3,nil,"3,57% inkl. Steuer Courtage fällig vom Käufer","{'is24qa-keller-label': '', 'is24qa-einliegerwohnung-label': ''}"
Märchenviertel - denkmalgeschütztes Einfamilienhaus in begehrter Lage,419.000 €,"Köpenick, 12555 Berlin
Die vollständige Adresse der Immobilie erhalten Sie vom Anbieter.",5,95 m²,203 m²,4.411 €/m²,Reihenmittelhaus,nil,sofort,2,2,nil,Nein,"{'is24qa-gaeste-wc-label': '', 'is24qa-keller-label': '', 'is24qa-provisionsfrei-fuer-kaufende-label': ''}"
"Zinsen werden günstiger! EZB senkt den Leitzins!Jetzt ins Wohnensemble ""arrive""!!unter 615TEUR!!",530.500 €,"Johannisthal, 12487 Berlin
Die vollständige Adresse der Immobilie erhalten Sie vom Anbieter.",4,110 m²,351 m²,4.823 €/m²,Doppelhaushälfte,nil,01.11.2025,3,1,nil,Nein,"{'is24qa-gaeste-wc-label': '', 'is24qa-provisionsfrei-fuer-kaufende-label': ''}"
*TOP* Idyllisches Reihenhaus in Kladow!,545.000 €,"Kladow, 14089 Berlin
Die vollständige Adresse der Immobilie erhalten Sie vom Anbieter.",5,"114,71 m²",1.039 m²,4.751 €/m²,Reihenmittelhaus,"41,25 m²",nil,nil,nil,1 Außenstellplatz,"3,57 % inkl. ges. MwSt.","{'is24qa-gaeste-wc-label': '', 'is24qa-keller-label': ''}"
Modernes Wohnhaus mit Garage,479.000 €,"Märkisches Viertel, 13439 Berlin
Die vollständige Adresse der Immobilie erhalten Sie vom Anbieter.",3,92 m²,354 m²,5.207 €/m²,Einfamilienhaus (freistehend),40 m²,sofort,2,2,1 Garage,"3,57 % inkl. ges. MwSt.",{'is24qa-keller-label': ''}
Charmantes Reihenmittelhaus mit Sauna und großer Terrasse,380.000 €,"Buckow, 12349 Berlin
Die vollständige Adresse der Immobilie erhalten Sie vom Anbieter.",4,94 m²,291 m²,4.043 €/m²,Reihenmittelhaus,nil,nil,1,2,1 Garage,"3,57 % inkl. ges. MwSt.","{'is24qa-gaeste-wc-label': '', 'is24qa-keller-label': ''}"
Einfamilienhaus im Bungalowstil,849.000 €,"Altglienicke, 12524 Berlin
Die vollständige Adresse der Immobilie erhalten Sie vom Anbieter.",9,350 m²,948 m²,2.426 €/m²,Bungalow,nil,01.12.2022,1,2,3 Stellplätze,"2,75 % inkl. ges. MwSt.","{'is24qa-gaeste-wc-label': '', 'is24qa-keller-label': '', 'is24qa-einliegerwohnung-label': ''}"
DHH Sommerwiesenweg,630.000 €,"Sommerwiesenweg 34,
Köpenick, 12557 Berlin",5,"137,47 m²",262 m²,4.583 €/m²,Doppelhaushälfte,nil,nach Absprache,nil,2,1 Außenstellplatz,Nein,"{'is24qa-gaeste-wc-label': '', 'is24qa-provisionsfrei-fuer-kaufende-label': ''}"
"Weißensee: Berliner Allee: ERSTBEZUG im EIGENEN TOWNHOUSE - 2024: 10-Zi, 4 Etagen, TERRASSE + GARTEN",1.849.000 €,"Weißensee, 13088 Berlin
Die vollständige Adresse der Immobilie erhalten Sie vom Anbieter.",10,215 m²,100 m²,8.600 €/m²,Doppelhaushälfte,340 m²,01.04.2024,8,6,nil,"3,57 % des KP inkl. 19 % MwSt.",{'is24qa-keller-label': ''}
TOP GEPFLEGTES HAUS - MIT KELLER & SPITZBODEN - SONNIGE TERRASSE & IDYLLISCHER GARTEN,599.000 €,"Heiterwanger Weg 38_nj,
Lichterfelde, 12209 Berlin",3,108 m²,426 m²,5.546 €/m²,Doppelhaushälfte,106 m²,nil,nil,1,Carport,"3,57% des Kaufpreises inkl. 19% MwSt., zahlbar vom Käufer","{'is24qa-online-besichtigung-moeglich-label': '', 'is24qa-gaeste-wc-label': '', 'is24qa-keller-label': ''}"
IMMOBERLIN.DE - Toplage! Sehr angenehmes Haus mit hübschem Südwestgarten,729.000 €,"Lichterfelde, 12205 Berlin
Die vollständige Adresse der Immobilie erhalten Sie vom Anbieter.",4,97 m²,432 m²,7.515 €/m²,Reihenmittelhaus,83 m²,nil,nil,nil,nil,"3,57 % inklusive der gesetzlichen Mehrwertsteuer","{'is24qa-online-besichtigung-moeglich-label': '', 'is24qa-gaeste-wc-label': ''}"
Ansprechendes Einfamilienhaus in Bohnsdorf,890.000 €,"Bohnsdorf, 12526 Berlin
Die vollständige Adresse der Immobilie erhalten Sie vom Anbieter.",4,146 m²,699 m²,6.096 €/m²,Einfamilienhaus (freistehend),nil,sofort/nach Vereinbarung,3,2,1 Garage,"3,57 % Käuferprovision (3 % zzgl. 19 % MwSt.)",{}
"Helles Massivhaus mit 3 Wohnungen, großer Garten, Garage, Keller, Balkon...",909.000 €,"Rudow, 12355 Berlin
Die vollständige Adresse der Immobilie erhalten Sie vom Anbieter.",9,286 m²,869 m²,3.178 €/m²,Mehrfamilienhaus,415 m²,sofort,nil,nil,1 Garage,"1,65% inklusive gesetzlicher MwSt.","{'is24qa-online-besichtigung-moeglich-label': '', 'is24qa-keller-label': ''}"
IDYLLISCHES GRUNDSTÜCK MIT MEHR BLICK - DIREKT AM NATURSCHUTZGEBIET - MASSIV GEBAUT & MODERN,699.000 €,"Neu-Hohenschönhausen, 13059 Berlin
Die vollständige Adresse der Immobilie erhalten Sie vom Anbieter.",5,"145,28 m²",532 m²,4.811 €/m²,Einfamilienhaus (freistehend),nil,nil,4,2,2 Carports,"3,57% des Kaufpreises inkl. 19% MwSt., zahlbar vom Käufer.",{'is24qa-online-besichtigung-moeglich-label': ''}
Massivbauweise - Doppelhaushälfte in KfW55-Standart,440.000 €,"Mahlsdorf, 12623 Berlin
Die vollständige Adresse der Immobilie erhalten Sie vom Anbieter.",4,"102,16 m²",337 m²,4.307 €/m²,Doppelhaushälfte,"4,15 m²",nil,3,2,1 Außenstellplatz,"3,57%",{'is24qa-gaeste-wc-label': ''}
RUHIG GELEGEN UND DOCH MITTEN IN BERLIN !! ! RUF AN 0179 1149244,656.000 €,"Johannisthal, 12487 Berlin
Die vollständige Adresse der Immobilie erhalten Sie vom Anbieter.",8,219 m²,501 m²,2.995 €/m²,Einfamilienhaus (freistehend),nil,nil,nil,nil,Außenstellplatz,"7,14 %","{'is24qa-gaeste-wc-label': '', 'is24qa-einliegerwohnung-label': ''}"
Luxusvilla! Einzugsfertig! In Berlin oder auch im Grünen! Gerne helfe ich bei der Grundstücksfindung,1.200.000 €,"Karow, 13125 Berlin
Die vollständige Adresse der Immobilie erhalten Sie vom Anbieter.",6,"379,66 m²",1.160 m²,3.161 €/m²,Villa,nil,nil,4,3,nil,nil,"{'is24qa-gaeste-wc-label': '', 'is24qa-einliegerwohnung-label': ''}"
"Haus mit Einliegerwohnung, KfW Effizienzhaus 40 mit Förderdarlehen",848.100 €,"Karow, 13125 Berlin
Die vollständige Adresse der Immobilie erhalten Sie vom Anbieter.",6,199 m²,800 m²,4.262 €/m²,Mehrfamilienhaus,200 m²,2025,4,2,nil,12820,{'is24qa-gaeste-wc-label': ''}
ENDLICH MIETFREI !!! MIT MASSA LOHNT SICH DER AUSSTIEG AUS DER MIETE ! 0179 1149244,590.100 €,"Adlershof, 12489 Berlin
Die vollständige Adresse der Immobilie erhalten Sie vom Anbieter.",4,125 m²,344 m²,4.721 €/m²,Einfamilienhaus (freistehend),nil,nil,nil,nil,nil,Nein,"{'is24qa-gaeste-wc-label': '', 'is24qa-provisionsfrei-fuer-kaufende-label': ''}"
INDIVIDUELL GEPLANTES EINFAMILIENHAUS ! ! RUF AN 0179 1149244,430.000 €,"Köpenick, 12489 Berlin
Die vollständige Adresse der Immobilie erhalten Sie vom Anbieter.",3,99 m²,450 m²,4.343 €/m²,Einfamilienhaus (freistehend),nil,nil,nil,nil,nil,Nein,"{'is24qa-gaeste-wc-label': '', 'is24qa-provisionsfrei-fuer-kaufende-label': ''}"
+++ BAUEN IN BERLIN +++,788.000 €,"Adlershof, 12489 Berlin
Die vollständige Adresse der Immobilie erhalten Sie vom Anbieter.",4,122 m²,490 m²,6.459 €/m²,Einfamilienhaus (freistehend),nil,nil,nil,nil,nil,Nein,"{'is24qa-gaeste-wc-label': '', 'is24qa-provisionsfrei-fuer-kaufende-label': ''}"
ENTWEDER DU KAUFT ES ODER DEIN VERMIETER ! ! RUF AN 0179 1149244,880.000 €,"Köpenick, 12489 Berlin
Die vollständige Adresse der Immobilie erhalten Sie vom Anbieter.",8,222 m²,720 m²,3.964 €/m²,Mehrfamilienhaus,nil,nil,nil,nil,nil,Nein,"{'is24qa-gaeste-wc-label': '', 'is24qa-provisionsfrei-fuer-kaufende-label': ''}"
TRAUMVILLA JETZT MITTEN IN BERLIN ! RUF AN 0179 1149244,760.000 €,"Johannisthal, 12487 Berlin
Die vollständige Adresse der Immobilie erhalten Sie vom Anbieter.",6,207 m²,450 m²,3.671 €/m²,Villa,nil,nil,nil,nil,nil,Nein,"{'is24qa-gaeste-wc-label': '', 'is24qa-einliegerwohnung-label': '', 'is24qa-provisionsfrei-fuer-kaufende-label': ''}"
OMA KANN MIT !! ! RUF AN 0179 1149244,656.000 €,"Johannisthal, 12487 Berlin
Die vollständige Adresse der Immobilie erhalten Sie vom Anbieter.",8,219 m²,501 m²,2.995 €/m²,Mehrfamilienhaus,nil,nil,nil,nil,Außenstellplatz,Nein,"{'is24qa-gaeste-wc-label': '', 'is24qa-einliegerwohnung-label': '', 'is24qa-provisionsfrei-fuer-kaufende-label': ''}"
ENDLICH MIETFREI !!! MIT MASSA LOHNT SICH DER AUSSTIEG AUS DER MIETE ! 0179 1149244,529.000 €,"Adlershof, 12489 Berlin
Die vollständige Adresse der Immobilie erhalten Sie vom Anbieter.",4,133 m²,478 m²,3.977 €/m²,Doppelhaushälfte,nil,nil,nil,nil,nil,Nein,"{'is24qa-gaeste-wc-label': '', 'is24qa-provisionsfrei-fuer-kaufende-label': ''}"
ENDLICH MIETFREI !!! MIT MASSA LOHNT SICH DER AUSSTIEG AUS DER MIETE ! 0179 1149244,549.000 €,"Adlershof, 12489 Berlin
Die vollständige Adresse der Immobilie erhalten Sie vom Anbieter.",4,133 m²,478 m²,4.128 €/m²,Einfamilienhaus (freistehend),nil,nil,nil,nil,nil,Nein,"{'is24qa-gaeste-wc-label': '', 'is24qa-provisionsfrei-fuer-kaufende-label': ''}"
TOLLE HAUSHÄLFTE IN ANGENEHMER UMGEBUNG ! 0179 1149244,535.000 €,"Adlershof, 12489 Berlin
Die vollständige Adresse der Immobilie erhalten Sie vom Anbieter.",4,110 m²,320 m²,4.864 €/m²,Doppelhaushälfte,nil,30.12.2024,4,2,nil,Nein,"{'is24qa-gaeste-wc-label': '', 'is24qa-als-ferienhaus-geeignet-label': '', 'is24qa-provisionsfrei-fuer-kaufende-label': ''}"
MIT MASSA LOHNT SICH DER AUSSTIEG AUS DER MIETE ! 0179 1149244,555.000 €,"Adlershof, 12489 Berlin
Die vollständige Adresse der Immobilie erhalten Sie vom Anbieter.",4,107 m²,355 m²,5.187 €/m²,nil,nil,30.12.2024,4,2,nil,Nein,"{'is24qa-gaeste-wc-label': '', 'is24qa-als-ferienhaus-geeignet-label': '', 'is24qa-provisionsfrei-fuer-kaufende-label': ''}"
BARRIEREFREI JETZT MITTEN IN BERLIN ! RUF AN 0179 1149244,760.000 €,"Johannisthal, 12487 Berlin
Die vollständige Adresse der Immobilie erhalten Sie vom Anbieter.",4,140 m²,450 m²,5.429 €/m²,Bungalow,nil,nil,nil,nil,Außenstellplatz,Nein,"{'is24qa-gaeste-wc-label': '', 'is24qa-provisionsfrei-fuer-kaufende-label': ''}"
INDIVIDUELLE DOPPELHAUSHÄLFTE ! ! RUF AN 0179 1149244,590.000 €,"Köpenick, 12489 Berlin
Die vollständige Adresse der Immobilie erhalten Sie vom Anbieter.",5,145 m²,351 m²,4.069 €/m²,Doppelhaushälfte,nil,nil,nil,nil,nil,Nein,"{'is24qa-gaeste-wc-label': '', 'is24qa-provisionsfrei-fuer-kaufende-label': ''}"
EIN­FA­MI­LI­EN­HAUS MIT MODERNEM DE­SI­GNAN­SPRUCH,3.166.900 €,"Nikolassee, 14129 Berlin
Die vollständige Adresse der Immobilie erhalten Sie vom Anbieter.",4,172 m²,1.450 m²,18.412 €/m²,Einfamilienhaus (freistehend),172 m²,nil,3,2,nil,nil,{'is24qa-gaeste-wc-label': ''}
BAUHAUS-ARCHITEKTUR MEETS WOHNKOMFORT,3.263.900 €,"Nikolassee, 14129 Berlin
Die vollständige Adresse der Immobilie erhalten Sie vom Anbieter.",5,182 m²,1.450 m²,17.934 €/m²,Einfamilienhaus (freistehend),182 m²,nil,4,2,nil,nil,{'is24qa-gaeste-wc-label': ''}
EIN HAUS MIT VIELEN TOLLEN PLÄTZEN,3.089.900 €,"Nikolassee, 14129 Berlin
Die vollständige Adresse der Immobilie erhalten Sie vom Anbieter.",4,154 m²,1.450 m²,20.064 €/m²,Einfamilienhaus (freistehend),154 m²,nil,3,2,nil,nil,{'is24qa-gaeste-wc-label': ''}
BAUEN MIT WEITSICHT!,3.312.900 €,"Nikolassee, 14129 Berlin
Die vollständige Adresse der Immobilie erhalten Sie vom Anbieter.",5,235 m²,1.450 m²,14.097 €/m²,Einfamilienhaus (freistehend),235 m²,nil,4,2,nil,nil,{'is24qa-gaeste-wc-label': ''}
BAUHAUS-STIL TRIFFT MODERNE,3.053.900 €,"Lichterfelde, 12205 Berlin
Die vollständige Adresse der Immobilie erhalten Sie vom Anbieter.",4,178 m²,1.350 m²,17.157 €/m²,Einfamilienhaus (freistehend),178 m²,nil,3,3,nil,nil,{'is24qa-gaeste-wc-label': ''}
"EIN HAUS, DAS KEINE WÜNSCHE OFFEN LÄSST",3.377.900 €,"Lichterfelde, 12205 Berlin
Die vollständige Adresse der Immobilie erhalten Sie vom Anbieter.",6,379 m²,1.350 m²,8.913 €/m²,Einfamilienhaus (freistehend),379 m²,nil,5,3,nil,nil,{'is24qa-gaeste-wc-label': ''}
EIN­FA­MI­LI­EN­HAUS MIT ANBAU - FÜR DAS GEWISSE EXTRA,2.958.900 €,"Lichterfelde, 12205 Berlin
Die vollständige Adresse der Immobilie erhalten Sie vom Anbieter.",4,148 m²,1.350 m²,19.993 €/m²,Einfamilienhaus (freistehend),148 m²,nil,3,2,nil,nil,{'is24qa-gaeste-wc-label': ''}
DAS DOPPELHAUS MIT OPTIMIERTEM GRUNDRISS,2.896.900 €,"Lichterfelde, 12205 Berlin
Die vollständige Adresse der Immobilie erhalten Sie vom Anbieter.",4,122 m²,1.350 m²,23.745 €/m²,Einfamilienhaus (freistehend),122 m²,nil,3,2,nil,nil,{'is24qa-gaeste-wc-label': ''}
Raus aus der Miete-Rein ins Eigentum,2.030.900 €,"Dahlem, 14169 Berlin
Die vollständige Adresse der Immobilie erhalten Sie vom Anbieter.",4,188 m²,890 m²,10.803 €/m²,Einfamilienhaus (freistehend),188 m²,nil,3,2,nil,nil,{'is24qa-gaeste-wc-label': ''}
"EIN HAUS, EIN RAUMWUNDER, EIN LIEBLINGSORT",1.983.900 €,"Dahlem, 14169 Berlin
Die vollständige Adresse der Immobilie erhalten Sie vom Anbieter.",5,186 m²,890 m²,10.666 €/m²,Einfamilienhaus (freistehend),186 m²,nil,4,3,nil,nil,{'is24qa-gaeste-wc-label': ''}
Den Sommer im eigenen Garten Nutzen? Na Klar!,1.912.900 €,"Dahlem, 14169 Berlin
Die vollständige Adresse der Immobilie erhalten Sie vom Anbieter.",4,145 m²,890 m²,13.192 €/m²,Einfamilienhaus (freistehend),145 m²,nil,3,2,nil,nil,{'is24qa-gaeste-wc-label': ''}
Aufgepasst...Lieber Kaufen statt teuer Mieten,2.010.900 €,"Zehlendorf, 14169 Berlin
Die vollständige Adresse der Immobilie erhalten Sie vom Anbieter.",6,183 m²,890 m²,10.989 €/m²,Einfamilienhaus (freistehend),183 m²,nil,5,2,nil,nil,{'is24qa-gaeste-wc-label': ''}
Mieten oder Genießen??? Das ist hier die Frage ???,1.310.900 €,"Zehlendorf, 14167 Berlin
Die vollständige Adresse der Immobilie erhalten Sie vom Anbieter.",4,172 m²,690 m²,7.622 €/m²,Einfamilienhaus (freistehend),172 m²,nil,3,2,nil,nil,{'is24qa-gaeste-wc-label': ''}
Den Sommer im eigenen Garten Nutzen? Na Klar!,1.232.900 €,"Zehlendorf, 14167 Berlin
Die vollständige Adresse der Immobilie erhalten Sie vom Anbieter.",4,145 m²,690 m²,8.503 €/m²,Einfamilienhaus (freistehend),145 m²,nil,3,2,nil,nil,{'is24qa-gaeste-wc-label': ''}
Den Sommer im eigenen Garten Nutzen? Na Klar!,1.425.900 €,"Zehlendorf, 14167 Berlin
Die vollständige Adresse der Immobilie erhalten Sie vom Anbieter.",8,250 m²,690 m²,5.704 €/m²,Einfamilienhaus (freistehend),250 m²,nil,6,3,nil,nil,{'is24qa-gaeste-wc-label': ''}
Noch Mieter??? Dein Ernst?!,1.393.900 €,"Zehlendorf, 14167 Berlin
Die vollständige Adresse der Immobilie erhalten Sie vom Anbieter.",5,183 m²,690 m²,7.617 €/m²,Einfamilienhaus (freistehend),183 m²,nil,4,2,nil,nil,{'is24qa-gaeste-wc-label': ''}
Aufgepasst...Lieber Kaufen statt teuer Mieten,1.330.900 €,"Zehlendorf, 14167 Berlin
Die vollständige Adresse der Immobilie erhalten Sie vom Anbieter.",6,183 m²,690 m²,7.273 €/m²,Einfamilienhaus (freistehend),183 m²,nil,5,2,nil,nil,{'is24qa-gaeste-wc-label': ''}
Aufgepasst...Lieber Kaufen statt teuer Mieten,1.205.900 €,"Zehlendorf, 14167 Berlin
Die vollständige Adresse der Immobilie erhalten Sie vom Anbieter.",3,137 m²,690 m²,8.802 €/m²,Einfamilienhaus (freistehend),137 m²,nil,2,2,nil,nil,{'is24qa-gaeste-wc-label': ''}
KOMPAKTES HAUS - DURCHDACHT BIS IN DEN LETZTEN WINKEL,988.900 €,"Steglitz, 12247 Berlin
Die vollständige Adresse der Immobilie erhalten Sie vom Anbieter.",4,106 m²,500 m²,9.329 €/m²,Einfamilienhaus (freistehend),106 m²,nil,3,2,nil,nil,{'is24qa-gaeste-wc-label': ''}
DER IDEALE BUNGALOW FÜR SINGLES ODER PAARE,1.182.900 €,"Lichterfelde, 14167 Berlin
Die vollständige Adresse der Immobilie erhalten Sie vom Anbieter.",2,73 m²,750 m²,16.204 €/m²,Einfamilienhaus (freistehend),73 m²,nil,1,1,nil,nil,{'is24qa-gaeste-wc-label': ''}
BUNGALOW MIT PULTDACH - DAS BESONDERE HAUS,1.297.900 €,"Lichterfelde, 14167 Berlin
Die vollständige Adresse der Immobilie erhalten Sie vom Anbieter.",3,12 m²,750 m²,108.158 €/m²,Einfamilienhaus (freistehend),161 m²,nil,2,2,nil,nil,{'is24qa-gaeste-wc-label': ''}
MAXIMALER WOHNKOMFORT AUF EINER EBENE,1.448.900 €,"Lichterfelde, 14167 Berlin
Die vollständige Adresse der Immobilie erhalten Sie vom Anbieter.",5,161 m²,750 m²,8.999 €/m²,Einfamilienhaus (freistehend),161 m²,nil,4,2,nil,nil,{'is24qa-gaeste-wc-label': ''}
MODERNER BUNGALOW ZUR FREIEN ENTFALTUNG,1.402.900 €,"Lichterfelde, 14167 Berlin
Die vollständige Adresse der Immobilie erhalten Sie vom Anbieter.",5,149 m²,750 m²,9.415 €/m²,Einfamilienhaus (freistehend),149 m²,nil,4,2,nil,nil,{'is24qa-gaeste-wc-label': ''}
MODERNER BUNGALOW ZUR FREIEN ENTFALTUNG,1.402.900 €,"Lichterfelde, 14167 Berlin
Die vollständige Adresse der Immobilie erhalten Sie vom Anbieter.",5,149 m²,750 m²,9.415 €/m²,Einfamilienhaus (freistehend),149 m²,nil,4,2,nil,nil,{'is24qa-gaeste-wc-label': ''}
KLASSISCHER BUNGALOW - NEU INTERPRETIERT,1.296.900 €,"Lichterfelde, 14167 Berlin
Die vollständige Adresse der Immobilie erhalten Sie vom Anbieter.",3,106 m²,750 m²,12.235 €/m²,Einfamilienhaus (freistehend),106 m²,nil,2,2,nil,nil,{'is24qa-gaeste-wc-label': ''}
DER BUNGALOW FÜR GROSSE TRÄUME,1.412.900 €,"Lichterfelde, 14167 Berlin
Die vollständige Adresse der Immobilie erhalten Sie vom Anbieter.",4,118 m²,750 m²,11.974 €/m²,Einfamilienhaus (freistehend),118 m²,nil,3,3,nil,nil,{'is24qa-gaeste-wc-label': ''}
DAS EIN­FA­MI­LI­EN­HAUS FÜR IN­DI­VI­DUA­LIS­TEN,1.074.900 €,"Steglitz, 12247 Berlin
Die vollständige Adresse der Immobilie erhalten Sie vom Anbieter.",5,152 m²,500 m²,7.072 €/m²,Einfamilienhaus (freistehend),158 m²,nil,4,2,nil,nil,{'is24qa-gaeste-wc-label': ''}
RE­PRÄ­SEN­TA­TI­VES EIN­FA­MI­LI­EN­HAUS DER BESONDEREN ART,1.560.900 €,"Zehlendorf, 12205 Berlin
Die vollständige Adresse der Immobilie erhalten Sie vom Anbieter.",5,221 m²,645 m²,7.063 €/m²,Einfamilienhaus (freistehend),221 m²,nil,4,3,nil,nil,{'is24qa-gaeste-wc-label': ''}
EIN HAUS IM KLASSISCH-MEDITERRANEN BAUSTIL,1.564.900 €,"Zehlendorf, 12205 Berlin
Die vollständige Adresse der Immobilie erhalten Sie vom Anbieter.",5,222 m²,645 m²,7.049 €/m²,Einfamilienhaus (freistehend),222 m²,nil,4,2,nil,nil,{'is24qa-gaeste-wc-label': ''}
DAS DESIGNHAUS FÜR LEBENSFREUDE,1.525.900 €,"Zehlendorf, 12205 Berlin
Die vollständige Adresse der Immobilie erhalten Sie vom Anbieter.",4,188 m²,645 m²,8.116 €/m²,Einfamilienhaus (freistehend),188 m²,nil,3,2,nil,nil,{'is24qa-gaeste-wc-label': ''}
EIN­FA­MI­LI­EN­HAUS MIT ANBAU - FÜR DAS GEWISSE EXTRA,1.463.900 €,"Zehlendorf, 12205 Berlin
Die vollständige Adresse der Immobilie erhalten Sie vom Anbieter.",4,148 m²,645 m²,9.891 €/m²,Einfamilienhaus (freistehend),148 m²,nil,3,2,nil,nil,{'is24qa-gaeste-wc-label': ''}
"EIN HAUS, DAS MIT GROSSEM PLATZANGEBOT ÜBERZEUGT",1.140.900 €,"Steglitz, 12247 Berlin
Die vollständige Adresse der Immobilie erhalten Sie vom Anbieter.",5,187 m²,500 m²,6.101 €/m²,Einfamilienhaus (freistehend),187 m²,nil,4,3,nil,nil,{'is24qa-gaeste-wc-label': ''}
KOMPAKTES EIN­FA­MI­LI­EN­HAUS MIT RÜCK­ZUGS­MÖG­LICH­KEI­TEN,1.063.900 €,"Steglitz, 12247 Berlin
Die vollständige Adresse der Immobilie erhalten Sie vom Anbieter.",5,154 m²,500 m²,6.908 €/m²,Einfamilienhaus (freistehend),154 m²,nil,4,2,nil,nil,{'is24qa-gaeste-wc-label': ''}
DAS KLASSISCHE EIN­FA­MI­LI­EN­HAUS MIT OFFENER BAUWEISE,1.064.900 €,"Steglitz, 12247 Berlin
Die vollständige Adresse der Immobilie erhalten Sie vom Anbieter.",5,154 m²,500 m²,6.915 €/m²,Einfamilienhaus (freistehend),154 m²,nil,4,2,nil,nil,{'is24qa-gaeste-wc-label': ''}
DESIGNHAUS ZUM WOHLFÜHLEN,1.079.900 €,"Steglitz, 12247 Berlin
Die vollständige Adresse der Immobilie erhalten Sie vom Anbieter.",5,158 m²,500 m²,6.835 €/m²,Einfamilienhaus (freistehend),158 m²,nil,4,2,nil,nil,{'is24qa-gaeste-wc-label': ''}
DAS DESIGNHAUS MIT RÜCK- UND VORSPRUNG,1.170.900 €,"Steglitz, 12247 Berlin
Die vollständige Adresse der Immobilie erhalten Sie vom Anbieter.",6,183 m²,500 m²,6.398 €/m²,Einfamilienhaus (freistehend),183 m²,nil,5,2,nil,nil,{'is24qa-gaeste-wc-label': ''}
KLASSISCHER GRUNDRISS - GROSSZÜGIGES HAUS,1.063.900 €,"Steglitz, 12247 Berlin
Die vollständige Adresse der Immobilie erhalten Sie vom Anbieter.",5,161 m²,500 m²,6.608 €/m²,Einfamilienhaus (freistehend),161 m²,nil,4,2,nil,nil,{'is24qa-gaeste-wc-label': ''}
GROSSES HAUS AUF KLEINER FLÄCHE,1.031.900 €,"Steglitz, 12247 Berlin
Die vollständige Adresse der Immobilie erhalten Sie vom Anbieter.",4,135 m²,500 m²,7.644 €/m²,Einfamilienhaus (freistehend),135 m²,nil,3,2,nil,nil,{'is24qa-gaeste-wc-label': ''}
"KLEIN, ABER OHO: UNSER DURCHDACHTES DESIGNHAUS",989.900 €,"Steglitz, 12247 Berlin
Die vollständige Adresse der Immobilie erhalten Sie vom Anbieter.",4,106 m²,500 m²,9.339 €/m²,Einfamilienhaus (freistehend),106 m²,nil,3,2,nil,nil,{'is24qa-gaeste-wc-label': ''}
"KLEIN, ABER OHO: UNSER DURCHDACHTES DESIGNHAUS",989.900 €,"Steglitz, 12247 Berlin
Die vollständige Adresse der Immobilie erhalten Sie vom Anbieter.",4,106 m²,500 m²,9.339 €/m²,Einfamilienhaus (freistehend),106 m²,nil,3,2,nil,nil,{'is24qa-gaeste-wc-label': ''}
"EIN DESIGNHAUS, SO VIELSEITIG WIE DU SELBST",1.030.900 €,"Steglitz, 12247 Berlin
Die vollständige Adresse der Immobilie erhalten Sie vom Anbieter.",4,132 m²,500 m²,7.810 €/m²,Einfamilienhaus (freistehend),132 m²,nil,3,2,nil,nil,{'is24qa-gaeste-wc-label': ''}
KOMPAKTES HAUS - DURCHDACHT BIS IN DEN LETZTEN WINKEL,988.900 €,"Steglitz, 12247 Berlin
Die vollständige Adresse der Immobilie erhalten Sie vom Anbieter.",4,106 m²,500 m²,9.329 €/m²,Einfamilienhaus (freistehend),106 m²,nil,3,2,nil,nil,{'is24qa-gaeste-wc-label': ''}
SO VIEL RAUM IN EINEM HAUS,1.113.900 €,"Steglitz, 12247 Berlin
Die vollständige Adresse der Immobilie erhalten Sie vom Anbieter.",5,185 m²,500 m²,6.021 €/m²,Einfamilienhaus (freistehend),185 m²,nil,4,3,nil,nil,{'is24qa-gaeste-wc-label': ''}
EIN ZUHAUSE MIT GRENZENLOSEN MÖGLICHKEITEN,11.073.900 €,"Steglitz, 12247 Berlin
Die vollständige Adresse der Immobilie erhalten Sie vom Anbieter.",5,161 m²,500 m²,68.782 €/m²,Einfamilienhaus (freistehend),161 m²,nil,4,2,nil,nil,{'is24qa-gaeste-wc-label': ''}
GUT DURCHDACHTES DESIGNHAUS,1.056.900 €,"Steglitz, 12247 Berlin
Die vollständige Adresse der Immobilie erhalten Sie vom Anbieter.",4,136 m²,500 m²,7.771 €/m²,Einfamilienhaus (freistehend),136 m²,nil,2,2,nil,nil,{'is24qa-gaeste-wc-label': ''}
DAS DOPPELHAUS IN XXL,1.318.900 €,"Zehlendorf, 14167 Berlin
Die vollständige Adresse der Immobilie erhalten Sie vom Anbieter.",4,193 m²,700 m²,6.834 €/m²,Einfamilienhaus (freistehend),193 m²,nil,3,3,nil,nil,{'is24qa-gaeste-wc-label': ''}
DOPPELHAUS MIT BESONDERER AUSSTRAHLUNG,1.246.900 €,"Zehlendorf, 14167 Berlin
Die vollständige Adresse der Immobilie erhalten Sie vom Anbieter.",4,143 m²,700 m²,8.720 €/m²,Einfamilienhaus (freistehend),143 m²,nil,3,2,nil,nil,{'is24qa-gaeste-wc-label': ''}
DOPPELHAUS MIT WOHNRESERVEN,1.229.900 €,"Zehlendorf, 14167 Berlin
Die vollständige Adresse der Immobilie erhalten Sie vom Anbieter.",4,141 m²,700 m²,8.723 €/m²,Einfamilienhaus (freistehend),141 m²,nil,3,2,nil,nil,{'is24qa-gaeste-wc-label': ''}
KLASSISCHES DOPPELHAUS - ZEITLOS SCHÖN,1.224.900 €,"Zehlendorf, 14167 Berlin
Die vollständige Adresse der Immobilie erhalten Sie vom Anbieter.",4,143 m²,700 m²,8.566 €/m²,Einfamilienhaus (freistehend),143 m²,nil,3,2,nil,nil,{'is24qa-gaeste-wc-label': ''}
EIN AUGENSCHMAUS AUS 2 DOP­PEL­HÄU­SERN,1.281.900 €,"Zehlendorf, 14167 Berlin
Die vollständige Adresse der Immobilie erhalten Sie vom Anbieter.",4,162 m²,700 m²,7.913 €/m²,Einfamilienhaus (freistehend),162 m²,nil,3,2,nil,nil,{'is24qa-gaeste-wc-label': ''}
DOPPELHAUS MIT ALLEM DRUM UND DRAN,1.238.900 €,"Zehlendorf, 14167 Berlin
Die vollständige Adresse der Immobilie erhalten Sie vom Anbieter.",3,107 m²,700 m²,11.579 €/m²,Einfamilienhaus (freistehend),107 m²,nil,2,2,nil,nil,{'is24qa-gaeste-wc-label': ''}
DAS DOPPELHAUS MIT OPTIMIERTEM GRUNDRISS,1.256.900 €,"Zehlendorf, 14167 Berlin
Die vollständige Adresse der Immobilie erhalten Sie vom Anbieter.",4,122 m²,700 m²,10.302 €/m²,Einfamilienhaus (freistehend),122 m²,nil,3,2,nil,nil,{'is24qa-gaeste-wc-label': ''}
GROSSZÜGIG WOHNEN IM DOPPELHAUS 5,1.255.900 €,"Zehlendorf, 14167 Berlin
Die vollständige Adresse der Immobilie erhalten Sie vom Anbieter.",4,156 m²,700 m²,8.051 €/m²,Einfamilienhaus (freistehend),156 m²,nil,3,2,nil,nil,{'is24qa-gaeste-wc-label': ''}
DAS GROSSE DOPPELHAUS FÜR SCHMALE GRUNDSTÜCK,1.324.900 €,"Zehlendorf, 14167 Berlin
Die vollständige Adresse der Immobilie erhalten Sie vom Anbieter.",4,189 m²,700 m²,7.010 €/m²,Einfamilienhaus (freistehend),189 m²,nil,3,3,nil,nil,{'is24qa-gaeste-wc-label': ''}
EIN­FA­MI­LI­EN­HAUS MIT VERSETZTEM PULTDACH,911.900 €,"Lankwitz, 12247 Berlin
Die vollständige Adresse der Immobilie erhalten Sie vom Anbieter.",5,162 m²,580 m²,5.629 €/m²,Einfamilienhaus (freistehend),162 m²,nil,4,2,nil,nil,{'is24qa-gaeste-wc-label': ''}
"EIN HAUS, EIN RAUMWUNDER, EIN LIEBLINGSORT",982.900 €,"Lankwitz, 12247 Berlin
Die vollständige Adresse der Immobilie erhalten Sie vom Anbieter.",5,186 m²,580 m²,5.284 €/m²,Einfamilienhaus (freistehend),186 m²,nil,4,3,nil,nil,{'is24qa-gaeste-wc-label': ''}
EIN­FA­MI­LI­EN­HAUS MIT INTEGRIERTEM CARPORT,1.143.900 €,"Lankwitz, 12247 Berlin
Die vollständige Adresse der Immobilie erhalten Sie vom Anbieter.",5,256 m²,580 m²,4.468 €/m²,Einfamilienhaus (freistehend),256 m²,nil,4,2,nil,nil,{'is24qa-gaeste-wc-label': ''}
EIN HAUS IN VOLLENDETER PERFEKTION,965.900 €,"Lankwitz, 12247 Berlin
Die vollständige Adresse der Immobilie erhalten Sie vom Anbieter.",5,181 m²,580 m²,5.336 €/m²,Einfamilienhaus (freistehend),181 m²,nil,4,2,nil,nil,{'is24qa-gaeste-wc-label': ''}
EIN­FA­MI­LI­EN­HAUS MIT VERSETZTEM PULTDACH,1.570.900 €,"Wannsee, 14109 Berlin
Die vollständige Adresse der Immobilie erhalten Sie vom Anbieter.",5,162 m²,1.140 m²,9.697 €/m²,Einfamilienhaus (freistehend),162 m²,nil,4,2,nil,nil,{'is24qa-gaeste-wc-label': ''}
BAUHAUS-ARCHITEKTUR MEETS WOHNKOMFORT,1.731.900 €,"Wannsee, 14109 Berlin
Die vollständige Adresse der Immobilie erhalten Sie vom Anbieter.",5,183 m²,1.140 m²,9.464 €/m²,Einfamilienhaus (freistehend),183 m²,nil,4,2,nil,nil,{'is24qa-gaeste-wc-label': ''}
ELEGANT & RAFFINIERT - EIN STADTHAUS MIT PULTDACH,1.596.900 €,"Wannsee, 14109 Berlin
Die vollständige Adresse der Immobilie erhalten Sie vom Anbieter.",6,256 m²,1.850 m²,6.238 €/m²,Einfamilienhaus (freistehend),256 m²,nil,4,3,nil,nil,{'is24qa-gaeste-wc-label': ''}
"EIN MUSTERHAUS, DAS ZUM ENTDECKEN EINLÄDT",1.593.900 €,"Wannsee, 14109 Berlin
Die vollständige Adresse der Immobilie erhalten Sie vom Anbieter.",5,212 m²,1.850 m²,7.518 €/m²,Einfamilienhaus (freistehend),212 m²,nil,4,2,nil,nil,{'is24qa-gaeste-wc-label': ''}
BAUHAUS-ARCHITEKTUR MEETS WOHNKOMFORT,1.471.900 €,"Wannsee, 14109 Berlin
Die vollständige Adresse der Immobilie erhalten Sie vom Anbieter.",4,147 m²,1.850 m²,10.013 €/m²,Einfamilienhaus (freistehend),147 m²,nil,3,2,nil,nil,{'is24qa-gaeste-wc-label': ''}
DAS DESIGNHAUS MIT RÜCK- UND VORSPRUNG,1.519.900 €,"Wannsee, 14109 Berlin
Die vollständige Adresse der Immobilie erhalten Sie vom Anbieter.",6,183 m²,1.850 m²,8.305 €/m²,Einfamilienhaus (freistehend),183 m²,nil,5,2,nil,nil,{'is24qa-gaeste-wc-label': ''}
Luxusvilla! Einzugsfertig! In Berlin oder auch im Grünen! Gerne helfe ich bei der Grundstücksfindung,999.000 €,"Karow, 13125 Berlin
Die vollständige Adresse der Immobilie erhalten Sie vom Anbieter.",6,"301,2 m²",1.055 m²,3.317 €/m²,Villa,nil,nil,4,3,nil,nil,"{'is24qa-gaeste-wc-label': '', 'is24qa-einliegerwohnung-label': ''}"
Sie sind mehrere Parteien oder eine große Familie? Entfliehen Sie jetzt den steigenden Mieten und so,799.000 €,"Karow, 13125 Berlin
Die vollständige Adresse der Immobilie erhalten Sie vom Anbieter.",8,"238,62 m²",1.155 m²,3.348 €/m²,Mehrfamilienhaus,nil,nil,6,2,nil,nil,"{'is24qa-gaeste-wc-label': '', 'is24qa-einliegerwohnung-label': ''}"
18000 EUR Förderung von OKAL und ein schönen Bonus für Ihr Haus. Jetzt sichern!,599.000 €,"Schmöckwitz, 12527 Berlin
Die vollständige Adresse der Immobilie erhalten Sie vom Anbieter.",4,"135,32 m²",496 m²,4.427 €/m²,Einfamilienhaus (freistehend),nil,nil,3,1,nil,nil,{'is24qa-gaeste-wc-label': ''}
18000 EUR Förderung von OKAL und ein schönen Bonus für Ihr Haus. Jetzt sichern!,999.000 €,"Karow, 13125 Berlin
Die vollständige Adresse der Immobilie erhalten Sie vom Anbieter.",6,"257,4 m²",1.000 m²,3.881 €/m²,Einfamilienhaus (freistehend),nil,nil,4,3,nil,nil,{'is24qa-gaeste-wc-label': ''}
Förderung sichern! Bauen! Beraten lassen! Neue Überraschungen erleben! Und doch ins bauen kommen! OK,1.200.000 €,"Karow, 13125 Berlin
Die vollständige Adresse der Immobilie erhalten Sie vom Anbieter.",6,"257,11 m²",1.000 m²,4.667 €/m²,Einfamilienhaus (freistehend),nil,2023,4,2,1 Garage,Nein,"{'is24qa-gaeste-wc-label': '', 'is24qa-provisionsfrei-fuer-kaufende-label': ''}"
"Stadtvilla, KfW Effizienzhaus 40 mit Förderdarlehen",747.210 €,"Karow, 13125 Berlin
Die vollständige Adresse der Immobilie erhalten Sie vom Anbieter.",5,165 m²,800 m²,4.529 €/m²,nil,170 m²,2025,3,1,nil,12820,{'is24qa-gaeste-wc-label': ''}
Ihr Traumhaus in perfekter Lage in Lichtenrade !,598.500 €,"Lichtenrade, 12307 Berlin
Die vollständige Adresse der Immobilie erhalten Sie vom Anbieter.",5,140 m²,500 m²,4.275 €/m²,Einfamilienhaus (freistehend),140 m²,2025,4,1,nil,11.781 € inkl. 19% MwSt.,{'is24qa-gaeste-wc-label': ''}
Doppelhausbauprojekt individuell geplant nähe Waidmannslust,548.990 €,"Lübars, 13469 Berlin
Die vollständige Adresse der Immobilie erhalten Sie vom Anbieter.",4,120 m²,384 m²,4.575 €/m²,Doppelhaushälfte,165 m²,nil,3,2,2 Stellplätze,3 % zzgl. der gesetzlicher MwSt.,{}
Stadtvilla mit variablem Grundriss inkl. Grundstück,465.650 €,"Wartenberg, 13059 Berlin
Die vollständige Adresse der Immobilie erhalten Sie vom Anbieter.",4,113 m²,348 m²,4.121 €/m²,Einfamilienhaus (freistehend),113 m²,nil,3,1,nil,"7,14% inkl. MwSt.",{'is24qa-gaeste-wc-label': ''}
Stadtvilla mit variablem Grundriss inkl. Grundstück,493.150 €,"Wartenberg, 13059 Berlin
Die vollständige Adresse der Immobilie erhalten Sie vom Anbieter.",4,139 m²,348 m²,3.548 €/m²,Einfamilienhaus (freistehend),139 m²,nil,3,1,nil,"7,14% inkl. MwSt.",{'is24qa-gaeste-wc-label': ''}
Stadthaus mit variablem Grundriss inkl. Grundstück,465.650 €,"Wartenberg, 13059 Berlin
Die vollständige Adresse der Immobilie erhalten Sie vom Anbieter.",4,111 m²,348 m²,4.195 €/m²,Einfamilienhaus (freistehend),111 m²,nil,3,1,nil,"7,14% inkl. MwSt.",{'is24qa-gaeste-wc-label': ''}
Stadtvilla mit variablem Grundriss inkl. Grundstück,523.150 €,"Wartenberg, 13059 Berlin
Die vollständige Adresse der Immobilie erhalten Sie vom Anbieter.",5,154 m²,348 m²,3.397 €/m²,Einfamilienhaus (freistehend),154 m²,nil,4,1,nil,"7,14% inkl. MwSt.",{'is24qa-gaeste-wc-label': ''}
Bungalow mit variablem Grundriss inkl. Grundstück,425.650 €,"Wartenberg, 13059 Berlin
Die vollständige Adresse der Immobilie erhalten Sie vom Anbieter.",3,91 m²,348 m²,4.677 €/m²,Bungalow,91 m²,nil,2,1,nil,"7,14% inkl. MwSt.",{}
Stadthaus mit variablem Grundriss inkl. Grundstück,523.150 €,"Wartenberg, 13059 Berlin
Die vollständige Adresse der Immobilie erhalten Sie vom Anbieter.",5,154 m²,348 m²,3.397 €/m²,Einfamilienhaus (freistehend),154 m²,nil,4,1,nil,"7,14% inkl. MwSt.",{'is24qa-gaeste-wc-label': ''}
Bungalow mit variablem Grundriss inkl. Grundstück,395.650 €,"Wartenberg, 13059 Berlin
Die vollständige Adresse der Immobilie erhalten Sie vom Anbieter.",3,69 m²,348 m²,5.734 €/m²,Bungalow,69 m²,nil,2,1,nil,"7,14% inkl. MwSt.",{}
Bungalow mit variablem Grundriss inkl. Grundstück,455.650 €,"Wartenberg, 13059 Berlin
Die vollständige Adresse der Immobilie erhalten Sie vom Anbieter.",4,116 m²,348 m²,3.928 €/m²,Bungalow,nil,nil,3,1,nil,"7,14% inkl. MwSt.",{'is24qa-gaeste-wc-label': ''}
Berlin - stadtnah,798.000 €,"Biesdorf, 12683 Berlin
Die vollständige Adresse der Immobilie erhalten Sie vom Anbieter.",5,195 m²,457 m²,4.092 €/m²,Einfamilienhaus (freistehend),165 m²,nach Absprache,5,2,2 Garagen,Nein,"{'is24qa-gaeste-wc-label': '', 'is24qa-provisionsfrei-fuer-kaufende-label': ''}"
Berlin - Zukunftsorientiertes Wohnen in bester Lage,1.398.000 €,"Staaken, 13591 Berlin
Die vollständige Adresse der Immobilie erhalten Sie vom Anbieter.",5,240 m²,850 m²,5.825 €/m²,Einfamilienhaus (freistehend),250 m²,nach Absprache,5,3,2 Carports,Nein,"{'is24qa-gaeste-wc-label': '', 'is24qa-provisionsfrei-fuer-kaufende-label': ''}"
Traumhaftes EFH zum traumhaften Preis inkl. Grundstück,599.999 €,"Mahlsdorf, 12623 Berlin
Die vollständige Adresse der Immobilie erhalten Sie vom Anbieter.",5,155 m²,600 m²,3.871 €/m²,Einfamilienhaus (freistehend),160 m²,2023,3,2,1 Garage,Nein,"{'is24qa-gaeste-wc-label': '', 'is24qa-provisionsfrei-fuer-kaufende-label': ''}"
