title,price,address,rooms,living_space,property_area,price_per_m2,type,usable_area,available_from,bedrooms,bathrooms,garage_parking,buyer_commission,criteriagroup_boolean_listing
NEUBAU Doppelhaushälfte mit zauberhaftem Garten in ruhiger Lage von Farmsen-Berne,781.500 €,"Farmsen-Berne, 22159 Hamburg
Die vollständige Adresse der Immobilie erhalten Sie vom Anbieter.",5,130 m²,670 m²,6.012 €/m²,Einfamilienhaus (freistehend),nil,nil,4,2,Carport,"11.200,- Euro einmalige Fixprovision an Makler",{'is24qa-gaeste-wc-label': ''}
Attraktives Zweifamilienhaus in familienfreundlicher Lage!,935.000 €,"Tonndorf, 22047 Hamburg
Die vollständige Adresse der Immobilie erhalten Sie vom Anbieter.",5,218 m²,618 m²,4.289 €/m²,Wohnimmobilie (sonstige),nil,nach Vereinbarung,3,2,1 Garage,"3,57 % des Kaufpreises inkl. 19 % MwSt.",{'is24qa-keller-label': ''}
Beeindruckendes Einfamilienhaus auf schönem Grundstück!,935.000 €,"Tonndorf, 22047 Hamburg
Die vollständige Adresse der Immobilie erhalten Sie vom Anbieter.",5,218 m²,618 m²,4.289 €/m²,Wohnimmobilie (sonstige),nil,nach Vereinbarung,3,2,1 Garage,"3,57 % des Kaufpreises inkl. 19 % MwSt.",{'is24qa-keller-label': ''}
"Voll vermietetes, modernisiertes Mehrfamilienhaus mit 9 Einheiten in ruhiger Lage Hamburgs.",1.999.000 €,"Bergedorf (Ortsteil), 21029 Hamburg
Die vollständige Adresse der Immobilie erhalten Sie vom Anbieter.",20,667 m²,264 m²,2.997 €/m²,Mehrfamilienhaus,737 m²,nil,9,20,nil,"5,95 % inkl. MwSt.",{'is24qa-einliegerwohnung-label': ''}
"Niedrigenergiehaus: Großes Reihenmittelhaus mit 5,5 Zimmern & viel Comfort in Volksdorf",895.000 €,"Volksdorf, 22359 Hamburg
Die vollständige Adresse der Immobilie erhalten Sie vom Anbieter.","5,5",142 m²,300 m²,6.303 €/m²,Reihenmittelhaus,73 m²,nach Vereinbarung,4,2,1 Außenstellplatz,"3,13 %",{'is24qa-keller-label': ''}
Doppelhaushälfte für die ganze Familie mit 6 Zimmern 3 Badezimmern Vollkeller Garten und Carport,715.000 €,"Lohbrügge, 21031 Hamburg
Die vollständige Adresse der Immobilie erhalten Sie vom Anbieter.",6,150 m²,250 m²,4.767 €/m²,Doppelhaushälfte,55 m²,1.6.2024,5,3,1 Carport,Nein,"{'is24qa-gaeste-wc-label': '', 'is24qa-keller-label': '', 'is24qa-provisionsfrei-fuer-kaufende-label': ''}"
"PROVISIONSFREI für Kapitalanleger - Denkmalgeschütztes JUWEL am Horster Damm, Hamburg-Bergedorf",1.599.000 €,"Altengamme, 21039 Hamburg
Die vollständige Adresse der Immobilie erhalten Sie vom Anbieter.",9,350 m²,3.456 m²,4.569 €/m²,Mehrfamilienhaus,nil,1.6.2024,nil,3,6 Stellplätze,Nein,"{'is24qa-vermietet-label': '', 'is24qa-provisionsfrei-fuer-kaufende-label': ''}"
Charmantes Haus mit 3 Wohnungen und vielen Gestaltungsmöglichkeiten,1.590.000 €,"Kanzleistraße 22,
Nienstedten, 22609 Hamburg",9,275 m²,600 m²,5.782 €/m²,Mehrfamilienhaus,65 m²,27.5.2024,5,4,1 Carport,Nein,"{'is24qa-gaeste-wc-label': '', 'is24qa-keller-label': '', 'is24qa-einliegerwohnung-label': '', 'is24qa-provisionsfrei-fuer-kaufende-label': ''}"
HH Niendorf Mittelreihenhaus mit Garage Provisionsfrei,385.000 €,"Niendorf, 22453 Hamburg
Die vollständige Adresse der Immobilie erhalten Sie vom Anbieter.","3,5",73 m²,125 m²,5.274 €/m²,Reihenmittelhaus,0 m²,nil,3,1,1 Außenstellplatz,Nein,{'is24qa-provisionsfrei-fuer-kaufende-label': ''}
"Traumhaus! Einziehen, leben, genießen!",1.490.000 €,"Sasel, 22393 Hamburg
Die vollständige Adresse der Immobilie erhalten Sie vom Anbieter.",5,216 m²,1.116 m²,6.898 €/m²,Einfamilienhaus (freistehend),nil,nach Vereinbarung,4,2,nil,Nein,"{'is24qa-gaeste-wc-label': '', 'is24qa-provisionsfrei-fuer-kaufende-label': ''}"
"Sehr gefragte Lage! 2 Doppelhäuser, schlüsselfertige Übergabe",2.389.000 €,"Poppenbüttel, 22399 Hamburg
Die vollständige Adresse der Immobilie erhalten Sie vom Anbieter.",12,360 m²,911 m²,6.636 €/m²,Doppelhaushälfte,nil,nach Vereinbarung,nil,nil,3 Außenstellplätze,"5,99 inkl. MwSt. vom notariellen Kaufpreis",{}
Fritz Höger Jugendstil Villa in Top Lage mit Blick in den Park,1.850.000 €,"Fuhlsbüttel, 22335 Hamburg
Die vollständige Adresse der Immobilie erhalten Sie vom Anbieter.",6,170 m²,779 m²,10.882 €/m²,Einfamilienhaus (freistehend),35 m²,15.8.2024,4,2,3 Stellplätze,Nein,"{'is24qa-gaeste-wc-label': '', 'is24qa-keller-label': '', 'is24qa-provisionsfrei-fuer-kaufende-label': ''}"
++Gelegenheit++ Einfamilienhaus ohne Maklerprovision in Hamburg -Wellingsbüttel zu verkaufen!,1.375.000 €,"Wellingsbüttel, 22391 Hamburg
Die vollständige Adresse der Immobilie erhalten Sie vom Anbieter.",5,160 m²,700 m²,8.594 €/m²,Einfamilienhaus (freistehend),260 m²,nil,5,3,3 Stellplätze,Nein,"{'is24qa-gaeste-wc-label': '', 'is24qa-keller-label': '', 'is24qa-provisionsfrei-fuer-kaufende-label': ''}"
Schönes Grundstück mit Einfamilienhaus in Hamburg Wellingsbüttel – Wohnen in begehrter Lage,950.000 €,"Wellingsbüttel, 22391 Hamburg
Die vollständige Adresse der Immobilie erhalten Sie vom Anbieter.",5,130 m²,810 m²,7.308 €/m²,Einfamilienhaus (freistehend),nil,nil,nil,nil,nil,"3,57 % inkl. ges. MwSt.",{}
Exklusives Reihenendhaus in zentraler Lage von Rahlstedt,569.000 €,"Rahlstedt, 22147 Hamburg
Die vollständige Adresse der Immobilie erhalten Sie vom Anbieter.",4,125 m²,230 m²,4.552 €/m²,nil,nil,nil,3,2,Außenstellplatz,nil,{'is24qa-gaeste-wc-label': ''}
Exklusives Reihenmittelhaus in Top-Lage,549.000 €,"Rahlstedt, 22147 Hamburg
Die vollständige Adresse der Immobilie erhalten Sie vom Anbieter.",4,125 m²,197 m²,4.392 €/m²,Reihenmittelhaus,nil,nil,3,2,Außenstellplatz,nil,{'is24qa-gaeste-wc-label': ''}
"Ein- bis Zweifamilienhaus m. großem Garten für Familien, ruhige Lage, Neuenfelde, Nähe Airbus",449.000 €,"Neuenfelde, 21129 Hamburg
Die vollständige Adresse der Immobilie erhalten Sie vom Anbieter.",6,173 m²,4.500 m²,2.595 €/m²,Einfamilienhaus (freistehend),70 m²,30.6.2024,4,2,1 Garage,Nein,"{'is24qa-gaeste-wc-label': '', 'is24qa-einliegerwohnung-label': '', 'is24qa-provisionsfrei-fuer-kaufende-label': ''}"
Wochenendhaus (kein Dauerwohnen) mit großer Obstbaumwiese Ortsrand HH-Schnelsen,679.600 €,"Schnelsen, 22457 Hamburg
Die vollständige Adresse der Immobilie erhalten Sie vom Anbieter.",1,50 m²,6.800 m²,13.592 €/m²,Besondere Immobilie,25 m²,nil,1,2,1 Außenstellplatz,"5,95 %",{}
Nachhaltige Townhouses im schönen Hamburger Norden,629.000 €,"Langenhorn, 22415 Hamburg
Die vollständige Adresse der Immobilie erhalten Sie vom Anbieter.",4,"89,64 m²",1.005 m²,7.017 €/m²,Reihenmittelhaus,nil,Herbst 2024,3,1,nil,provisionsfrei,{'is24qa-gaeste-wc-label': ''}
Hamburg-Tonndorf Bungalow Verkauf in 12 bis 15 Monaten???,Auf Anfrage,"Tonndorf, 22045 Hamburg
Die vollständige Adresse der Immobilie erhalten Sie vom Anbieter.",5,"131,6 m²",889 m²,nil,Einfamilienhaus (freistehend),"131,6 m²",1.9.2025,2,2,1 Garage,Nein,"{'is24qa-gaeste-wc-label': '', 'is24qa-keller-label': '', 'is24qa-stufenloser-zugang-label': '', 'is24qa-provisionsfrei-fuer-kaufende-label': ''}"
