title,price,address,rooms,living_space,property_area,price_per_m2,type,usable_area,available_from,bedrooms,bathrooms,garage_parking,buyer_commission,criteriagroup_boolean_listing
Großzügige Villa in Bestlage*Einliegerwohnung*,998.000 €,"Nordviertel, 45657 Recklinghausen
Die vollständige Adresse der Immobilie erhalten Sie vom Anbieter.",8,"406,54 m²",1.289 m²,2.455 €/m²,Villa,"306,74 m²",nil,5,6,1 Garage,"Käuferprovision beträgt 3,57 % (inkl. MwSt.) des beurkundeten Kaufpreises","{'is24qa-gaeste-wc-label': '', 'is24qa-keller-label': '', 'is24qa-einliegerwohnung-label': ''}"
Attraktives Angebot von zwei nebeneinander liegenden Wohn- und Geschäftshäusern in 1A-Lauflage,999.900 €,"Kaiserwall 22,
Ostviertel, 45657 Recklinghausen",20,687 m²,550 m²,1.455 €/m²,nil,nil,nil,nil,nil,nil,"4,76",{}
Hervorragend ausgestattetes Einfamilienhaus in ruhiger Top-Lage mit Erdwärmepumpe,780.000 €,"Kirchhellen-Mitte, 46244 Bottrop
Die vollständige Adresse der Immobilie erhalten Sie vom Anbieter.",5,201 m²,440 m²,3.881 €/m²,Einfamilienhaus (freistehend),nil,nil,3,2,2 Garagen,"Käuferprovision beträgt 3,57 % (inkl. MwSt.) des beurkundeten Kaufpreises",{'is24qa-gaeste-wc-label': ''}
Bielefeld-Hoberge: freistehendes EFH | 250 m² Wfl | stilvoll modernisiert | TOP LAGE am Twellbachtal,1.200.000 €,"Dornberg, 33619 Bielefeld
Die vollständige Adresse der Immobilie erhalten Sie vom Anbieter.",8,250 m²,943 m²,4.800 €/m²,Einfamilienhaus (freistehend),"140,4 m²",nil,5,4,3 Außenstellplätze,"Käuferprovision beträgt 3,57 % (inkl. MwSt.) des beurkundeten Kaufpreises","{'is24qa-gaeste-wc-label': '', 'is24qa-keller-label': '', 'is24qa-einliegerwohnung-label': ''}"
Idyllisches Reihenendhaus in Kinderhaus mit sonnigem Garten - Erbpacht!,299.950 €,"Kinderhaus-West, 48159 Münster
Die vollständige Adresse der Immobilie erhalten Sie vom Anbieter.",5,110 m²,335 m²,2.727 €/m²,Reiheneckhaus,50 m²,Sommer 2024,nil,nil,nil,3%,{'is24qa-keller-label': ''}
Solides Ein - bis Zweifamilienhaus in Heiligenkirchen,298.000 €,"32760 Detmold, Lippe (Kreis)
Die vollständige Adresse der Immobilie erhalten Sie vom Anbieter.",6,170 m²,645 m²,1.753 €/m²,Mehrfamilienhaus,nil,nil,4,2,2 Außenstellplätze,"Käuferprovision beträgt 3,00 % (inkl. MwSt.) des beurkundeten Kaufpreises","{'is24qa-gaeste-wc-label': '', 'is24qa-keller-label': ''}"
Repräsentative Villa in Feldrandlage mit exklusiver Ausstattung,1.590.000 €,"41352 Korschenbroich, Neuss (Rhein-Kreis)
Die vollständige Adresse der Immobilie erhalten Sie vom Anbieter.",8,"282,86 m²",789 m²,5.621 €/m²,Einfamilienhaus (freistehend),"153,51 m²",nil,5,3,2 Garagen,"Käuferprovision beträgt 3,57 % (inkl. MwSt.) des beurkundeten Kaufpreises","{'is24qa-gaeste-wc-label': '', 'is24qa-keller-label': '', 'is24qa-stufenloser-zugang-label': ''}"
Exklusives Stadthaus in Münster-Sudmühle für die Familie,995.000 €,"Gelmer-Dyckburg, 48157 Münster
Die vollständige Adresse der Immobilie erhalten Sie vom Anbieter.",5,154 m²,648 m²,6.461 €/m²,Einfamilienhaus (freistehend),"46,62 m²",nil,3,1,1 Garage,"Käuferprovision beträgt 3,57 % (inkl. 19 % MwSt.) des beurkundeten Kaufpreises","{'is24qa-gaeste-wc-label': '', 'is24qa-keller-label': ''}"
Ihr Zukunftsdomizil: Modernes Mikrohaus mit Stil,307.300 €,"53909 Zülpich, Euskirchen (Kreis)
Die vollständige Adresse der Immobilie erhalten Sie vom Anbieter.",4,90 m²,259 m²,3.414 €/m²,nil,nil,nil,3,1,1 Stellplatz,"1,785%","{'is24qa-gaeste-wc-label': '', 'is24qa-stufenloser-zugang-label': ''}"
Wohnhaus mit Nebengebäude auf großem Grundstück in Westerkappeln zu verkaufen,295.000 €,"49492 Westerkappeln, Steinfurt (Kreis)
Die vollständige Adresse der Immobilie erhalten Sie vom Anbieter.",6,114 m²,1.258 m²,2.588 €/m²,Wohnimmobilie (sonstige),nil,nach Absprache,4,1,3 Stellplätze,"2,98% des Kaufpreises",{}
Neubau Doppelhaushälfte in zentraler Wohnlage von Aachen !!!,659.000 €,"Kalkofen, 52070 Aachen
Die vollständige Adresse der Immobilie erhalten Sie vom Anbieter.",6,163 m²,791 m²,4.043 €/m²,Doppelhaushälfte,24 m²,nach Vereinbarung,3,2,1 Garage,"3,57% Käufer-Provision (inkl. MwSt.) vom beurkundeten Kaufpreis",{'is24qa-gaeste-wc-label': ''}
Denkmalgeschützte Kapitalanlage!,1.280.000 €,"46483 Wesel, Wesel (Kreis)
Die vollständige Adresse der Immobilie erhalten Sie vom Anbieter.",20,"334,49 m²",164 m²,3.827 €/m²,Mehrfamilienhaus,nil,nil,nil,nil,nil,"3,57 % inkl. ges. MwSt.",{'is24qa-vermietet-label': ''}
Mikro-Wohnen in Theenhausen/Werther ?,580.000 €,"33824 Werther (Westfalen), Gütersloh (Kreis)
Die vollständige Adresse der Immobilie erhalten Sie vom Anbieter.",20,600 m²,3.325 m²,967 €/m²,Besondere Immobilie,895 m²,nil,nil,nil,16 Stellplätze,"3,57 % inkl. MwSt.",{}
EFH mit großem Grundstück in gefragter Lage,298.000 €,"Bettrath-Hoven, 41066 Mönchengladbach
Die vollständige Adresse der Immobilie erhalten Sie vom Anbieter.",9,177 m²,658 m²,1.684 €/m²,Reiheneckhaus,35 m²,nach Vereinbarung,5,1,1 Carport,"3,57%","{'is24qa-gaeste-wc-label': '', 'is24qa-keller-label': ''}"
Eigennutzung und Mietrendite: Großzügiges EFH mit 2 Einliegerwohnungen in Jüchen,570.000 €,"41363 Jüchen, Neuss (Rhein-Kreis)
Die vollständige Adresse der Immobilie erhalten Sie vom Anbieter.",9,263 m²,789 m²,2.167 €/m²,Reiheneckhaus,70 m²,nach Vereinbarung,4,4,3 Garagen,"3,57% Käuferprovision","{'is24qa-gaeste-wc-label': '', 'is24qa-keller-label': '', 'is24qa-einliegerwohnung-label': ''}"
Energieeffizienz A+ - Moderne DHH auf idealem Grundstück mit Doppelgarage,829.000 €,"40764 Langenfeld (Rheinland), Mettmann (Kreis)
Die vollständige Adresse der Immobilie erhalten Sie vom Anbieter.",7,163 m²,827 m²,5.086 €/m²,Doppelhaushälfte,54 m²,nach Vereinbarung,6,3,2 Garagen,"2,975",{'is24qa-gaeste-wc-label': ''}
Zentral gelegenes EFH mit Potenzial in Petershagen !,179.000 €,"32469 Petershagen, Minden-Lübbecke (Kreis)
Die vollständige Adresse der Immobilie erhalten Sie vom Anbieter.",5,121 m²,787 m²,1.479 €/m²,Einfamilienhaus (freistehend),nil,nil,nil,nil,1 Garage,"3,57 % inkl. 19% MwSt. auf den Kaufpreis",{'is24qa-keller-label': ''}
"Historisches, denkmalgeschütztes Ein-/Zweifamilienhaus in schöner, zentraler Lage von Wülfrath!",249.000 €,"42489 Wülfrath, Mettmann (Kreis)
Die vollständige Adresse der Immobilie erhalten Sie vom Anbieter.",10,"271,12 m²",385 m²,918 €/m²,Mehrfamilienhaus,nil,Nach Vereinbarung.,nil,nil,3 Garagen,"zzgl. 3,57 % Käuferprovision, ausgehend vom notariell beurkundeten Kaufpreis.","{'is24qa-gaeste-wc-label': '', 'is24qa-keller-label': '', 'is24qa-stufenloser-zugang-label': '', 'is24qa-einliegerwohnung-label': ''}"
Vermietetes Mehrfamilienhaus am Borsigplatz in Dortmund mit Werkstatt und Garage,890.000 €,"Borsigplatz, 44145 Dortmund
Die vollständige Adresse der Immobilie erhalten Sie vom Anbieter.",13,438 m²,312 m²,2.032 €/m²,Mehrfamilienhaus,nil,nil,nil,nil,3 Stellplätze,"3,57 %",{'is24qa-vermietet-label': ''}
Solides ETW-Paket als Kapitalanlage im Herzen von Dortmund-Aplerbeck,370.000 €,"Aplerbeck (Ortsteil), 44287 Dortmund
Die vollständige Adresse der Immobilie erhalten Sie vom Anbieter.",10,203 m²,826 m²,1.823 €/m²,Mehrfamilienhaus,nil,nach Vereinbarung,nil,nil,2 Stellplätze,"3,57 %","{'is24qa-gaeste-wc-label': '', 'is24qa-vermietet-label': ''}"
