title,price,address,rooms,living_space,property_area,price_per_m2,type,usable_area,available_from,bedrooms,bathrooms,garage_parking,buyer_commission,criteriagroup_boolean_listing
"Top gepflegtes Architektenhaus in Aussichtslage mit viel Platz zum Wohnen, Arbeiten und Entspannen",1.490.000 €,"Weilimdorf (Ortsteil), 70499 Stuttgart
Die vollständige Adresse der Immobilie erhalten Sie vom Anbieter.",7,235 m²,722 m²,6.340 €/m²,Doppelhaushälfte,41 m²,nil,5,3,3 Stellplätze,"3,57 % inkl. MwSt.","{'is24qa-gaeste-wc-label': '', 'is24qa-keller-label': '', 'is24qa-einliegerwohnung-label': ''}"
Freiheit in den eigenen vier Wänden,255.000 €,"73252 Lenningen, Esslingen (Kreis)
Die vollständige Adresse der Immobilie erhalten Sie vom Anbieter.",4,85 m²,186 m²,3.000 €/m²,Einfamilienhaus (freistehend),nil,nil,nil,nil,nil,"3,57 % inkl. ges. MwSt.",{}
VILLA MATHILDE,6.800.000 €,"Innenstadt, 76530 Baden-Baden
Die vollständige Adresse der Immobilie erhalten Sie vom Anbieter.",19,602 m²,1.761 m²,11.296 €/m²,Villa,200 m²,nil,7,3,4 Stellplätze,siehe Sonstiges,{'is24qa-keller-label': ''}
Gepflegtes 1 Familienhaus in Mühlacker,934.000 €,"75417 Mühlacker, Enzkreis
Die vollständige Adresse der Immobilie erhalten Sie vom Anbieter.",5,189 m²,607 m²,4.942 €/m²,Einfamilienhaus (freistehend),nil,kurzfristig nach Absprache,3,2,6 Stellplätze,"3,57 % inkl. ges. MwSt.","{'is24qa-gaeste-wc-label': '', 'is24qa-keller-label': ''}"
Doppelhaushälfte in Hohentengen zum Einziehen und Wohlfühlen,385.000 €,"88367 Hohentengen, Sigmaringen (Kreis)
Die vollständige Adresse der Immobilie erhalten Sie vom Anbieter.",5,"127,37 m²",281 m²,3.023 €/m²,Doppelhaushälfte,nil,nil,nil,1,2 Stellplätze,"3,57 %","{'is24qa-gaeste-wc-label': '', 'is24qa-keller-label': ''}"
Gepflegtes Mehrfamilienhaus in Wendlingen – Ideal für Investoren und Familien,829.000 €,"73240 Wendlingen am Neckar, Esslingen (Kreis)
Die vollständige Adresse der Immobilie erhalten Sie vom Anbieter.",14,"334,42 m²",702 m²,2.479 €/m²,Mehrfamilienhaus,nil,nil,nil,4,4 Stellplätze,"4,16 %","{'is24qa-gaeste-wc-label': '', 'is24qa-keller-label': '', 'is24qa-vermietet-label': ''}"
Traumvilla im Landhausstil mit Geschäftsgebäude - perfekte Kombination aus Arbeiten und Wohnen !,1.950.000 €,"79346 Endingen am Kaiserstuhl, Emmendingen (Kreis)
Die vollständige Adresse der Immobilie erhalten Sie vom Anbieter.",13,635 m²,3.000 m²,3.071 €/m²,Villa,696 m²,in Absprache,9,5,15 Garagen,Nein,"{'is24qa-online-besichtigung-moeglich-label': '', 'is24qa-gaeste-wc-label': '', 'is24qa-keller-label': '', 'is24qa-provisionsfrei-fuer-kaufende-label': ''}"
"Topangebot !! Familienparadies, ideal für Mehrgenerationenhaushalte und Quervermietung",650.000 €,"79336 Herbolzheim, Emmendingen (Kreis)
Die vollständige Adresse der Immobilie erhalten Sie vom Anbieter.","9,5",219 m²,704 m²,2.968 €/m²,Wohnimmobilie (sonstige),nil,in Absprache,6,3,6 Garagen,4%,"{'is24qa-online-besichtigung-moeglich-label': '', 'is24qa-gaeste-wc-label': '', 'is24qa-keller-label': '', 'is24qa-vermietet-label': ''}"
Moderner Luxus- Bungalow mit großem Grundstück in Frankreich - direkt an der Grenze,740.000 €,"79206 Breisach am Rhein, Breisgau-Hochschwarzwald (Kreis)
Die vollständige Adresse der Immobilie erhalten Sie vom Anbieter.",5,173 m²,698 m²,4.277 €/m²,Einfamilienhaus (freistehend),4 m²,nil,4,2,4 Stellplätze,"3,57%","{'is24qa-online-besichtigung-moeglich-label': '', 'is24qa-gaeste-wc-label': '', 'is24qa-stufenloser-zugang-label': ''}"
Repräsentatives Familienanwesen in Bestlage am Ersberg,895.000 €,"72622 Nürtingen, Esslingen (Kreis)
Die vollständige Adresse der Immobilie erhalten Sie vom Anbieter.",10,"241,24 m²",830 m²,3.710 €/m²,Einfamilienhaus (freistehend),"43,85 m²",nil,6,4,2 Garagen,"Käuferprovision beträgt 3,57 % (inkl. MwSt.) des beurkundeten Kaufpreises","{'is24qa-online-besichtigung-moeglich-label': '', 'is24qa-gaeste-wc-label': '', 'is24qa-keller-label': '', 'is24qa-einliegerwohnung-label': ''}"
Repräsentatives Anwesen mit Historie im Teilort von Frickingen Wohnen & Arbeiten unter einem Dach,1.360.000 €,"88699 Frickingen, Bodenseekreis
Die vollständige Adresse der Immobilie erhalten Sie vom Anbieter.",9,281 m²,1.140 m²,4.840 €/m²,Mehrfamilienhaus,nil,nach Absprache,nil,5,1 Garage,"3,57 % inkl. Mehrwertsteuer",{'is24qa-keller-label': ''}
GROSSES 1- / 2-FAMILIENWOHNHAUS MIT DOPPELGARAGE,595.000 €,"74523 Schwäbisch Hall, Schwäbisch Hall (Kreis)
Die vollständige Adresse der Immobilie erhalten Sie vom Anbieter.",11,300 m²,741 m²,1.983 €/m²,Mehrfamilienhaus,140 m²,Kurzfristig,8,3,2 Garagen,"3,57 % Käuferprovision inkl. Mwst. vom Kaufpreis","{'is24qa-gaeste-wc-label': '', 'is24qa-keller-label': '', 'is24qa-einliegerwohnung-label': ''}"
SCHÖNES EINFAMILIENHAUS MIT GARTEN UND GARAGE,425.000 €,"74532 Ilshofen, Schwäbisch Hall (Kreis)
Die vollständige Adresse der Immobilie erhalten Sie vom Anbieter.",5,"125,45 m²",692 m²,3.388 €/m²,Einfamilienhaus (freistehend),32 m²,Kurzfristig möglich,3,1,1 Garage,"3,57% Käuferprovision inkl. MwSt. vom Kaufpreis",{'is24qa-gaeste-wc-label': ''}
Lieblingshaus auch als Anlageobjekt,240.000 €,"74214 Schöntal, Hohenlohekreis
Die vollständige Adresse der Immobilie erhalten Sie vom Anbieter.",4,80 m²,412 m²,3.000 €/m²,Wohnimmobilie (sonstige),24 m²,sofort,2,1,4 Außenstellplätze,Nein,"{'is24qa-gaeste-wc-label': '', 'is24qa-keller-label': '', 'is24qa-provisionsfrei-fuer-kaufende-label': ''}"
"Top gepflegte DHH mit Garage in begehrter, ruhiger Wohnlage",479.000 €,"74251 Lehrensteinsfeld, Heilbronn (Kreis)
Die vollständige Adresse der Immobilie erhalten Sie vom Anbieter.","5,5",130 m²,240 m²,3.685 €/m²,Doppelhaushälfte,30 m²,nil,4,1,1 Garage,"2,975 % inkl. ges. MwSt.","{'is24qa-gaeste-wc-label': '', 'is24qa-keller-label': ''}"
Ihre Chance auf ein Wohn- und Geschäftshaus in Stuttgarts bester Lage!,1.450.000 €,"Rathaus, 70173 Stuttgart
Die vollständige Adresse der Immobilie erhalten Sie vom Anbieter.",6,140 m²,73 m²,10.357 €/m²,Mehrfamilienhaus,nil,sofort,5,2,nil,"4,76 % inkl. MwSt.","{'is24qa-gaeste-wc-label': '', 'is24qa-keller-label': ''}"
Ihr neues Wohnglück mit Aussicht auf den malerischen Albtrauf!,310.000 €,"Reutlingen, 72760 Reutlingen
Die vollständige Adresse der Immobilie erhalten Sie vom Anbieter.",5,78 m²,253 m²,3.974 €/m²,Reiheneckhaus,nil,ab sofort,nil,1,1 Garage,"3,57 % Käuferprovision inkl. Mehrwertsteuer.",{'is24qa-keller-label': ''}
Großzügiges Doppelhaus in traumhafter Randlage - Idylle pur in Hülben!,725.000 €,"72584 Hülben, Reutlingen (Kreis)
Die vollständige Adresse der Immobilie erhalten Sie vom Anbieter.",9,"327,76 m²",2.034 m²,2.212 €/m²,Doppelhaushälfte,"74,2 m²",nach Absprache,nil,2,1 Garage,"3,57 % Käuferprovision inkl. Mehrwertsteuer.",{}
Juwel für Visionäre! Ihr Traumhaus am Georgenberg,880.000 €,"Reutlingen, 72762 Reutlingen
Die vollständige Adresse der Immobilie erhalten Sie vom Anbieter.","5,5",204 m²,2.206 m²,4.314 €/m²,Einfamilienhaus (freistehend),103 m²,sofort,nil,2,2 Garagen,"3,57 % Käuferprovision inkl. Mehrwertsteuer.",{'is24qa-keller-label': ''}
Gartenfreuden gepaart mit Charme und ganz viel Platz und Gestaltungspotenzial!,405.000 €,"Ohmenhausen, 72770 Reutlingen
Die vollständige Adresse der Immobilie erhalten Sie vom Anbieter.",6,131 m²,587 m²,3.092 €/m²,Einfamilienhaus (freistehend),51 m²,ab sofort,nil,1,3 Garagen,"3,57 % Käuferprovision inkl. Mehrwertsteuer.",{'is24qa-keller-label': ''}
