title,price,address,rooms,living_space,property_area,price_per_m2,type,usable_area,available_from,bedrooms,bathrooms,garage_parking,buyer_commission,criteriagroup_boolean_listing
***Traumhafter Ferienbungalow in Wieck auf dem Darß – Ihr Rückzugsort an der Ostsee***,299.900 €,"18375 Wieck am Darß, Vorpommern-Rügen (Kreis)
Die vollständige Adresse der Immobilie erhalten Sie vom Anbieter.",3,55 m²,432 m²,5.453 €/m²,Wohnimmobilie (sonstige),nil,nach Absprache,2,1,2 Stellplätze,"3,57 % vom notariellen Kaufpreis",{'is24qa-als-ferienhaus-geeignet-label': ''}
Das gute Leben beginnt genau jetzt,275.000 €,"17322 Boock, Vorpommern-Greifswald (Kreis)
Die vollständige Adresse der Immobilie erhalten Sie vom Anbieter.",5,170 m²,1.411 m²,1.618 €/m²,Einfamilienhaus (freistehend),nil,nil,nil,nil,nil,"3,57 % inkl. ges. MwSt.","{'is24qa-gaeste-wc-label': '', 'is24qa-als-ferienhaus-geeignet-label': ''}"
großzügiges Wohnen an der Ostsee,775.000 €,"17449 Karlshagen, Vorpommern-Greifswald (Kreis)
Die vollständige Adresse der Immobilie erhalten Sie vom Anbieter.",5,195 m²,2.000 m²,3.974 €/m²,Einfamilienhaus (freistehend),nil,nil,nil,2,3 Stellplätze,"3,57% vom KP inkl. MwSt.",{}
Dichter am Wasser wäre IM Wasser: Ferienhaus mit 2 Einheiten und direktem Wasserblick am Hafen,1.350.000 €,"18574 Poseritz, Vorpommern-Rügen (Kreis)
Die vollständige Adresse der Immobilie erhalten Sie vom Anbieter.",6,"138,18 m²","1.486,18 m²",9.770 €/m²,Mehrfamilienhaus,nil,nach Absprache,4,4,4 Außenstellplätze,"3,57 %",{'is24qa-online-besichtigung-moeglich-label': ''}
Doppelhaushälfte in ruhiger Lage der Stadt Torgelow,172.000 €,"17358 Torgelow, Vorpommern-Greifswald (Kreis)
Die vollständige Adresse der Immobilie erhalten Sie vom Anbieter.",4,123 m²,861 m²,1.398 €/m²,Doppelhaushälfte,150 m²,nil,nil,nil,Garage,"3,57%",{'is24qa-keller-label': ''}
Zwei Einfamilienhäuser im Paket mit großem Garten in schöner Lage,450.000 €,"19067 Leezen, Ludwigslust-Parchim (Kreis)
Die vollständige Adresse der Immobilie erhalten Sie vom Anbieter.",9,262 m²,1.618 m²,1.718 €/m²,Einfamilienhaus (freistehend),nil,nil,nil,nil,2 Carports,"Käuferprovision beträgt 2,975 % (inkl. MwSt.) des beurkundeten Kaufpreises","{'is24qa-gaeste-wc-label': '', 'is24qa-keller-label': ''}"
Schickes Ferienchalet am Fleesensee,425.000 €,"17213 Göhren-Lebbin, Mecklenburgische Seenplatte (Kreis)
Die vollständige Adresse der Immobilie erhalten Sie vom Anbieter.",4,97 m²,368 m²,4.381 €/m²,Wohnimmobilie (sonstige),97 m²,nil,3,2,2 Stellplätze,3.57 %,"{'is24qa-gaeste-wc-label': '', 'is24qa-als-ferienhaus-geeignet-label': ''}"
"Großzügiges, teilsaniertes Generationenhaus in idyllischer Feldrandlage",480.000 €,"19217 Königsfeld, Nordwestmecklenburg (Kreis)
Die vollständige Adresse der Immobilie erhalten Sie vom Anbieter.",9,217 m²,2.000 m²,2.212 €/m²,Einfamilienhaus (freistehend),nil,nil,5,2,Carport,"3,57 % (inkl. MwSt.) vom Kaufpreis",{'is24qa-keller-label': ''}
Einfamilienhaus mit Garage und Nebengebäude in Strasburg,109.000 €,"Schönhauser Str. 2,
17335 Strasburg (Uckermark), Vorpommern-Greifswald (Kreis)",5,90 m²,863 m²,1.211 €/m²,Einfamilienhaus (freistehend),40 m²,sofort verfügbar,nil,1,1 Garage,"Käuferprovision 3,57 % vom Kaufpreis inkl. gesetzl MwSt.","{'is24qa-gaeste-wc-label': '', 'is24qa-keller-label': ''}"
RMH in Grevesmühlen im Zentrum mit kleinem Hof zu verkaufen!!,67.000 €,"Große Voßstraße 5,
23936 Grevesmühlen, Nordwestmecklenburg (Kreis)",3,60 m²,131 m²,1.117 €/m²,Reihenmittelhaus,nil,nil,nil,nil,nil,2500 € zzgl. MWST,{'is24qa-keller-label': ''}
"3 Familien Landhaus mit Wasserzugang im Amazonas des Nordens ,Tiny House, Sauna & Jurten,2,3 ha Land",649.000 €,"17506 Gützkow, Vorpommern-Greifswald (Kreis)
Die vollständige Adresse der Immobilie erhalten Sie vom Anbieter.",8,300 m²,23.000 m²,2.163 €/m²,Mehrfamilienhaus,120 m²,sofort,5,5,6 Außenstellplätze,"der Käufer bezahlt bei Kauf 7,14% inkl. 19% MwSt. Provision an das Maklerunternehmen",{'is24qa-keller-label': ''}
"Großes Zweifamilienhaus mit Bauland, 150 Meter zur Marina, gegenüber Insel Usedom, nahe Wolgast",286.000 €,"17440 Kröslin, Vorpommern-Greifswald (Kreis)
Die vollständige Adresse der Immobilie erhalten Sie vom Anbieter.",9,222 m²,608 m²,1.288 €/m²,Mehrfamilienhaus,nil,sofort,6,2,1 Carport,"Käufer und Verkäufer bezahlen bei Kauf je 3,57% inkl. 19% MwSt. Provision an das Maklerunternehmen",{'is24qa-keller-label': ''}
"TOP Immobilie nahe Ostsee, Großes, helles EFH bei Ueckermünde, 5 Zimmer, 3 GARAGEN , VIDEO",649.000 €,"17375 Grambin, Vorpommern-Greifswald (Kreis)
Die vollständige Adresse der Immobilie erhalten Sie vom Anbieter.",5,220 m²,2.340 m²,2.950 €/m²,Einfamilienhaus (freistehend),37 m²,sofort,4,1,1 Carport,"Käufer und Verkäufer bezahlen bei Kauf je 3,57% inkl. 19% MwSt. Provision an das Maklerunternehmen",{}
Traumhaftes Anwesen nahe des Schweriner Außensees,319.000 €,"23996 Bad Kleinen, Nordwestmecklenburg (Kreis)
Die vollständige Adresse der Immobilie erhalten Sie vom Anbieter.",4,118 m²,691 m²,2.703 €/m²,Bungalow,30 m²,nach Absprache,2,1,2 Carports,"3,57 % Käuferprovision (inkl. gesetzl. MwSt.)",{'is24qa-als-ferienhaus-geeignet-label': ''}
Modernes Familienparadies in Bad Sülze,349.000 €,"18334 Bad Sülze, Vorpommern-Rügen (Kreis)
Die vollständige Adresse der Immobilie erhalten Sie vom Anbieter.",4,127 m²,498 m²,2.748 €/m²,Einfamilienhaus (freistehend),nil,nil,3,1,1 Carport,"3,57% inkl. 19% MwSt.",{}
Einfamilienhaus Abendrot in zentraler Lage,850.000 €,"18375 Prerow, Vorpommern-Rügen (Kreis)
Die vollständige Adresse der Immobilie erhalten Sie vom Anbieter.",5,111 m²,360 m²,7.658 €/m²,Einfamilienhaus (freistehend),nil,nil,5,3,3 Stellplätze,3% zzgl. gesetzl. Mehrwertsteuer,{}
Großzügig wohnen - Stadtvilla am Rande der Altstadt,394.700 €,"18507 Grimmen, Vorpommern-Rügen (Kreis)
Die vollständige Adresse der Immobilie erhalten Sie vom Anbieter.",7,215 m²,879 m²,1.836 €/m²,nil,215 m²,nil,nil,3,4 Garagen,Keine zusätzliche Käuferprovision,"{'is24qa-gaeste-wc-label': '', 'is24qa-keller-label': ''}"
repräsentative Villa im Landhausstil mit Schwimmbad auf parkähnlichem Grundstück,1.550.000 €,"19386 Lübz, Ludwigslust-Parchim (Kreis)
Die vollständige Adresse der Immobilie erhalten Sie vom Anbieter.","3,5",425 m²,1.675 m²,3.647 €/m²,Villa,nil,nach Vereinbarung,2,2,2 Garagen,"3,57 %","{'is24qa-gaeste-wc-label': '', 'is24qa-keller-label': ''}"
DHH in Vorpommern // Perfekt für Familien // Garten und Doppelgarage // Preis-Leistungs-Highlight,165.000 €,"18513 Glewitz, Vorpommern-Rügen (Kreis)
Die vollständige Adresse der Immobilie erhalten Sie vom Anbieter.",4,90 m²,500 m²,1.833 €/m²,Doppelhaushälfte,nil,nil,nil,1,2 Garagen,"Käufercourtage (50% der Gesamtcourtage) in Höhe von 3,57 % (inkl. Mwst) vom Kaufpreis","{'is24qa-listonlyonis24-label': 'Nur hier gefunden', 'is24qa-online-besichtigung-moeglich-label': ''}"
Einzigartiges Objekt mit Einliegerwohnung - Ca. 248m² Wfl. & 1999m² Grd. in Bad Stuer am Plauer See!,459.999 €,"19395 Plau am See, Ludwigslust-Parchim (Kreis)
Die vollständige Adresse der Immobilie erhalten Sie vom Anbieter.",7,"247,45 m²",1.999 m²,1.859 €/m²,Einfamilienhaus (freistehend),200 m²,nach Vereinbarung,6,4,Außenstellplatz,Nein,"{'is24qa-einliegerwohnung-label': '', 'is24qa-provisionsfrei-fuer-kaufende-label': ''}"
