title,price,address,rooms,living_space,property_area,price_per_m2,type,usable_area,available_from,bedrooms,bathrooms,garage_parking,buyer_commission,criteriagroup_boolean_listing
Denkmalgeschütztes Zweifamilienhaus mit viel Potenzial in naturverbundener Lage,485.000 €,"79588 Efringen-Kirchen, Lörrach (Kreis)
Die vollständige Adresse der Immobilie erhalten Sie vom Anbieter.",9,179 m²,799 m²,2.709 €/m²,Mehrfamilienhaus,nil,nil,6,2,nil,"4,76 % inkl. gesetzl. MwSt. (19%)",{'is24qa-keller-label': ''}
Zwei charmante Doppelhaushälften in zentraler Lage,298.000 €,"72108 Rottenburg am Neckar, Tübingen (Kreis)
Die vollständige Adresse der Immobilie erhalten Sie vom Anbieter.",7,"131,79 m²",62 m²,2.261 €/m²,Doppelhaushälfte,nil,Nach Absprache,nil,2,nil,"3,57 % inkl. ges. MwSt.",{}
Modernisiertes Einfamilienhaus - Erstbezug & ohne Provision,349.900 €,"79780 Stühlingen, Waldshut (Kreis)
Die vollständige Adresse der Immobilie erhalten Sie vom Anbieter.",4,115 m²,450 m²,3.043 €/m²,Einfamilienhaus (freistehend),50 m²,Nach Vereinbarung,2,2,2 Stellplätze,Nein,"{'is24qa-gaeste-wc-label': '', 'is24qa-keller-label': '', 'is24qa-einliegerwohnung-label': '', 'is24qa-provisionsfrei-fuer-kaufende-label': ''}"
Kein Bauzwang-Top Bauplatz mit Aussicht -bebaubar mit großem EFH auf Wunsch mit ELW,845.000 €,"71739 Oberriexingen, Ludwigsburg (Kreis)
Die vollständige Adresse der Immobilie erhalten Sie vom Anbieter.",5,150 m²,385 m²,5.633 €/m²,Einfamilienhaus (freistehend),nil,nil,nil,nil,Außenstellplatz,"3,57% auf den Grundstückspreis incl ges. Mwst.","{'is24qa-gaeste-wc-label': '', 'is24qa-stufenloser-zugang-label': ''}"
Traumhafte Lage -Modernes EFH nach Ihren Wünschen mit Keller,890.000 €,"71739 Oberriexingen, Ludwigsburg (Kreis)
Die vollständige Adresse der Immobilie erhalten Sie vom Anbieter.",5,160 m²,380 m²,5.563 €/m²,Einfamilienhaus (freistehend),nil,nil,4,2,nil,"3,57 % auf das Grundstück inkl. gesetzlicher Mwst.",{'is24qa-gaeste-wc-label': ''}
"Modernisiertes Zweifamilienhaus, 241m² Wohnfläche, 279 m² Grundstück, in ruhiger Lage von St. Leon-R",789.000 €,"Siedlungstr 5,
68789 Sankt Leon-Rot, Rhein-Neckar-Kreis","10,5",241 m²,279 m²,3.274 €/m²,Mehrfamilienhaus,nil,nil,7,4,nil,"5,95% inkl. Mwst vom Kaufpreis, fällig 7 Tage nach Notartermin.","{'is24qa-online-besichtigung-moeglich-label': '', 'is24qa-vermietet-label': ''}"
"Kernsanierung oder Neubau, 709qm Grundstück mit Haus in Toplage in Sandhausen, Bebauung max. 3MFH",679.000 €,"69207 Sandhausen, Rhein-Neckar-Kreis
Die vollständige Adresse der Immobilie erhalten Sie vom Anbieter.",6,130 m²,709 m²,5.223 €/m²,Einfamilienhaus (freistehend),nil,nil,nil,nil,nil,"3,57% inkl. Mwst vom Kaufpreis, fällig sieben Tage nach dem Notartermin.",{'is24qa-online-besichtigung-moeglich-label': ''}
Kapitalanlage - Vermietetes Einfamilienhaus in Zeutern!,280.000 €,"76698 Ubstadt-Weiher, Karlsruhe (Kreis)
Die vollständige Adresse der Immobilie erhalten Sie vom Anbieter.",4,94 m²,626 m²,2.979 €/m²,Einfamilienhaus (freistehend),nil,Kapitalanlage,nil,nil,nil,"3,57 % inkl. MwSt",{'is24qa-vermietet-label': ''}
Freistehendes Einfamilienhaus in guter Lage in Philippsburg-Huttenheim!,385.000 €,"76661 Philippsburg, Karlsruhe (Kreis)
Die vollständige Adresse der Immobilie erhalten Sie vom Anbieter.",4,"126,65 m²",487 m²,3.040 €/m²,Einfamilienhaus (freistehend),nil,ab Frühjahr 2024,nil,nil,1 Garage,"2,975 % inkl. MwSt",{}
Objekt mit Bebauungsmöglichkeit in zweiter Reiher in Waghäusel-Wiesental!,290.000 €,"68753 Waghäusel, Karlsruhe (Kreis)
Die vollständige Adresse der Immobilie erhalten Sie vom Anbieter.",5,110 m²,697 m²,2.636 €/m²,Einfamilienhaus (freistehend),nil,nach Vereinbarung,nil,nil,nil,"3,57 % inkl. MwSt",{}
Freistehendes Einfamilienhaus in Randlage in Philippsburg-Huttenheim!,565.000 €,"76661 Philippsburg, Karlsruhe (Kreis)
Die vollständige Adresse der Immobilie erhalten Sie vom Anbieter.",6,"157,7 m²",1.029 m²,3.583 €/m²,Einfamilienhaus (freistehend),nil,kurzfristig möglich,nil,nil,1 Garage,"3,57 % inkl. MwSt",{}
Ehemalige Unternehmervilla auf ca. 1.239 m² großem Grundstück in Bad Langenbrücken!,775.000 €,"76669 Bad Schönborn, Karlsruhe (Kreis)
Die vollständige Adresse der Immobilie erhalten Sie vom Anbieter.",6,"184,05 m²",1.239 m²,4.211 €/m²,Bungalow,nil,nach Vereinbarung,nil,nil,1 Garage,"3,57 % inkl. MwSt",{}
Einfamilienhaus im Naherholungsgebiet in Philippsburg!,389.000 €,"76661 Philippsburg, Karlsruhe (Kreis)
Die vollständige Adresse der Immobilie erhalten Sie vom Anbieter.",6,"136,37 m²",782 m²,2.853 €/m²,Einfamilienhaus (freistehend),nil,kurzfristig möglich,nil,nil,1 Garage,"3,57 % inkl. MwSt",{}
Vermietetes Zweifamilienwohnhaus mit weiterer Bebauungsmöglichkeit!,450.000 €,"68794 Oberhausen-Rheinhausen, Karlsruhe (Kreis)
Die vollständige Adresse der Immobilie erhalten Sie vom Anbieter.",9,205 m²,768 m²,2.195 €/m²,Mehrfamilienhaus,nil,Kapitalanlage,nil,nil,2 Garagen,"3,57 % inkl. MwSt",{'is24qa-vermietet-label': ''}
"Liebhaberobjekt, Wohn- und Geschäftshaus mitten in der Altstadt von Bad Wimpfen",639.000 €,"74206 Bad Wimpfen, Heilbronn (Kreis)
Die vollständige Adresse der Immobilie erhalten Sie vom Anbieter.",10,223 m²,219 m²,2.865 €/m²,Besondere Immobilie,20 m²,nach Absprache,4,2,1 Carport,"3,57% des Kaufpreises inklusive der gesetzlichen Mehrwertsteuer von aktuell 19%","{'is24qa-online-besichtigung-moeglich-label': '', 'is24qa-keller-label': '', 'is24qa-als-ferienhaus-geeignet-label': ''}"
Heidelberg-Neuenheim: Parkähnliches naturnahes Grundstück in Bestlage mit gepflegter Villa,Auf Anfrage,"Neuenheim, 69120 Heidelberg
Die vollständige Adresse der Immobilie erhalten Sie vom Anbieter.",7,250 m²,1.944 m²,nil,Villa,nil,demnächst,nil,nil,1 Garage,"5,95 %",{'is24qa-keller-label': ''}
"Ideal für Autoschrauber, Bastler, Kleingewerbe!",310.000 €,"Hans-Fein-Straße 33,
73529 Schwäbisch Gmünd, Ostalbkreis",7,160 m²,295 m²,1.938 €/m²,Einfamilienhaus (freistehend),200 m²,nach Absprache,4,2,2 Stellplätze,"3,57 %","{'is24qa-gaeste-wc-label': '', 'is24qa-keller-label': ''}"
"Ein nicht übliches Reihenmittelhaus, das mit Großzügigkeit und Charme überrascht.",469.000 €,"73235 Weilheim an der Teck, Esslingen (Kreis)
Die vollständige Adresse der Immobilie erhalten Sie vom Anbieter.",6,148 m²,149 m²,3.169 €/m²,Reihenmittelhaus,nil,Nach Absprach,4,2,Garage,"3,57 % inkl. 19% MwSt.",{'is24qa-gaeste-wc-label': ''}
Familienfreundliches Reihenhaus auf dem Stumpenhof,485.000 €,"73207 Plochingen, Esslingen (Kreis)
Die vollständige Adresse der Immobilie erhalten Sie vom Anbieter.","5,5",133 m²,250 m²,3.647 €/m²,Reihenmittelhaus,nil,sofort,4,2,1 Garage,Nein,{'is24qa-provisionsfrei-fuer-kaufende-label': ''}
Ausbauhaus auf Bodenplatte! Inkl. Individuelle Ausbaumöglichkeiten,178.999 €,"74252 Massenbachhausen, Heilbronn (Kreis)
Die vollständige Adresse der Immobilie erhalten Sie vom Anbieter.",5,162 m²,100 m²,1.105 €/m²,Einfamilienhaus (freistehend),nil,nil,4,1,1 Stellplatz,Nein,"{'is24qa-gaeste-wc-label': '', 'is24qa-provisionsfrei-fuer-kaufende-label': ''}"
Ausbauhaus auf Bodenplatte! Inkl. Individuelle Ausbaumöglichkeiten,178.999 €,"71717 Beilstein, Heilbronn (Kreis)
Die vollständige Adresse der Immobilie erhalten Sie vom Anbieter.",5,162 m²,100 m²,1.105 €/m²,Einfamilienhaus (freistehend),nil,nil,4,1,1 Stellplatz,Nein,"{'is24qa-gaeste-wc-label': '', 'is24qa-provisionsfrei-fuer-kaufende-label': ''}"
Ausbauhaus auf Bodenplatte! Inkl. Individuelle Ausbaumöglichkeiten,178.999 €,"74235 Widdern, Heilbronn (Kreis)
Die vollständige Adresse der Immobilie erhalten Sie vom Anbieter.",5,162 m²,100 m²,1.105 €/m²,Einfamilienhaus (freistehend),nil,nil,4,1,1 Stellplatz,Nein,"{'is24qa-gaeste-wc-label': '', 'is24qa-provisionsfrei-fuer-kaufende-label': ''}"
Ausbauhaus von massahaus! Inkl. Bodenplatte,178.999 €,"74825 Gundelsheim, Heilbronn (Kreis)
Die vollständige Adresse der Immobilie erhalten Sie vom Anbieter.",5,162 m²,100 m²,1.105 €/m²,Einfamilienhaus (freistehend),nil,nil,4,1,1 Stellplatz,Nein,"{'is24qa-gaeste-wc-label': '', 'is24qa-provisionsfrei-fuer-kaufende-label': ''}"
Ausbauhaus von massahaus! Inkl. Bodenplatte,178.999 €,"74229 Oedheim, Heilbronn (Kreis)
Die vollständige Adresse der Immobilie erhalten Sie vom Anbieter.",5,162 m²,100 m²,1.105 €/m²,Einfamilienhaus (freistehend),nil,nil,4,1,1 Stellplatz,Nein,"{'is24qa-gaeste-wc-label': '', 'is24qa-provisionsfrei-fuer-kaufende-label': ''}"
Haus mit Walmdach! Inklusiv Photovoltaikanlage,548.500 €,"74219 Möckmühl, Heilbronn (Kreis)
Die vollständige Adresse der Immobilie erhalten Sie vom Anbieter.",5,145 m²,420 m²,3.783 €/m²,Einfamilienhaus (freistehend),nil,nil,nil,2,nil,Nein,"{'is24qa-gaeste-wc-label': '', 'is24qa-provisionsfrei-fuer-kaufende-label': ''}"
Eigenheim statt Miete! Baut jetzt euer Traumhaus,595.500 €,"74936 Siegelsbach, Heilbronn (Kreis)
Die vollständige Adresse der Immobilie erhalten Sie vom Anbieter.",6,185 m²,440 m²,3.219 €/m²,nil,nil,nil,4,2,nil,Nein,"{'is24qa-gaeste-wc-label': '', 'is24qa-provisionsfrei-fuer-kaufende-label': ''}"
Eigenheim statt Miete! Haus inkl. Photovoltaikanlage,530.500 €,"74255 Roigheim, Heilbronn (Kreis)
Die vollständige Adresse der Immobilie erhalten Sie vom Anbieter.",6,185 m²,510 m²,2.868 €/m²,nil,nil,nil,4,2,nil,Nein,"{'is24qa-gaeste-wc-label': '', 'is24qa-provisionsfrei-fuer-kaufende-label': ''}"
Eigenheim statt Miete! Haus inkl. Photovoltaikanlage,649.500 €,"74189 Weinsberg, Heilbronn (Kreis)
Die vollständige Adresse der Immobilie erhalten Sie vom Anbieter.",6,185 m²,480 m²,3.511 €/m²,nil,nil,nil,4,2,nil,Nein,"{'is24qa-gaeste-wc-label': '', 'is24qa-provisionsfrei-fuer-kaufende-label': ''}"
Traumhaus von massahaus! Inklusiv Individuelle Ausbaumöglichkeiten,519.500 €,"75031 Eppingen, Heilbronn (Kreis)
Die vollständige Adresse der Immobilie erhalten Sie vom Anbieter.",5,162 m²,450 m²,3.207 €/m²,Einfamilienhaus (freistehend),65 m²,nil,4,1,1 Stellplatz,Nein,"{'is24qa-gaeste-wc-label': '', 'is24qa-keller-label': '', 'is24qa-provisionsfrei-fuer-kaufende-label': ''}"
DEIN Mehrgenerationenhaus bauen! Individuelle Ausbaumöglichkeiten,595.600 €,"74363 Güglingen, Heilbronn (Kreis)
Die vollständige Adresse der Immobilie erhalten Sie vom Anbieter.",8,220 m²,560 m²,2.707 €/m²,Mehrfamilienhaus,nil,nil,6,2,3 Stellplätze,Nein,"{'is24qa-gaeste-wc-label': '', 'is24qa-provisionsfrei-fuer-kaufende-label': ''}"
Eigenheim statt Miete! Bauen ohne kapital massahaus macht Möglich,649.500 €,"74363 Güglingen, Heilbronn (Kreis)
Die vollständige Adresse der Immobilie erhalten Sie vom Anbieter.",6,179 m²,550 m²,3.628 €/m²,nil,75 m²,nil,nil,2,nil,Nein,"{'is24qa-gaeste-wc-label': '', 'is24qa-keller-label': '', 'is24qa-provisionsfrei-fuer-kaufende-label': ''}"
Eigenheim Statt Miete in Güglingen!,598.500 €,"74363 Güglingen, Heilbronn (Kreis)
Die vollständige Adresse der Immobilie erhalten Sie vom Anbieter.",5,162 m²,460 m²,3.694 €/m²,Einfamilienhaus (freistehend),70 m²,nil,4,2,1 Garage,Nein,"{'is24qa-gaeste-wc-label': '', 'is24qa-keller-label': '', 'is24qa-provisionsfrei-fuer-kaufende-label': ''}"
Ihr Traumhaus als Altersvorsorge für das bequeme Leben im Alter! Bauen Sie jetzt mit massahaus,662.500 €,"74363 Güglingen, Heilbronn (Kreis)
Die vollständige Adresse der Immobilie erhalten Sie vom Anbieter.",6,184 m²,470 m²,3.601 €/m²,nil,nil,nil,nil,2,nil,Nein,"{'is24qa-gaeste-wc-label': '', 'is24qa-provisionsfrei-fuer-kaufende-label': ''}"
Individuell dein Doppelhaus für 2 Familien bauen!,292.900 €,"75031 Eppingen, Heilbronn (Kreis)
Die vollständige Adresse der Immobilie erhalten Sie vom Anbieter.",8,220 m²,530 m²,1.331 €/m²,Mehrfamilienhaus,nil,nil,6,2,3 Stellplätze,Nein,"{'is24qa-gaeste-wc-label': '', 'is24qa-provisionsfrei-fuer-kaufende-label': ''}"
Individuell dein Haus für 2 Familien bauen! Eigenleistung=Eigenkapital,297.900 €,"74388 Talheim, Heilbronn (Kreis)
Die vollständige Adresse der Immobilie erhalten Sie vom Anbieter.",8,220 m²,530 m²,1.354 €/m²,Mehrfamilienhaus,nil,nil,6,2,3 Stellplätze,Nein,"{'is24qa-gaeste-wc-label': '', 'is24qa-provisionsfrei-fuer-kaufende-label': ''}"
Traumhaus von massahaus! Inklusiv Individuelle Ausbaumöglichkeiten,599.500 €,"74388 Talheim, Heilbronn (Kreis)
Die vollständige Adresse der Immobilie erhalten Sie vom Anbieter.",5,162 m²,450 m²,3.701 €/m²,Einfamilienhaus (freistehend),65 m²,nil,4,1,1 Stellplatz,Nein,"{'is24qa-gaeste-wc-label': '', 'is24qa-keller-label': '', 'is24qa-provisionsfrei-fuer-kaufende-label': ''}"
Haus mit Einliegerwohnung! Inkl. Individuelle Ausbaumöglichkeiten,688.850 €,"74197 Untergruppenbach, Heilbronn (Kreis)
Die vollständige Adresse der Immobilie erhalten Sie vom Anbieter.",5,220 m²,520 m²,3.131 €/m²,Einfamilienhaus (freistehend),nil,nil,4,1,1 Stellplatz,Nein,"{'is24qa-gaeste-wc-label': '', 'is24qa-provisionsfrei-fuer-kaufende-label': ''}"
Ausbauhaus mit Walmdach! Inklusiv Individuellen Ausbau Möglichkeiten,196.500 €,"75031 Eppingen, Heilbronn (Kreis)
Die vollständige Adresse der Immobilie erhalten Sie vom Anbieter.",5,145 m²,45 m²,1.355 €/m²,Einfamilienhaus (freistehend),nil,nil,nil,2,nil,Nein,"{'is24qa-gaeste-wc-label': '', 'is24qa-provisionsfrei-fuer-kaufende-label': ''}"
Haus mit Walmdach! Inklusiv Individuellen Ausbau Möglichkeiten,598.500 €,"74197 Untergruppenbach, Heilbronn (Kreis)
Die vollständige Adresse der Immobilie erhalten Sie vom Anbieter.",5,145 m²,450 m²,4.128 €/m²,Einfamilienhaus (freistehend),nil,nil,nil,2,nil,Nein,"{'is24qa-gaeste-wc-label': '', 'is24qa-provisionsfrei-fuer-kaufende-label': ''}"
Haus in Brackenheim-Stockheim! Bauen Sie JETZT Energieeffizient,698.200 €,"74336 Brackenheim, Heilbronn (Kreis)
Die vollständige Adresse der Immobilie erhalten Sie vom Anbieter.",6,179 m²,450 m²,3.901 €/m²,nil,75 m²,nil,nil,2,nil,Nein,"{'is24qa-gaeste-wc-label': '', 'is24qa-keller-label': '', 'is24qa-provisionsfrei-fuer-kaufende-label': ''}"
Haus mit Walmdach! JETZT energieeffizient mit massahaus bauen,569.000 €,"75031 Eppingen, Heilbronn (Kreis)
Die vollständige Adresse der Immobilie erhalten Sie vom Anbieter.",5,140 m²,430 m²,4.064 €/m²,nil,nil,nil,nil,2,nil,Nein,"{'is24qa-gaeste-wc-label': '', 'is24qa-provisionsfrei-fuer-kaufende-label': ''}"
135qm Haus in Eppingen- Elsenz ! Auch ohne eigene Kapital,495.500 €,"75031 Eppingen, Heilbronn (Kreis)
Die vollständige Adresse der Immobilie erhalten Sie vom Anbieter.",5,135 m²,400 m²,3.670 €/m²,nil,0 m²,nil,4,2,2 Garagen,Nein,"{'is24qa-gaeste-wc-label': '', 'is24qa-provisionsfrei-fuer-kaufende-label': ''}"
Bauen Sie Ihr Traumhaus mit massa haus,358.500 €,"75031 Eppingen, Heilbronn (Kreis)
Die vollständige Adresse der Immobilie erhalten Sie vom Anbieter.",5,146 m²,400 m²,2.455 €/m²,nil,60 m²,nil,nil,2,nil,Nein,"{'is24qa-gaeste-wc-label': '', 'is24qa-keller-label': '', 'is24qa-provisionsfrei-fuer-kaufende-label': ''}"
Eigenheim in Zaberfeld! Bauen Sie jetzt mit Massa,625.400 €,"74374 Zaberfeld, Heilbronn (Kreis)
Die vollständige Adresse der Immobilie erhalten Sie vom Anbieter.",5,159 m²,360 m²,3.933 €/m²,nil,60 m²,nil,nil,2,nil,Nein,"{'is24qa-gaeste-wc-label': '', 'is24qa-keller-label': '', 'is24qa-provisionsfrei-fuer-kaufende-label': ''}"
Wohnen in Heilbronn! Bauen Sie jetzt mit massahaus,820.500 €,"Sontheim, 74072 Heilbronn
Die vollständige Adresse der Immobilie erhalten Sie vom Anbieter.",6,184 m²,400 m²,4.459 €/m²,nil,65 m²,nil,nil,2,2 Stellplätze,Nein,"{'is24qa-gaeste-wc-label': '', 'is24qa-keller-label': '', 'is24qa-provisionsfrei-fuer-kaufende-label': ''}"
Haus mit Grundstück in Wüstenrot ! Inklusive Individuellen Ausbau,630.000 €,"71543 Wüstenrot, Heilbronn (Kreis)
Die vollständige Adresse der Immobilie erhalten Sie vom Anbieter.",5,159 m²,40 m²,3.962 €/m²,Einfamilienhaus (freistehend),70 m²,nil,4,2,1 Garage,Nein,"{'is24qa-gaeste-wc-label': '', 'is24qa-keller-label': '', 'is24qa-provisionsfrei-fuer-kaufende-label': ''}"
Eigenheim in Güglingen! Bauen Sie jetzt mit Massa-Haus,645.000 €,"74363 Güglingen, Heilbronn (Kreis)
Die vollständige Adresse der Immobilie erhalten Sie vom Anbieter.",5,159 m²,1 m²,4.057 €/m²,Einfamilienhaus (freistehend),0 m²,nil,4,2,1 Stellplatz,Nein,"{'is24qa-gaeste-wc-label': '', 'is24qa-keller-label': '', 'is24qa-provisionsfrei-fuer-kaufende-label': ''}"
Eigenheim statt Miete!,591.990 €,"74397 Pfaffenhofen, Heilbronn (Kreis)
Die vollständige Adresse der Immobilie erhalten Sie vom Anbieter.",5,150 m²,380 m²,3.947 €/m²,nil,nil,nil,nil,nil,nil,Nein,"{'is24qa-gaeste-wc-label': '', 'is24qa-provisionsfrei-fuer-kaufende-label': ''}"
Zusammen bauen ist günstig!,518.400 €,"75031 Eppingen, Heilbronn (Kreis)
Die vollständige Adresse der Immobilie erhalten Sie vom Anbieter.",8,217 m²,450 m²,2.389 €/m²,Mehrfamilienhaus,nil,nil,6,2,3 Stellplätze,Nein,"{'is24qa-gaeste-wc-label': '', 'is24qa-provisionsfrei-fuer-kaufende-label': ''}"
Eigenheim statt Miete!,459.800 €,"75031 Eppingen, Heilbronn (Kreis)
Die vollständige Adresse der Immobilie erhalten Sie vom Anbieter.",5,146 m²,5 m²,3.149 €/m²,Einfamilienhaus (freistehend),65 m²,nil,4,2,1 Garage,Nein,"{'is24qa-gaeste-wc-label': '', 'is24qa-keller-label': '', 'is24qa-provisionsfrei-fuer-kaufende-label': ''}"
Ihr Bungalow als Altersvorsorge für das bequeme Leben im Alter!,528.900 €,"75031 Eppingen, Heilbronn (Kreis)
Die vollständige Adresse der Immobilie erhalten Sie vom Anbieter.",4,120 m²,450 m²,4.408 €/m²,nil,nil,nil,nil,2,nil,Nein,"{'is24qa-gaeste-wc-label': '', 'is24qa-provisionsfrei-fuer-kaufende-label': ''}"
Ihr Traumhaus von massahaus!,575.000 €,"75031 Eppingen, Heilbronn (Kreis)
Die vollständige Adresse der Immobilie erhalten Sie vom Anbieter.",6,182 m²,410 m²,3.159 €/m²,nil,nil,nil,nil,2,nil,Nein,"{'is24qa-gaeste-wc-label': '', 'is24qa-provisionsfrei-fuer-kaufende-label': ''}"
Dein Doppelhaus! Zusammen bauen und viel Sparen,485.800 €,"74389 Cleebronn, Heilbronn (Kreis)
Die vollständige Adresse der Immobilie erhalten Sie vom Anbieter.",4,135 m²,580 m²,3.599 €/m²,nil,55 m²,nil,4,1,nil,Nein,"{'is24qa-gaeste-wc-label': '', 'is24qa-keller-label': '', 'is24qa-provisionsfrei-fuer-kaufende-label': ''}"
Eigenheim statt Miete!,565.500 €,"74199 Untergruppenbach, Heilbronn (Kreis)
Die vollständige Adresse der Immobilie erhalten Sie vom Anbieter.",5,146 m²,5 m²,3.873 €/m²,Einfamilienhaus (freistehend),65 m²,nil,4,2,1 Garage,Nein,"{'is24qa-gaeste-wc-label': '', 'is24qa-keller-label': '', 'is24qa-provisionsfrei-fuer-kaufende-label': ''}"
Eigenheim statt Miete!,628.800 €,"75031 Eppingen, Heilbronn (Kreis)
Die vollständige Adresse der Immobilie erhalten Sie vom Anbieter.",5,146 m²,5 m²,4.307 €/m²,Einfamilienhaus (freistehend),65 m²,nil,4,2,1 Garage,Nein,"{'is24qa-gaeste-wc-label': '', 'is24qa-keller-label': '', 'is24qa-provisionsfrei-fuer-kaufende-label': ''}"
Eigenheim auch ohne Eigenkapital - massahaus macht es möglich,598.000 €,"75050 Gemmingen, Heilbronn (Kreis)
Die vollständige Adresse der Immobilie erhalten Sie vom Anbieter.",5,162 m²,390 m²,3.691 €/m²,Einfamilienhaus (freistehend),nil,nil,4,2,1 Garage,Nein,"{'is24qa-gaeste-wc-label': '', 'is24qa-provisionsfrei-fuer-kaufende-label': ''}"
Dein Doppelhaus! Zusammen bauen um dabei zu Sparen,765.500 €,"75031 Eppingen, Heilbronn (Kreis)
Die vollständige Adresse der Immobilie erhalten Sie vom Anbieter.",4,280 m²,580 m²,2.734 €/m²,nil,nil,nil,4,1,nil,Nein,"{'is24qa-gaeste-wc-label': '', 'is24qa-provisionsfrei-fuer-kaufende-label': ''}"
Dein Doppelhaus! Zusammen bauen und viel Sparen,868.500 €,"75031 Eppingen, Heilbronn (Kreis)
Die vollständige Adresse der Immobilie erhalten Sie vom Anbieter.",4,280 m²,580 m²,3.102 €/m²,nil,55 m²,nil,4,1,nil,Nein,"{'is24qa-gaeste-wc-label': '', 'is24qa-keller-label': '', 'is24qa-provisionsfrei-fuer-kaufende-label': ''}"
Eigenheim auch ohne Eigenkapital - massahaus macht es möglich,728.500 €,"74380 Neckarwestheim, Heilbronn (Kreis)
Die vollständige Adresse der Immobilie erhalten Sie vom Anbieter.",6,165 m²,390 m²,4.415 €/m²,nil,60 m²,nil,nil,2,nil,Nein,"{'is24qa-gaeste-wc-label': '', 'is24qa-keller-label': '', 'is24qa-provisionsfrei-fuer-kaufende-label': ''}"
Haus mit Walmdach! Inklusiv Photovoltaikanlage,598.500 €,"74397 Pfaffenhofen, Heilbronn (Kreis)
Die vollständige Adresse der Immobilie erhalten Sie vom Anbieter.",5,148 m²,380 m²,4.044 €/m²,Einfamilienhaus (freistehend),nil,nil,nil,2,nil,Nein,"{'is24qa-gaeste-wc-label': '', 'is24qa-provisionsfrei-fuer-kaufende-label': ''}"
Dein Haus in Ittlingen - Individuell Planbar,629.000 €,"74930 Ittlingen, Heilbronn (Kreis)
Die vollständige Adresse der Immobilie erhalten Sie vom Anbieter.",5,184 m²,600 m²,3.418 €/m²,Einfamilienhaus (freistehend),nil,nil,4,2,1 Garage,Nein,"{'is24qa-gaeste-wc-label': '', 'is24qa-keller-label': '', 'is24qa-provisionsfrei-fuer-kaufende-label': ''}"
Dein Haus in Ittlingen - massahaus macht es möglich,569.900 €,"74930 Ittlingen, Heilbronn (Kreis)
Die vollständige Adresse der Immobilie erhalten Sie vom Anbieter.",5,162 m²,600 m²,3.518 €/m²,Einfamilienhaus (freistehend),nil,nil,4,2,1 Garage,Nein,"{'is24qa-gaeste-wc-label': '', 'is24qa-provisionsfrei-fuer-kaufende-label': ''}"
Dein 5 Zimmer Haus Individuell bauen! Inkl. Photovoltaikanlage,482.800 €,"75031 Eppingen, Heilbronn (Kreis)
Die vollständige Adresse der Immobilie erhalten Sie vom Anbieter.",5,142 m²,340 m²,3.400 €/m²,nil,nil,nil,3,1,nil,Nein,"{'is24qa-gaeste-wc-label': '', 'is24qa-provisionsfrei-fuer-kaufende-label': ''}"
Eigenheim in Schwaigern! Jetzt Energieeffizient mit massahaus bauen,628.500 €,"74193 Schwaigern, Heilbronn (Kreis)
Die vollständige Adresse der Immobilie erhalten Sie vom Anbieter.",5,146 m²,390 m²,4.305 €/m²,Einfamilienhaus (freistehend),60 m²,nil,4,2,1 Stellplatz,Nein,"{'is24qa-gaeste-wc-label': '', 'is24qa-keller-label': '', 'is24qa-provisionsfrei-fuer-kaufende-label': ''}"
Eigenheim auch ohne Eigenkapital - massahaus macht es möglich,655.850 €,"74360 Ilsfeld, Heilbronn (Kreis)
Die vollständige Adresse der Immobilie erhalten Sie vom Anbieter.",5,162 m²,390 m²,4.048 €/m²,Einfamilienhaus (freistehend),nil,nil,4,2,1 Garage,Nein,"{'is24qa-gaeste-wc-label': '', 'is24qa-provisionsfrei-fuer-kaufende-label': ''}"
Ausbauhaus gestalte was deins ist! Individuelle Ausbau Möglichkeiten,231.500 €,"75031 Eppingen, Heilbronn (Kreis)
Die vollständige Adresse der Immobilie erhalten Sie vom Anbieter.",6,179 m²,36 m²,1.293 €/m²,nil,75 m²,nil,nil,2,nil,Nein,"{'is24qa-gaeste-wc-label': '', 'is24qa-keller-label': '', 'is24qa-provisionsfrei-fuer-kaufende-label': ''}"
Haus mit Einliegerwohnung! Inkl. Individuelle Ausbaumöglichkeiten,695.850 €,"75031 Eppingen, Heilbronn (Kreis)
Die vollständige Adresse der Immobilie erhalten Sie vom Anbieter.",5,220 m²,520 m²,3.163 €/m²,Einfamilienhaus (freistehend),nil,nil,4,1,1 Stellplatz,Nein,"{'is24qa-gaeste-wc-label': '', 'is24qa-provisionsfrei-fuer-kaufende-label': ''}"
Haus mit Walmdach! Inklusiv Individuellen Ausbau Möglichkeiten,569.500 €,"75031 Eppingen, Heilbronn (Kreis)
Die vollständige Adresse der Immobilie erhalten Sie vom Anbieter.",5,145 m²,450 m²,3.928 €/m²,Einfamilienhaus (freistehend),nil,nil,nil,2,nil,Nein,"{'is24qa-gaeste-wc-label': '', 'is24qa-provisionsfrei-fuer-kaufende-label': ''}"
2 Generationen unter einem Dach!,595.500 €,"75031 Eppingen, Heilbronn (Kreis)
Die vollständige Adresse der Immobilie erhalten Sie vom Anbieter.",5,215 m²,470 m²,2.770 €/m²,Einfamilienhaus (freistehend),nil,nil,4,1,1 Stellplatz,Nein,"{'is24qa-gaeste-wc-label': '', 'is24qa-provisionsfrei-fuer-kaufende-label': ''}"
Dein Eigenheim mit massahaus Realisieren! Zukünftig orientiert bauen,582.900 €,"71717 Beilstein, Heilbronn (Kreis)
Die vollständige Adresse der Immobilie erhalten Sie vom Anbieter.",5,146 m²,400 m²,3.992 €/m²,nil,65 m²,nil,5,1,nil,Nein,"{'is24qa-gaeste-wc-label': '', 'is24qa-keller-label': '', 'is24qa-provisionsfrei-fuer-kaufende-label': ''}"
Eigenheim auch ohne Eigenkapital - massahaus macht es möglich,798.500 €,"74199 Untergruppenbach, Heilbronn (Kreis)
Die vollständige Adresse der Immobilie erhalten Sie vom Anbieter.",6,165 m²,390 m²,4.839 €/m²,nil,60 m²,nil,nil,2,nil,Nein,"{'is24qa-gaeste-wc-label': '', 'is24qa-keller-label': '', 'is24qa-provisionsfrei-fuer-kaufende-label': ''}"
Ausbauhaus auf Bodenplatte in Eppingen-Elsenz,154.500 €,"75031 Eppingen, Heilbronn (Kreis)
Die vollständige Adresse der Immobilie erhalten Sie vom Anbieter.",5,162 m²,10 m²,954 €/m²,Einfamilienhaus (freistehend),nil,nil,4,2,1 Garage,Nein,"{'is24qa-gaeste-wc-label': '', 'is24qa-provisionsfrei-fuer-kaufende-label': ''}"
Dein Haus in Eppingen-Elsenz! Auch ohne Kapital,569.590 €,"75031 Eppingen, Heilbronn (Kreis)
Die vollständige Adresse der Immobilie erhalten Sie vom Anbieter.",6,184 m²,430 m²,3.096 €/m²,nil,65 m²,nil,nil,2,2 Garagen,Nein,"{'is24qa-gaeste-wc-label': '', 'is24qa-provisionsfrei-fuer-kaufende-label': ''}"
Mehrgeneration Haus auf Bodenplatte mit Grundstück!,658.900 €,"74199 Untergruppenbach, Heilbronn (Kreis)
Die vollständige Adresse der Immobilie erhalten Sie vom Anbieter.",10,220 m²,530 m²,2.995 €/m²,Mehrfamilienhaus,nil,nil,6,2,3 Stellplätze,Nein,"{'is24qa-gaeste-wc-label': '', 'is24qa-provisionsfrei-fuer-kaufende-label': ''}"
