title,price,address,rooms,living_space,property_area,price_per_m2,type,usable_area,available_from,bedrooms,bathrooms,garage_parking,buyer_commission,criteriagroup_boolean_listing
Familienfreundlicher Atrium-Bungalow mit 4 Zimmern in schöner Wohnlage in Wedel,495.000 €,"22880 Wedel, Pinneberg (Kreis)
Die vollständige Adresse der Immobilie erhalten Sie vom Anbieter.",4,"146,27 m²",340 m²,3.384 €/m²,Reihenmittelhaus,nil,nil,nil,2,nil,"3,57 %",{}
Familienfreundliche Doppelhaushälfte,350.000 €,"Hasseldieksdamm, 24109 Kiel
Die vollständige Adresse der Immobilie erhalten Sie vom Anbieter.",4,100 m²,924 m²,3.500 €/m²,Einfamilienhaus (freistehend),nil,sofort,nil,nil,nil,"Die Courtage auf den beurkundeten Kaufpreis beträgt 3,15 % inklusive Mehrwertsteuer.",{}
Exklusives Endreihenhaus mit Wohnkeller in Top-Wohnlage von Reinbek -ohne Käufercourtage-,635.000 €,"21465 Reinbek, Stormarn (Kreis)
Die vollständige Adresse der Immobilie erhalten Sie vom Anbieter.",4,100 m²,348 m²,6.350 €/m²,Reiheneckhaus,52 m²,nach Absprache,3,2,2 Außenstellplätze,Nein,"{'is24qa-gaeste-wc-label': '', 'is24qa-keller-label': '', 'is24qa-stufenloser-zugang-label': '', 'is24qa-provisionsfrei-fuer-kaufende-label': ''}"
Charmantes Einfamilienhaus in idyllischer Feldrandlage!,330.000 €,"23701 Süsel, Ostholstein (Kreis)
Die vollständige Adresse der Immobilie erhalten Sie vom Anbieter.",5,145 m²,514 m²,2.276 €/m²,Einfamilienhaus (freistehend),nil,nil,4,2,Carport,"3,57 % (inkl. MwSt.) vom Kaufpreis",{'is24qa-keller-label': ''}
Landleben in der Alten Dorfschule am Westensee,680.000 €,"24259 Westensee, Rendsburg-Eckernförde (Kreis)
Die vollständige Adresse der Immobilie erhalten Sie vom Anbieter.",7,315 m²,1.400 m²,2.159 €/m²,Bauernhaus,nil,nil,nil,nil,nil,"3,57",{}
Einzigartiger Landsitz an der Nordsee vor Sylt,610.000 €,"25924 Emmelsbüll-Horsbüll, Nordfriesland (Kreis)
Die vollständige Adresse der Immobilie erhalten Sie vom Anbieter.",9,210 m²,1.347 m²,2.905 €/m²,Besondere Immobilie,nil,nil,6,3,nil,"3,57",{}
Energieeffizientes Architektenhaus in Sackgassenend- & Feldrandlage mit diversen Vorzügen,479.000 €,"24850 Hüsby, Schleswig-Flensburg (Kreis)
Die vollständige Adresse der Immobilie erhalten Sie vom Anbieter.",6,238 m²,1.073 m²,2.013 €/m²,Einfamilienhaus (freistehend),nil,nil,nil,3,Garage,"3,57","{'is24qa-gaeste-wc-label': '', 'is24qa-keller-label': ''}"
Exklusives Ferienhaus in skandinavischer Architektur mit Panorama-Ostseeblick,625.000 €,"24376 Kappeln, Schleswig-Flensburg (Kreis)
Die vollständige Adresse der Immobilie erhalten Sie vom Anbieter.",4,93 m²,2.738 m²,6.720 €/m²,Reiheneckhaus,nil,nil,nil,nil,1 Stellplatz,"3,57",{}
Norderstedt - Harksheide | Wunderschönes Einfamilienhaus mit herrlicher Empore in grüner Top-Lage,549.000 €,"22850 Norderstedt, Segeberg (Kreis)
Die vollständige Adresse der Immobilie erhalten Sie vom Anbieter.",6,"149,81 m²",642 m²,3.665 €/m²,Einfamilienhaus (freistehend),35 m²,nil,4,2,2 Carports,3.57% inkl. gesetzlicher MwSt. (Käuferprovision) Gleiche Courtage erhalten wir auch vom Verkäufer.,{'is24qa-keller-label': ''}
"Großes und schönes Einfamilienhaus, Hamburger Einzugsgebiet, ruhige Sackgassen-/Feldrandlage",789.000 €,"23866 Nahe, Segeberg (Kreis)
Die vollständige Adresse der Immobilie erhalten Sie vom Anbieter.",7,214 m²,871 m²,3.687 €/m²,Einfamilienhaus (freistehend),130 m²,nil,4,3,2 Garagen,Nein,"{'is24qa-keller-label': '', 'is24qa-einliegerwohnung-label': '', 'is24qa-provisionsfrei-fuer-kaufende-label': ''}"
ULI VOGELER GmbH - NEUBAU - ERSTBEZUG - DOPPELHAUSHÄLFTE MIT SÜD-/WEST-TERRASSE UND GARTEN,599.000 €,"Datumer Chaussee 160 b,
25421 Pinneberg, Pinneberg (Kreis)",4,161 m²,347 m²,3.720 €/m²,Doppelhaushälfte,nil,nach Vereinbarung,3,2,2 Außenstellplätze,"in Höhe von 3,125 % vom Kaufpreis inkl. MwSt.",{'is24qa-gaeste-wc-label': ''}
Exklusives und lichtdurchflutetes Ferienhaus mit schön angelegtem Grundstück und Gartenhaus,189.500 €,"23779 Neukirchen, Ostholstein (Kreis)
Die vollständige Adresse der Immobilie erhalten Sie vom Anbieter.",3,40 m²,280 m²,4.738 €/m²,Einfamilienhaus (freistehend),nil,nach Vereinbarung,2,1,1 Außenstellplatz,"3,57% des Kaufpreises inkl. MwSt.",{'is24qa-als-ferienhaus-geeignet-label': ''}
"Ein Traumhaus mit idyllischem Garten und viel Platz zum Wohnen, Leben und Arbeiten",1.999.000 €,"25826 Sankt Peter-Ording, Nordfriesland (Kreis)
Die vollständige Adresse der Immobilie erhalten Sie vom Anbieter.",7,270 m²,1.500 m²,7.404 €/m²,Einfamilienhaus (freistehend),nil,nil,5,2,5 Garagen,Nein,"{'is24qa-gaeste-wc-label': '', 'is24qa-stufenloser-zugang-label': '', 'is24qa-provisionsfrei-fuer-kaufende-label': ''}"
"Aufwendig saniertes, reetgedecktes Friesenhaus von 1787",Auf Anfrage,"25980 Sylt (Gemeinde), Nordfriesland (Kreis)
Die vollständige Adresse der Immobilie erhalten Sie vom Anbieter.",10,219 m²,1.180 m²,nil,Einfamilienhaus (freistehend),219 m²,nil,8,4,2 Außenstellplätze,Nein,"{'is24qa-gaeste-wc-label': '', 'is24qa-stufenloser-zugang-label': '', 'is24qa-provisionsfrei-fuer-kaufende-label': ''}"
Zentral gelegener Neubau von 4 - 8 Einheiten - frei gestaltbar,6.500.000 €,"25980 Sylt (Gemeinde), Nordfriesland (Kreis)
Die vollständige Adresse der Immobilie erhalten Sie vom Anbieter.",12,574 m²,660 m²,11.324 €/m²,Mehrfamilienhaus,nil,Sofort,8,8,8 Duplex-Stellplätze,Nein,{'is24qa-provisionsfrei-fuer-kaufende-label': ''}
Architektenhaus in Waldrandlage,795.000 €,"23626 Ratekau, Ostholstein (Kreis)
Die vollständige Adresse der Immobilie erhalten Sie vom Anbieter.",6,361 m²,1.060 m²,2.202 €/m²,Einfamilienhaus (freistehend),nil,nach Vereinbarung,nil,2,Carport,"3,57 % inkl. MwSt.",{}
Großzügiges Einfamilienhaus in ruhiger Lage in Nordseenähe *Provisionsfrei*,699.000 €,"Schimmelreiterweg 4,
25813 Husum, Nordfriesland (Kreis)",6,228 m²,823 m²,3.066 €/m²,Einfamilienhaus (freistehend),nil,01.09.2024,nil,2,2 Garagen,Nein,"{'is24qa-gaeste-wc-label': '', 'is24qa-stufenloser-zugang-label': '', 'is24qa-provisionsfrei-fuer-kaufende-label': ''}"
"EFH mit Südterrasse, Kamin und Garage | Großes Grundstück | Grünes Wohnviertel | Top-ÖPNV",599.000 €,"22851 Norderstedt, Segeberg (Kreis)
Die vollständige Adresse der Immobilie erhalten Sie vom Anbieter.",6,130 m²,978 m²,4.608 €/m²,Einfamilienhaus (freistehend),0 m²,nil,5,1,2 Garagen,"3,00% vom Kaufpreis inkl. MwSt.","{'is24qa-gaeste-wc-label': '', 'is24qa-keller-label': ''}"
*Visionäre gesucht* *Großes ehemaliges Bauernhaus mit Potential* **bestehende Bauvoranfrage,288.000 €,"25348 Glückstadt, Steinburg (Kreis)
Die vollständige Adresse der Immobilie erhalten Sie vom Anbieter.",7,"244,92 m²",1.557 m²,1.176 €/m²,Bauernhaus,nil,Nach Vereinbarung,1,1,8 Außenstellplätze,"3,57 % inkl. MwSt",{'is24qa-gaeste-wc-label': ''}
"Endhaus im KfW 40 Standard! Machen Sie Urlaub zu Hause, in Kappeln an der Schlei!",474.900 €,"Borkumer Straße 34,
24376 Kappeln, Schleswig-Flensburg (Kreis)",3,110 m²,297 m²,4.317 €/m²,Bungalow,"5,7 m²",Sofort,2,2,1 Außenstellplatz,Nein,"{'is24qa-gaeste-wc-label': '', 'is24qa-stufenloser-zugang-label': '', 'is24qa-provisionsfrei-fuer-kaufende-label': ''}"
Frühlings-Aktionspreis! Voll ausgestattetes Musterhaus! KfW Standard EH 40!,589.900 €,"Borkumer Straße 34,
24376 Kappeln, Schleswig-Flensburg (Kreis)",4,171 m²,249 m²,3.450 €/m²,Bungalow,"6,8 m²",Sofort,2,2,2 Außenstellplätze,Nein,"{'is24qa-gaeste-wc-label': '', 'is24qa-provisionsfrei-fuer-kaufende-label': ''}"
Musterhaus! KfW Standard EH 40! Machen Sie Urlaub zu Hause in Kappeln an der Schlei!,504.900 €,"Borkumer Straße 34,
24376 Kappeln, Schleswig-Flensburg (Kreis)",3,113 m²,250 m²,4.468 €/m²,Bungalow,"5,7 m²",Sofort,2,2,1 Außenstellplatz,Nein,"{'is24qa-gaeste-wc-label': '', 'is24qa-stufenloser-zugang-label': '', 'is24qa-provisionsfrei-fuer-kaufende-label': ''}"
