title,price,address,rooms,living_space,property_area,price_per_m2,type,usable_area,available_from,bedrooms,bathrooms,garage_parking,buyer_commission,criteriagroup_boolean_listing
individuelles Einfamilienhaus in Neunkirchen-Seelscheid / Birkenfeld,748.500 €,"53819 Neunkirchen-Seelscheid, Rhein-Sieg-Kreis
Die vollständige Adresse der Immobilie erhalten Sie vom Anbieter.",5,160 m²,458 m²,4.678 €/m²,nil,nil,nil,4,2,nil,Nein,"{'is24qa-gaeste-wc-label': '', 'is24qa-provisionsfrei-fuer-kaufende-label': ''}"
Vorstadtvilla mit Pool in Randlage,795.000 €,"Dr.-Lincke-Weg 38,
33175 Bad Lippspringe, Paderborn (Kreis)",5,150 m²,572 m²,5.300 €/m²,Einfamilienhaus (freistehend),nil,ab sofort,nil,nil,nil,nil,{}
Anlageobjekt im Essener Süden. Sorglos investieren!,1.095.000 €,"Frankenstr. 88,
Rellinghausen, 45134 Essen",25,443 m²,854 m²,2.472 €/m²,Mehrfamilienhaus,nil,nil,nil,nil,nil,Nein,{'is24qa-provisionsfrei-fuer-kaufende-label': ''}
Charmanter Altbau mit zwei Wohneinheiten und Studio,1.180.000 €,"Poll, 51105 Köln
Die vollständige Adresse der Immobilie erhalten Sie vom Anbieter.",8,200 m²,240 m²,5.900 €/m²,Wohnimmobilie (sonstige),100 m²,nach Vereinbarung,nil,nil,2 Stellplätze,"3,57% des Kaufpreises",{'is24qa-einliegerwohnung-label': ''}
"Ruhe-Oase mit Einbauküche, Kamin, Garten, Balkon",349.000 €,"Eicken, 41063 Mönchengladbach
Die vollständige Adresse der Immobilie erhalten Sie vom Anbieter.",6,150 m²,130 m²,2.327 €/m²,Reihenmittelhaus,nil,nach Absprache,4,1,nil,"3,57% inkl. MWSt.","{'is24qa-gaeste-wc-label': '', 'is24qa-keller-label': ''}"
Super gepflegte Doppelhaushälfte mit Traumgarten im Zentrum Wickrath,339.000 €,"Wickrath-Mitte, 41189 Mönchengladbach
Die vollständige Adresse der Immobilie erhalten Sie vom Anbieter.",8,170 m²,512 m²,1.994 €/m²,Einfamilienhaus (freistehend),nil,nach Vereinbrung,nil,nil,nil,"3,57 % inkl. MwSt.",{}
Stark Sanierungsbedürftiges Haus in Wickrath,109.000 €,"Wickrath-Mitte, 41189 Mönchengladbach
Die vollständige Adresse der Immobilie erhalten Sie vom Anbieter.",5,100 m²,346 m²,1.090 €/m²,Einfamilienhaus (freistehend),nil,sofort,3,1,nil,3.57 %,{'is24qa-keller-label': ''}
Reiheneckhaus in ruhiger Lage von Stolberg - Verkauf im Gebotsverfahren - Provisionsfrei,259.000 €,"Elsaßstraße 16,
52222 Stolberg (Rheinland), Aachen (Kreis)",7,225 m²,262 m²,1.151 €/m²,Reiheneckhaus,80 m²,sofort,5,2,1 Garage,Dieses Angebot ist für den Käufer Provisionsfrei!,"{'is24qa-gaeste-wc-label': '', 'is24qa-keller-label': ''}"
Sehr geräumiges Eckhaus mit Garage im Zentrum der deutschen Grenzstadt Suderwick.,278.000 €,"Zum Kampken 1,
46399 Bocholt, Borken (Kreis)",5,107 m²,317 m²,2.598 €/m²,Reiheneckhaus,75 m²,nil,3,1,1 Garage,Nein,"{'is24qa-gaeste-wc-label': '', 'is24qa-keller-label': '', 'is24qa-provisionsfrei-fuer-kaufende-label': ''}"
"Einfamilienhaus in ruhiger, begehrter Wohnlage von Herford!",325.000 €,"32049 Herford, Herford (Kreis)
Die vollständige Adresse der Immobilie erhalten Sie vom Anbieter.",7,128 m²,644 m²,2.539 €/m²,Einfamilienhaus (freistehend),37 m²,nach Absprache,4,2,3 Garagen,"11.602,50 €",{'is24qa-keller-label': ''}
Haus mit einem Grundstück von 810m² in Neuss zu verkaufen - provisionsfrei & auf Verhandlungsbasis,410.000 €,"Furth Süd, 41462 Neuss
Die vollständige Adresse der Immobilie erhalten Sie vom Anbieter.",7,150 m²,810 m²,2.733 €/m²,Einfamilienhaus (freistehend),nil,17.6.2024,5,3,2 Garagen,Nein,"{'is24qa-keller-label': '', 'is24qa-vermietet-label': '', 'is24qa-provisionsfrei-fuer-kaufende-label': ''}"
Renoviertes Einfamilienhaus in Duisburg Hochheide,330.000 €,"Prinzenstraße 58,
Hochheide, 47198 Duisburg",4,102 m²,137 m²,3.235 €/m²,Reihenmittelhaus,nil,Nach Absprache,3,1,nil,"3,57% inkl. MwSt. vom notariell beurkundeten Kaufpreis",{'is24qa-keller-label': ''}
Ein besonderes Schmuckstück mit großem Garten und Teich in Oberndorf zu verkaufen,249.500 €,"57334 Bad Laasphe, Siegen-Wittgenstein (Kreis)
Die vollständige Adresse der Immobilie erhalten Sie vom Anbieter.",4,109 m²,1.812 m²,2.289 €/m²,Einfamilienhaus (freistehend),nil,nil,nil,nil,nil,"3,57 %exkl. MwSt",{}
Komfortables Wohnen auf einer Ebene *** 4141 G Bungalow in Gütersloh-Kattenstroth,280.000 €,"Innenstadt-Kattenstroth, 33330 Gütersloh
Die vollständige Adresse der Immobilie erhalten Sie vom Anbieter.",3,103 m²,251 m²,2.718 €/m²,Bungalow,nil,nil,nil,nil,nil,"3,57 % inkl. ges. MwSt.","{'is24qa-gaeste-wc-label': '', 'is24qa-keller-label': ''}"
"Blömker! Spannendes Bauprojekt in Frintrop: 3 Gebäude, großes Grundstück, Garagenhof möglich!",595.000 €,"Frintrop, 45359 Essen
Die vollständige Adresse der Immobilie erhalten Sie vom Anbieter.",6,"598,07 m²","5.814,81 m²",995 €/m²,Einfamilienhaus (freistehend),nil,sofort,nil,nil,nil,"5,99 % inkl. 19% MwSt. vom Verkaufspreis",{}
Netphen: Gepflegte Immobilie mit 2 Wohnungen,325.000 €,"57250 Netphen, Siegen-Wittgenstein (Kreis)
Die vollständige Adresse der Immobilie erhalten Sie vom Anbieter.",8,216 m²,624 m²,1.505 €/m²,Einfamilienhaus (freistehend),nil,sofort,5,2,2 Außenstellplätze,"3,57 % inkl. MwSt",{'is24qa-einliegerwohnung-label': ''}
Charmantes Haus am Waldesrand,380.000 €,"Grenzweg 12,
Siegen, 57072 Siegen",6,170 m²,640 m²,2.235 €/m²,Einfamilienhaus (freistehend),nil,1.9.2024,3,2,3 Stellplätze,Nein,"{'is24qa-gaeste-wc-label': '', 'is24qa-keller-label': '', 'is24qa-einliegerwohnung-label': '', 'is24qa-provisionsfrei-fuer-kaufende-label': ''}"
Mehrfamilienhaus in Zentraler Lage von Burgsteinfurt,395.000 €,"48565 Steinfurt, Steinfurt (Kreis)
Die vollständige Adresse der Immobilie erhalten Sie vom Anbieter.",6,180 m²,456 m²,2.194 €/m²,Mehrfamilienhaus,nil,nil,4,2,nil,"5,95% inkl. Mehrwertsteuer",{}
Offen für Angebote: 6.5-Zimmer Haus in Petershagen,315.000 €,"32469 Petershagen, Minden-Lübbecke (Kreis)
Die vollständige Adresse der Immobilie erhalten Sie vom Anbieter.","6,5",250 m²,1.000 m²,1.260 €/m²,Bungalow,nil,nil,nil,nil,nil,nil,{}
Bauen Sie mit Elbe-Haus in Euskirchen-Frauenberg. Hier wachsen Ihre Kinder ruhig und friedlich auf.,624.512 €,"53881 Euskirchen, Euskirchen (Kreis)
Die vollständige Adresse der Immobilie erhalten Sie vom Anbieter.",5,150 m²,572 m²,4.163 €/m²,Einfamilienhaus (freistehend),158 m²,nil,nil,nil,nil,Nein,{'is24qa-provisionsfrei-fuer-kaufende-label': ''}
Bauen Sie mit Elbe-Haus in Euskirchen-Frauenberg. Hier wachsen Ihre Kinder ruhig und friedlich auf.,504.405 €,"53881 Euskirchen, Euskirchen (Kreis)
Die vollständige Adresse der Immobilie erhalten Sie vom Anbieter.",5,130 m²,443 m²,3.880 €/m²,Einfamilienhaus (freistehend),139 m²,nil,nil,nil,nil,Nein,{'is24qa-provisionsfrei-fuer-kaufende-label': ''}
Bauen Sie mit Elbe-Haus in Euskirchen-Frauenberg. Hier wachsen Ihre Kinder ruhig und friedlich auf.,575.976 €,"53881 Euskirchen, Euskirchen (Kreis)
Die vollständige Adresse der Immobilie erhalten Sie vom Anbieter.",4,130 m²,533 m²,4.431 €/m²,Einfamilienhaus (freistehend),132 m²,nil,nil,nil,nil,Nein,{'is24qa-provisionsfrei-fuer-kaufende-label': ''}
DHH Doppelhaushälfte am Feldrand,750.000 €,"52477 Alsdorf, Aachen (Kreis)
Die vollständige Adresse der Immobilie erhalten Sie vom Anbieter.",6,200 m²,600 m²,3.750 €/m²,Doppelhaushälfte,nil,nil,nil,nil,nil,Nein,"{'is24qa-einliegerwohnung-label': '', 'is24qa-provisionsfrei-fuer-kaufende-label': ''}"
neues Wohnen für Single und Paare,Auf Anfrage,"53940 Hellenthal, Euskirchen (Kreis)
Die vollständige Adresse der Immobilie erhalten Sie vom Anbieter.",6,200 m²,520 m²,nil,Doppelhaushälfte,100 m²,nil,nil,nil,nil,Nein,{'is24qa-provisionsfrei-fuer-kaufende-label': ''}
Bauen Sie mit Elbe-Haus® Ihre maßgeschneiderte Doppelhaushälfte in Alfter !,558.226 €,"53347 Alfter, Rhein-Sieg-Kreis
Die vollständige Adresse der Immobilie erhalten Sie vom Anbieter.",4,130 m²,340 m²,4.294 €/m²,Doppelhaushälfte,137 m²,nil,3,nil,nil,Nein,{'is24qa-provisionsfrei-fuer-kaufende-label': ''}
Attraktiver Bungalow in ruhiger Lage nahe Zülpich mit bezahlbarem Grundstück,344.800 €,"53909 Zülpich, Euskirchen (Kreis)
Die vollständige Adresse der Immobilie erhalten Sie vom Anbieter.",3,69 m²,320 m²,4.997 €/m²,Einfamilienhaus (freistehend),70 m²,nil,1,1,2 Carports,Nein,"{'is24qa-stufenloser-zugang-label': '', 'is24qa-provisionsfrei-fuer-kaufende-label': ''}"
Bauen mit Elbe-Haus® in Bad Münstereifel! Wellness inkl.! Bungalow mit IR-Sauna für Wohlfühlstunden!,440.000 €,"53905 Bad Münstereifel, Euskirchen (Kreis)
Die vollständige Adresse der Immobilie erhalten Sie vom Anbieter.","3,5",101 m²,820 m²,4.356 €/m²,Bungalow,103 m²,nil,2,2,nil,Nein,{'is24qa-provisionsfrei-fuer-kaufende-label': ''}
Bauen mit Elbe-Haus®! Für die große Familie oder als Investitionsobjekt! 2-FH - tolles Raumangebot.,855.000 €,"53905 Bad Münstereifel, Euskirchen (Kreis)
Die vollständige Adresse der Immobilie erhalten Sie vom Anbieter.",8,255 m²,820 m²,3.353 €/m²,Mehrfamilienhaus,265 m²,nil,7,3,nil,Nein,{'is24qa-provisionsfrei-fuer-kaufende-label': ''}
Bauen mit Elbe-Haus®! Für große Familien oder als Investitionsobjekt! 2-FH - tolles Raumangebot.,690.000 €,"53905 Bad Münstereifel, Euskirchen (Kreis)
Die vollständige Adresse der Immobilie erhalten Sie vom Anbieter.",10,210 m²,820 m²,3.286 €/m²,Mehrfamilienhaus,220 m²,nil,6,2,nil,Nein,{'is24qa-provisionsfrei-fuer-kaufende-label': ''}
Bauen mit Elbe-Haus® in Bad Münstereifel! Es bleiben keine Wünsche offen. Haus für Individualisten.,876.000 €,"53905 Bad Münstereifel, Euskirchen (Kreis)
Die vollständige Adresse der Immobilie erhalten Sie vom Anbieter.","3,5",255 m²,820 m²,3.435 €/m²,Bungalow,270 m²,nil,2,2,nil,Nein,{'is24qa-provisionsfrei-fuer-kaufende-label': ''}
Bauen Sie mit Elbe-Haus® Ihr individuell geplantes Eigenheim -Effizienz 40- im Umland von Rheinbach!,454.808 €,"53902 Bad Münstereifel, Euskirchen (Kreis)
Die vollständige Adresse der Immobilie erhalten Sie vom Anbieter.",5,131 m²,450 m²,3.472 €/m²,Einfamilienhaus (freistehend),150 m²,nil,3,1,nil,Nein,{'is24qa-provisionsfrei-fuer-kaufende-label': ''}
Bauen Sie mit Elbe-Haus® Ihr maßgeschneidertes Eigenheim im Umland von Rheinbach! KFW40,453.628 €,"53902 Bad Münstereifel, Euskirchen (Kreis)
Die vollständige Adresse der Immobilie erhalten Sie vom Anbieter.",5,130 m²,450 m²,3.489 €/m²,Einfamilienhaus (freistehend),"138,51 m²",nil,3,1,nil,Nein,{'is24qa-provisionsfrei-fuer-kaufende-label': ''}
Bauen mit Elbe-Haus® Top Lage in Euskirchen zu einem Top Preis! Individuell geplante DHH mit großzüg,457.000 €,"53881 Euskirchen, Euskirchen (Kreis)
Die vollständige Adresse der Immobilie erhalten Sie vom Anbieter.",4,128 m²,220 m²,3.570 €/m²,Einfamilienhaus (freistehend),150 m²,nil,3,2,nil,Nein,{'is24qa-provisionsfrei-fuer-kaufende-label': ''}
Bauen Sie Ihr Traumhaus mit Elbe-Haus®. Schönes Grundstück in Mechernich/Katzvey,405.087 €,"53894 Mechernich, Euskirchen (Kreis)
Die vollständige Adresse der Immobilie erhalten Sie vom Anbieter.",5,116 m²,570 m²,3.492 €/m²,Einfamilienhaus (freistehend),134 m²,nil,3,1,nil,Nein,"{'is24qa-keller-label': '', 'is24qa-provisionsfrei-fuer-kaufende-label': ''}"
Leben Sie Ihren Traum und bauen mit Elbe Haus Ihr massives Eigenheim in Rheinbach Wormersdorf!,516.828 €,"53359 Rheinbach, Rhein-Sieg-Kreis
Die vollständige Adresse der Immobilie erhalten Sie vom Anbieter.",5,130 m²,433 m²,3.976 €/m²,Einfamilienhaus (freistehend),"138,51 m²",nil,3,1,nil,Nein,{'is24qa-provisionsfrei-fuer-kaufende-label': ''}
Bauen Sie mit Elbe-Haus® Ihr individuell geplantes Eigenheim -Effizienz 40- im Umland von Rheinbach!,454.808 €,"53902 Bad Münstereifel, Euskirchen (Kreis)
Die vollständige Adresse der Immobilie erhalten Sie vom Anbieter.",5,131 m²,450 m²,3.472 €/m²,Einfamilienhaus (freistehend),150 m²,nil,3,1,nil,Nein,{'is24qa-provisionsfrei-fuer-kaufende-label': ''}
Bauen Sie mit Elbe-Haus® Ihr maßgeschneidertes Eigenheim in Effizienz 40 im Umland von Rheinbach!,453.628 €,"53902 Bad Münstereifel, Euskirchen (Kreis)
Die vollständige Adresse der Immobilie erhalten Sie vom Anbieter.",5,130 m²,450 m²,3.489 €/m²,Einfamilienhaus (freistehend),"138,51 m²",nil,3,1,nil,Nein,{'is24qa-provisionsfrei-fuer-kaufende-label': ''}
Bauen nähe Zülpich auf voll erschlossenem Grundstück ? Frei geplant mit Festpreisgarantie 24 Monate.,538.295 €,"53909 Zülpich, Euskirchen (Kreis)
Die vollständige Adresse der Immobilie erhalten Sie vom Anbieter.",5,141 m²,423 m²,3.818 €/m²,Einfamilienhaus (freistehend),150 m²,nil,1,2,2 Garagen,Nein,"{'is24qa-stufenloser-zugang-label': '', 'is24qa-provisionsfrei-fuer-kaufende-label': ''}"
