title,price,address,rooms,living_space,property_area,price_per_m2,type,usable_area,available_from,bedrooms,bathrooms,garage_parking,buyer_commission,criteriagroup_boolean_listing
Idyllisches Landleben - Einfamilienhaus sucht kreative Hände zur Selbstverwirklichung,109.000 €,"16845 Sieversdorf-Hohenofen, Ostprignitz-Ruppin (Kreis)
Die vollständige Adresse der Immobilie erhalten Sie vom Anbieter.",3,70 m²,950 m²,1.557 €/m²,Einfamilienhaus (freistehend),nil,sofort,2,1,5 Außenstellplätze,"3,57 % inkl. MwSt.",{'is24qa-keller-label': ''}
"Hofanlage mit Einfamilienhaus, viel NG, Garage und Scheune zum Wohnen und Arbeiten in Löhsten",114.000 €,"04916 Herzberg/Elster, Elbe-Elster (Kreis)
Die vollständige Adresse der Immobilie erhalten Sie vom Anbieter.",5,130 m²,1.585 m²,877 €/m²,Einfamilienhaus (freistehend),nil,nil,nil,1,nil,"3,57 %",{'is24qa-gaeste-wc-label': ''}
Im schönen Havelland-Bungalowtyp in waldreicher Lage,200.000 €,"Bünsche 5,
14715 Milower Land, Havelland (Kreis)",2,76 m²,7.441 m²,2.632 €/m²,Bungalow,nil,sofort,1,1,2 Carports,"3,57 % inkl. MwSt.",{'is24qa-als-ferienhaus-geeignet-label': ''}
Außergewöhnlich und besonders – Einfamilienhaus mit Pool und idyllischem Garten,470.000 €,"15827 Blankenfelde-Mahlow, Teltow-Fläming (Kreis)
Die vollständige Adresse der Immobilie erhalten Sie vom Anbieter.",3,125 m²,1.240 m²,3.760 €/m²,Einfamilienhaus (freistehend),60 m²,nil,nil,nil,2 Carports,"3,5% incl. MwSt.",{'is24qa-keller-label': ''}
BAD WILSNACK - nur 1 Zugstunde von Berlin Eigentum erwerben! Ideal für Pendler,139.000 €,"19336 Bad Wilsnack, Prignitz (Kreis)
Die vollständige Adresse der Immobilie erhalten Sie vom Anbieter.",6,115 m²,727 m²,1.209 €/m²,Einfamilienhaus (freistehend),"193,2 m²",sofort,3,2,4 Garagen,"3,57 inkl. MwSt.","{'is24qa-keller-label': '', 'is24qa-als-ferienhaus-geeignet-label': ''}"
***Sonniges Häuschen auf wunderschönem Grundstück sucht nette Eigentümer***,209.000 €,"Elchstr. 6,
16567 Mühlenbecker Land, Oberhavel (Kreis)",2,67 m²,679 m²,3.119 €/m²,Bungalow,20 m²,nil,2,1,1 Garage,"3,57",{}
Einfamilienhaus auf Wassergrundstück in Westausrichtung und ruhiger Lage,890.000 €,"15754 Heidesee, Dahme-Spreewald (Kreis)
Die vollständige Adresse der Immobilie erhalten Sie vom Anbieter.",4,"114,15 m²",1.613 m²,7.797 €/m²,Einfamilienhaus (freistehend),"73,5 m²",nil,nil,nil,nil,"3,57 % inkl. der gesetzl. MwSt., bezogen auf den Kaufpreis",{}
Toplage See - massives Architektenhaus mit 3 Einheiten,855.000 €,"14612 Falkensee, Havelland (Kreis)
Die vollständige Adresse der Immobilie erhalten Sie vom Anbieter.",11,268 m²,822 m²,3.190 €/m²,Einfamilienhaus (freistehend),105 m²,nach Absprache,6,3,2 Garagen,"6,50 %","{'is24qa-gaeste-wc-label': '', 'is24qa-keller-label': ''}"
"Mehrgenerationenhaus, Mehrfamilienhaus, Wohnen & Arbeiten - Toplage See",855.000 €,"14612 Falkensee, Havelland (Kreis)
Die vollständige Adresse der Immobilie erhalten Sie vom Anbieter.",11,268 m²,822 m²,3.190 €/m²,Mehrfamilienhaus,105 m²,nach Absprache,6,3,2 Garagen,"6,50 %","{'is24qa-gaeste-wc-label': '', 'is24qa-keller-label': ''}"
Gewerbe und Wohnen mit Anschluss an die BAB 13,665.000 €,"01945 Ruhland, Oberspreewald-Lausitz (Kreis)
Die vollständige Adresse der Immobilie erhalten Sie vom Anbieter.",4,130 m²,2.953 m²,5.115 €/m²,nil,nil,nil,3,nil,20 Stellplätze,"7,14 % Käuferprovision (inkl. gesetzl. MwSt.)","{'is24qa-gaeste-wc-label': '', 'is24qa-keller-label': ''}"
*NEUE Gasheizung* Bezugsbereites Einfamilienhaus in freistehender Lage in Breddin,349.000 €,"16845 Breddin, Ostprignitz-Ruppin (Kreis)
Die vollständige Adresse der Immobilie erhalten Sie vom Anbieter.",7,209 m²,1.900 m²,1.670 €/m²,Einfamilienhaus (freistehend),nil,sofort,5,2,8 Carports,"3,57% inkl. MwSt","{'is24qa-gaeste-wc-label': '', 'is24qa-keller-label': ''}"
FANTASTISCHER VIERSEITHOF IN MÄRKISCH-LINDEN IDEAL FÜR VIER BIS ACHT FAMILIEN ALS WOHNPROJEKT,1.600.000 €,"16818 Märkisch Linden, Ostprignitz-Ruppin (Kreis)
Die vollständige Adresse der Immobilie erhalten Sie vom Anbieter.",16,"612,77 m²",4.751 m²,2.611 €/m²,Mehrfamilienhaus,"381,19 m²",nil,10,4,2 Außenstellplätze,Nein,"{'is24qa-gaeste-wc-label': '', 'is24qa-keller-label': '', 'is24qa-einliegerwohnung-label': '', 'is24qa-provisionsfrei-fuer-kaufende-label': ''}"
Beste Lage in der Innenstadt. Wunderschönes Einzeldenkmal voll vermietet,2.900.000 €,"Nördliche Innenstadt, 14467 Potsdam
Die vollständige Adresse der Immobilie erhalten Sie vom Anbieter.",48,844 m²,427 m²,3.436 €/m²,Mehrfamilienhaus,nil,nil,nil,nil,nil,"7,14 % inkl. MwSt. verdient und fällig mit notarieller Beurkundung",{'is24qa-vermietet-label': ''}
Einziehen und wohlfühlen - ganz einfach,461.500 €,"15366 Hoppegarten, Märkisch-Oderland (Kreis)
Die vollständige Adresse der Immobilie erhalten Sie vom Anbieter.",3,102 m²,412 m²,4.525 €/m²,Einfamilienhaus (freistehend),116 m²,nach Vereinbarung,nil,nil,nil,"3,57% inkl. MwSt.",{'is24qa-gaeste-wc-label': ''}
Charmantes Siedlungshaus vor den Toren Berlins!,845.000 €,"14532 Kleinmachnow, Potsdam-Mittelmark (Kreis)
Die vollständige Adresse der Immobilie erhalten Sie vom Anbieter.",5,133 m²,1.028 m²,6.353 €/m²,Einfamilienhaus (freistehend),48 m²,01.06.2024,3,2,2 Garagen,"3,57 % inkl. ges. MwSt.",{'is24qa-keller-label': ''}
Moderne Doppelhaushälfte,369.000 €,"16515 Oranienburg, Oberhavel (Kreis)
Die vollständige Adresse der Immobilie erhalten Sie vom Anbieter.",3,"88,7 m²",268 m²,4.160 €/m²,Doppelhaushälfte,nil,nil,nil,1,nil,"Die Käuferprovision beträgt 3,57 % des Kaufpreises inkl. 19% MwSt.",{}
Charmantes Domizil: Haus mit Pool und malerischer Teichlandschaft,376.000 €,"01993 Schipkau, Oberspreewald-Lausitz (Kreis)
Die vollständige Adresse der Immobilie erhalten Sie vom Anbieter.",6,140 m²,769 m²,2.686 €/m²,Einfamilienhaus (freistehend),nil,nil,nil,nil,8 Garagen,"3,5 % inkl. MwSt.",{'is24qa-gaeste-wc-label': ''}
Traditionelles Gebäude mit viel Potenzial!,295.000 €,"01983 Großräschen, Oberspreewald-Lausitz (Kreis)
Die vollständige Adresse der Immobilie erhalten Sie vom Anbieter.",7,525 m²,6.758 m²,562 €/m²,Mehrfamilienhaus,nil,nil,nil,nil,nil,"3,57 % inkl. ges. MwSt.",{}
"Leben, Lieben, Lachen - Hier!",569.212 €,"14542 Werder (Havel), Potsdam-Mittelmark (Kreis)
Die vollständige Adresse der Immobilie erhalten Sie vom Anbieter.",5,198 m²,600 m²,2.875 €/m²,Einfamilienhaus (freistehend),0 m²,nil,4,1,1 Stellplatz,Nein,"{'is24qa-gaeste-wc-label': '', 'is24qa-provisionsfrei-fuer-kaufende-label': ''}"
City Villa 1,389.000 €,"59354 Werneuchen, Barnim (Kreis)
Die vollständige Adresse der Immobilie erhalten Sie vom Anbieter.",6,"195,5 m²",424 m²,1.990 €/m²,Villa,nil,nil,4,2,nil,nil,"{'is24qa-gaeste-wc-label': '', 'is24qa-stufenloser-zugang-label': ''}"
"+++Wenn Träume in Erfüllung gehen, du mußt es nur TUN!+++Tel:0172/30 23 080",439.890 €,"15938 Golßen, Dahme-Spreewald (Kreis)
Die vollständige Adresse der Immobilie erhalten Sie vom Anbieter.",5,147 m²,441 m²,2.992 €/m²,Einfamilienhaus (freistehend),0 m²,nil,3,1,1 Stellplatz,Nein,"{'is24qa-gaeste-wc-label': '', 'is24qa-provisionsfrei-fuer-kaufende-label': ''}"
Eigenheim statt Miete! – Wunderschönes Traumhaus von Schwabenhaus,431.976 €,"15938 Golßen, Dahme-Spreewald (Kreis)
Die vollständige Adresse der Immobilie erhalten Sie vom Anbieter.",4,141 m²,441 m²,3.064 €/m²,Einfamilienhaus (freistehend),0 m²,nil,3,1,1 Stellplatz,Nein,"{'is24qa-gaeste-wc-label': '', 'is24qa-provisionsfrei-fuer-kaufende-label': ''}"
+++ Jetzt oder nie!?+++Tel:0172/30 23 080,385.689 €,"15938 Golßen, Dahme-Spreewald (Kreis)
Die vollständige Adresse der Immobilie erhalten Sie vom Anbieter.",4,119 m²,441 m²,3.241 €/m²,Einfamilienhaus (freistehend),0 m²,nil,3,1,1 Stellplatz,Nein,"{'is24qa-gaeste-wc-label': '', 'is24qa-provisionsfrei-fuer-kaufende-label': ''}"
Exklusiv für Sie – Verwirklichen Sie Ihren Traum vom Eigenheim mit Schwabenhaus,440.327 €,"15938 Golßen, Dahme-Spreewald (Kreis)
Die vollständige Adresse der Immobilie erhalten Sie vom Anbieter.",4,133 m²,441 m²,3.311 €/m²,Einfamilienhaus (freistehend),0 m²,nil,3,1,1 Stellplatz,Nein,"{'is24qa-gaeste-wc-label': '', 'is24qa-provisionsfrei-fuer-kaufende-label': ''}"
+++dein Traumbungalow mit Pfiff und voller KFW Förderung+++Tel:0172/30 23 080,1.130.295 €,"16548 Glienicke/Nordbahn, Oberhavel (Kreis)
Die vollständige Adresse der Immobilie erhalten Sie vom Anbieter.",6,168 m²,1.238 m²,6.728 €/m²,Bungalow,0 m²,nil,5,1,1 Stellplatz,Nein,"{'is24qa-gaeste-wc-label': '', 'is24qa-provisionsfrei-fuer-kaufende-label': ''}"
+++erfülle Dir und deiner Familie deinen Traum vom Energiesparhaus jetzt!!!+++Tel:0172/30 23 080,1.025.934 €,"16548 Glienicke/Nordbahn, Oberhavel (Kreis)
Die vollständige Adresse der Immobilie erhalten Sie vom Anbieter.",5,160 m²,1.238 m²,6.412 €/m²,Einfamilienhaus (freistehend),0 m²,nil,4,1,1 Stellplatz,Nein,"{'is24qa-gaeste-wc-label': '', 'is24qa-provisionsfrei-fuer-kaufende-label': ''}"
+++Ein Traum von einem barrierefreien Bungalow+++Tel:0172/30 23 080,606.744 €,"15938 Golßen, Dahme-Spreewald (Kreis)
Die vollständige Adresse der Immobilie erhalten Sie vom Anbieter.",5,"138,88 m²",783 m²,4.369 €/m²,Bungalow,0 m²,nil,4,1,1 Stellplatz,Nein,"{'is24qa-gaeste-wc-label': '', 'is24qa-provisionsfrei-fuer-kaufende-label': ''}"
+++DEIN energiesparhaus mit Stil und Charme+++Tel:0172/30 23 080,571.563 €,"15938 Golßen, Dahme-Spreewald (Kreis)
Die vollständige Adresse der Immobilie erhalten Sie vom Anbieter.",5,"160,71 m²",783 m²,3.556 €/m²,Einfamilienhaus (freistehend),0 m²,nil,4,1,1 Stellplatz,Nein,"{'is24qa-gaeste-wc-label': '', 'is24qa-provisionsfrei-fuer-kaufende-label': ''}"
+++Ein Traumhaus für 2 Generationen+++Tel:0172/30 23 080,672.584 €,"15938 Golßen, Dahme-Spreewald (Kreis)
Die vollständige Adresse der Immobilie erhalten Sie vom Anbieter.",7,196 m²,783 m²,3.432 €/m²,Mehrfamilienhaus,0 m²,nil,5,1,1 Stellplatz,Nein,"{'is24qa-gaeste-wc-label': '', 'is24qa-provisionsfrei-fuer-kaufende-label': ''}"
+++Ein Traum für 2 Familien+++Tel:0172/30 23 080,720.980 €,"15938 Golßen, Dahme-Spreewald (Kreis)
Die vollständige Adresse der Immobilie erhalten Sie vom Anbieter.",8,252 m²,783 m²,2.861 €/m²,Mehrfamilienhaus,0 m²,nil,6,2,1 Stellplatz,Nein,{'is24qa-provisionsfrei-fuer-kaufende-label': ''}
Eigenheim statt Miete! – Wunderschönes Traumhaus von Schwabenhaus,566.363 €,"15938 Golßen, Dahme-Spreewald (Kreis)
Die vollständige Adresse der Immobilie erhalten Sie vom Anbieter.",6,179 m²,783 m²,3.164 €/m²,Einfamilienhaus (freistehend),0 m²,nil,3,1,1 Stellplatz,Nein,"{'is24qa-gaeste-wc-label': '', 'is24qa-provisionsfrei-fuer-kaufende-label': ''}"
+++Erfülle deiner Familie den Traum vom Energiesparhaus+++Tel:0172/30 23 080,815.396 €,"Groß Glienicke, 14476 Potsdam
Die vollständige Adresse der Immobilie erhalten Sie vom Anbieter.",5,178 m²,804 m²,4.581 €/m²,Einfamilienhaus (freistehend),0 m²,nil,4,1,1 Stellplatz,Nein,"{'is24qa-gaeste-wc-label': '', 'is24qa-provisionsfrei-fuer-kaufende-label': ''}"
+++Dein Traum vom Energiesparhaus wird Realität+++Tel:0172/30 23 080,770.993 €,"Groß Glienicke, 14476 Potsdam
Die vollständige Adresse der Immobilie erhalten Sie vom Anbieter.",5,146 m²,804 m²,5.281 €/m²,Einfamilienhaus (freistehend),0 m²,nil,3,1,1 Stellplatz,Nein,"{'is24qa-gaeste-wc-label': '', 'is24qa-provisionsfrei-fuer-kaufende-label': ''}"
"+++Dein Energiesparwunder ohne Barrieren, jetzt oder nie!+++Tel:0172/30 23 080",619.045 €,"15806 Zossen, Teltow-Fläming (Kreis)
Die vollständige Adresse der Immobilie erhalten Sie vom Anbieter.",6,177 m²,1.316 m²,3.497 €/m²,Bungalow,0 m²,nil,5,1,1 Stellplatz,Nein,"{'is24qa-gaeste-wc-label': '', 'is24qa-provisionsfrei-fuer-kaufende-label': ''}"
+++Dein Energiesparhaus mit Stil und Niveau+++Tel:0172/30 23 080,634.558 €,"15806 Zossen, Teltow-Fläming (Kreis)
Die vollständige Adresse der Immobilie erhalten Sie vom Anbieter.",5,"178,48 m²",1.316 m²,3.555 €/m²,Einfamilienhaus (freistehend),0 m²,nil,4,1,1 Stellplatz,Nein,"{'is24qa-gaeste-wc-label': '', 'is24qa-provisionsfrei-fuer-kaufende-label': ''}"
+++dein Energiesparhaus mit Charakter+++Tel:0172/30 23 080,549.977 €,"15806 Zossen, Teltow-Fläming (Kreis)
Die vollständige Adresse der Immobilie erhalten Sie vom Anbieter.",4,"135,05 m²",1.316 m²,4.072 €/m²,Einfamilienhaus (freistehend),0 m²,nil,3,1,1 Stellplatz,Nein,"{'is24qa-gaeste-wc-label': '', 'is24qa-provisionsfrei-fuer-kaufende-label': ''}"
+++das Energiewunder für 2 Generationen+++Tel:0172 30 23 080,648.882 €,"15806 Zossen, Teltow-Fläming (Kreis)
Die vollständige Adresse der Immobilie erhalten Sie vom Anbieter.",7,"199,13 m²",1.316 m²,3.259 €/m²,Mehrfamilienhaus,0 m²,nil,5,1,1 Stellplatz,Nein,"{'is24qa-gaeste-wc-label': '', 'is24qa-provisionsfrei-fuer-kaufende-label': ''}"
+++ Dein Traum wird real+++ Tel:0172/30 23 080,673.679 €,"16552 Mühlenbecker Land, Oberhavel (Kreis)
Die vollständige Adresse der Immobilie erhalten Sie vom Anbieter.",5,149 m²,636 m²,4.521 €/m²,Einfamilienhaus (freistehend),0 m²,nil,3,1,1 Stellplatz,Nein,"{'is24qa-gaeste-wc-label': '', 'is24qa-provisionsfrei-fuer-kaufende-label': ''}"
+++ lebe deinen Traum und handele+++Tel:0172/30 23 080,589.771 €,"16552 Mühlenbecker Land, Oberhavel (Kreis)
Die vollständige Adresse der Immobilie erhalten Sie vom Anbieter.",5,131 m²,636 m²,4.502 €/m²,Einfamilienhaus (freistehend),0 m²,nil,3,1,1 Stellplatz,Nein,"{'is24qa-gaeste-wc-label': '', 'is24qa-provisionsfrei-fuer-kaufende-label': ''}"
Die perfekte Wohlfühloase – Modernes Einfamilienhaus von Schwabenhaus,696.575 €,"16552 Mühlenbecker Land, Oberhavel (Kreis)
Die vollständige Adresse der Immobilie erhalten Sie vom Anbieter.",5,144 m²,636 m²,4.837 €/m²,Einfamilienhaus (freistehend),0 m²,nil,3,1,1 Stellplatz,Nein,"{'is24qa-gaeste-wc-label': '', 'is24qa-provisionsfrei-fuer-kaufende-label': ''}"
+++Dein Traumhaus in Wassernähe+++Tel:0172/30 23 080,798.890 €,"16837 Rheinsberg, Ostprignitz-Ruppin (Kreis)
Die vollständige Adresse der Immobilie erhalten Sie vom Anbieter.",6,"250,68 m²",908 m²,3.187 €/m²,Bungalow,0 m²,nil,5,1,1 Stellplatz,Nein,"{'is24qa-gaeste-wc-label': '', 'is24qa-provisionsfrei-fuer-kaufende-label': ''}"
+++Wohne wie im Urlaub mit deiner Familie+++Tel:0172/30 23 080,725.137 €,"16837 Rheinsberg, Ostprignitz-Ruppin (Kreis)
Die vollständige Adresse der Immobilie erhalten Sie vom Anbieter.",5,"158,93 m²",908 m²,4.563 €/m²,Einfamilienhaus (freistehend),0 m²,nil,4,1,1 Stellplatz,Nein,"{'is24qa-gaeste-wc-label': '', 'is24qa-provisionsfrei-fuer-kaufende-label': ''}"
Eigenheim statt Miete! – Wunderschönes Traumhaus von Schwabenhaus,709.010 €,"14542 Werder (Havel), Potsdam-Mittelmark (Kreis)
Die vollständige Adresse der Immobilie erhalten Sie vom Anbieter.",5,"164,54 m²",1.117 m²,4.309 €/m²,Bungalow,0 m²,nil,4,1,1 Stellplatz,Nein,"{'is24qa-gaeste-wc-label': '', 'is24qa-provisionsfrei-fuer-kaufende-label': ''}"
Die perfekte Wohlfühloase – Modernes Einfamilienhaus von Schwabenhaus,732.969 €,"16837 Rheinsberg, Ostprignitz-Ruppin (Kreis)
Die vollständige Adresse der Immobilie erhalten Sie vom Anbieter.",5,"166,96 m²",908 m²,4.390 €/m²,Einfamilienhaus (freistehend),0 m²,nil,3,1,1 Stellplatz,Nein,"{'is24qa-gaeste-wc-label': '', 'is24qa-provisionsfrei-fuer-kaufende-label': ''}"
Die perfekte Wohlfühloase – Modernes Einfamilienhaus von Schwabenhaus,700.538 €,"16837 Rheinsberg, Ostprignitz-Ruppin (Kreis)
Die vollständige Adresse der Immobilie erhalten Sie vom Anbieter.",5,146 m²,908 m²,4.798 €/m²,Einfamilienhaus (freistehend),0 m²,nil,3,1,1 Stellplatz,Nein,"{'is24qa-gaeste-wc-label': '', 'is24qa-provisionsfrei-fuer-kaufende-label': ''}"
+++Erfülle deiner Familie und Dir dein Traum vom Energiesparhaus+++Tel:0172/30 23 080,705.396 €,"14542 Werder (Havel), Potsdam-Mittelmark (Kreis)
Die vollständige Adresse der Immobilie erhalten Sie vom Anbieter.",5,"178,48 m²",1.117 m²,3.952 €/m²,Einfamilienhaus (freistehend),0 m²,nil,4,1,1 Stellplatz,Nein,"{'is24qa-gaeste-wc-label': '', 'is24qa-provisionsfrei-fuer-kaufende-label': ''}"
+++Dein Traum in Wassernähe zu wohnen könnte wahr werden+++Tel:0172/30 23 080,700.057 €,"16761 Hennigsdorf, Oberhavel (Kreis)
Die vollständige Adresse der Immobilie erhalten Sie vom Anbieter.",4,"122,55 m²",761 m²,5.712 €/m²,Einfamilienhaus (freistehend),0 m²,nil,3,1,1 Stellplatz,Nein,"{'is24qa-gaeste-wc-label': '', 'is24qa-provisionsfrei-fuer-kaufende-label': ''}"
Die perfekte Wohlfühloase – Modernes Einfamilienhaus von Schwabenhaus,745.092 €,"16761 Hennigsdorf, Oberhavel (Kreis)
Die vollständige Adresse der Immobilie erhalten Sie vom Anbieter.",5,"176,33 m²",761 m²,4.226 €/m²,Einfamilienhaus (freistehend),0 m²,nil,3,1,1 Stellplatz,Nein,"{'is24qa-gaeste-wc-label': '', 'is24qa-provisionsfrei-fuer-kaufende-label': ''}"
Eigenheim statt Miete! – Wunderschönes Traumhaus von Schwabenhaus,728.450 €,"16761 Hennigsdorf, Oberhavel (Kreis)
Die vollständige Adresse der Immobilie erhalten Sie vom Anbieter.",6,"149,09 m²",761 m²,4.886 €/m²,Einfamilienhaus (freistehend),0 m²,nil,3,1,1 Stellplatz,Nein,"{'is24qa-gaeste-wc-label': '', 'is24qa-provisionsfrei-fuer-kaufende-label': ''}"
+++Dein Traum ohne Barrieren und hohe Energiekosten+++Tel:0172/30 23 080,376.996 €,"16909 Wittstock/Dosse, Ostprignitz-Ruppin (Kreis)
Die vollständige Adresse der Immobilie erhalten Sie vom Anbieter.",4,"130,44 m²",657 m²,2.890 €/m²,Bungalow,0 m²,nil,3,1,1 Stellplatz,Nein,"{'is24qa-gaeste-wc-label': '', 'is24qa-provisionsfrei-fuer-kaufende-label': ''}"
+++Nicht träumen sondern leben!+++Tel:0172/30 23 080,374.512 €,"16909 Wittstock/Dosse, Ostprignitz-Ruppin (Kreis)
Die vollständige Adresse der Immobilie erhalten Sie vom Anbieter.",5,"160,61 m²",657 m²,2.332 €/m²,Einfamilienhaus (freistehend),0 m²,nil,4,1,1 Stellplatz,Nein,"{'is24qa-gaeste-wc-label': '', 'is24qa-provisionsfrei-fuer-kaufende-label': ''}"
+++Ein Traum für zwei Generationen unter einem Dach+++Tel:0172/30 23 080,471.991 €,"16909 Wittstock/Dosse, Ostprignitz-Ruppin (Kreis)
Die vollständige Adresse der Immobilie erhalten Sie vom Anbieter.",6,"205,88 m²",657 m²,2.293 €/m²,Mehrfamilienhaus,0 m²,nil,5,2,1 Stellplatz,Nein,{'is24qa-provisionsfrei-fuer-kaufende-label': ''}
+++Dein Traum mit etwas Eigenleistung+++Tel:0172/30 23 080,383.863 €,"16909 Wittstock/Dosse, Ostprignitz-Ruppin (Kreis)
Die vollständige Adresse der Immobilie erhalten Sie vom Anbieter.",5,"160,71 m²",657 m²,2.389 €/m²,Einfamilienhaus (freistehend),0 m²,nil,4,1,1 Stellplatz,Nein,"{'is24qa-gaeste-wc-label': '', 'is24qa-provisionsfrei-fuer-kaufende-label': ''}"
Eigenheim statt Miete! – Wunderschönes Traumhaus von Schwabenhaus,337.805 €,"16909 Wittstock/Dosse, Ostprignitz-Ruppin (Kreis)
Die vollständige Adresse der Immobilie erhalten Sie vom Anbieter.",4,"140,77 m²",657 m²,2.400 €/m²,Einfamilienhaus (freistehend),0 m²,nil,3,1,1 Stellplatz,Nein,"{'is24qa-gaeste-wc-label': '', 'is24qa-provisionsfrei-fuer-kaufende-label': ''}"
"+++ Träume nicht, sondern lebe und lass deine Träume real werden!!!+++Tel:0172/30 23 080",684.197 €,"16540 Hohen Neuendorf, Oberhavel (Kreis)
Die vollständige Adresse der Immobilie erhalten Sie vom Anbieter.",5,178 m²,723 m²,3.844 €/m²,Einfamilienhaus (freistehend),0 m²,nil,4,1,1 Stellplatz,Nein,"{'is24qa-gaeste-wc-label': '', 'is24qa-provisionsfrei-fuer-kaufende-label': ''}"
+++Dein Energiesparhaus in der Natur+++Tel:0172/30 23 080,490.975 €,"15374 Müncheberg, Märkisch-Oderland (Kreis)
Die vollständige Adresse der Immobilie erhalten Sie vom Anbieter.",4,"133,05 m²",506 m²,3.690 €/m²,Einfamilienhaus (freistehend),0 m²,nil,3,1,1 Stellplatz,Nein,"{'is24qa-gaeste-wc-label': '', 'is24qa-provisionsfrei-fuer-kaufende-label': ''}"
Eigenheim statt Miete! – Wunderschönes Traumhaus von Schwabenhaus,579.250 €,"15374 Müncheberg, Märkisch-Oderland (Kreis)
Die vollständige Adresse der Immobilie erhalten Sie vom Anbieter.",5,"146,39 m²",506 m²,3.957 €/m²,Einfamilienhaus (freistehend),0 m²,nil,3,1,1 Stellplatz,Nein,"{'is24qa-gaeste-wc-label': '', 'is24qa-provisionsfrei-fuer-kaufende-label': ''}"
+++Dein Energiespartraum für die ganze Familie+++Tel:0172/30 23 080,490.538 €,"15374 Müncheberg, Märkisch-Oderland (Kreis)
Die vollständige Adresse der Immobilie erhalten Sie vom Anbieter.",5,14.833 m²,506 m²,33 €/m²,Einfamilienhaus (freistehend),0 m²,nil,3,1,1 Stellplatz,Nein,"{'is24qa-gaeste-wc-label': '', 'is24qa-provisionsfrei-fuer-kaufende-label': ''}"
+++ Dein Energiespartraum wird real+++Tel:0172/30 23 080,512.874 €,"15374 Müncheberg, Märkisch-Oderland (Kreis)
Die vollständige Adresse der Immobilie erhalten Sie vom Anbieter.",5,"172,43 m²",506 m²,2.974 €/m²,Einfamilienhaus (freistehend),0 m²,nil,3,1,1 Stellplatz,Nein,"{'is24qa-gaeste-wc-label': '', 'is24qa-provisionsfrei-fuer-kaufende-label': ''}"
+++Ein Traum für 2 Generationen+++Tel:0172/30 23 080,995.721 €,"12529 Schönefeld, Dahme-Spreewald (Kreis)
Die vollständige Adresse der Immobilie erhalten Sie vom Anbieter.",7,"199,13 m²",763 m²,5.000 €/m²,Mehrfamilienhaus,0 m²,nil,5,1,1 Stellplatz,Nein,"{'is24qa-gaeste-wc-label': '', 'is24qa-provisionsfrei-fuer-kaufende-label': ''}"
+++Jetzt ist die Zeit reif dein Energiesparhaus zu bauen+++Tel:0172/30 23 080,803.709 €,"12529 Schönefeld, Dahme-Spreewald (Kreis)
Die vollständige Adresse der Immobilie erhalten Sie vom Anbieter.",4,"103,66 m²",763 m²,7.753 €/m²,Einfamilienhaus (freistehend),0 m²,nil,3,1,1 Stellplatz,Nein,"{'is24qa-gaeste-wc-label': '', 'is24qa-provisionsfrei-fuer-kaufende-label': ''}"
+++starte deine Unabhängikeit der Energiepreise jetzt+++Tel:0172/30 23 080,945.397 €,"12529 Schönefeld, Dahme-Spreewald (Kreis)
Die vollständige Adresse der Immobilie erhalten Sie vom Anbieter.",5,"178,48 m²",763 m²,5.297 €/m²,Einfamilienhaus (freistehend),0 m²,nil,4,1,1 Stellplatz,Nein,"{'is24qa-gaeste-wc-label': '', 'is24qa-provisionsfrei-fuer-kaufende-label': ''}"
+++Dein Traum auf einer Ebene+++Tel:0172/30 23 080,944.927 €,"12529 Schönefeld, Dahme-Spreewald (Kreis)
Die vollständige Adresse der Immobilie erhalten Sie vom Anbieter.",5,"136,27 m²",763 m²,6.934 €/m²,Bungalow,0 m²,nil,4,1,1 Stellplatz,Nein,"{'is24qa-gaeste-wc-label': '', 'is24qa-provisionsfrei-fuer-kaufende-label': ''}"
+++Dein Energiesparhaus mit Stil+++Tel:0172/30 23 080,848.645 €,"12529 Schönefeld, Dahme-Spreewald (Kreis)
Die vollständige Adresse der Immobilie erhalten Sie vom Anbieter.",4,"140,77 m²",763 m²,6.029 €/m²,Einfamilienhaus (freistehend),0 m²,nil,3,1,1 Stellplatz,Nein,"{'is24qa-gaeste-wc-label': '', 'is24qa-provisionsfrei-fuer-kaufende-label': ''}"
+++ Jetzt wird sich dein Traum erfüllen!+++ Tel:0172/30 23 080,522.995 €,"14822 Brück, Potsdam-Mittelmark (Kreis)
Die vollständige Adresse der Immobilie erhalten Sie vom Anbieter.",4,"130,44 m²",930 m²,4.009 €/m²,Bungalow,0 m²,nil,3,1,1 Stellplatz,Nein,"{'is24qa-gaeste-wc-label': '', 'is24qa-provisionsfrei-fuer-kaufende-label': ''}"
+++Klein aber fein mit Stil+++Tel:0172/30 23 080,439.100 €,"14822 Brück, Potsdam-Mittelmark (Kreis)
Die vollständige Adresse der Immobilie erhalten Sie vom Anbieter.",4,108 m²,930 m²,4.066 €/m²,Einfamilienhaus (freistehend),0 m²,nil,3,1,1 Stellplatz,Nein,"{'is24qa-gaeste-wc-label': '', 'is24qa-provisionsfrei-fuer-kaufende-label': ''}"
+++Wenn dein Haustraum zur Realität wird+++Tel:0172/30 23 080,529.863 €,"14822 Brück, Potsdam-Mittelmark (Kreis)
Die vollständige Adresse der Immobilie erhalten Sie vom Anbieter.",5,"162,71 m²",930 m²,3.256 €/m²,Einfamilienhaus (freistehend),0 m²,nil,4,1,1 Stellplatz,Nein,"{'is24qa-gaeste-wc-label': '', 'is24qa-provisionsfrei-fuer-kaufende-label': ''}"
+++Ein Traumhaus für zwei Familien+++ Tel:0172/30 23 080,617.991 €,"14822 Brück, Potsdam-Mittelmark (Kreis)
Die vollständige Adresse der Immobilie erhalten Sie vom Anbieter.",6,"211,82 m²",930 m²,2.918 €/m²,Mehrfamilienhaus,0 m²,nil,5,2,1 Stellplatz,Nein,{'is24qa-provisionsfrei-fuer-kaufende-label': ''}
+++Deine Oase für deine ganze Familie+++Tel:0172/ 30 23 080,497.232 €,"14822 Brück, Potsdam-Mittelmark (Kreis)
Die vollständige Adresse der Immobilie erhalten Sie vom Anbieter.",5,141 m²,930 m²,3.526 €/m²,Einfamilienhaus (freistehend),0 m²,nil,3,1,1 Stellplatz,Nein,"{'is24qa-gaeste-wc-label': '', 'is24qa-provisionsfrei-fuer-kaufende-label': ''}"
+++Ein Traumhaus für die ganze Familie mit QNG-NH Förderpaket möglich+++Tel:0172/30 23 080,571.300 €,"15370 Petershagen/Eggersdorf, Märkisch-Oderland (Kreis)
Die vollständige Adresse der Immobilie erhalten Sie vom Anbieter.",5,"158,93 m²",719 m²,3.595 €/m²,Einfamilienhaus (freistehend),0 m²,nil,4,1,1 Stellplatz,Nein,"{'is24qa-gaeste-wc-label': '', 'is24qa-provisionsfrei-fuer-kaufende-label': ''}"
+++ Ein Glück für zwei Familien mit doppelter Förderung möglich +++Tel:0172/30 23 080,734.793 €,"15370 Petershagen/Eggersdorf, Märkisch-Oderland (Kreis)
Die vollständige Adresse der Immobilie erhalten Sie vom Anbieter.",8,"227,52 m²",719 m²,3.230 €/m²,Mehrfamilienhaus,0 m²,nil,6,2,1 Stellplatz,Nein,{'is24qa-provisionsfrei-fuer-kaufende-label': ''}
Eigenheim statt Miete! – Wunderschönes Traumhaus von Schwabenhaus,567.000 €,"15370 Petershagen/Eggersdorf, Märkisch-Oderland (Kreis)
Die vollständige Adresse der Immobilie erhalten Sie vom Anbieter.",5,"149,29 m²",719 m²,3.798 €/m²,Bungalow,0 m²,nil,4,1,1 Stellplatz,Nein,"{'is24qa-gaeste-wc-label': '', 'is24qa-provisionsfrei-fuer-kaufende-label': ''}"
+++ Wenn nicht jetzt wann dann? Lass deinen Traum real werden!+++Tel:0172/30 23 080,550.739 €,"15370 Petershagen/Eggersdorf, Märkisch-Oderland (Kreis)
Die vollständige Adresse der Immobilie erhalten Sie vom Anbieter.",4,"127,27 m²",719 m²,4.327 €/m²,Einfamilienhaus (freistehend),0 m²,nil,3,1,1 Stellplatz,Nein,"{'is24qa-gaeste-wc-label': '', 'is24qa-provisionsfrei-fuer-kaufende-label': ''}"
Eigenheim statt Miete! – Wunderschönes Traumhaus von Schwabenhaus,396.502 €,"16866 Gumtow, Prignitz (Kreis)
Die vollständige Adresse der Immobilie erhalten Sie vom Anbieter.",5,109 m²,1.527 m²,3.638 €/m²,Einfamilienhaus (freistehend),0 m²,nil,3,1,1 Stellplatz,Nein,"{'is24qa-gaeste-wc-label': '', 'is24qa-provisionsfrei-fuer-kaufende-label': ''}"
Eigenheim statt Miete! – Wunderschönes Traumhaus von Schwabenhaus,373.850 €,"16866 Gumtow, Prignitz (Kreis)
Die vollständige Adresse der Immobilie erhalten Sie vom Anbieter.",5,140 m²,1.527 m²,2.670 €/m²,Einfamilienhaus (freistehend),0 m²,nil,3,1,1 Stellplatz,Nein,"{'is24qa-gaeste-wc-label': '', 'is24qa-provisionsfrei-fuer-kaufende-label': ''}"
+++Ein Haus für 2 Familien+++Tel:0172/30 23 080,536.502 €,"16866 Gumtow, Prignitz (Kreis)
Die vollständige Adresse der Immobilie erhalten Sie vom Anbieter.",7,223 m²,1.527 m²,2.406 €/m²,Mehrfamilienhaus,0 m²,nil,5,2,1 Stellplatz,Nein,"{'is24qa-gaeste-wc-label': '', 'is24qa-provisionsfrei-fuer-kaufende-label': ''}"
Eigenheim statt Miete! – Wunderschönes Traumhaus von Schwabenhaus,401.693 €,"16866 Gumtow, Prignitz (Kreis)
Die vollständige Adresse der Immobilie erhalten Sie vom Anbieter.",3,98 m²,1.527 m²,4.099 €/m²,Bungalow,0 m²,nil,2,1,1 Stellplatz,Nein,"{'is24qa-gaeste-wc-label': '', 'is24qa-provisionsfrei-fuer-kaufende-label': ''}"
+++Dein Energiesparhaus mit Charme und Stil+++Tel:0172/30 23 080,499.868 €,"16866 Kyritz, Ostprignitz-Ruppin (Kreis)
Die vollständige Adresse der Immobilie erhalten Sie vom Anbieter.",5,178 m²,"992,98 m²",2.808 €/m²,Einfamilienhaus (freistehend),0 m²,nil,4,1,1 Stellplatz,Nein,"{'is24qa-gaeste-wc-label': '', 'is24qa-provisionsfrei-fuer-kaufende-label': ''}"
"+++Dein Energiesparhaus auf einer Ebene, dein Traum wir Realität+++Tel:0172/30 23 080",529.906 €,"16866 Kyritz, Ostprignitz-Ruppin (Kreis)
Die vollständige Adresse der Immobilie erhalten Sie vom Anbieter.",5,182 m²,"992,98 m²",2.912 €/m²,Bungalow,0 m²,nil,4,1,1 Stellplatz,Nein,"{'is24qa-gaeste-wc-label': '', 'is24qa-provisionsfrei-fuer-kaufende-label': ''}"
+++Wenn die Nebenkosten nicht mehr für dich zählen+++Tel:0172/30 23 080,363.602 €,"16866 Kyritz, Ostprignitz-Ruppin (Kreis)
Die vollständige Adresse der Immobilie erhalten Sie vom Anbieter.",4,108 m²,"992,98 m²",3.367 €/m²,Einfamilienhaus (freistehend),0 m²,nil,3,1,1 Stellplatz,Nein,"{'is24qa-gaeste-wc-label': '', 'is24qa-provisionsfrei-fuer-kaufende-label': ''}"
+++Ein Energiesparhaus für 2 glückliche Familien+++Tel:0172/30 23 080,540.489 €,"16866 Kyritz, Ostprignitz-Ruppin (Kreis)
Die vollständige Adresse der Immobilie erhalten Sie vom Anbieter.",6,211 m²,"992,98 m²",2.562 €/m²,Mehrfamilienhaus,0 m²,nil,5,2,1 Stellplatz,Nein,{'is24qa-provisionsfrei-fuer-kaufende-label': ''}
+++Deine Träume gehen in Erfüllung+++Tel:0172/30 23 080,461.228 €,"16866 Kyritz, Ostprignitz-Ruppin (Kreis)
Die vollständige Adresse der Immobilie erhalten Sie vom Anbieter.",5,142 m²,"992,98 m²",3.248 €/m²,Einfamilienhaus (freistehend),0 m²,nil,4,1,1 Stellplatz,Nein,"{'is24qa-gaeste-wc-label': '', 'is24qa-provisionsfrei-fuer-kaufende-label': ''}"
+++ Dein modernes Energiesparhaus mit Stil+++Tel:0172/30 23 080,558.566 €,"15537 Erkner, Oder-Spree (Kreis)
Die vollständige Adresse der Immobilie erhalten Sie vom Anbieter.",5,171 m²,509 m²,3.266 €/m²,Einfamilienhaus (freistehend),0 m²,nil,4,1,1 Stellplatz,Nein,"{'is24qa-gaeste-wc-label': '', 'is24qa-provisionsfrei-fuer-kaufende-label': ''}"
+++Dein Traum für die ganze Familie+++Tel:0172/30 23 080,458.625 €,"15537 Erkner, Oder-Spree (Kreis)
Die vollständige Adresse der Immobilie erhalten Sie vom Anbieter.",4,141 m²,509 m²,3.253 €/m²,Einfamilienhaus (freistehend),0 m²,nil,3,1,1 Stellplatz,Nein,"{'is24qa-gaeste-wc-label': '', 'is24qa-provisionsfrei-fuer-kaufende-label': ''}"
Eigenheim statt Miete! – Wunderschönes Traumhaus von Schwabenhaus,482.844 €,"15537 Erkner, Oder-Spree (Kreis)
Die vollständige Adresse der Immobilie erhalten Sie vom Anbieter.",5,111 m²,509 m²,4.350 €/m²,Einfamilienhaus (freistehend),0 m²,nil,3,1,1 Stellplatz,Nein,"{'is24qa-gaeste-wc-label': '', 'is24qa-provisionsfrei-fuer-kaufende-label': ''}"
Exklusiv für Sie – Verwirklichen Sie Ihren Traum vom Eigenheim mit Schwabenhaus,483.156 €,"15537 Erkner, Oder-Spree (Kreis)
Die vollständige Adresse der Immobilie erhalten Sie vom Anbieter.",4,133 m²,509 m²,3.633 €/m²,Einfamilienhaus (freistehend),0 m²,nil,3,1,1 Stellplatz,Nein,"{'is24qa-gaeste-wc-label': '', 'is24qa-provisionsfrei-fuer-kaufende-label': ''}"
+++Ein Traum für 2 Familien vom Energiesparhaus+++Tel:0172/30 23 080,602.500 €,"15537 Erkner, Oder-Spree (Kreis)
Die vollständige Adresse der Immobilie erhalten Sie vom Anbieter.",7,223 m²,509 m²,2.702 €/m²,Mehrfamilienhaus,0 m²,nil,5,2,1 Stellplatz,Nein,"{'is24qa-gaeste-wc-label': '', 'is24qa-provisionsfrei-fuer-kaufende-label': ''}"
"+++Deine Träume werden Realität, mache den ersten Schritt!+++Tel:0172/30 23 080",601.473 €,"15566 Schöneiche bei Berlin, Oder-Spree (Kreis)
Die vollständige Adresse der Immobilie erhalten Sie vom Anbieter.",5,185 m²,818 m²,3.251 €/m²,Einfamilienhaus (freistehend),0 m²,nil,3,1,1 Stellplatz,Nein,"{'is24qa-gaeste-wc-label': '', 'is24qa-provisionsfrei-fuer-kaufende-label': ''}"
+++ Dein Traum vom Energiesparhaus mit Charme und Stil+++Tel:0172/30 23 080,582.539 €,"15566 Schöneiche bei Berlin, Oder-Spree (Kreis)
Die vollständige Adresse der Immobilie erhalten Sie vom Anbieter.",5,147 m²,818 m²,3.963 €/m²,Einfamilienhaus (freistehend),0 m²,nil,3,1,1 Stellplatz,Nein,"{'is24qa-gaeste-wc-label': '', 'is24qa-provisionsfrei-fuer-kaufende-label': ''}"
+++ Dein Traumhaus auf einer Ebene als Energiesparhaus+++Tel:0172/30 23 080,652.047 €,"15566 Schöneiche bei Berlin, Oder-Spree (Kreis)
Die vollständige Adresse der Immobilie erhalten Sie vom Anbieter.",5,138 m²,818 m²,4.725 €/m²,Bungalow,0 m²,nil,4,1,1 Stellplatz,Nein,"{'is24qa-gaeste-wc-label': '', 'is24qa-provisionsfrei-fuer-kaufende-label': ''}"
"+++ Ein Traum vom 2 Generationen-Energiesparhaus, erfülle deinen Traum jetzt+++Tel:0172/30 23 080",717.882 €,"15566 Schöneiche bei Berlin, Oder-Spree (Kreis)
Die vollständige Adresse der Immobilie erhalten Sie vom Anbieter.",7,196 m²,818 m²,3.663 €/m²,Mehrfamilienhaus,0 m²,nil,5,1,1 Stellplatz,Nein,"{'is24qa-gaeste-wc-label': '', 'is24qa-provisionsfrei-fuer-kaufende-label': ''}"
+++Ein Traumhaus für 2 Familien+++Tel:0172/30 23 080,818.216 €,"15566 Schöneiche bei Berlin, Oder-Spree (Kreis)
Die vollständige Adresse der Immobilie erhalten Sie vom Anbieter.",8,244 m²,818 m²,3.353 €/m²,Mehrfamilienhaus,0 m²,nil,6,2,1 Stellplatz,Nein,{'is24qa-provisionsfrei-fuer-kaufende-label': ''}
+++ Dein Energiesparhaus mit Stil und Geschmack+++Tel:0172/30 23 080,665.532 €,"15562 Rüdersdorf bei Berlin, Märkisch-Oderland (Kreis)
Die vollständige Adresse der Immobilie erhalten Sie vom Anbieter.",5,178 m²,1.561 m²,3.739 €/m²,Einfamilienhaus (freistehend),0 m²,nil,4,1,1 Stellplatz,Nein,"{'is24qa-gaeste-wc-label': '', 'is24qa-provisionsfrei-fuer-kaufende-label': ''}"
+++ Dein barriererfreier Traum für die ganze Familie auf einer Ebene+++Tel:0172/30 23 080,687.862 €,"15562 Rüdersdorf bei Berlin, Märkisch-Oderland (Kreis)
Die vollständige Adresse der Immobilie erhalten Sie vom Anbieter.",6,250 m²,1.561 m²,2.751 €/m²,Bungalow,0 m²,nil,5,1,1 Stellplatz,Nein,"{'is24qa-gaeste-wc-label': '', 'is24qa-provisionsfrei-fuer-kaufende-label': ''}"
+++Dein Traumhaus als Energiesparhaus mit Fördermittel+++Tel:0172/30 23 080,608.414 €,"15562 Rüdersdorf bei Berlin, Märkisch-Oderland (Kreis)
Die vollständige Adresse der Immobilie erhalten Sie vom Anbieter.",5,160 m²,1.561 m²,3.803 €/m²,Einfamilienhaus (freistehend),0 m²,nil,4,1,1 Stellplatz,Nein,"{'is24qa-gaeste-wc-label': '', 'is24qa-provisionsfrei-fuer-kaufende-label': ''}"
"+++Auch dein Traum erfüllt sich, Du mußt nur starten!+++Tel:0172/30 23 080",527.339 €,"15562 Rüdersdorf bei Berlin, Märkisch-Oderland (Kreis)
Die vollständige Adresse der Immobilie erhalten Sie vom Anbieter.",5,105 m²,1.561 m²,5.022 €/m²,Einfamilienhaus (freistehend),0 m²,nil,3,1,1 Stellplatz,Nein,"{'is24qa-gaeste-wc-label': '', 'is24qa-provisionsfrei-fuer-kaufende-label': ''}"
"+++Alles auf einer Ebene, dein Energiesparhaus+++Tel:0172/30 23 080",665.065 €,"15562 Rüdersdorf bei Berlin, Märkisch-Oderland (Kreis)
Die vollständige Adresse der Immobilie erhalten Sie vom Anbieter.",5,164 m²,1.561 m²,4.055 €/m²,Bungalow,0 m²,nil,4,1,1 Stellplatz,Nein,"{'is24qa-gaeste-wc-label': '', 'is24qa-provisionsfrei-fuer-kaufende-label': ''}"
"+++Ein Traum für 2 Familien, euer Energiesparhaus mit Fördermittel+++Tel:0172/30 23 080",755.857 €,"15562 Rüdersdorf bei Berlin, Märkisch-Oderland (Kreis)
Die vollständige Adresse der Immobilie erhalten Sie vom Anbieter.",7,214 m²,1.561 m²,3.532 €/m²,Mehrfamilienhaus,0 m²,nil,5,1,1 Stellplatz,Nein,"{'is24qa-gaeste-wc-label': '', 'is24qa-provisionsfrei-fuer-kaufende-label': ''}"
+++ Dein Energiesparhaus mit Charme und Stil+++Tel:0172/30 23 080,549.473 €,"15562 Rüdersdorf bei Berlin, Märkisch-Oderland (Kreis)
Die vollständige Adresse der Immobilie erhalten Sie vom Anbieter.",5,109 m²,1.561 m²,5.041 €/m²,Einfamilienhaus (freistehend),0 m²,nil,3,1,1 Stellplatz,Nein,"{'is24qa-gaeste-wc-label': '', 'is24qa-provisionsfrei-fuer-kaufende-label': ''}"
+++Dein Energiesparhaus mit QNG+NH Förderung+++Tel:0172/30 23 080,492.079 €,"14822 Borkwalde, Potsdam-Mittelmark (Kreis)
Die vollständige Adresse der Immobilie erhalten Sie vom Anbieter.",5,168 m²,691 m²,2.929 €/m²,Einfamilienhaus (freistehend),0 m²,nil,3,1,1 Stellplatz,Nein,"{'is24qa-gaeste-wc-label': '', 'is24qa-provisionsfrei-fuer-kaufende-label': ''}"
Die perfekte Wohlfühloase – Modernes Einfamilienhaus von Schwabenhaus,416.009 €,"14822 Borkwalde, Potsdam-Mittelmark (Kreis)
Die vollständige Adresse der Immobilie erhalten Sie vom Anbieter.",5,106 m²,691 m²,3.925 €/m²,Einfamilienhaus (freistehend),0 m²,nil,3,1,1 Stellplatz,Nein,"{'is24qa-gaeste-wc-label': '', 'is24qa-provisionsfrei-fuer-kaufende-label': ''}"
Die perfekte Wohlfühloase – Modernes Einfamilienhaus von Schwabenhaus,443.444 €,"14712 Rathenow, Havelland (Kreis)
Die vollständige Adresse der Immobilie erhalten Sie vom Anbieter.",5,"160,71 m²",739 m²,2.759 €/m²,Einfamilienhaus (freistehend),0 m²,nil,4,1,1 Stellplatz,Nein,"{'is24qa-gaeste-wc-label': '', 'is24qa-provisionsfrei-fuer-kaufende-label': ''}"
Eigenheim statt Miete! – Wunderschönes Traumhaus von Schwabenhaus,387.993 €,"14712 Rathenow, Havelland (Kreis)
Die vollständige Adresse der Immobilie erhalten Sie vom Anbieter.",4,"125,13 m²",739 m²,3.101 €/m²,Einfamilienhaus (freistehend),0 m²,nil,3,1,1 Stellplatz,Nein,"{'is24qa-gaeste-wc-label': '', 'is24qa-provisionsfrei-fuer-kaufende-label': ''}"
+++Ein Traum für 2 Generationen geht in Erfüllung+++Tel:0172/30 23 080,545.263 €,"14712 Rathenow, Havelland (Kreis)
Die vollständige Adresse der Immobilie erhalten Sie vom Anbieter.",7,196 m²,739 m²,2.782 €/m²,Mehrfamilienhaus,0 m²,nil,5,1,1 Stellplatz,Nein,"{'is24qa-gaeste-wc-label': '', 'is24qa-provisionsfrei-fuer-kaufende-label': ''}"
+++Ein Traum für zwei Familien wird zur Realität+++Tel:0172/30 23 080,600.703 €,"14712 Rathenow, Havelland (Kreis)
Die vollständige Adresse der Immobilie erhalten Sie vom Anbieter.",8,217 m²,739 m²,2.768 €/m²,Mehrfamilienhaus,0 m²,nil,6,2,1 Stellplatz,Nein,{'is24qa-provisionsfrei-fuer-kaufende-label': ''}
+++Erfülle deiner Familie ihren Traum mit einem Energiesparhaus+++Tel:0172/30 23 080,465.169 €,"14662 Friesack, Havelland (Kreis)
Die vollständige Adresse der Immobilie erhalten Sie vom Anbieter.",5,"180,4 m²",841 m²,2.579 €/m²,Einfamilienhaus (freistehend),0 m²,nil,4,1,1 Stellplatz,Nein,"{'is24qa-gaeste-wc-label': '', 'is24qa-provisionsfrei-fuer-kaufende-label': ''}"
+++Ein Traum für 2 Familien+++Tel:0172/30 23 080,675.703 €,"14662 Friesack, Havelland (Kreis)
Die vollständige Adresse der Immobilie erhalten Sie vom Anbieter.",8,"246,63 m²",841 m²,2.740 €/m²,Mehrfamilienhaus,0 m²,nil,6,2,1 Stellplatz,Nein,{'is24qa-provisionsfrei-fuer-kaufende-label': ''}
+++Dein Traum für 2 Generationen+++Tel:0172/30 23 080,607.745 €,"14662 Friesack, Havelland (Kreis)
Die vollständige Adresse der Immobilie erhalten Sie vom Anbieter.",6,211 m²,841 m²,2.880 €/m²,Mehrfamilienhaus,0 m²,nil,5,2,1 Stellplatz,Nein,{'is24qa-provisionsfrei-fuer-kaufende-label': ''}
Eigenheim statt Miete! – Wunderschönes Traumhaus von Schwabenhaus,489.984 €,"14662 Friesack, Havelland (Kreis)
Die vollständige Adresse der Immobilie erhalten Sie vom Anbieter.",3,"91,18 m²",841 m²,5.374 €/m²,Bungalow,0 m²,nil,2,1,1 Stellplatz,Nein,"{'is24qa-gaeste-wc-label': '', 'is24qa-provisionsfrei-fuer-kaufende-label': ''}"
"+++ Wenn Träume zur Realität werden, dein Energiesparhaus mit Fördermöglichkeiten+++",447.644 €,"16766 Kremmen, Oberhavel (Kreis)
Die vollständige Adresse der Immobilie erhalten Sie vom Anbieter.",5,"180,93 m²",811 m²,2.474 €/m²,Einfamilienhaus (freistehend),0 m²,nil,3,1,1 Stellplatz,Nein,"{'is24qa-gaeste-wc-label': '', 'is24qa-provisionsfrei-fuer-kaufende-label': ''}"
Eigenheim statt Miete! – Wunderschönes Traumhaus von Schwabenhaus,382.289 €,"16766 Kremmen, Oberhavel (Kreis)
Die vollständige Adresse der Immobilie erhalten Sie vom Anbieter.",4,"104,4 m²",811 m²,3.662 €/m²,Einfamilienhaus (freistehend),0 m²,nil,3,1,1 Stellplatz,Nein,"{'is24qa-gaeste-wc-label': '', 'is24qa-provisionsfrei-fuer-kaufende-label': ''}"
+++ Dein Energiesparwunder zum einziehen mit Förderung möglich+++Tel:0172/30 23 080,455.731 €,"16766 Kremmen, Oberhavel (Kreis)
Die vollständige Adresse der Immobilie erhalten Sie vom Anbieter.",4,"109,49 m²",811 m²,4.162 €/m²,Bungalow,0 m²,nil,3,1,1 Stellplatz,Nein,"{'is24qa-gaeste-wc-label': '', 'is24qa-provisionsfrei-fuer-kaufende-label': ''}"
+++ Ein Traum für 2 Generationen+++Tel:0172/30 23 080,545.716 €,"16766 Kremmen, Oberhavel (Kreis)
Die vollständige Adresse der Immobilie erhalten Sie vom Anbieter.",6,"210,9 m²",811 m²,2.588 €/m²,Mehrfamilienhaus,0 m²,nil,5,2,1 Stellplatz,Nein,{'is24qa-provisionsfrei-fuer-kaufende-label': ''}
+++Der Traum deiner Familie wird sich dieses Jahr erfüllen!!!+++Tel:0172/30 23 080,568.031 €,"16552 Mühlenbecker Land, Oberhavel (Kreis)
Die vollständige Adresse der Immobilie erhalten Sie vom Anbieter.",5,"172,43 m²",504 m²,3.294 €/m²,Einfamilienhaus (freistehend),0 m²,nil,3,1,1 Stellplatz,Nein,"{'is24qa-gaeste-wc-label': '', 'is24qa-provisionsfrei-fuer-kaufende-label': ''}"
"+++Dein Energiesparhaus mit Stil, dieses Jahr wird dein Jahr!!!+++Tel:0172/30 23 080",574.422 €,"16515 Oranienburg, Oberhavel (Kreis)
Die vollständige Adresse der Immobilie erhalten Sie vom Anbieter.",5,"171,26 m²",669 m²,3.354 €/m²,Einfamilienhaus (freistehend),0 m²,nil,4,1,1 Stellplatz,Nein,"{'is24qa-gaeste-wc-label': '', 'is24qa-provisionsfrei-fuer-kaufende-label': ''}"
"+++Wenn auch dein Traum realität wird, hast du zuvor gehandelt !!!!+++Tel:0172/30 23 080",517.103 €,"16515 Oranienburg, Oberhavel (Kreis)
Die vollständige Adresse der Immobilie erhalten Sie vom Anbieter.",5,"168,24 m²",669 m²,3.074 €/m²,Einfamilienhaus (freistehend),0 m²,nil,3,1,1 Stellplatz,Nein,"{'is24qa-gaeste-wc-label': '', 'is24qa-provisionsfrei-fuer-kaufende-label': ''}"
+++Der Traum deiner ganzen Familie erfüllt sich in diesem Jahr mit einem Energiesparhaus+++,468.117 €,"16515 Oranienburg, Oberhavel (Kreis)
Die vollständige Adresse der Immobilie erhalten Sie vom Anbieter.",5,"160,61 m²",504 m²,2.915 €/m²,Einfamilienhaus (freistehend),0 m²,nil,4,1,1 Stellplatz,Nein,"{'is24qa-gaeste-wc-label': '', 'is24qa-provisionsfrei-fuer-kaufende-label': ''}"
Bauen mit Vertrauen: Die Zukunft für Ihre Familie,434.472 €,"16515 Oranienburg, Oberhavel (Kreis)
Die vollständige Adresse der Immobilie erhalten Sie vom Anbieter.",4,"147,42 m²",504 m²,2.947 €/m²,Einfamilienhaus (freistehend),0 m²,nil,3,1,1 Stellplatz,Nein,"{'is24qa-gaeste-wc-label': '', 'is24qa-provisionsfrei-fuer-kaufende-label': ''}"
+++Dein Traum für die ganze Familie im Energiesparhaus+++Tel:0172/30 23 080,604.295 €,"14641 Pessin, Havelland (Kreis)
Die vollständige Adresse der Immobilie erhalten Sie vom Anbieter.",5,"138,44 m²",796 m²,4.365 €/m²,Bungalow,0 m²,nil,4,1,1 Stellplatz,Nein,"{'is24qa-gaeste-wc-label': '', 'is24qa-provisionsfrei-fuer-kaufende-label': ''}"
+++Ein Traum für zwei Generationen+++Tel:0172/30 23 080,641.545 €,"14641 Pessin, Havelland (Kreis)
Die vollständige Adresse der Immobilie erhalten Sie vom Anbieter.",7,"214,66 m²",796 m²,2.989 €/m²,Mehrfamilienhaus,0 m²,nil,5,1,1 Stellplatz,Nein,"{'is24qa-gaeste-wc-label': '', 'is24qa-provisionsfrei-fuer-kaufende-label': ''}"
