title,price,address,rooms,living_space,property_area,price_per_m2,type,usable_area,available_from,bedrooms,bathrooms,garage_parking,buyer_commission,criteriagroup_boolean_listing
Solides Einfamilienhaus mit Potenzial,98.000 €,"66687 Wadern, Merzig-Wadern (Kreis)
Die vollständige Adresse der Immobilie erhalten Sie vom Anbieter.",5,130 m²,580 m²,754 €/m²,Einfamilienhaus (freistehend),65 m²,21.03.2024,nil,nil,2 Stellplätze,3500 EUR,{}
Traumhaus mit Pool Grenznähe F- Nähe Rehlingen Siersburg/Guerstling,729.000 €,"66780 Rehlingen-Siersburg, Saarlouis (Kreis)
Die vollständige Adresse der Immobilie erhalten Sie vom Anbieter.",7,220 m²,3.600 m²,3.314 €/m²,Einfamilienhaus (freistehend),nil,nil,4,2,nil,"3,57 inkl. MwSt.",{'is24qa-gaeste-wc-label': ''}
Exklusives Neubau Einfamilienhaus zu verkaufen!,815.000 €,"Grünewaldstraße 56,
66424 Homburg, Saarpfalz-Kreis",7,253 m²,659 m²,3.221 €/m²,Einfamilienhaus (freistehend),nil,nil,7,3,3 Garagen,Nein,"{'is24qa-gaeste-wc-label': '', 'is24qa-provisionsfrei-fuer-kaufende-label': ''}"
BEGEISTERUNG - Reihenmittelhaus mit Potenzial in Bexbach!,120.000 €,"66450 Bexbach, Saarpfalz-Kreis
Die vollständige Adresse der Immobilie erhalten Sie vom Anbieter.","5,5",114 m²,360 m²,1.053 €/m²,Einfamilienhaus (freistehend),58 m²,sofort,2,1,nil,"3,57% Käuferprovision inkl. 19% MwSt. fällig mit Kaufvertragsabschluss",{}
VERWIRKLICHUNG - teilrenoviertes Einfamilienhaus mit Garten in Schiffweiler!,115.000 €,"66578 Schiffweiler, Neunkirchen (Kreis)
Die vollständige Adresse der Immobilie erhalten Sie vom Anbieter.",3,90 m²,341 m²,1.278 €/m²,Einfamilienhaus (freistehend),44 m²,sofort,2,1,nil,"3,57% Käuferprovision inkl. 19% MwSt. fällig bei Kaufvertragsabschluss",{}
"Schönes, teilw. modernisiertes Einfamilienhaus in Ottweiler-Steinbach zu verkaufen!",189.000 €,"66564 Ottweiler, Neunkirchen (Kreis)
Die vollständige Adresse der Immobilie erhalten Sie vom Anbieter.",6,120 m²,373 m²,1.575 €/m²,Wohnimmobilie (sonstige),"184,7 m²",nil,3,2,1 Garage,"3,57 %",{'is24qa-keller-label': ''}
Gepflegter Bungalow in ruhiger Lage,350.000 €,"66740 Saarlouis, Saarlouis (Kreis)
Die vollständige Adresse der Immobilie erhalten Sie vom Anbieter.",3,90 m²,1.667 m²,3.889 €/m²,Bungalow,nil,nil,2,1,1 Stellplatz,"3,57%",{'is24qa-keller-label': ''}
Gepflegte Doppelhaushälfte mit schönem Garten,185.000 €,"66589 Merchweiler, Neunkirchen (Kreis)
Die vollständige Adresse der Immobilie erhalten Sie vom Anbieter.",3,84 m²,381 m²,2.202 €/m²,Einfamilienhaus (freistehend),40 m²,nach Vereinbarung,2,1,2 Stellplätze,"3,57 % inkl. ges. MwSt.","{'is24qa-gaeste-wc-label': '', 'is24qa-keller-label': ''}"
Bungalow in ruhiger Waldrandlage zu verkaufen!,540.000 €,"Auf der Heide 2,
66539 Neunkirchen, Neunkirchen (Kreis)",4,125 m²,462 m²,4.320 €/m²,Bungalow,nil,nil,nil,nil,nil,Nein,{'is24qa-provisionsfrei-fuer-kaufende-label': ''}
Bungalow in ruhiger Waldrandlage zu verkaufen!,540.000 €,"Auf der Heide 2,
66539 Neunkirchen, Neunkirchen (Kreis)",4,125 m²,462 m²,4.320 €/m²,Bungalow,nil,nil,nil,nil,nil,Nein,"{'is24qa-gaeste-wc-label': '', 'is24qa-stufenloser-zugang-label': '', 'is24qa-provisionsfrei-fuer-kaufende-label': ''}"
Moderner Flachdach Bungalow zu verkaufen!,520.000 €,"Auf der Heide 2,
66539 Neunkirchen, Neunkirchen (Kreis)",4,125 m²,462 m²,4.160 €/m²,Bungalow,nil,nil,nil,nil,nil,Nein,"{'is24qa-gaeste-wc-label': '', 'is24qa-stufenloser-zugang-label': '', 'is24qa-provisionsfrei-fuer-kaufende-label': ''}"
SOFORT FREI - gepflegtes Zweifamilienhaus mit Garten & Garage in Kleinblittersdorf-Sitterswald!,360.000 €,"66271 Kleinblittersdorf, Stadtverband Saarbrücken (Kreis)
Die vollständige Adresse der Immobilie erhalten Sie vom Anbieter.",8,261 m²,1.062 m²,1.379 €/m²,Mehrfamilienhaus,58 m²,sofort,6,2,Garage,"3,57% Käuferprovision inkl. 19% MwSt. fällig mit Kaufvertragsabschluss",{}
"Gepflegtes Einfamilienhaus mit viel Platz, Garage und großer Terrasse",210.000 €,"66540 Neunkirchen, Neunkirchen (Kreis)
Die vollständige Adresse der Immobilie erhalten Sie vom Anbieter.",6,150 m²,194 m²,1.400 €/m²,Wohnimmobilie (sonstige),nil,nach Vereinbarung,2,2,1 Garage,"3,57 % des Kaufpreises inkl. 19% MwSt.",{'is24qa-keller-label': ''}
Einziehen und Wohlfühlen - wenige Meter vom Ökosee,299.000 €,"66763 Dillingen/Saar, Saarlouis (Kreis)
Die vollständige Adresse der Immobilie erhalten Sie vom Anbieter.",4,123 m²,332 m²,2.431 €/m²,Reihenmittelhaus,nil,nil,3,2,2 Außenstellplätze,"3,57 % inkl. ges. MwSt.",{'is24qa-gaeste-wc-label': ''}
vielseitiges geräumiges 1-2-Familienhaus mit Einliegerwohnung in Lautenbach,228.000 €,"66564 Ottweiler, Neunkirchen (Kreis)
Die vollständige Adresse der Immobilie erhalten Sie vom Anbieter.",8,220 m²,505 m²,1.036 €/m²,nil,20 m²,sofort,3,3,1 Außenstellplatz,"Die Provision beträgt 3,57% des Kaufpreises inkl. 19% MwSt. und ist vom Käufer zu tragen.","{'is24qa-keller-label': '', 'is24qa-einliegerwohnung-label': ''}"
großzügige Doppelhaushälfte in verkehrsgünstiger Lage St. Ingbert-Rohrbach,219.000 €,"66386 Sankt Ingbert, Saarpfalz-Kreis
Die vollständige Adresse der Immobilie erhalten Sie vom Anbieter.",7,141 m²,760 m²,1.553 €/m²,Doppelhaushälfte,nil,sofort,nil,nil,12 Stellplätze,"3,57 %",{}
Vermietetes gepflegtes Mehrfamilienhaus in Großrosseln zu verkaufen,329.000 €,"66352 Großrosseln, Stadtverband Saarbrücken (Kreis)
Die vollständige Adresse der Immobilie erhalten Sie vom Anbieter.",8,250 m²,560 m²,1.316 €/m²,Mehrfamilienhaus,nil,sofort,5,4,2 Außenstellplätze,3% zzgl. der gesetzlichen MwSt.,{'is24qa-keller-label': ''}
Rimlingen: Großzügiges Anwesen mit eigenem Wald in ruhiger Lage,389.000 €,"66679 Losheim am See, Merzig-Wadern (Kreis)
Die vollständige Adresse der Immobilie erhalten Sie vom Anbieter.",6,220 m²,20.417 m²,1.768 €/m²,nil,nil,nil,4,2,nil,"3,57 % inkl. 19 % MwSt.",{}
Reitanlage mit Stall und schönen Landhaus in St. Ingbert-Hassel zu verkaufen.,799.000 €,"66386 Sankt Ingbert, Saarpfalz-Kreis
Die vollständige Adresse der Immobilie erhalten Sie vom Anbieter.",7,193 m²,6.200 m²,4.140 €/m²,Besondere Immobilie,nil,nach Absprache,5,3,3 Carports,"3,57 %",{'is24qa-keller-label': ''}
Flachdach Bungalow in ruhiger Sackgasse,735.000 €,"Baldungstraße 30,
66424 Homburg, Saarpfalz-Kreis",4,162 m²,719 m²,4.537 €/m²,nil,nil,nil,nil,2,4 Garagen,Nein,"{'is24qa-gaeste-wc-label': '', 'is24qa-stufenloser-zugang-label': '', 'is24qa-provisionsfrei-fuer-kaufende-label': ''}"
