title,price,address,rooms,living_space,property_area,price_per_m2,type,usable_area,available_from,bedrooms,bathrooms,garage_parking,buyer_commission,criteriagroup_boolean_listing
Freistehendes Zweifamilienhaus mit viel Potenzial.,499.000 €,"71672 Marbach am Neckar, Ludwigsburg (Kreis)
Die vollständige Adresse der Immobilie erhalten Sie vom Anbieter.",6,129 m²,325 m²,3.868 €/m²,Mehrfamilienhaus,nil,nil,nil,nil,2 Stellplätze,"4,76 % inkl. ges. MwSt.",{'is24qa-keller-label': ''}
Gute Innenstadtlage,395.000 €,"79664 Wehr, Waldshut (Kreis)
Die vollständige Adresse der Immobilie erhalten Sie vom Anbieter.",5,125 m²,513 m²,3.160 €/m²,Doppelhaushälfte,nil,nil,nil,1,2 Garagen,"3,57 % inkl. ges. MwSt.","{'is24qa-gaeste-wc-label': '', 'is24qa-keller-label': ''}"
"Merzhausen, Anwesen im Bieterverfahren. Bieterzeit bis zum 20.06.2024. Mindestgebot 700.000.-- €",700.000 €,"79249 Merzhausen, Breisgau-Hochschwarzwald (Kreis)
Die vollständige Adresse der Immobilie erhalten Sie vom Anbieter.",6,220 m²,626 m²,3.182 €/m²,Einfamilienhaus (freistehend),80 m²,sofort,4,2,2 Garagen,33.320.-- EURO brutto,"{'is24qa-gaeste-wc-label': '', 'is24qa-keller-label': '', 'is24qa-einliegerwohnung-label': ''}"
"Gepflegte Doppelhaushälfte in ruhiger Lage, inkl. Klimaanlage, Garten und Carport",379.000 €,"78736 Epfendorf, Rottweil (Kreis)
Die vollständige Adresse der Immobilie erhalten Sie vom Anbieter.",5,140 m²,349 m²,2.707 €/m²,Doppelhaushälfte,nil,01.07.2024,3,1,nil,"3,57 %",{'is24qa-gaeste-wc-label': ''}
Charmantes Reihenhaus in Mannheim-Vogelstang!,459.000 €,"Vogelstang, 68309 Mannheim
Die vollständige Adresse der Immobilie erhalten Sie vom Anbieter.",4,130 m²,270 m²,3.531 €/m²,Bungalow,nil,ab sofort,nil,1,nil,"2,98 %","{'is24qa-gaeste-wc-label': '', 'is24qa-keller-label': ''}"
"Exclusives, ruhig gelegenes Einfamilienhaus 30 km südlich von Ulm",749.000 €,"89165 Dietenheim, Alb-Donau-Kreis
Die vollständige Adresse der Immobilie erhalten Sie vom Anbieter.",5,148 m²,744 m²,5.061 €/m²,Einfamilienhaus (freistehend),72 m²,nach Vereinbarung,3,1,2 Garagen,"2,38 % inkl. ges. MwSt.",{'is24qa-gaeste-wc-label': ''}
Einfamilienhaus frei stehend auf schönem Eckgrundstück in ruhiger Wohnlage!,549.000 €,"71157 Hildrizhausen, Böblingen (Kreis)
Die vollständige Adresse der Immobilie erhalten Sie vom Anbieter.",5,"121,7 m²",606 m²,4.511 €/m²,Einfamilienhaus (freistehend),nil,sofort frei,3,1,2 Stellplätze,"2,99 % inkl. ges. MwSt.",{'is24qa-keller-label': ''}
Hervorragend konzipiertes Einfamilienhaus mit Einliegerwohnung in ruhiger Lage mit zwei Garagen,530.000 €,"Käfertal, 68309 Mannheim
Die vollständige Adresse der Immobilie erhalten Sie vom Anbieter.",5,143 m²,396 m²,3.706 €/m²,Einfamilienhaus (freistehend),nil,sofort,nil,2,2 Garagen,"2,25 % inkl. MwSt.",{}
Herrlich geräumig und Familientauglich - Ihr schönes Reihenmittelhaus in ruhiger Lage!,349.500 €,"71560 Sulzbach an der Murr, Rems-Murr-Kreis
Die vollständige Adresse der Immobilie erhalten Sie vom Anbieter.",5,"108,22 m²",117 m²,3.230 €/m²,Reihenmittelhaus,nil,Nach Vereinbarung,nil,2,Garage,"Die Käuferprovision beträgt 3,57 % des Kaufpreises inkl. 19% MwSt.",{'is24qa-keller-label': ''}
Umfangreich saniert und recht schnell verfügbar!,432.000 €,"78239 Rielasingen-Worblingen, Konstanz (Kreis)
Die vollständige Adresse der Immobilie erhalten Sie vom Anbieter.",5,"126,05 m²",309 m²,3.427 €/m²,Doppelhaushälfte,"49,2 m²",nach Vereinbarung,3,1,2 Garagen,"3,57 % inkl. ges. MwSt.","{'is24qa-gaeste-wc-label': '', 'is24qa-keller-label': ''}"
Wohnen und Arbeiten kombinieren,375.000 €,"79761 Waldshut-Tiengen, Waldshut (Kreis)
Die vollständige Adresse der Immobilie erhalten Sie vom Anbieter.",5,128 m²,48 m²,2.930 €/m²,nil,nil,nil,2,1,nil,"zzgl. 3,57 % Käuferprovision inkl. gesetzl. MwSt. aus dem Kaufpreis",{}
Neuwertiges Einfamilienhaus zwischen Riedlingen & Biberach,349.000 €,"88524 Uttenweiler, Biberach (Kreis)
Die vollständige Adresse der Immobilie erhalten Sie vom Anbieter.",4,145 m²,390 m²,2.407 €/m²,Doppelhaushälfte,nil,nil,nil,nil,1 Garage,"3,57 %",{}
Einfamilienhaus mit Einzelgarage und großem Garten,398.000 €,"74599 Wallhausen, Schwäbisch Hall (Kreis)
Die vollständige Adresse der Immobilie erhalten Sie vom Anbieter.","4,5",168 m²,937 m²,2.369 €/m²,Einfamilienhaus (freistehend),nil,Nach Absprache,3,1,1 Garage,"Käuferprovision 3,57 % inkl. MwSt. vom Kaufpreis","{'is24qa-gaeste-wc-label': '', 'is24qa-keller-label': ''}"
Exclusiver Bungalow mit Privatzugang zum Walthersee in Philippsburg,550.000 €,"76661 Philippsburg, Karlsruhe (Kreis)
Die vollständige Adresse der Immobilie erhalten Sie vom Anbieter.",3,110 m²,493 m²,5.000 €/m²,Bungalow,nil,nach Absprache,2,1,1 Garage,"3,57 %",{}
Zwei Wohnungen im Haus,395.000 €,"76571 Gaggenau, Rastatt (Kreis)
Die vollständige Adresse der Immobilie erhalten Sie vom Anbieter.",8,184 m²,198 m²,2.147 €/m²,Mehrfamilienhaus,nil,nach Absprache 2024,6,2,nil,"3,57 % inkl. ges. MwSt.",{'is24qa-gaeste-wc-label': ''}
EFH in Aussichtslage mit Einliegerwohnung und Garage,425.000 €,"75323 Bad Wildbad, Calw (Kreis)
Die vollständige Adresse der Immobilie erhalten Sie vom Anbieter.",10,240 m²,537 m²,1.771 €/m²,Doppelhaushälfte,264 m²,nach Absprache,4,2,2 Stellplätze,"3,57 % inkl. ges. MwSt.",{'is24qa-einliegerwohnung-label': ''}
Schlüsselfertiger Neubau,649.000 €,"78250 Tengen, Konstanz (Kreis)
Die vollständige Adresse der Immobilie erhalten Sie vom Anbieter.","5,5",137 m²,264 m²,4.737 €/m²,Doppelhaushälfte,16 m²,nil,3,2,2 Stellplätze,Nein,"{'is24qa-gaeste-wc-label': '', 'is24qa-keller-label': '', 'is24qa-provisionsfrei-fuer-kaufende-label': ''}"
"Ruheoase! Großzügiges, lichtdurchflutetes Wohnhaus auf traumhaftem Grundstück in Wilhelmsdorf",890.000 €,"88271 Wilhelmsdorf, Ravensburg (Kreis)
Die vollständige Adresse der Immobilie erhalten Sie vom Anbieter.",7,237 m²,1.639 m²,3.755 €/m²,Einfamilienhaus (freistehend),66 m²,nil,nil,nil,1 Garage,3.57,{}
3-Familienhaus mit anschließendem Baugrundstück in ruhigen Crailsheimer Randgebiet zu verkaufen,898.000 €,"Rudolfsberger Straße 10,
74564 Crailsheim, Schwäbisch Hall (Kreis)","7,5",350 m²,2.369 m²,2.566 €/m²,Mehrfamilienhaus,100 m²,nil,4,2,nil,"3,57 % des Kaufpreises inkl. Mehrwertsteuer",{}
"Doppelhaushälfte mit ELW, Garage+Carport in guter Lage",158.000 €,"72510 Stetten am kalten Markt, Sigmaringen (Kreis)
Die vollständige Adresse der Immobilie erhalten Sie vom Anbieter.",4,125 m²,508 m²,1.264 €/m²,Doppelhaushälfte,nil,sofort,nil,2,3 Stellplätze,"3,57 % inkl. ges. MwSt.",{'is24qa-keller-label': ''}
