title,price,address,rooms,living_space,property_area,price_per_m2,type,usable_area,available_from,bedrooms,bathrooms,garage_parking,buyer_commission,criteriagroup_boolean_listing
Einfamilienhaus in Schleswig an der Schlei,349.000 €,"24837 Schleswig, Schleswig-Flensburg (Kreis)
Die vollständige Adresse der Immobilie erhalten Sie vom Anbieter.",5,120 m²,871 m²,2.908 €/m²,Einfamilienhaus (freistehend),10 m²,30.6.2024,3,nil,2 Garagen,"14637,00","{'is24qa-gaeste-wc-label': '', 'is24qa-keller-label': ''}"
Großes Potenzial!,469.000 €,"25451 Quickborn, Pinneberg (Kreis)
Die vollständige Adresse der Immobilie erhalten Sie vom Anbieter.",8,170 m²,1.017 m²,2.759 €/m²,Einfamilienhaus (freistehend),40 m²,sofort nach Absprache,6,nil,3 Außenstellplätze,"3,00% des Kaufpreises inkl. MwSt.",{'is24qa-gaeste-wc-label': ''}
Eigennutzung oder Kapitalanlage Endreihenhaus mit Garage am Haus und Wintergarten,299.000 €,"21502 Geesthacht, Herzogtum Lauenburg (Kreis)
Die vollständige Adresse der Immobilie erhalten Sie vom Anbieter.",3,"109,7 m²",362 m²,2.726 €/m²,Reiheneckhaus,70 m²,04.2024,2,1,1 Garage,von 2% inkl. MwSt.,"{'is24qa-gaeste-wc-label': '', 'is24qa-keller-label': ''}"
Sie wollen einen unverbaubaren Blick? Hier ist er!,440.000 €,"23867 Sülfeld, Segeberg (Kreis)
Die vollständige Adresse der Immobilie erhalten Sie vom Anbieter.","4,5",140 m²,867 m²,3.143 €/m²,Einfamilienhaus (freistehend),nil,nil,3,2,1 Carport,"3,57 % inkl. ges. MwSt.",{}
Neuwertige Immobilie im beliebten Nortorf,Auf Anfrage,"24589 Nortorf, Rendsburg-Eckernförde (Kreis)
Die vollständige Adresse der Immobilie erhalten Sie vom Anbieter.",4,121 m²,369 m²,nil,Doppelhaushälfte,nil,nil,1,2,nil,"3,57 % inkl. ges. MwSt.","{'is24qa-gaeste-wc-label': '', 'is24qa-keller-label': ''}"
Energetisch modernisiertes Einfamilienhaus mit Einliegerwohnung,355.000 €,"Holtenau, 24159 Kiel
Die vollständige Adresse der Immobilie erhalten Sie vom Anbieter.","5,5","121,05 m²",770 m²,2.933 €/m²,Einfamilienhaus (freistehend),"63,34 m²",nil,3,2,3 Garagen,Nein,"{'is24qa-keller-label': '', 'is24qa-einliegerwohnung-label': '', 'is24qa-provisionsfrei-fuer-kaufende-label': ''}"
Außergewöhnliches Architektenhaus in wunderschöner Aussichtslage in Ostseenähe,1.380.000 €,"23743 Grömitz, Ostholstein (Kreis)
Die vollständige Adresse der Immobilie erhalten Sie vom Anbieter.",4,156 m²,1.751 m²,8.846 €/m²,Einfamilienhaus (freistehend),"31,7 m²",nil,2,2,nil,Nein,{'is24qa-provisionsfrei-fuer-kaufende-label': ''}
Immobilienduo für einen Preis - Courtagefrei!,598.000 €,"Nädlershorst 5,
23627 Groß Sarau, Herzogtum Lauenburg (Kreis)",7,208 m²,1.100 m²,2.875 €/m²,Doppelhaushälfte,nil,nil,5,2,2 Stellplätze,Nein,"{'is24qa-gaeste-wc-label': '', 'is24qa-keller-label': '', 'is24qa-provisionsfrei-fuer-kaufende-label': ''}"
"Leben in Wald & Wassernähe, architektonisch individuelles Einfamilienhaus in Flensburg.",968.000 €,"Asmus-Jepsen-Weg 22,
Friedheim, 24944 Flensburg",5,220 m²,932 m²,4.400 €/m²,Einfamilienhaus (freistehend),220 m²,1.3.2024,4,1,4 Duplex-Stellplätze,Nein,{'is24qa-provisionsfrei-fuer-kaufende-label': ''}
Charmante moderne Doppelhaushälfte in See-und Ostseenähe in Scharbeutz,585.000 €,"23684 Scharbeutz, Ostholstein (Kreis)
Die vollständige Adresse der Immobilie erhalten Sie vom Anbieter.",4,170 m²,500 m²,3.441 €/m²,Doppelhaushälfte,nil,nil,2,2,nil,2 % inklusive MwSt.,{'is24qa-gaeste-wc-label': ''}
"Mehrgenerationen Leben - Charmanter Holzhaus Bungalow mit Baugrundstück, Nähe Sylt!",448.000 €,"25917 Stadum, Nordfriesland (Kreis)
Die vollständige Adresse der Immobilie erhalten Sie vom Anbieter.",4,135 m²,2.096 m²,3.319 €/m²,Bungalow,nil,nil,3,2,1 Carport,"3,57 % inkl. ges. MwSt.",{}
Holzhaus Bungalow in Sackgassenlage und Sylt Nähe!!,349.000 €,"25917 Stadum, Nordfriesland (Kreis)
Die vollständige Adresse der Immobilie erhalten Sie vom Anbieter.",4,135 m²,917 m²,2.585 €/m²,Bungalow,nil,nil,3,2,1 Carport,"3,57 % inkl. ges. MwSt.",{'is24qa-als-ferienhaus-geeignet-label': ''}
Holzhaus Bungalow in Sackgassenlage und Sylt Nähe!!,349.000 €,"25917 Stadum, Nordfriesland (Kreis)
Die vollständige Adresse der Immobilie erhalten Sie vom Anbieter.",4,135 m²,917 m²,2.585 €/m²,Bungalow,nil,nil,3,2,1 Carport,"3,57 % inkl. ges. MwSt.",{}
Einfamilienhaus für Handwerker zwischen Ostsee und Heiligenhafen!,149.000 €,"23774 Heiligenhafen, Ostholstein (Kreis)
Die vollständige Adresse der Immobilie erhalten Sie vom Anbieter.",4,90 m²,400 m²,1.656 €/m²,Einfamilienhaus (freistehend),nil,nach Absprache,3,1,2 Stellplätze,"3,57 % inkl. MwSt.",{}
Neubau Doppelhaus am Timmendorfer Strand / Niendorf O.,654.000 €,"23669 Timmendorfer Strand, Ostholstein (Kreis)
Die vollständige Adresse der Immobilie erhalten Sie vom Anbieter.",5,125 m²,450 m²,5.232 €/m²,Doppelhaushälfte,nil,nil,4,2,Außenstellplatz,Nein,"{'is24qa-gaeste-wc-label': '', 'is24qa-provisionsfrei-fuer-kaufende-label': ''}"
PROVISIONSFREI! Gepflegtes und saniertes Reihenmittelhaus in RD,257.000 €,"24768 Rendsburg, Rendsburg-Eckernförde (Kreis)
Die vollständige Adresse der Immobilie erhalten Sie vom Anbieter.",3,70 m²,141 m²,3.671 €/m²,Reihenmittelhaus,35 m²,nil,2,1,nil,Nein,"{'is24qa-gaeste-wc-label': '', 'is24qa-keller-label': '', 'is24qa-als-ferienhaus-geeignet-label': '', 'is24qa-provisionsfrei-fuer-kaufende-label': ''}"
Wunderschöner Bungalow in Böklund,370.000 €,"24860 Böklund, Schleswig-Flensburg (Kreis)
Die vollständige Adresse der Immobilie erhalten Sie vom Anbieter.",4,127 m²,798 m²,2.913 €/m²,Bungalow,nil,nil,3,1,1 Carport,2% inkl. MwSt.,{'is24qa-stufenloser-zugang-label': ''}
1057 - Die Immobilie am Ostsstrand von Schwedeneck/Surendorf muss es sein !,539.000 €,"24229 Schwedeneck, Rendsburg-Eckernförde (Kreis)
Die vollständige Adresse der Immobilie erhalten Sie vom Anbieter.",5,133 m²,1.481 m²,4.053 €/m²,Einfamilienhaus (freistehend),nil,nil,3,3,2 Garagen,zzgl. 3 % inklusive der gesetzlichen MwSt.,"{'is24qa-gaeste-wc-label': '', 'is24qa-keller-label': ''}"
Ein Traum unter Reet mit 4 Schlafz. und 3 Bädern in Toplage ! Virtueller Rundgang !,659.000 €,"25761 Büsum, Dithmarschen (Kreis)
Die vollständige Adresse der Immobilie erhalten Sie vom Anbieter.",6,110 m²,500 m²,5.991 €/m²,Doppelhaushälfte,nil,nil,4,3,nil,"3,57% inkl. MwSt.","{'is24qa-gaeste-wc-label': '', 'is24qa-als-ferienhaus-geeignet-label': ''}"
Neubau großzügiges Einfamilienhaus auch mit ELW am Timmendorfer Strand / Niendorf O.,1.080.000 €,"23669 Timmendorfer Strand, Ostholstein (Kreis)
Die vollständige Adresse der Immobilie erhalten Sie vom Anbieter.",6,220 m²,0 m²,4.909 €/m²,Besondere Immobilie,nil,nil,4,1,Außenstellplatz,Nein,"{'is24qa-gaeste-wc-label': '', 'is24qa-provisionsfrei-fuer-kaufende-label': ''}"
