title,price,address,rooms,living_space,property_area,price_per_m2,type,usable_area,available_from,bedrooms,bathrooms,garage_parking,buyer_commission,criteriagroup_boolean_listing
Neubau einer DHH in KfW-55-EE in absoluter Spitzenlage!,382.300 €,"26419 Schortens, Friesland (Kreis)
Die vollständige Adresse der Immobilie erhalten Sie vom Anbieter.",4,131 m²,390 m²,2.918 €/m²,Doppelhaushälfte,nil,nach Fertigstellung,nil,nil,nil,"2,5 % zzgl. ges. MwSt.",{'is24qa-gaeste-wc-label': ''}
Moderner Neubau mit Carport und Wärmepumpe,349.000 €,"26169 Friesoythe, Cloppenburg (Kreis)
Die vollständige Adresse der Immobilie erhalten Sie vom Anbieter.",3,94 m²,413 m²,3.713 €/m²,Bungalow,nil,Juni 2024,nil,nil,1 Carport,"3,57 % inkl. ges. MwSt.",{}
STARK REDUZIERT ! Geräumiger Bungalow über zwei Etagen in Goldenstedt,335.000 €,"49424 Goldenstedt, Vechta (Kreis)
Die vollständige Adresse der Immobilie erhalten Sie vom Anbieter.",6,163 m²,558 m²,2.055 €/m²,Bungalow,32 m²,nil,4,2,3 Stellplätze,"3,57 % inkl. ges. MwSt.",{'is24qa-gaeste-wc-label': ''}
Architektenbungalow- Großes Potential in Hambühren,345.000 €,"29313 Hambühren, Celle (Kreis)
Die vollständige Adresse der Immobilie erhalten Sie vom Anbieter.",10,158 m²,925 m²,2.184 €/m²,Bungalow,220 m²,01.03.2024,nil,1,1 Garage,"3,57 % inkl. ges. MwSt.","{'is24qa-gaeste-wc-label': '', 'is24qa-keller-label': ''}"
Modernes Haus mit Garage und Garten,528.000 €,"31832 Springe, Hannover (Kreis)
Die vollständige Adresse der Immobilie erhalten Sie vom Anbieter.",4,130 m²,604 m²,4.062 €/m²,Einfamilienhaus (freistehend),nil,nil,3,2,3 Stellplätze,"3,57 % inkl. ges. MwSt.",{'is24qa-gaeste-wc-label': ''}
Viel Platz für Ihre Familie,389.000 €,"30853 Langenhagen, Hannover (Kreis)
Die vollständige Adresse der Immobilie erhalten Sie vom Anbieter.",5,"101,85 m²",352 m²,3.819 €/m²,Einfamilienhaus (freistehend),60 m²,nil,3,1,2 Stellplätze,"3,57 % inkl. ges. MwSt.","{'is24qa-gaeste-wc-label': '', 'is24qa-keller-label': ''}"
Viel Freiraum zum Gestalten,299.000 €,"30926 Seelze, Hannover (Kreis)
Die vollständige Adresse der Immobilie erhalten Sie vom Anbieter.",4,"128,6 m²",921 m²,2.325 €/m²,Doppelhaushälfte,nil,nach Vereinbarung,2,3,2 Garagen,"3,57 % inkl. ges. MwSt.",{'is24qa-keller-label': ''}
Wohnen in bevorzugter Lage,398.000 €,"30952 Ronnenberg, Hannover (Kreis)
Die vollständige Adresse der Immobilie erhalten Sie vom Anbieter.",8,165 m²,739 m²,2.412 €/m²,Mehrfamilienhaus,nil,sofort,nil,nil,2 Stellplätze,"3,57 % inkl. ges. MwSt.",{'is24qa-keller-label': ''}
Einzigartige Gelegenheit,625.000 €,"30938 Burgwedel, Hannover (Kreis)
Die vollständige Adresse der Immobilie erhalten Sie vom Anbieter.",7,"301,21 m²",1.200 m²,2.075 €/m²,Einfamilienhaus (freistehend),"44,98 m²",nach Vereinbarung,4,2,4 Stellplätze,"3,57 % inkl. ges. MwSt.",{'is24qa-gaeste-wc-label': ''}
Wohnen/arbeiten/Gewerbe!,795.000 €,"31535 Neustadt am Rübenberge, Hannover (Kreis)
Die vollständige Adresse der Immobilie erhalten Sie vom Anbieter.",13,"331,3 m²",978 m²,2.400 €/m²,Mehrfamilienhaus,"92,07 m²",kurzfristig,nil,5,8 Stellplätze,"3,57 % inkl. ges. MwSt.",{}
Traumhaus mit Gestaltungsfreiraum,496.000 €,"31157 Sarstedt, Hildesheim (Kreis)
Die vollständige Adresse der Immobilie erhalten Sie vom Anbieter.","6,5",139 m²,1.126 m²,3.568 €/m²,Bungalow,190 m²,nach Vereinbarung,4,2,nil,"3,57 % inkl. ges. MwSt.","{'is24qa-gaeste-wc-label': '', 'is24qa-keller-label': '', 'is24qa-einliegerwohnung-label': ''}"
Ab ins Eigenheim !,285.000 €,"30900 Wedemark, Hannover (Kreis)
Die vollständige Adresse der Immobilie erhalten Sie vom Anbieter.",3,100 m²,1.067 m²,2.850 €/m²,Bungalow,nil,nil,nil,nil,nil,"3,57 % inkl. ges. MwSt.",{}
Ideal für Pferdebesitzer !,499.000 €,"31535 Neustadt am Rübenberge, Hannover (Kreis)
Die vollständige Adresse der Immobilie erhalten Sie vom Anbieter.",6,156 m²,1.425 m²,3.199 €/m²,Einfamilienhaus (freistehend),nil,nach Vereinbarung,4,2,nil,"3,57 % inkl. ges. MwSt.",{}
Viel Platz für eine große Familie,430.000 €,"30826 Garbsen, Hannover (Kreis)
Die vollständige Adresse der Immobilie erhalten Sie vom Anbieter.",7,"193,84 m²",674 m²,2.218 €/m²,Mehrfamilienhaus,nil,Frühjahr 2024,2,2,nil,"3,57 % inkl. ges. MwSt.",{'is24qa-keller-label': ''}
Wohnen wie im Einfamilienhaus,489.800 €,"30974 Wennigsen (Deister), Hannover (Kreis)
Die vollständige Adresse der Immobilie erhalten Sie vom Anbieter.",5,152 m²,472 m²,3.222 €/m²,Reihenmittelhaus,nil,31.12.2023,nil,nil,nil,"2,08 % inkl. ges. MwSt.",{}
Tierhalter aufgepasst: Ein- bis Zweifamilienhaus mit Scheunen und vielen Möglichkeiten in Weddersehl,539.000 €,"29386 Dedelstorf, Gifhorn (Kreis)
Die vollständige Adresse der Immobilie erhalten Sie vom Anbieter.",9,294 m²,8.038 m²,1.833 €/m²,Mehrfamilienhaus,100 m²,nach Vereinbarung,5,3,3 Garagen,"2,5 % zzgl. Mehrwertsteuer","{'is24qa-gaeste-wc-label': '', 'is24qa-stufenloser-zugang-label': '', 'is24qa-einliegerwohnung-label': ''}"
226 qm Wohn-/Nutzfläche: Wohn- und Geschäftshaus,470.000 €,"21629 Neu Wulmstorf, Harburg (Kreis)
Die vollständige Adresse der Immobilie erhalten Sie vom Anbieter.",5,226 m²,718 m²,2.080 €/m²,Einfamilienhaus (freistehend),nil,Nach Vereinbarung,nil,nil,1 Garage,"Die Käuferprovision beträgt 3,57% auf den Kaufpreis inklusive gesetzlicher Mehrwertsteuer",{}
Conrebbersweg-Idealer Altersruhesitz! Schlüsselfertiger Neubau-Bungalow mit Garten!,299.900 €,"Conrebbersweg, 26721 Emden
Die vollständige Adresse der Immobilie erhalten Sie vom Anbieter.",3,75 m²,300 m²,3.999 €/m²,Einfamilienhaus (freistehend),nil,Nach Absprache,2,1,nil,"Die Maklerprovision beträgt für den Käufer 2,975% vom Kaufpreis inkl. ges. MwSt..",{}
Modernes Zweifamilienhaus in ruhiger Siedlungslage,Auf Anfrage,"26901 Lorup, Emsland (Kreis)
Die vollständige Adresse der Immobilie erhalten Sie vom Anbieter.",10,270 m²,1.107 m²,nil,Mehrfamilienhaus,nil,nil,7,3,6 Stellplätze,"3,57% inkl. Mwst.","{'is24qa-gaeste-wc-label': '', 'is24qa-stufenloser-zugang-label': ''}"
Sie suchen sich selbst Ihren Nachbarn aus mit einem Doppelhaus halbieren Sie Ihre Investitionskosten,241.644 €,"37697 Lauenförde, Holzminden (Kreis)
Die vollständige Adresse der Immobilie erhalten Sie vom Anbieter.",8,"262,37 m²",650 m²,921 €/m²,Doppelhaushälfte,nil,nil,6,2,nil,nil,"{'is24qa-gaeste-wc-label': '', 'is24qa-einliegerwohnung-label': ''}"
Sie suchen sich selbst Ihren Nachbarn aus mit einem Doppelhaus halbieren Sie Ihre Investitionskosten,239.369 €,"37691 Boffzen, Holzminden (Kreis)
Die vollständige Adresse der Immobilie erhalten Sie vom Anbieter.",8,"262,37 m²",650 m²,912 €/m²,Doppelhaushälfte,nil,nil,6,2,nil,nil,"{'is24qa-gaeste-wc-label': '', 'is24qa-einliegerwohnung-label': ''}"
Sie suchen sich selbst Ihren Nachbarn aus mit einem Doppelhaus halbieren Sie Ihre Investitionskosten,251.394 €,"37649 Heinsen, Holzminden (Kreis)
Die vollständige Adresse der Immobilie erhalten Sie vom Anbieter.",8,"262,37 m²",650 m²,958 €/m²,Doppelhaushälfte,nil,nil,6,2,nil,nil,"{'is24qa-gaeste-wc-label': '', 'is24qa-einliegerwohnung-label': ''}"
Sie suchen sich selbst Ihren Nachbarn aus mit einem Doppelhaus halbieren Sie Ihre Investitionskosten,252.369 €,"37647 Vahlbruch, Holzminden (Kreis)
Die vollständige Adresse der Immobilie erhalten Sie vom Anbieter.",8,"262,37 m²",650 m²,962 €/m²,Doppelhaushälfte,nil,nil,6,2,nil,nil,"{'is24qa-gaeste-wc-label': '', 'is24qa-einliegerwohnung-label': ''}"
Sie suchen sich selbst Ihren Nachbarn aus mit einem Doppelhaus halbieren Sie Ihre Investitionskosten,252.369 €,"37633 Dielmissen, Holzminden (Kreis)
Die vollständige Adresse der Immobilie erhalten Sie vom Anbieter.",8,"262,37 m²",650 m²,962 €/m²,Doppelhaushälfte,nil,nil,6,2,nil,nil,"{'is24qa-gaeste-wc-label': '', 'is24qa-einliegerwohnung-label': ''}"
Sie suchen sich selbst Ihren Nachbarn aus mit einem Doppelhaus halbieren Sie Ihre Investitionskosten,258.369 €,"37620 Halle, Holzminden (Kreis)
Die vollständige Adresse der Immobilie erhalten Sie vom Anbieter.",8,"262,37 m²",650 m²,985 €/m²,Doppelhaushälfte,nil,nil,6,2,nil,nil,"{'is24qa-gaeste-wc-label': '', 'is24qa-einliegerwohnung-label': ''}"
Sie suchen sich selbst Ihren Nachbarn aus mit einem Doppelhaus halbieren Sie Ihre Investitionskosten,252.369 €,"37632 Eschershausen, Holzminden (Kreis)
Die vollständige Adresse der Immobilie erhalten Sie vom Anbieter.",8,"262,37 m²",650 m²,962 €/m²,Doppelhaushälfte,nil,nil,6,2,nil,nil,"{'is24qa-gaeste-wc-label': '', 'is24qa-einliegerwohnung-label': ''}"
Sie suchen sich selbst Ihren Nachbarn aus mit einem Doppelhaus halbieren Sie Ihre Investitionskosten,249.119 €,"37627 Deensen, Holzminden (Kreis)
Die vollständige Adresse der Immobilie erhalten Sie vom Anbieter.",8,"262,37 m²",650 m²,949 €/m²,Doppelhaushälfte,nil,nil,6,2,nil,nil,"{'is24qa-gaeste-wc-label': '', 'is24qa-einliegerwohnung-label': ''}"
Sie suchen sich selbst Ihren Nachbarn aus mit einem Doppelhaus halbieren Sie Ihre Investitionskosten,258.869 €,"37619 Bodenwerder, Holzminden (Kreis)
Die vollständige Adresse der Immobilie erhalten Sie vom Anbieter.",8,"262,37 m²",650 m²,987 €/m²,Doppelhaushälfte,nil,nil,6,2,nil,nil,"{'is24qa-gaeste-wc-label': '', 'is24qa-einliegerwohnung-label': ''}"
Sie suchen sich selbst Ihren Nachbarn aus mit einem Doppelhaus halbieren Sie Ihre Investitionskosten,244.569 €,"37603 Holzminden, Holzminden (Kreis)
Die vollständige Adresse der Immobilie erhalten Sie vom Anbieter.",8,"262,37 m²",650 m²,932 €/m²,Doppelhaushälfte,nil,nil,6,2,nil,nil,"{'is24qa-gaeste-wc-label': '', 'is24qa-einliegerwohnung-label': ''}"
Sie suchen sich selbst Ihren Nachbarn aus mit einem Doppelhaus halbieren Sie Ihre Investitionskosten,262.119 €,"31868 Ottenstein, Holzminden (Kreis)
Die vollständige Adresse der Immobilie erhalten Sie vom Anbieter.",8,"262,37 m²",650 m²,999 €/m²,Doppelhaushälfte,nil,nil,6,2,nil,nil,"{'is24qa-gaeste-wc-label': '', 'is24qa-einliegerwohnung-label': ''}"
Sie suchen sich selbst Ihren Nachbarn aus mit einem Doppelhaus halbieren Sie Ihre Investitionskosten,252.369 €,"31069 Delligsen, Holzminden (Kreis)
Die vollständige Adresse der Immobilie erhalten Sie vom Anbieter.",8,"262,37 m²",650 m²,962 €/m²,Doppelhaushälfte,nil,nil,6,2,nil,nil,"{'is24qa-gaeste-wc-label': '', 'is24qa-einliegerwohnung-label': ''}"
Platzoptimierung meisterhaft umgesetzt: Das Home 1 von allkauf,274.549 €,"37697 Lauenförde, Holzminden (Kreis)
Die vollständige Adresse der Immobilie erhalten Sie vom Anbieter.",4,"124,9 m²",500 m²,2.198 €/m²,Einfamilienhaus (freistehend),nil,nil,3,1,nil,nil,{'is24qa-gaeste-wc-label': ''}
Platzoptimierung meisterhaft umgesetzt: Das Home 1 von allkauf,274.049 €,"37691 Boffzen, Holzminden (Kreis)
Die vollständige Adresse der Immobilie erhalten Sie vom Anbieter.",4,"124,9 m²",550 m²,2.194 €/m²,Einfamilienhaus (freistehend),nil,nil,3,1,nil,nil,{'is24qa-gaeste-wc-label': ''}
Platzoptimierung meisterhaft umgesetzt: Das Home 1 von allkauf,289.549 €,"37649 Heinsen, Holzminden (Kreis)
Die vollständige Adresse der Immobilie erhalten Sie vom Anbieter.",4,"124,9 m²",500 m²,2.318 €/m²,Einfamilienhaus (freistehend),nil,nil,3,1,nil,nil,{'is24qa-gaeste-wc-label': ''}
Platzoptimierung meisterhaft umgesetzt: Das Home 1 von allkauf,300.639 €,"37633 Dielmissen, Holzminden (Kreis)
Die vollständige Adresse der Immobilie erhalten Sie vom Anbieter.",4,"124,9 m²",505 m²,2.407 €/m²,Einfamilienhaus (freistehend),nil,nil,3,1,nil,nil,{'is24qa-gaeste-wc-label': ''}
Platzoptimierung meisterhaft umgesetzt: Das Home 1 von allkauf,290.849 €,"37633 Dielmissen, Holzminden (Kreis)
Die vollständige Adresse der Immobilie erhalten Sie vom Anbieter.",4,"124,9 m²",498 m²,2.329 €/m²,Einfamilienhaus (freistehend),nil,nil,3,1,nil,nil,{'is24qa-gaeste-wc-label': ''}
Platzoptimierung meisterhaft umgesetzt: Das Home 1 von allkauf,298.649 €,"37620 Halle, Holzminden (Kreis)
Die vollständige Adresse der Immobilie erhalten Sie vom Anbieter.",4,"124,9 m²",480 m²,2.391 €/m²,Einfamilienhaus (freistehend),nil,nil,3,1,nil,nil,{'is24qa-gaeste-wc-label': ''}
Platzoptimierung meisterhaft umgesetzt: Das Home 1 von allkauf,291.049 €,"37632 Eschershausen, Holzminden (Kreis)
Die vollständige Adresse der Immobilie erhalten Sie vom Anbieter.",4,"124,9 m²",500 m²,2.330 €/m²,Einfamilienhaus (freistehend),nil,nil,3,1,nil,nil,{'is24qa-gaeste-wc-label': ''}
Platzoptimierung meisterhaft umgesetzt: Das Home 1 von allkauf,287.399 €,"37627 Deensen, Holzminden (Kreis)
Die vollständige Adresse der Immobilie erhalten Sie vom Anbieter.",4,"124,9 m²",515 m²,2.301 €/m²,Einfamilienhaus (freistehend),nil,nil,3,1,nil,nil,{'is24qa-gaeste-wc-label': ''}
Platzoptimierung meisterhaft umgesetzt: Das Home 1 von allkauf,302.249 €,"37619 Bodenwerder, Holzminden (Kreis)
Die vollständige Adresse der Immobilie erhalten Sie vom Anbieter.",4,"124,9 m²",510 m²,2.420 €/m²,Einfamilienhaus (freistehend),nil,nil,3,1,nil,nil,{'is24qa-gaeste-wc-label': ''}
Platzoptimierung meisterhaft umgesetzt: Das Home 1 von allkauf,277.529 €,"37603 Holzminden, Holzminden (Kreis)
Die vollständige Adresse der Immobilie erhalten Sie vom Anbieter.",4,"124,9 m²",480 m²,2.222 €/m²,Einfamilienhaus (freistehend),nil,nil,3,1,nil,nil,{'is24qa-gaeste-wc-label': ''}
Platzoptimierung meisterhaft umgesetzt: Das Home 1 von allkauf,304.749 €,"31868 Ottenstein, Holzminden (Kreis)
Die vollständige Adresse der Immobilie erhalten Sie vom Anbieter.",4,"124,9 m²",490 m²,2.440 €/m²,Einfamilienhaus (freistehend),nil,nil,3,1,nil,nil,{'is24qa-gaeste-wc-label': ''}
Platzoptimierung meisterhaft umgesetzt: Das Home 1 von allkauf,294.049 €,"31069 Delligsen, Holzminden (Kreis)
Die vollständige Adresse der Immobilie erhalten Sie vom Anbieter.",4,"124,9 m²",530 m²,2.354 €/m²,Einfamilienhaus (freistehend),nil,nil,3,1,nil,nil,{'is24qa-gaeste-wc-label': ''}
Moderne Eleganz auf optimierten Raum: Der Lifetime 2 Bungalow von allkauf,275.299 €,"37697 Lauenförde, Holzminden (Kreis)
Die vollständige Adresse der Immobilie erhalten Sie vom Anbieter.",3,"98,74 m²",500 m²,2.788 €/m²,Bungalow,nil,nil,2,1,nil,nil,{'is24qa-stufenloser-zugang-label': ''}
Moderne Eleganz auf optimierten Raum: Der Lifetime 2 Bungalow von allkauf,274.799 €,"37691 Boffzen, Holzminden (Kreis)
Die vollständige Adresse der Immobilie erhalten Sie vom Anbieter.",3,"98,74 m²",550 m²,2.783 €/m²,Bungalow,nil,nil,2,1,nil,nil,{'is24qa-stufenloser-zugang-label': ''}
Moderne Eleganz auf optimierten Raum: Der Lifetime 2 Bungalow von allkauf,290.299 €,"37649 Heinsen, Holzminden (Kreis)
Die vollständige Adresse der Immobilie erhalten Sie vom Anbieter.",3,"98,74 m²",500 m²,2.940 €/m²,Bungalow,nil,nil,2,1,nil,nil,{'is24qa-stufenloser-zugang-label': ''}
Moderne Eleganz auf optimierten Raum: Der Lifetime 2 Bungalow von allkauf,301.389 €,"37647 Vahlbruch, Holzminden (Kreis)
Die vollständige Adresse der Immobilie erhalten Sie vom Anbieter.",3,"98,74 m²",505 m²,3.052 €/m²,Bungalow,nil,nil,2,1,nil,nil,{'is24qa-stufenloser-zugang-label': ''}
Moderne Eleganz auf optimierten Raum: Der Lifetime 2 Bungalow von allkauf,291.599 €,"37633 Dielmissen, Holzminden (Kreis)
Die vollständige Adresse der Immobilie erhalten Sie vom Anbieter.",3,"98,74 m²",498 m²,2.953 €/m²,Bungalow,nil,nil,2,1,nil,nil,{'is24qa-stufenloser-zugang-label': ''}
Moderne Eleganz auf optimierten Raum: Der Lifetime 2 Bungalow von allkauf,299.399 €,"37620 Halle, Holzminden (Kreis)
Die vollständige Adresse der Immobilie erhalten Sie vom Anbieter.",3,"98,74 m²",480 m²,3.032 €/m²,Bungalow,nil,nil,2,1,nil,nil,{'is24qa-stufenloser-zugang-label': ''}
Moderne Eleganz auf optimierten Raum: Der Lifetime 2 Bungalow von allkauf,291.599 €,"37632 Eschershausen, Holzminden (Kreis)
Die vollständige Adresse der Immobilie erhalten Sie vom Anbieter.",3,"98,74 m²",500 m²,2.953 €/m²,Bungalow,nil,nil,2,1,nil,nil,{'is24qa-stufenloser-zugang-label': ''}
Moderne Eleganz auf optimierten Raum: Der Lifetime 2 Bungalow von allkauf,288.149 €,"37627 Deensen, Holzminden (Kreis)
Die vollständige Adresse der Immobilie erhalten Sie vom Anbieter.",3,"98,74 m²",515 m²,2.918 €/m²,Bungalow,nil,nil,2,1,nil,nil,{'is24qa-stufenloser-zugang-label': ''}
Moderne Eleganz auf optimierten Raum: Der Lifetime 2 Bungalow von allkauf,302.999 €,"37619 Bodenwerder, Holzminden (Kreis)
Die vollständige Adresse der Immobilie erhalten Sie vom Anbieter.",3,"98,74 m²",510 m²,3.069 €/m²,Bungalow,nil,nil,2,1,nil,nil,{'is24qa-stufenloser-zugang-label': ''}
Moderne Eleganz auf optimierten Raum: Der Lifetime 2 Bungalow von allkauf,278.279 €,"37603 Holzminden, Holzminden (Kreis)
Die vollständige Adresse der Immobilie erhalten Sie vom Anbieter.",3,"98,74 m²",480 m²,2.818 €/m²,Bungalow,nil,nil,2,1,nil,nil,{'is24qa-stufenloser-zugang-label': ''}
Moderne Eleganz auf optimierten Raum: Der Lifetime 2 Bungalow von allkauf,305.499 €,"31868 Ottenstein, Holzminden (Kreis)
Die vollständige Adresse der Immobilie erhalten Sie vom Anbieter.",3,"98,74 m²",490 m²,3.094 €/m²,Bungalow,nil,nil,2,1,nil,nil,{'is24qa-stufenloser-zugang-label': ''}
Moderne Eleganz auf optimierten Raum: Der Lifetime 2 Bungalow von allkauf,294.799 €,"31069 Delligsen, Holzminden (Kreis)
Die vollständige Adresse der Immobilie erhalten Sie vom Anbieter.",3,"98,74 m²",530 m²,2.986 €/m²,Bungalow,nil,nil,2,1,nil,nil,{'is24qa-stufenloser-zugang-label': ''}
Von Anfang an zuhause: Junge Familien bauen mit allkauf,286.099 €,"37697 Lauenförde, Holzminden (Kreis)
Die vollständige Adresse der Immobilie erhalten Sie vom Anbieter.",4,"142,23 m²",500 m²,2.012 €/m²,Einfamilienhaus (freistehend),nil,nil,3,1,nil,nil,{'is24qa-gaeste-wc-label': ''}
Von Anfang an zuhause: Junge Familien bauen mit allkauf,285.599 €,"37691 Boffzen, Holzminden (Kreis)
Die vollständige Adresse der Immobilie erhalten Sie vom Anbieter.",4,"142,23 m²",550 m²,2.008 €/m²,Einfamilienhaus (freistehend),nil,nil,3,1,nil,nil,{'is24qa-gaeste-wc-label': ''}
Von Anfang an zuhause: Junge Familien bauen mit allkauf,301.099 €,"37649 Heinsen, Holzminden (Kreis)
Die vollständige Adresse der Immobilie erhalten Sie vom Anbieter.",4,"142,23 m²",500 m²,2.117 €/m²,Einfamilienhaus (freistehend),nil,nil,3,1,nil,nil,{'is24qa-gaeste-wc-label': ''}
Von Anfang an zuhause: Junge Familien bauen mit allkauf,312.189 €,"37647 Vahlbruch, Holzminden (Kreis)
Die vollständige Adresse der Immobilie erhalten Sie vom Anbieter.",4,"142,23 m²",505 m²,2.195 €/m²,Einfamilienhaus (freistehend),nil,nil,3,1,nil,nil,{'is24qa-gaeste-wc-label': ''}
Von Anfang an zuhause: Junge Familien bauen mit allkauf,302.399 €,"37633 Dielmissen, Holzminden (Kreis)
Die vollständige Adresse der Immobilie erhalten Sie vom Anbieter.",4,"142,23 m²",498 m²,2.126 €/m²,Einfamilienhaus (freistehend),nil,nil,3,1,nil,nil,{'is24qa-gaeste-wc-label': ''}
Von Anfang an zuhause: Junge Familien bauen mit allkauf,310.199 €,"37620 Halle, Holzminden (Kreis)
Die vollständige Adresse der Immobilie erhalten Sie vom Anbieter.",4,"142,23 m²",480 m²,2.181 €/m²,Einfamilienhaus (freistehend),nil,nil,3,1,nil,nil,{'is24qa-gaeste-wc-label': ''}
Von Anfang an zuhause: Junge Familien bauen mit allkauf,302.599 €,"37632 Eschershausen, Holzminden (Kreis)
Die vollständige Adresse der Immobilie erhalten Sie vom Anbieter.",4,"142,23 m²",500 m²,2.128 €/m²,Einfamilienhaus (freistehend),nil,nil,3,1,nil,nil,{'is24qa-gaeste-wc-label': ''}
Von Anfang an zuhause: Junge Familien bauen mit allkauf,298.949 €,"37627 Deensen, Holzminden (Kreis)
Die vollständige Adresse der Immobilie erhalten Sie vom Anbieter.",4,"142,23 m²",515 m²,2.102 €/m²,Einfamilienhaus (freistehend),nil,nil,3,1,nil,nil,{'is24qa-gaeste-wc-label': ''}
Von Anfang an zuhause: Junge Familien bauen mit allkauf,313.799 €,"37619 Bodenwerder, Holzminden (Kreis)
Die vollständige Adresse der Immobilie erhalten Sie vom Anbieter.",4,"142,23 m²",510 m²,2.206 €/m²,Einfamilienhaus (freistehend),nil,nil,3,1,nil,nil,{'is24qa-gaeste-wc-label': ''}
Von Anfang an zuhause: Junge Familien bauen mit allkauf,289.079 €,"37603 Holzminden, Holzminden (Kreis)
Die vollständige Adresse der Immobilie erhalten Sie vom Anbieter.",4,"142,23 m²",480 m²,2.032 €/m²,Einfamilienhaus (freistehend),nil,nil,3,1,nil,nil,{'is24qa-gaeste-wc-label': ''}
Von Anfang an zuhause: Junge Familien bauen mit allkauf,316.299 €,"31868 Ottenstein, Holzminden (Kreis)
Die vollständige Adresse der Immobilie erhalten Sie vom Anbieter.",4,"142,23 m²",490 m²,2.224 €/m²,Einfamilienhaus (freistehend),nil,nil,3,1,nil,nil,{'is24qa-gaeste-wc-label': ''}
Von Anfang an zuhause: Junge Familien bauen mit allkauf,305.599 €,"31069 Delligsen, Holzminden (Kreis)
Die vollständige Adresse der Immobilie erhalten Sie vom Anbieter.",4,"142,23 m²",530 m²,2.149 €/m²,Einfamilienhaus (freistehend),nil,nil,3,1,nil,nil,{'is24qa-gaeste-wc-label': ''}
