title,price,address,rooms,living_space,property_area,price_per_m2,type,usable_area,available_from,bedrooms,bathrooms,garage_parking,buyer_commission,criteriagroup_boolean_listing
Solide Investition im historischen Altstadtkern von Wismar,450.000 €,"Altstadt, 23966 Wismar
Die vollständige Adresse der Immobilie erhalten Sie vom Anbieter.",10,223 m²,121 m²,2.018 €/m²,Mehrfamilienhaus,nil,nil,6,4,nil,"Käuferprovision beträgt 7,14 % (inkl. MwSt.) des beurkundeten Kaufpreises",{}
Bungalowglück: Idyllisches Refugium mit eigenem Bootssteg am Jabelschen See,170.000 €,"17194 Jabel, Mecklenburgische Seenplatte (Kreis)
Die vollständige Adresse der Immobilie erhalten Sie vom Anbieter.",4,62 m²,423 m²,2.742 €/m²,Bungalow,nil,nil,nil,2,nil,siehe Sonstiges,{'is24qa-als-ferienhaus-geeignet-label': ''}
Top-Ferienbungalow in Rechlin,435.000 €,"17248 Rechlin, Mecklenburgische Seenplatte (Kreis)
Die vollständige Adresse der Immobilie erhalten Sie vom Anbieter.",3,109 m²,745 m²,3.991 €/m²,Wohnimmobilie (sonstige),109 m²,sofort,2,2,2 Stellplätze,3.57 %,"{'is24qa-gaeste-wc-label': '', 'is24qa-stufenloser-zugang-label': '', 'is24qa-als-ferienhaus-geeignet-label': ''}"
Alleinlage: Tolles Zweifamilienhaus mit großem Grundstück in der freien Natur,339.000 €,"17217 Penzlin, Mecklenburgische Seenplatte (Kreis)
Die vollständige Adresse der Immobilie erhalten Sie vom Anbieter.",6,188 m²,2.726 m²,1.803 €/m²,Wohnimmobilie (sonstige),nil,sofort,4,3,Carport,"3,57 %",{'is24qa-gaeste-wc-label': ''}
Knuffiger Bungalow mit Baugrundstück | Einliegerwohnung möglich!,415.000 €,"23972 Lübow, Nordwestmecklenburg (Kreis)
Die vollständige Adresse der Immobilie erhalten Sie vom Anbieter.",4,118 m²,1.292 m²,3.517 €/m²,Bungalow,0 m²,nil,3,1,2 Garagen,"3,57% vom Kaufpreis inkl. MwSt.",{'is24qa-keller-label': ''}
Malchow | Modernes Endreihenhaus in ruhiger Seitenstraße mit viel Platz und Süd-Garten,299.000 €,"17213 Malchow, Mecklenburgische Seenplatte (Kreis)
Die vollständige Adresse der Immobilie erhalten Sie vom Anbieter.",6,133 m²,450 m²,2.248 €/m²,Reiheneckhaus,37 m²,nil,5,3,1 Carport,"3,57 % inkl. gesetzlicher MwSt. (Käuferprovision)",{'is24qa-einliegerwohnung-label': ''}
Großes Einfamilienhaus in der Nähe vom Ostseebad Rerik,429.000 €,"18233 Neubukow, Rostock (Kreis)
Die vollständige Adresse der Immobilie erhalten Sie vom Anbieter.",9,185 m²,1.062 m²,2.319 €/m²,Villa,76 m²,sofort,nil,2,3 Tiefgaragen-Stellplätze,"3,0% incl. 19% Mwst. vom KP","{'is24qa-gaeste-wc-label': '', 'is24qa-keller-label': '', 'is24qa-als-ferienhaus-geeignet-label': ''}"
Wohn- und Geschäftshaus an der Ostsee,620.000 €,"18209 Bad Doberan, Rostock (Kreis)
Die vollständige Adresse der Immobilie erhalten Sie vom Anbieter.",14,424 m²,376 m²,1.462 €/m²,nil,nil,sofort,nil,nil,nil,"3,57% incl. 19% Mwst. vom Kaufpreis",{}
Charmantes Einfamilienhaus im Speckgürtel von Schwerin,249.500 €,"19069 Lübstorf, Nordwestmecklenburg (Kreis)
Die vollständige Adresse der Immobilie erhalten Sie vom Anbieter.",5,124 m²,864 m²,2.012 €/m²,Einfamilienhaus (freistehend),nil,nil,nil,1,nil,"3,57 %","{'is24qa-gaeste-wc-label': '', 'is24qa-keller-label': ''}"
EINFAMILIENHAUS IN RUHIGER LAGE AUF RÜGEN,395.000 €,"18556 Breege, Vorpommern-Rügen (Kreis)
Die vollständige Adresse der Immobilie erhalten Sie vom Anbieter.",4,90 m²,600 m²,4.389 €/m²,Einfamilienhaus (freistehend),nil,nil,3,1,1 Stellplatz,"Käuferprovision 3,57 % (inkl. MwSt.) des beurkundeten Kaufpreises.",{}
Rendite: Ferien-/Wohnhaus mit 2 Doppelhaushälften,998.500 €,"Alter Gutshof 10,
18586 Sellin, Vorpommern-Rügen (Kreis)",6,"209,1 m²",536 m²,4.775 €/m²,Wohnimmobilie (sonstige),nil,sofort,4,4,2 Außenstellplätze,"3,57 % inkl. MwSt.",{'is24qa-als-ferienhaus-geeignet-label': ''}
Großzügiges Grundstück und viel Platz für eine große Familie,375.000 €,"18196 Dummerstorf, Rostock (Kreis)
Die vollständige Adresse der Immobilie erhalten Sie vom Anbieter.",8,200 m²,1.131 m²,1.875 €/m²,Einfamilienhaus (freistehend),nil,nil,2,3,1 Garage,"3,57 % Käuferprovision (inkl. gesetzl. MwSt.)","{'is24qa-gaeste-wc-label': '', 'is24qa-keller-label': '', 'is24qa-einliegerwohnung-label': ''}"
"Hochwertige Kapitalanlage mit vier Wohnungen in Peenemünde, Insel Usedom",850.000 €,"Hauptstr. 28,
17449 Peenemünde, Vorpommern-Greifswald (Kreis)",8,218 m²,530 m²,3.899 €/m²,Mehrfamilienhaus,260 m²,sofort,4,4,4 Außenstellplätze,"7,14% inkl. 19% USt.","{'is24qa-als-ferienhaus-geeignet-label': '', 'is24qa-einliegerwohnung-label': ''}"
Ferienhaus mit vier Wohnungen in Wiek/Insel Rügen als Kapitalanlage/Renditeobjekt!,498.000 €,"Ahornweg 14,
18556 Wiek, Vorpommern-Rügen (Kreis)",10,177 m²,872 m²,2.814 €/m²,Mehrfamilienhaus,200 m²,sofort!,6,4,4 Außenstellplätze,"3,57% inkl. 19% USt.","{'is24qa-gaeste-wc-label': '', 'is24qa-als-ferienhaus-geeignet-label': '', 'is24qa-einliegerwohnung-label': ''}"
Wenn die Schwiegermutter mit muss! Top Einfamilienhaus mit viel Platz für die ganze Familie!,584.000 €,"Ostseeblick 12,
18546 Sassnitz, Vorpommern-Rügen (Kreis)",5,190 m²,721 m²,3.074 €/m²,Einfamilienhaus (freistehend),38 m²,nach Vereinbarung,3,2,1 Garage,"3,57% inkl. 19% USt.","{'is24qa-gaeste-wc-label': '', 'is24qa-einliegerwohnung-label': ''}"
***Traumhaftes Zweifamilienhaus am Schaalsee***,649.900 €,"19246 Zarrentin am Schaalsee, Ludwigslust-Parchim (Kreis)
Die vollständige Adresse der Immobilie erhalten Sie vom Anbieter.",8,220 m²,565 m²,2.954 €/m²,Wohnimmobilie (sonstige),20 m²,nach Absprache,4,2,5 Stellplätze,Nein,"{'is24qa-gaeste-wc-label': '', 'is24qa-provisionsfrei-fuer-kaufende-label': ''}"
Mehrfamilienhaus mit verfügbarer Gewerbeeinheit!,499.000 €,"23948 Klütz, Nordwestmecklenburg (Kreis)
Die vollständige Adresse der Immobilie erhalten Sie vom Anbieter.",9,"315,63 m²",470 m²,1.581 €/m²,Mehrfamilienhaus,"29,3 m²",nil,5,5,5 Außenstellplätze,"2,98% inklusive gesetzliche Mehrwertsteuer",{'is24qa-gaeste-wc-label': ''}
Alles was das Herz begehrt - Torgelow,188.000 €,"17358 Torgelow, Vorpommern-Greifswald (Kreis)
Die vollständige Adresse der Immobilie erhalten Sie vom Anbieter.",4,125 m²,707 m²,1.504 €/m²,Einfamilienhaus (freistehend),50 m²,Absprache,3,1,3 Stellplätze,"3,57 % inkl. ges. MwSt.",{'is24qa-als-ferienhaus-geeignet-label': ''}
Für Kapitalanleger- Mehrfamilienhaus mit 5 Wohnungen in Upahl zu verkaufen,439.000 €,"Breite Strasse 4,
23936 Upahl, Nordwestmecklenburg (Kreis)",16,335 m²,1.074 m²,1.310 €/m²,Mehrfamilienhaus,nil,nach Erwerb,nil,nil,5 Außenstellplätze,"3,57","{'is24qa-keller-label': '', 'is24qa-vermietet-label': ''}"
Exklusives Zweifamilienhaus in ruhiger Lage im Ostseebad Zinnowitz,980.000 €,"17454 Zinnowitz, Vorpommern-Greifswald (Kreis)
Die vollständige Adresse der Immobilie erhalten Sie vom Anbieter.",8,395 m²,1.256 m²,2.481 €/m²,Wohnimmobilie (sonstige),395 m²,nil,nil,nil,Außenstellplatz,5% inkl. 19% MwSt.,"{'is24qa-gaeste-wc-label': '', 'is24qa-keller-label': '', 'is24qa-einliegerwohnung-label': ''}"
