title,price,address,rooms,living_space,property_area,price_per_m2,type,usable_area,available_from,bedrooms,bathrooms,garage_parking,buyer_commission,criteriagroup_boolean_listing
"Segnitzstraße 91, 97422 Schweinfurt",319.000 €,"Segnitzstraße 9999,
Hochfeld/Steinberg, 97422 Schweinfurt",4,126 m²,195 m²,2.532 €/m²,Reihenmittelhaus,nil,nil,nil,1,1 Garage,1,"{'is24qa-gaeste-wc-label': '', 'is24qa-keller-label': '', 'is24qa-vermietet-label': ''}"
KHALIL WAKED IMMOBILIEN! Einfamilienhaus für die kleine Familie.,274.999 €,"84307 Eggenfelden, Rottal-Inn (Kreis)
Die vollständige Adresse der Immobilie erhalten Sie vom Anbieter.",4,145 m²,170 m²,1.897 €/m²,Einfamilienhaus (freistehend),nil,01.05.2024,3,1,1 Garage,"3,57%","{'is24qa-gaeste-wc-label': '', 'is24qa-keller-label': ''}"
WINDISCH IMMOBILIEN - Zwei Einfamilienhäuser auf großem Grundstück mit vielfältigen Möglichkeiten!,1.449.000 €,"Bergstraße 39,
82216 Maisach, Fürstenfeldbruck (Kreis)",10,301 m²,1.280 m²,4.814 €/m²,Mehrfamilienhaus,nil,frei ab sofort!,8,3,1 Carport,"2,38 % inkl. 19 % MwSt.",{'is24qa-online-besichtigung-moeglich-label': ''}
"Bezahlbares Wohnen in München: Schöne DHH in München-Untermenzing - Startgebot 799.000,--€",799.000 €,"Untermenzing, 80999 München
Die vollständige Adresse der Immobilie erhalten Sie vom Anbieter.",5,118 m²,182 m²,6.771 €/m²,Doppelhaushälfte,108 m²,nach Vereinbarung,4,3,2 Duplex-Stellplätze,"3,57 % inkl. MwSt.","{'is24qa-gaeste-wc-label': '', 'is24qa-keller-label': '', 'is24qa-als-ferienhaus-geeignet-label': ''}"
Großzügige Doppelhaushälfte in familienfreundlicher Lage Coburgs,199.500 €,"Mitte, 96450 Coburg
Die vollständige Adresse der Immobilie erhalten Sie vom Anbieter.",8,160 m²,0 m²,1.247 €/m²,Doppelhaushälfte,nil,sofort,6,2,1 Garage,"3,57% inkl. MwSt",{}
Modernes Zuhause mit Ruhegarantie und Weitblick!,555.000 €,"96145 Seßlach, Coburg (Kreis)
Die vollständige Adresse der Immobilie erhalten Sie vom Anbieter.",6,215 m²,1.117 m²,2.581 €/m²,Einfamilienhaus (freistehend),nil,nach Absprache,4,3,2 Garagen,"2,98 % inkl. MwSt","{'is24qa-gaeste-wc-label': '', 'is24qa-keller-label': ''}"
Ihre Alternative zur Eigentumswohnung - DHH in absoluter Zentrumslage!,188.500 €,"96487 Dörfles-Esbach, Coburg (Kreis)
Die vollständige Adresse der Immobilie erhalten Sie vom Anbieter.",5,140 m²,85 m²,1.346 €/m²,Doppelhaushälfte,nil,sofort,4,1,nil,"3,57 % inkl. MwSt",{'is24qa-keller-label': ''}
Höchste Lebensqualität in Bestlage - EFH in der Hohen Straße!,489.500 €,"Mitte, 96450 Coburg
Die vollständige Adresse der Immobilie erhalten Sie vom Anbieter.",5,130 m²,996 m²,3.765 €/m²,Einfamilienhaus (freistehend),nil,kurzfristig,4,1,1 Garage,"2,98 % inkl. MwSt.",{'is24qa-gaeste-wc-label': ''}
Kapitalanlage in 8 Wohneinheiten - vollvermietetes Mehrfamilienhaus,249.000 €,"96484 Meeder, Coburg (Kreis)
Die vollständige Adresse der Immobilie erhalten Sie vom Anbieter.",19,526 m²,1.057 m²,473 €/m²,Mehrfamilienhaus,nil,nil,nil,nil,1 Garage,"3,57 % inkl. MwSt.",{}
Top-saniertes Wohn- u. Geschäftshaus in ruhiger Stadtlage!,444.500 €,"96465 Neustadt bei Coburg, Coburg (Kreis)
Die vollständige Adresse der Immobilie erhalten Sie vom Anbieter.",13,315 m²,160 m²,1.411 €/m²,Mehrfamilienhaus,nil,nach Absprache,6,2,2 Außenstellplätze,"3,57 % inkl. MwSt.",{'is24qa-keller-label': ''}
"Wohnen wie im Urlaub! Eindrucksvolles Anwesen mit Blick und 2 Balkone, Nähe Kronach!",398.500 €,"96349 Steinwiesen, Kronach (Kreis)
Die vollständige Adresse der Immobilie erhalten Sie vom Anbieter.",10,307 m²,1.001 m²,1.298 €/m²,Besondere Immobilie,nil,nach Vereinbarung!,7,3,2 Stellplätze,"3,57 % inkl. MwSt.","{'is24qa-gaeste-wc-label': '', 'is24qa-keller-label': '', 'is24qa-stufenloser-zugang-label': '', 'is24qa-einliegerwohnung-label': ''}"
"Unterschleißheim - DHH Neubau, Baubeginn erfolgt",898.000 €,"Würmbachstraße 3,
85716 Unterschleißheim, München (Kreis)",4,102 m²,380 m²,8.804 €/m²,Doppelhaushälfte,7 m²,Dezember 2024,nil,nil,1 Carport,"3,57%",{}
Freistehendes Kaffeemühlenhaus in Obermenzing - Besichtigung SA 29.06. nach Vereinbarung,1.698.000 €,"Obermenzing, 81247 München
Die vollständige Adresse der Immobilie erhalten Sie vom Anbieter.",5,190 m²,540 m²,8.937 €/m²,Einfamilienhaus (freistehend),nil,nach Vereinbarung,nil,3,1 Garage,"2,38%",{'is24qa-keller-label': ''}
Sonniges Zweifamilienhaus mit zwei 4-Zimmerwohnungen und ausbaufähigem DG auf schönem Grundstück,1.150.000 €,"85560 Ebersberg, Ebersberg (Kreis)
Die vollständige Adresse der Immobilie erhalten Sie vom Anbieter.",8,"188,54 m²",727 m²,6.100 €/m²,Mehrfamilienhaus,nil,sofort,6,2,4 Stellplätze,2 % zzgl. ges. MwSt.,"{'is24qa-gaeste-wc-label': '', 'is24qa-keller-label': ''}"
Charmantes Einfamilienhaus in Mödingen/Bergheim mit vielen Nutzungsmöglichkeiten,359.000 €,"89426 Mödingen, Dillingen an der Donau (Kreis)
Die vollständige Adresse der Immobilie erhalten Sie vom Anbieter.",4,140 m²,1.230 m²,2.564 €/m²,Einfamilienhaus (freistehend),nil,Januar 2025,3,2,1 Carport,"3,57%",{'is24qa-keller-label': ''}
Einfamilienhaus zum Sanieren in ruhiger Lage in Tann - Ideal für Heimhandwerker,177.000 €,"84367 Tann, Rottal-Inn (Kreis)
Die vollständige Adresse der Immobilie erhalten Sie vom Anbieter.",5,100 m²,455 m²,1.770 €/m²,Einfamilienhaus (freistehend),120 m²,nil,nil,1,nil,"3,57 % Courtage jeweils für Verkäufer und Käufer",{'is24qa-online-besichtigung-moeglich-label': ''}
Haus 2 - Das perfekte Zuhause,1.459.000 €,"Waldperlach, 81739 München
Die vollständige Adresse der Immobilie erhalten Sie vom Anbieter.",7,"154,4 m²",81 m²,9.449 €/m²,Doppelhaushälfte,"206,3 m²",Ende 2025,5,2,1 Garage,Nein,"{'is24qa-gaeste-wc-label': '', 'is24qa-keller-label': '', 'is24qa-provisionsfrei-fuer-kaufende-label': ''}"
Haus 4 - Perfekt für die moderne Familie,1.162.000 €,"Waldperlach, 81739 München
Die vollständige Adresse der Immobilie erhalten Sie vom Anbieter.",5,"125,7 m²",123 m²,9.244 €/m²,Doppelhaushälfte,"180,8 m²",Ende 2025,3,2,1 Garage,Nein,"{'is24qa-gaeste-wc-label': '', 'is24qa-keller-label': '', 'is24qa-provisionsfrei-fuer-kaufende-label': ''}"
2-Zimmer-Wohnung mit Balkon in zentraler Lage,499.900 €,"85386 Eching, Freising (Kreis)
Die vollständige Adresse der Immobilie erhalten Sie vom Anbieter.",2,59 m²,59 m²,8.473 €/m²,Mehrfamilienhaus,nil,2024,1,1,1 Tiefgaragen-Stellplatz,Nein,{'is24qa-provisionsfrei-fuer-kaufende-label': ''}
Individuell geplantes Ausbauhaus von Kern-Haus!,272.900 €,"95709 Tröstau, Wunsiedel im Fichtelgebirge (Kreis)
Die vollständige Adresse der Immobilie erhalten Sie vom Anbieter.",4,114 m²,580 m²,2.394 €/m²,Einfamilienhaus (freistehend),nil,nil,3,1,2 Stellplätze,Nein,{'is24qa-provisionsfrei-fuer-kaufende-label': ''}
Mit Blick in die Zukunft ins energieeffiziente Eigenheim! (inkl. Grundstück),1.042.891 €,"82223 Eichenau, Fürstenfeldbruck (Kreis)
Die vollständige Adresse der Immobilie erhalten Sie vom Anbieter.",5,151 m²,375 m²,6.907 €/m²,Doppelhaushälfte,nil,nil,4,1,2 Stellplätze,Nein,"{'is24qa-gaeste-wc-label': '', 'is24qa-provisionsfrei-fuer-kaufende-label': ''}"
Erwarten Sie mehr von Ihrem Zuhause!,500.900 €,"95168 Marktleuthen, Wunsiedel im Fichtelgebirge (Kreis)
Die vollständige Adresse der Immobilie erhalten Sie vom Anbieter.",4,119 m²,690 m²,4.209 €/m²,Einfamilienhaus (freistehend),nil,nil,3,1,2 Stellplätze,Nein,"{'is24qa-gaeste-wc-label': '', 'is24qa-provisionsfrei-fuer-kaufende-label': ''}"
Relaxen im eigenen Wohnzimmer!,532.900 €,"95168 Marktleuthen, Wunsiedel im Fichtelgebirge (Kreis)
Die vollständige Adresse der Immobilie erhalten Sie vom Anbieter.",4,128 m²,690 m²,4.163 €/m²,Einfamilienhaus (freistehend),nil,nil,3,1,2 Stellplätze,Nein,"{'is24qa-gaeste-wc-label': '', 'is24qa-provisionsfrei-fuer-kaufende-label': ''}"
Individuell geplantes Ausbauhaus von Kern-Haus!,326.900 €,"95168 Marktleuthen, Wunsiedel im Fichtelgebirge (Kreis)
Die vollständige Adresse der Immobilie erhalten Sie vom Anbieter.",6,159 m²,690 m²,2.056 €/m²,Einfamilienhaus (freistehend),nil,nil,5,1,2 Stellplätze,Nein,{'is24qa-provisionsfrei-fuer-kaufende-label': ''}
Viel Platz zum Spielen. Ihre Kinder werden sich freuen!,985.464 €,"90518 Altdorf bei Nürnberg, Nürnberger Land (Kreis)
Die vollständige Adresse der Immobilie erhalten Sie vom Anbieter.",6,151 m²,1.333 m²,6.526 €/m²,Einfamilienhaus (freistehend),nil,nil,5,1,2 Stellplätze,Nein,"{'is24qa-gaeste-wc-label': '', 'is24qa-provisionsfrei-fuer-kaufende-label': ''}"
"Individuell, flexibel & kosteneffizient: Ihr Ausbauhaus von Kern-Haus!",885.464 €,"90518 Altdorf bei Nürnberg, Nürnberger Land (Kreis)
Die vollständige Adresse der Immobilie erhalten Sie vom Anbieter.",5,209 m²,1.333 m²,4.237 €/m²,Einfamilienhaus (freistehend),nil,nil,4,1,2 Stellplätze,Nein,{'is24qa-provisionsfrei-fuer-kaufende-label': ''}
Erwarten Sie mehr von Ihrem Zuhause!,860.464 €,"90518 Altdorf bei Nürnberg, Nürnberger Land (Kreis)
Die vollständige Adresse der Immobilie erhalten Sie vom Anbieter.",6,159 m²,1.333 m²,5.412 €/m²,Einfamilienhaus (freistehend),nil,nil,5,1,2 Stellplätze,Nein,"{'is24qa-gaeste-wc-label': '', 'is24qa-provisionsfrei-fuer-kaufende-label': ''}"
Warum wollen Sie sich mit weniger zufrieden geben? Ihr neues Zuhause kann mehr!,815.900 €,"95100 Selb, Wunsiedel im Fichtelgebirge (Kreis)
Die vollständige Adresse der Immobilie erhalten Sie vom Anbieter.",5,192 m²,1.725 m²,4.249 €/m²,Einfamilienhaus (freistehend),nil,nil,4,1,2 Stellplätze,Nein,"{'is24qa-gaeste-wc-label': '', 'is24qa-provisionsfrei-fuer-kaufende-label': ''}"
"Individuell, flexibel & kosteneffizient: Ihr Ausbauhaus von Kern-Haus!",592.900 €,"95100 Selb, Wunsiedel im Fichtelgebirge (Kreis)
Die vollständige Adresse der Immobilie erhalten Sie vom Anbieter.",4,173 m²,1.725 m²,3.427 €/m²,Einfamilienhaus (freistehend),nil,nil,3,1,2 Stellplätze,Nein,{'is24qa-provisionsfrei-fuer-kaufende-label': ''}
Erfüllen Sie sich Ihren Traum vom eigenen Haus!,712.900 €,"95100 Selb, Wunsiedel im Fichtelgebirge (Kreis)
Die vollständige Adresse der Immobilie erhalten Sie vom Anbieter.",5,163 m²,1.725 m²,4.374 €/m²,Einfamilienhaus (freistehend),nil,nil,4,1,2 Stellplätze,Nein,"{'is24qa-gaeste-wc-label': '', 'is24qa-provisionsfrei-fuer-kaufende-label': ''}"
"Der beste Zeitpunkt, um zu bauen, ist immer JETZT! (inkl. Grundstück)",1.001.071 €,"82223 Eichenau, Fürstenfeldbruck (Kreis)
Die vollständige Adresse der Immobilie erhalten Sie vom Anbieter.",5,154 m²,375 m²,6.500 €/m²,Einfamilienhaus (freistehend),nil,nil,4,1,2 Stellplätze,Nein,"{'is24qa-gaeste-wc-label': '', 'is24qa-provisionsfrei-fuer-kaufende-label': ''}"
Schalten Sie auf Zukunft - viel Raum und niedrige Betriebskosten! (inkl. Grundstück),718.679 €,"85368 Moosburg an der Isar, Freising (Kreis)
Die vollständige Adresse der Immobilie erhalten Sie vom Anbieter.",4,129 m²,337 m²,5.571 €/m²,Doppelhaushälfte,nil,nil,3,1,2 Stellplätze,Nein,"{'is24qa-gaeste-wc-label': '', 'is24qa-provisionsfrei-fuer-kaufende-label': ''}"
Erfüllen Sie sich Ihren Traum vom eigenen Haus! (inkl. Grundstück),694.679 €,"85368 Moosburg an der Isar, Freising (Kreis)
Die vollständige Adresse der Immobilie erhalten Sie vom Anbieter.",4,108 m²,337 m²,6.432 €/m²,Doppelhaushälfte,nil,nil,3,1,2 Stellplätze,Nein,"{'is24qa-gaeste-wc-label': '', 'is24qa-provisionsfrei-fuer-kaufende-label': ''}"
Schalten Sie auf Zukunft - viel Raum und niedrige Betriebskosten! (inkl. Grundstück),979.651 €,"82223 Eichenau, Fürstenfeldbruck (Kreis)
Die vollständige Adresse der Immobilie erhalten Sie vom Anbieter.",5,143 m²,375 m²,6.851 €/m²,Einfamilienhaus (freistehend),nil,nil,3,1,2 Stellplätze,Nein,"{'is24qa-gaeste-wc-label': '', 'is24qa-provisionsfrei-fuer-kaufende-label': ''}"
Hier werden Wohnträume wahr! (inkl. Grundstück),1.315.038 €,"82049 Pullach im Isartal, München (Kreis)
Die vollständige Adresse der Immobilie erhalten Sie vom Anbieter.",5,122 m²,398 m²,10.779 €/m²,Einfamilienhaus (freistehend),nil,nil,4,1,2 Stellplätze,Nein,"{'is24qa-gaeste-wc-label': '', 'is24qa-provisionsfrei-fuer-kaufende-label': ''}"
Schalten Sie auf Zukunft - viel Raum und niedrige Betriebskosten! (inkl. Grundstück),2.362.230 €,"Untermenzing, 80999 München
Die vollständige Adresse der Immobilie erhalten Sie vom Anbieter.",7,217 m²,578 m²,10.886 €/m²,Mehrfamilienhaus,nil,nil,5,2,2 Stellplätze,Nein,"{'is24qa-gaeste-wc-label': '', 'is24qa-provisionsfrei-fuer-kaufende-label': ''}"
"Der beste Zeitpunkt, um zu bauen, ist immer JETZT! (inkl. Grundstück)",1.390.518 €,"Neuhadern, 81375 München
Die vollständige Adresse der Immobilie erhalten Sie vom Anbieter.",4,112 m²,310 m²,12.415 €/m²,Doppelhaushälfte,nil,nil,3,1,2 Stellplätze,Nein,"{'is24qa-gaeste-wc-label': '', 'is24qa-provisionsfrei-fuer-kaufende-label': ''}"
"Der beste Zeitpunkt, um zu bauen, ist immer JETZT!",1.337.478 €,"82049 Pullach im Isartal, München (Kreis)
Die vollständige Adresse der Immobilie erhalten Sie vom Anbieter.",4,125 m²,398 m²,10.700 €/m²,Einfamilienhaus (freistehend),nil,nil,3,1,2 Stellplätze,Nein,"{'is24qa-gaeste-wc-label': '', 'is24qa-provisionsfrei-fuer-kaufende-label': ''}"
Mit dem Ausbauhaus von Kern-Haus bares Geld sparen! (inkl. Grundstück),698.423 €,"85356 Freising, Freising (Kreis)
Die vollständige Adresse der Immobilie erhalten Sie vom Anbieter.",4,129 m²,300 m²,5.414 €/m²,Doppelhaushälfte,nil,nil,3,1,2 Stellplätze,Nein,"{'is24qa-gaeste-wc-label': '', 'is24qa-provisionsfrei-fuer-kaufende-label': ''}"
"Der beste Zeitpunkt, um zu bauen, ist immer JETZT! (inkl. Grundstück)",1.273.884 €,"Untermenzing, 80999 München
Die vollständige Adresse der Immobilie erhalten Sie vom Anbieter.",4,129 m²,289 m²,9.875 €/m²,Doppelhaushälfte,nil,nil,3,1,2 Stellplätze,Nein,"{'is24qa-gaeste-wc-label': '', 'is24qa-provisionsfrei-fuer-kaufende-label': ''}"
"Zuhause ist dort, wo sich das Herz Zuhause fühlt (inkl. Grundstück)",1.374.198 €,"Neuhadern, 81375 München
Die vollständige Adresse der Immobilie erhalten Sie vom Anbieter.",4,110 m²,310 m²,12.493 €/m²,Doppelhaushälfte,nil,nil,3,1,2 Stellplätze,Nein,"{'is24qa-gaeste-wc-label': '', 'is24qa-provisionsfrei-fuer-kaufende-label': ''}"
"Der beste Zeitpunkt, um zu bauen, ist immer JETZT! (inkl. Grundstück)",817.677 €,"82216 Maisach, Fürstenfeldbruck (Kreis)
Die vollständige Adresse der Immobilie erhalten Sie vom Anbieter.",5,100 m²,200 m²,8.177 €/m²,Doppelhaushälfte,nil,nil,4,1,2 Stellplätze,Nein,"{'is24qa-gaeste-wc-label': '', 'is24qa-provisionsfrei-fuer-kaufende-label': ''}"
Sie hatten schon immer eine Vorliebe für das Besondere? (inkl. Grundstück),1.343.244 €,"Untermenzing, 80999 München
Die vollständige Adresse der Immobilie erhalten Sie vom Anbieter.",5,151 m²,289 m²,8.896 €/m²,Doppelhaushälfte,nil,nil,4,1,2 Stellplätze,Nein,"{'is24qa-gaeste-wc-label': '', 'is24qa-provisionsfrei-fuer-kaufende-label': ''}"
Schalten Sie auf Zukunft - viel Raum und niedrige Betriebskosten! (inkl. Grundstück),1.305.899 €,"82049 Pullach im Isartal, München (Kreis)
Die vollständige Adresse der Immobilie erhalten Sie vom Anbieter.",4,121 m²,398 m²,10.793 €/m²,Einfamilienhaus (freistehend),nil,nil,3,1,2 Stellplätze,Nein,"{'is24qa-gaeste-wc-label': '', 'is24qa-provisionsfrei-fuer-kaufende-label': ''}"
Massives Ausbauhaus von Kern-Haus: Individuell & flexibel! (inkl. Grundstück),1.402.709 €,"93152 Nittendorf, Regensburg (Kreis)
Die vollständige Adresse der Immobilie erhalten Sie vom Anbieter.",5,224 m²,5.300 m²,6.262 €/m²,Einfamilienhaus (freistehend),nil,nil,4,1,2 Stellplätze,Nein,{'is24qa-provisionsfrei-fuer-kaufende-label': ''}
Mit Blick in die Zukunft ins energieeffiziente Eigenheim! (inkl. Grundstück),1.390.800 €,"Waldtrudering, 81827 München
Die vollständige Adresse der Immobilie erhalten Sie vom Anbieter.",4,102 m²,320 m²,13.635 €/m²,Einfamilienhaus (freistehend),nil,nil,3,1,2 Stellplätze,Nein,"{'is24qa-gaeste-wc-label': '', 'is24qa-provisionsfrei-fuer-kaufende-label': ''}"
Ihr ganz persönlicher Raum für das wahre Glück! (inkl. Grundstück),1.409.800 €,"Waldtrudering, 81827 München
Die vollständige Adresse der Immobilie erhalten Sie vom Anbieter.",4,121 m²,320 m²,11.651 €/m²,Einfamilienhaus (freistehend),nil,nil,3,1,2 Stellplätze,Nein,"{'is24qa-gaeste-wc-label': '', 'is24qa-provisionsfrei-fuer-kaufende-label': ''}"
