title,price,address,rooms,living_space,property_area,price_per_m2,type,usable_area,available_from,bedrooms,bathrooms,garage_parking,buyer_commission,criteriagroup_boolean_listing
"Seeblick, Ruhe, 300 qm Wohnfläche auf 2 Ebenen, Haus im Haus,",2.395.000 €,"82211 Herrsching am Ammersee, Starnberg (Kreis)
Die vollständige Adresse der Immobilie erhalten Sie vom Anbieter.",8,300 m²,1.450 m²,7.983 €/m²,Mehrfamilienhaus,78 m²,sofort,6,4,3 Duplex-Stellplätze,"3,57% inkl. ges. MwSt.","{'is24qa-gaeste-wc-label': '', 'is24qa-keller-label': ''}"
gepflegtes Reihenmittelhaus in Landshut zu verkaufen,530.000 €,"Wolfgang, 84032 Landshut
Die vollständige Adresse der Immobilie erhalten Sie vom Anbieter.",5,140 m²,165 m²,3.786 €/m²,Reihenmittelhaus,nil,nach Vereinbarung,3,2,1 Garage,"2,98 % Käuferprovision inkl. 19 % MwSt.",{'is24qa-keller-label': ''}
Wohn- Geschäftsgebäude in Schönbrunn,219.500 €,"96185 Schönbrunn im Steigerwald, Bamberg (Kreis)
Die vollständige Adresse der Immobilie erhalten Sie vom Anbieter.",4,109 m²,273 m²,2.014 €/m²,Mehrfamilienhaus,80 m²,sofort,3,1,nil,"2,38 %",{}
ENDLICH PLATZ FÜR IHRE FAMILIE!,898.000 €,"85617 Aßling, Ebersberg (Kreis)
Die vollständige Adresse der Immobilie erhalten Sie vom Anbieter.",6,"174,14 m²",265 m²,5.157 €/m²,Reiheneckhaus,"188,42 m²",kurzfristige Fertigstellung durch den Bauträger,5,nil,2 Stellplätze,Nein,{'is24qa-provisionsfrei-fuer-kaufende-label': ''}
"Historisches Bauernhaus mit 600 qm Chalet - Wellness-Pool-Bereich, Panoramalage im Chiemgau",6.900.000 €,"83313 Siegsdorf, Traunstein (Kreis)
Die vollständige Adresse der Immobilie erhalten Sie vom Anbieter.",15,900 m²,6.100 m²,7.667 €/m²,Bauernhaus,nil,nach Rücksprache,nil,nil,20 Stellplätze,"3,57 %","{'is24qa-gaeste-wc-label': '', 'is24qa-keller-label': '', 'is24qa-als-ferienhaus-geeignet-label': ''}"
Freistehendes Einfamilienhaus in Estenfeld mit Garten,895.000 €,"97230 Estenfeld, Würzburg (Kreis)
Die vollständige Adresse der Immobilie erhalten Sie vom Anbieter.",7,189 m²,613 m²,4.735 €/m²,Einfamilienhaus (freistehend),nil,nach Vereinbarung,5,2,3 Carports,"2,38 % inkl. ges. MwSt.",{'is24qa-gaeste-wc-label': ''}
Über 1.000 m² Fläche zum stilvollen Wohnen und modernen Arbeiten!,1.500.000 €,"63939 Wörth am Main, Miltenberg (Kreis)
Die vollständige Adresse der Immobilie erhalten Sie vom Anbieter.",6,220 m²,2.999 m²,6.818 €/m²,Einfamilienhaus (freistehend),735 m²,nach Absprache,4,2,9 Außenstellplätze,"3,57 % inkl. MwSt. aus der Verkaufssumme","{'is24qa-gaeste-wc-label': '', 'is24qa-keller-label': ''}"
Ihr neues Zuhause in Untermenzing: Rohdiamant wartet auf Feinschliff!,1.950.000 €,"Allach, 80997 München
Die vollständige Adresse der Immobilie erhalten Sie vom Anbieter.",8,155 m²,1.065 m²,12.581 €/m²,Einfamilienhaus (freistehend),nil,sofort,4,1,2 Stellplätze,"2,975 % inkl. ges. MwSt.",{'is24qa-gaeste-wc-label': ''}
Zweifamilienhaus in Feilitzsch,160.000 €,"95183 Feilitzsch, Hof (Kreis)
Die vollständige Adresse der Immobilie erhalten Sie vom Anbieter.",16,270 m²,2.405 m²,593 €/m²,Mehrfamilienhaus,nil,16.05.2024,8,3,4 Stellplätze,"4,76 % inkl. ges. MwSt.","{'is24qa-keller-label': '', 'is24qa-vermietet-label': ''}"
Gepflegtes Wohnhaus mit Ferienwohnung in Ottenhofen,690.000 €,"85570 Ottenhofen, Erding (Kreis)
Die vollständige Adresse der Immobilie erhalten Sie vom Anbieter.",7,151 m²,610 m²,4.570 €/m²,Einfamilienhaus (freistehend),200 m²,sofort,4,2,Carport,"3,57% inkl. MwSt.",{'is24qa-gaeste-wc-label': ''}
Bootshaus mit Boje und großer Sonnenterrasse am Walchensee,Auf Anfrage,"82432 Kochel am See, Bad Tölz-Wolfratshausen (Kreis)
Die vollständige Adresse der Immobilie erhalten Sie vom Anbieter.",1,60 m²,1 m²,nil,Besondere Immobilie,60 m²,nil,nil,nil,nil,"3,57 % inkl. gesetzl. MwSt.",{}
"Für geschickte Handwerker, älteres Wohnhaus in Geiselwind",135.000 €,"96160 Geiselwind, Kitzingen (Kreis)
Die vollständige Adresse der Immobilie erhalten Sie vom Anbieter.",9,140 m²,141 m²,964 €/m²,Einfamilienhaus (freistehend),25 m²,sofort,7,1,nil,"3,57 % inkl. MwSt",{}
**ENERGIE A+ ** Neuwertiges Architektenhaus - ruhige Feldrandlage**,650.000 €,"97799 Zeitlofs, Bad Kissingen (Kreis)
Die vollständige Adresse der Immobilie erhalten Sie vom Anbieter.",5,206 m²,879 m²,3.155 €/m²,Einfamilienhaus (freistehend),17 m²,nach Absprache,3,1,4 Außenstellplätze,"2,98 % inkl. MwSt.","{'is24qa-gaeste-wc-label': '', 'is24qa-als-ferienhaus-geeignet-label': ''}"
Geheimtipp: Freistehendes Familien-Domizil mit sonnigem Garten und Einliegerwohnung in Seenähe,Auf Anfrage,"88131 Lindau (Bodensee), Lindau (Bodensee) (Kreis)
Die vollständige Adresse der Immobilie erhalten Sie vom Anbieter.",6,175 m²,580 m²,nil,Einfamilienhaus (freistehend),nil,nach Absprache,nil,nil,2 Carports,"2,38 % inkl. MwSt. aus dem Kaufpreis","{'is24qa-gaeste-wc-label': '', 'is24qa-keller-label': '', 'is24qa-als-ferienhaus-geeignet-label': '', 'is24qa-einliegerwohnung-label': ''}"
Traum für Naturliebhaber! Stadtnahes Einfamilienhaus in idyllischer Lage mit Wald- und Grundbesitz,599.000 €,"93161 Sinzing, Regensburg (Kreis)
Die vollständige Adresse der Immobilie erhalten Sie vom Anbieter.",6,140 m²,4.255 m²,4.279 €/m²,nil,nil,15.08.2024,4,2,Garage,"2,38% vom Gesamtkaufpreis inkl. 19% gesetzlicher Mehrwertsteuer",{'is24qa-keller-label': ''}
Sanierungsbedürftiges Einfamilienhaus in idyllischer Lage von Obermenzing zu verkaufen!,1.299.000 €,"Obermenzing, 81247 München
Die vollständige Adresse der Immobilie erhalten Sie vom Anbieter.",5,140 m²,400 m²,9.279 €/m²,Einfamilienhaus (freistehend),nil,nil,3,2,1 Garage,"3,57% inkl. MwSt.",{'is24qa-keller-label': ''}
DHH in Bestlage in Kolbermoor - provisionsfrei,695.000 €,"83059 Kolbermoor, Rosenheim (Kreis)
Die vollständige Adresse der Immobilie erhalten Sie vom Anbieter.",5,100 m²,365 m²,6.950 €/m²,Doppelhaushälfte,nil,nach Absprache,3,nil,1 Garage,Nein,"{'is24qa-gaeste-wc-label': '', 'is24qa-keller-label': '', 'is24qa-provisionsfrei-fuer-kaufende-label': ''}"
"Oberbayern, Pfaffenhofen an der Ilm - Traumanwesen für den Pferdefreund",5.500.000 €,"85276 Hettenshausen, Pfaffenhofen an der Ilm (Kreis)
Die vollständige Adresse der Immobilie erhalten Sie vom Anbieter.",5,400 m²,124.000 m²,13.750 €/m²,nil,nil,nil,4,3,4 Garagen,"Käuferprovision 2,5% + MwSt vom Kaufpreis",{}
Sonniges Haus mit Einliegerwohnung bereit für Ihren Einzug,240.000 €,"95671 Bärnau, Tirschenreuth (Kreis)
Die vollständige Adresse der Immobilie erhalten Sie vom Anbieter.",12,360 m²,844 m²,667 €/m²,Einfamilienhaus (freistehend),nil,nil,nil,nil,2 Außenstellplätze,"3,57% inkl. Mwst.",{'is24qa-keller-label': ''}
OKAL Zinshaus7 auf Ihrem Grundstück,531.900 €,"Konradsiedlung-Wutzlhofen, 93057 Regensburg
Die vollständige Adresse der Immobilie erhalten Sie vom Anbieter.",10,"250,23 m²",580 m²,2.126 €/m²,Doppelhaushälfte,nil,nil,nil,nil,nil,nil,{'is24qa-gaeste-wc-label': ''}
"DAS GEHOBENE DOPPELHAUS AUF 2,5 ETAGEN",595.900 €,"Konradsiedlung-Wutzlhofen, 93057 Regensburg
Die vollständige Adresse der Immobilie erhalten Sie vom Anbieter.",12,"310,5 m²",690 m²,1.919 €/m²,Mehrfamilienhaus,nil,nil,6,2,nil,nil,"{'is24qa-gaeste-wc-label': '', 'is24qa-als-ferienhaus-geeignet-label': ''}"
WALMDACH MEETS BUNGALOW,316.400 €,"92545 Niedermurach, Schwandorf (Kreis)
Die vollständige Adresse der Immobilie erhalten Sie vom Anbieter.",5,106 m²,720 m²,2.985 €/m²,Bungalow,nil,nil,2,1,nil,nil,{'is24qa-gaeste-wc-label': ''}
MODERNES WOHNHAUS MIT ELEGANTEM WALMDACH,360.900 €,"92545 Niedermurach, Schwandorf (Kreis)
Die vollständige Adresse der Immobilie erhalten Sie vom Anbieter.",8,"154,89 m²",720 m²,2.330 €/m²,Einfamilienhaus (freistehend),nil,nil,nil,nil,nil,nil,{'is24qa-gaeste-wc-label': ''}
WOHNEN MIT LOFTCHARAKTER,341.900 €,"92545 Niedermurach, Schwandorf (Kreis)
Die vollständige Adresse der Immobilie erhalten Sie vom Anbieter.",7,145 m²,720 m²,2.358 €/m²,Einfamilienhaus (freistehend),nil,nil,3,1,nil,nil,{'is24qa-gaeste-wc-label': ''}
"EIN DESIGNHAUS, SO VIELSEITIG WIE DU SELBST",310.900 €,"92545 Niedermurach, Schwandorf (Kreis)
Die vollständige Adresse der Immobilie erhalten Sie vom Anbieter.",6,"132,37 m²",720 m²,2.349 €/m²,Einfamilienhaus (freistehend),nil,nil,3,2,nil,Nein,"{'is24qa-gaeste-wc-label': '', 'is24qa-provisionsfrei-fuer-kaufende-label': ''}"
"EIN DESIGNHAUS, SO VIELSEITIG WIE DU SELBST",610.900 €,"Burgweinting-Harting, 93055 Regensburg
Die vollständige Adresse der Immobilie erhalten Sie vom Anbieter.",6,"132,37 m²",360 m²,4.615 €/m²,Einfamilienhaus (freistehend),nil,nil,3,2,nil,Nein,"{'is24qa-gaeste-wc-label': '', 'is24qa-provisionsfrei-fuer-kaufende-label': ''}"
Das Haus mit dem besonderen Raumkonzept,648.900 €,"Burgweinting-Harting, 93055 Regensburg
Die vollständige Adresse der Immobilie erhalten Sie vom Anbieter.",6,"156,06 m²",360 m²,4.158 €/m²,Doppelhaushälfte,nil,nil,3,1,nil,nil,{'is24qa-gaeste-wc-label': ''}
KOMPAKTES HAUS - DURCHDACHT BIS IN DEN LETZTEN WINKEL,584.900 €,"Burgweinting-Harting, 93055 Regensburg
Die vollständige Adresse der Immobilie erhalten Sie vom Anbieter.",6,"106,42 m²",360 m²,5.496 €/m²,Einfamilienhaus (freistehend),nil,nil,3,1,nil,Nein,"{'is24qa-gaeste-wc-label': '', 'is24qa-provisionsfrei-fuer-kaufende-label': ''}"
SCHNÖRKELLOS UND GUT DURCHDACHT,340.900 €,"92542 Dieterskirchen, Schwandorf (Kreis)
Die vollständige Adresse der Immobilie erhalten Sie vom Anbieter.",7,137 m²,0 m²,2.488 €/m²,Einfamilienhaus (freistehend),nil,nil,3,1,nil,Nein,"{'is24qa-gaeste-wc-label': '', 'is24qa-provisionsfrei-fuer-kaufende-label': ''}"
WOHNLICHE STADTVILLA MIT KLAREN FORMEN,324.900 €,"92542 Dieterskirchen, Schwandorf (Kreis)
Die vollständige Adresse der Immobilie erhalten Sie vom Anbieter.",6,"124,77 m²",710 m²,2.604 €/m²,Einfamilienhaus (freistehend),nil,nil,nil,nil,nil,nil,{'is24qa-gaeste-wc-label': ''}
Bungalow 03 - Raumwunder der Extraklasse,400.800 €,"92542 Dieterskirchen, Schwandorf (Kreis)
Die vollständige Adresse der Immobilie erhalten Sie vom Anbieter.",6,150 m²,710 m²,2.672 €/m²,Bungalow,nil,nil,3,2,nil,nil,{'is24qa-gaeste-wc-label': ''}
SACHLICHES EIN­FA­MI­LI­EN­HAUS GEPAART MIT NÜTZLICHER FUNKTIONALITÄT,373.900 €,"92554 Thanstein, Schwandorf (Kreis)
Die vollständige Adresse der Immobilie erhalten Sie vom Anbieter.",6,"124,77 m²",786 m²,2.997 €/m²,Einfamilienhaus (freistehend),nil,nil,nil,nil,nil,nil,{'is24qa-gaeste-wc-label': ''}
DAS DESIGNHAUS MIT RÜCK- UND VORSPRUNG,889.900 €,"93133 Burglengenfeld, Schwandorf (Kreis)
Die vollständige Adresse der Immobilie erhalten Sie vom Anbieter.",8,183 m²,897 m²,4.863 €/m²,Einfamilienhaus (freistehend),nil,nil,3,1,nil,Nein,"{'is24qa-gaeste-wc-label': '', 'is24qa-provisionsfrei-fuer-kaufende-label': ''}"
Bungalow - Tiny Single Bungalow -,420.900 €,"93176 Beratzhausen, Regensburg (Kreis)
Die vollständige Adresse der Immobilie erhalten Sie vom Anbieter.",3,73 m²,1.020 m²,5.766 €/m²,Bungalow,nil,nil,1,1,nil,nil,{}
EIN HAUS FÜR BESONDERE GEGEBENHEITEN AM BERG,612.900 €,"93176 Beratzhausen, Regensburg (Kreis)
Die vollständige Adresse der Immobilie erhalten Sie vom Anbieter.",8,183 m²,1.020 m²,3.349 €/m²,Einfamilienhaus (freistehend),nil,nil,3,1,nil,Nein,"{'is24qa-gaeste-wc-label': '', 'is24qa-keller-label': '', 'is24qa-provisionsfrei-fuer-kaufende-label': ''}"
EIN GROSSES BAUHAUS AUF KLEINEM RAUM,547.900 €,"93176 Beratzhausen, Regensburg (Kreis)
Die vollständige Adresse der Immobilie erhalten Sie vom Anbieter.",6,134 m²,1.020 m²,4.089 €/m²,Einfamilienhaus (freistehend),nil,nil,3,nil,nil,nil,{'is24qa-gaeste-wc-label': ''}
WOHNEN MIT LOFTCHARAKTER,506.900 €,"93176 Beratzhausen, Regensburg (Kreis)
Die vollständige Adresse der Immobilie erhalten Sie vom Anbieter.",7,145 m²,1.020 m²,3.496 €/m²,Einfamilienhaus (freistehend),nil,nil,3,1,nil,nil,{'is24qa-gaeste-wc-label': ''}
MODERNES WOHNHAUS MIT ELEGANTEM WALMDACH,525.900 €,"93176 Beratzhausen, Regensburg (Kreis)
Die vollständige Adresse der Immobilie erhalten Sie vom Anbieter.",7,"154,89 m²",1.020 m²,3.395 €/m²,Einfamilienhaus (freistehend),nil,nil,nil,nil,nil,nil,{'is24qa-gaeste-wc-label': ''}
"EIN DESIGNHAUS, SO VIELSEITIG WIE DU SELBST",475.900 €,"93176 Beratzhausen, Regensburg (Kreis)
Die vollständige Adresse der Immobilie erhalten Sie vom Anbieter.",6,"132,37 m²",1.027 m²,3.595 €/m²,Einfamilienhaus (freistehend),nil,nil,3,2,nil,nil,{'is24qa-gaeste-wc-label': ''}
"Nicht nur ein Haus, sondern ein Lebensgefühl",528.900 €,"93089 Aufhausen, Regensburg (Kreis)
Die vollständige Adresse der Immobilie erhalten Sie vom Anbieter.",8,252 m²,690 m²,2.099 €/m²,Einfamilienhaus (freistehend),nil,nil,nil,nil,nil,Nein,{'is24qa-provisionsfrei-fuer-kaufende-label': ''}
Wohnen mit Flair im Klassisch-mediterranen Baustil,869.900 €,"93197 Zeitlarn, Regensburg (Kreis)
Die vollständige Adresse der Immobilie erhalten Sie vom Anbieter.",11,"222,91 m²",500 m²,3.902 €/m²,Einfamilienhaus (freistehend),nil,nil,3,3,nil,Nein,"{'is24qa-gaeste-wc-label': '', 'is24qa-provisionsfrei-fuer-kaufende-label': ''}"
Wohnkomfort auf drei Ebenen,774.900 €,"93197 Zeitlarn, Regensburg (Kreis)
Die vollständige Adresse der Immobilie erhalten Sie vom Anbieter.",8,"189,31 m²",0 m²,4.093 €/m²,Doppelhaushälfte,nil,nil,3,2,nil,nil,{'is24qa-gaeste-wc-label': ''}
DAS DESIGNHAUS MIT RÜCK- UND VORSPRUNG,890.900 €,"93197 Zeitlarn, Regensburg (Kreis)
Die vollständige Adresse der Immobilie erhalten Sie vom Anbieter.",8,183 m²,500 m²,4.868 €/m²,Einfamilienhaus (freistehend),nil,nil,3,1,nil,Nein,"{'is24qa-gaeste-wc-label': '', 'is24qa-provisionsfrei-fuer-kaufende-label': ''}"
BAUHAUS-ARCHITEKTUR IN OKAL-DESIGN,762.900 €,"93197 Zeitlarn, Regensburg (Kreis)
Die vollständige Adresse der Immobilie erhalten Sie vom Anbieter.",8,"183,12 m²",500 m²,4.166 €/m²,Einfamilienhaus (freistehend),nil,nil,nil,nil,nil,nil,{}
"Flair, Vielfalt, Faszination - komfortables Wohnen in idyllischer Lage",340.900 €,"92540 Altendorf, Schwandorf (Kreis)
Die vollständige Adresse der Immobilie erhalten Sie vom Anbieter.",7,136 m²,590 m²,2.507 €/m²,Einfamilienhaus (freistehend),nil,nil,nil,nil,nil,Nein,{'is24qa-provisionsfrei-fuer-kaufende-label': ''}
Geometrie in Harmonie - Klarheit beim Wohnen bringt Klarheit im Denken,497.900 €,"92540 Altendorf, Schwandorf (Kreis)
Die vollständige Adresse der Immobilie erhalten Sie vom Anbieter.",8,183 m²,710 m²,2.721 €/m²,Einfamilienhaus (freistehend),nil,nil,nil,nil,nil,Nein,{'is24qa-provisionsfrei-fuer-kaufende-label': ''}
Einzugsfertig QNG. NH-Paket und Hauskraftwerk,330.000 €,"93177 Altenthann, Regensburg (Kreis)
Die vollständige Adresse der Immobilie erhalten Sie vom Anbieter.",7,135 m²,590 m²,2.444 €/m²,Einfamilienhaus (freistehend),nil,nil,nil,nil,nil,Nein,{'is24qa-provisionsfrei-fuer-kaufende-label': ''}
Grenzenlose Möglichkeiten,348.900 €,"93176 Beratzhausen, Regensburg (Kreis)
Die vollständige Adresse der Immobilie erhalten Sie vom Anbieter.",8,161 m²,490 m²,2.167 €/m²,Einfamilienhaus (freistehend),nil,nil,nil,nil,nil,Nein,{'is24qa-provisionsfrei-fuer-kaufende-label': ''}
Wohntraum mit viel Licht und Leichtigkeit,403.900 €,"93164 Laaber, Regensburg (Kreis)
Die vollständige Adresse der Immobilie erhalten Sie vom Anbieter.",9,207 m²,540 m²,1.951 €/m²,Einfamilienhaus (freistehend),nil,nil,nil,nil,nil,Nein,{'is24qa-provisionsfrei-fuer-kaufende-label': ''}
Viel Raum unter einem Dach,374.900 €,"93183 Kallmünz, Regensburg (Kreis)
Die vollständige Adresse der Immobilie erhalten Sie vom Anbieter.",9,185 m²,490 m²,2.026 €/m²,Einfamilienhaus (freistehend),nil,nil,nil,nil,nil,Nein,{'is24qa-provisionsfrei-fuer-kaufende-label': ''}
Kompakt und bis in den letzten Winkel durchdacht,281.900 €,"93155 Hemau, Regensburg (Kreis)
Die vollständige Adresse der Immobilie erhalten Sie vom Anbieter.",6,106 m²,490 m²,2.659 €/m²,Einfamilienhaus (freistehend),nil,nil,nil,nil,nil,Nein,{'is24qa-provisionsfrei-fuer-kaufende-label': ''}
"Klein, aber fein!",281.900 €,"93194 Walderbach, Cham (Kreis)
Die vollständige Adresse der Immobilie erhalten Sie vom Anbieter.",6,106 m²,490 m²,2.659 €/m²,Einfamilienhaus (freistehend),nil,nil,nil,nil,nil,Nein,{'is24qa-provisionsfrei-fuer-kaufende-label': ''}
Komfortabel wohnen in stilvollem Ambiente,316.900 €,"93095 Hagelstadt, Regensburg (Kreis)
Die vollständige Adresse der Immobilie erhalten Sie vom Anbieter.",6,135 m²,520 m²,2.347 €/m²,Einfamilienhaus (freistehend),nil,nil,nil,nil,nil,Nein,{'is24qa-provisionsfrei-fuer-kaufende-label': ''}
"Außen Blickfang, innen Vielfalt",341.900 €,"93437 Furth im Wald, Cham (Kreis)
Die vollständige Adresse der Immobilie erhalten Sie vom Anbieter.",8,161 m²,690 m²,2.124 €/m²,Einfamilienhaus (freistehend),nil,nil,nil,nil,nil,Nein,{'is24qa-provisionsfrei-fuer-kaufende-label': ''}
Designhaus zum Wohlfühlen,353.900 €,"93176 Beratzhausen, Regensburg (Kreis)
Die vollständige Adresse der Immobilie erhalten Sie vom Anbieter.",8,158 m²,710 m²,2.240 €/m²,Einfamilienhaus (freistehend),nil,nil,nil,nil,nil,Nein,{'is24qa-provisionsfrei-fuer-kaufende-label': ''}
Klassisch - zeitlos - funktionell: Haus mit Perspektive,449.900 €,"93138 Lappersdorf, Regensburg (Kreis)
Die vollständige Adresse der Immobilie erhalten Sie vom Anbieter.",7,172 m²,610 m²,2.616 €/m²,Einfamilienhaus (freistehend),nil,nil,nil,nil,nil,Nein,{'is24qa-provisionsfrei-fuer-kaufende-label': ''}
Schnörkellos und elegant,336.900 €,"92540 Altendorf, Schwandorf (Kreis)
Die vollständige Adresse der Immobilie erhalten Sie vom Anbieter.",8,154 m²,750 m²,2.188 €/m²,Einfamilienhaus (freistehend),nil,nil,nil,nil,nil,Nein,{'is24qa-provisionsfrei-fuer-kaufende-label': ''}
Durchdachte Architektur - luxuriöse Ausstattung,376.900 €,"92540 Altendorf, Schwandorf (Kreis)
Die vollständige Adresse der Immobilie erhalten Sie vom Anbieter.",9,187 m²,730 m²,2.016 €/m²,Einfamilienhaus (freistehend),nil,nil,nil,nil,nil,Nein,{'is24qa-provisionsfrei-fuer-kaufende-label': ''}
Kompromisslose Funktionalität im modernen Ambiente,401.900 €,"93176 Beratzhausen, Regensburg (Kreis)
Die vollständige Adresse der Immobilie erhalten Sie vom Anbieter.",9,209 m²,660 m²,1.923 €/m²,Einfamilienhaus (freistehend),nil,nil,nil,nil,nil,Nein,{'is24qa-provisionsfrei-fuer-kaufende-label': ''}
"Moderne Ambiente, vielfältige Möglichkeiten",433.900 €,"92540 Altendorf, Schwandorf (Kreis)
Die vollständige Adresse der Immobilie erhalten Sie vom Anbieter.",10,203 m²,620 m²,2.137 €/m²,Einfamilienhaus (freistehend),nil,nil,nil,nil,nil,Nein,{'is24qa-provisionsfrei-fuer-kaufende-label': ''}
Kleines Raumwunder mit intelligenter Aufteilung,330.900 €,"84069 Schierling, Regensburg (Kreis)
Die vollständige Adresse der Immobilie erhalten Sie vom Anbieter.",5,137 m²,690 m²,2.415 €/m²,Einfamilienhaus (freistehend),nil,nil,nil,nil,nil,Nein,"{'is24qa-gaeste-wc-label': '', 'is24qa-einliegerwohnung-label': '', 'is24qa-provisionsfrei-fuer-kaufende-label': ''}"
Lassen Sie die Seele baumeln! In Ihrem Traumhaus mit herrlichem Garten.,418.900 €,"93133 Burglengenfeld, Schwandorf (Kreis)
Die vollständige Adresse der Immobilie erhalten Sie vom Anbieter.",10,172 m²,690 m²,2.435 €/m²,Einfamilienhaus (freistehend),nil,nil,nil,nil,nil,Nein,"{'is24qa-gaeste-wc-label': '', 'is24qa-provisionsfrei-fuer-kaufende-label': ''}"
Gehobener Wohnkomfort auf großer Fläche,445.900 €,"92546 Schmidgaden, Schwandorf (Kreis)
Die vollständige Adresse der Immobilie erhalten Sie vom Anbieter.",7,201 m²,690 m²,2.218 €/m²,Einfamilienhaus (freistehend),nil,nil,nil,nil,nil,Nein,{'is24qa-provisionsfrei-fuer-kaufende-label': ''}
Elegantes Raumwunder für die ganze Familie,399.900 €,"92421 Schwandorf, Schwandorf (Kreis)
Die vollständige Adresse der Immobilie erhalten Sie vom Anbieter.",9,186 m²,680 m²,2.150 €/m²,Einfamilienhaus (freistehend),nil,nil,nil,nil,nil,Nein,{'is24qa-provisionsfrei-fuer-kaufende-label': ''}
Lichtdurchflutetes Raumwunder,376.900 €,"84069 Schierling, Regensburg (Kreis)
Die vollständige Adresse der Immobilie erhalten Sie vom Anbieter.",9,192 m²,620 m²,1.963 €/m²,Einfamilienhaus (freistehend),nil,nil,nil,nil,nil,Nein,{'is24qa-provisionsfrei-fuer-kaufende-label': ''}
"Flair, Vielfalt, Faszination - komfortables Wohnen in idyllischer Lage",309.900 €,"93149 Nittenau, Schwandorf (Kreis)
Die vollständige Adresse der Immobilie erhalten Sie vom Anbieter.",8,"154,9 m²",550 m²,2.001 €/m²,Einfamilienhaus (freistehend),nil,nil,nil,nil,nil,Nein,{'is24qa-provisionsfrei-fuer-kaufende-label': ''}
Attraktiver Kubus mit Wohlfühlgarantie,366.900 €,"93179 Brennberg, Regensburg (Kreis)
Die vollständige Adresse der Immobilie erhalten Sie vom Anbieter.",8,173 m²,650 m²,2.121 €/m²,Einfamilienhaus (freistehend),nil,nil,nil,nil,nil,Nein,{'is24qa-provisionsfrei-fuer-kaufende-label': ''}
Spielzone! Lachen und Toben ausdrücklich erwünscht,370.900 €,"93142 Maxhütte-Haidhof, Schwandorf (Kreis)
Die vollständige Adresse der Immobilie erhalten Sie vom Anbieter.",8,"154,89 m²",515 m²,2.395 €/m²,Einfamilienhaus (freistehend),nil,nil,nil,nil,nil,Nein,{'is24qa-provisionsfrei-fuer-kaufende-label': ''}
"Exklusivität, Energieeffizienz, Qualität, Nachhaltigkeit - Ein Wort: OKAL",363.500 €,"92436 Bruck in der Oberpfalz, Schwandorf (Kreis)
Die vollständige Adresse der Immobilie erhalten Sie vom Anbieter.",10,200 m²,690 m²,1.818 €/m²,Einfamilienhaus (freistehend),nil,nil,nil,nil,nil,Nein,{'is24qa-provisionsfrei-fuer-kaufende-label': ''}
Flexibler Familientraum mit Flair,411.900 €,"93164 Laaber, Regensburg (Kreis)
Die vollständige Adresse der Immobilie erhalten Sie vom Anbieter.",10,222 m²,710 m²,1.855 €/m²,Einfamilienhaus (freistehend),nil,nil,nil,nil,nil,Nein,{'is24qa-provisionsfrei-fuer-kaufende-label': ''}
Ein Haus mit vielen Lieblingsplätzen,342.900 €,"92442 Wackersdorf, Schwandorf (Kreis)
Die vollständige Adresse der Immobilie erhalten Sie vom Anbieter.",7,154 m²,720 m²,2.227 €/m²,Einfamilienhaus (freistehend),nil,nil,nil,nil,nil,Nein,"{'is24qa-gaeste-wc-label': '', 'is24qa-provisionsfrei-fuer-kaufende-label': ''}"
Energieautarkie und Elektromobilität; hier sind Sie richtig,365.900 €,"93102 Pfatter, Regensburg (Kreis)
Die vollständige Adresse der Immobilie erhalten Sie vom Anbieter.",8,"154,89 m²",620 m²,2.362 €/m²,Einfamilienhaus (freistehend),nil,nil,nil,nil,nil,Nein,{'is24qa-provisionsfrei-fuer-kaufende-label': ''}
Durchdachtes Wohnkonzept auf knapp 178 qm,374.900 €,"92439 Bodenwöhr, Schwandorf (Kreis)
Die vollständige Adresse der Immobilie erhalten Sie vom Anbieter.",8,178 m²,660 m²,2.106 €/m²,nil,nil,nil,nil,nil,nil,Nein,{'is24qa-provisionsfrei-fuer-kaufende-label': ''}
"Klassischer Baustil, doch ein Berühren aller Sinne",370.900 €,"92540 Altendorf, Schwandorf (Kreis)
Die vollständige Adresse der Immobilie erhalten Sie vom Anbieter.",8,154 m²,505 m²,2.408 €/m²,Einfamilienhaus (freistehend),nil,nil,nil,nil,nil,Nein,{'is24qa-provisionsfrei-fuer-kaufende-label': ''}
Kinderparadies mit viel Gestaltungsspielraum,387.900 €,"93089 Aufhausen, Regensburg (Kreis)
Die vollständige Adresse der Immobilie erhalten Sie vom Anbieter.",10,210 m²,670 m²,1.847 €/m²,Einfamilienhaus (freistehend),nil,nil,nil,nil,nil,Nein,{'is24qa-provisionsfrei-fuer-kaufende-label': ''}
Außergewöhnliche Architektur und Funktionalität vereint,421.900 €,"93176 Beratzhausen, Regensburg (Kreis)
Die vollständige Adresse der Immobilie erhalten Sie vom Anbieter.",10,174 m²,630 m²,2.425 €/m²,Einfamilienhaus (freistehend),nil,nil,nil,nil,nil,Nein,{'is24qa-provisionsfrei-fuer-kaufende-label': ''}
Höchster Wohnkomfort auf 3 Etagen,445.900 €,"84069 Schierling, Regensburg (Kreis)
Die vollständige Adresse der Immobilie erhalten Sie vom Anbieter.",11,235 m²,680 m²,1.897 €/m²,Einfamilienhaus (freistehend),nil,nil,nil,nil,nil,Nein,{'is24qa-provisionsfrei-fuer-kaufende-label': ''}
"Viel, viel Haus fürs Geld. Und jede Menge Grün drum herum.",389.900 €,"93083 Obertraubling, Regensburg (Kreis)
Die vollständige Adresse der Immobilie erhalten Sie vom Anbieter.",6,107 m²,239 m²,3.644 €/m²,Doppelhaushälfte,nil,nil,nil,nil,nil,Nein,"{'is24qa-gaeste-wc-label': '', 'is24qa-provisionsfrei-fuer-kaufende-label': ''}"
"Flair, Vielfalt, Faszination - komfortables Wohnen in idyllischer Lage",495.000 €,"92539 Schönsee, Schwandorf (Kreis)
Die vollständige Adresse der Immobilie erhalten Sie vom Anbieter.",8,309 m²,670 m²,1.602 €/m²,Einfamilienhaus (freistehend),nil,nil,nil,nil,nil,Nein,"{'is24qa-gaeste-wc-label': '', 'is24qa-provisionsfrei-fuer-kaufende-label': ''}"
Modernes Raumkonzept unter klassischem Satteldach,354.900 €,"93491 Stamsried, Cham (Kreis)
Die vollständige Adresse der Immobilie erhalten Sie vom Anbieter.",8,158 m²,640 m²,2.246 €/m²,Einfamilienhaus (freistehend),nil,nil,nil,nil,nil,Nein,{'is24qa-provisionsfrei-fuer-kaufende-label': ''}
PULTDACHHAUS FÜR INDIVIDUALISTEN,577.900 €,"93173 Wenzenbach, Regensburg (Kreis)
Die vollständige Adresse der Immobilie erhalten Sie vom Anbieter.",8,214 m²,590 m²,2.700 €/m²,Einfamilienhaus (freistehend),nil,nil,nil,nil,nil,Nein,"{'is24qa-gaeste-wc-label': '', 'is24qa-provisionsfrei-fuer-kaufende-label': ''}"
Wohnen XL - Einliegerwohnung inklusive,476.900 €,"92439 Bodenwöhr, Schwandorf (Kreis)
Die vollständige Adresse der Immobilie erhalten Sie vom Anbieter.",12,238 m²,650 m²,2.004 €/m²,Mehrfamilienhaus,nil,nil,2,2,nil,Nein,"{'is24qa-gaeste-wc-label': '', 'is24qa-stufenloser-zugang-label': '', 'is24qa-einliegerwohnung-label': '', 'is24qa-provisionsfrei-fuer-kaufende-label': ''}"
Blickfang mit südländischen Flair,456.900 €,"92439 Bodenwöhr, Schwandorf (Kreis)
Die vollständige Adresse der Immobilie erhalten Sie vom Anbieter.",7,182 m²,620 m²,2.510 €/m²,Einfamilienhaus (freistehend),nil,nil,nil,nil,nil,Nein,{'is24qa-provisionsfrei-fuer-kaufende-label': ''}
Ein Designhaus für die besondere Lage,560.900 €,"93488 Schönthal, Cham (Kreis)
Die vollständige Adresse der Immobilie erhalten Sie vom Anbieter.",9,221 m²,720 m²,2.538 €/m²,Einfamilienhaus (freistehend),nil,nil,nil,nil,nil,Nein,{'is24qa-provisionsfrei-fuer-kaufende-label': ''}
Klare Formen treffen auf Funktionalität und Wohnlichkeit,330.900 €,"93177 Altenthann, Regensburg (Kreis)
Die vollständige Adresse der Immobilie erhalten Sie vom Anbieter.",6,124 m²,630 m²,2.669 €/m²,Einfamilienhaus (freistehend),nil,nil,nil,nil,nil,Nein,{'is24qa-provisionsfrei-fuer-kaufende-label': ''}
Architektonische Sachlichkeit gepaart mit pragmatischer Funktionalität,399.900 €,"93109 Wiesent, Regensburg (Kreis)
Die vollständige Adresse der Immobilie erhalten Sie vom Anbieter.",6,124 m²,550 m²,3.225 €/m²,Einfamilienhaus (freistehend),nil,nil,nil,nil,nil,Nein,{'is24qa-provisionsfrei-fuer-kaufende-label': ''}
LEBEN UND ARBEITEN PERFEKT VEREINT,408.900 €,"93083 Obertraubling, Regensburg (Kreis)
Die vollständige Adresse der Immobilie erhalten Sie vom Anbieter.",12,161 m²,220 m²,2.540 €/m²,Reihenmittelhaus,nil,nil,nil,nil,nil,Nein,"{'is24qa-gaeste-wc-label': '', 'is24qa-provisionsfrei-fuer-kaufende-label': ''}"
"Klassischer Baustil, doch ein Berühren aller Sinne",489.900 €,"Am Birkerl 31,
92439 Bodenwöhr, Schwandorf (Kreis)",9,154 m²,650 m²,3.181 €/m²,Einfamilienhaus (freistehend),nil,nil,nil,nil,nil,Nein,"{'is24qa-gaeste-wc-label': '', 'is24qa-stufenloser-zugang-label': '', 'is24qa-provisionsfrei-fuer-kaufende-label': ''}"
"Flair, Vielfalt, Faszination - komfortables Wohnen in idyllischer Lage",509.000 €,"92269 Fensterbach, Schwandorf (Kreis)
Die vollständige Adresse der Immobilie erhalten Sie vom Anbieter.",9,154 m²,645 m²,3.305 €/m²,Einfamilienhaus (freistehend),nil,nil,nil,nil,nil,Nein,"{'is24qa-gaeste-wc-label': '', 'is24qa-stufenloser-zugang-label': '', 'is24qa-provisionsfrei-fuer-kaufende-label': ''}"
Relaxtes Wohnen in zeitlos modernen Ambiente,344.900 €,"92431 Neunburg vorm Wald, Schwandorf (Kreis)
Die vollständige Adresse der Immobilie erhalten Sie vom Anbieter.",6,144 m²,680 m²,2.395 €/m²,Einfamilienhaus (freistehend),nil,nil,nil,nil,nil,Nein,{'is24qa-provisionsfrei-fuer-kaufende-label': ''}
Eine Wohngalerie zum Verlieben. Einfamilienhaus mit viel Platz und Charisma,894.380 €,"Brandlberg-Keilberg, 93055 Regensburg
Die vollständige Adresse der Immobilie erhalten Sie vom Anbieter.",7,183 m²,525 m²,4.887 €/m²,Einfamilienhaus (freistehend),nil,nil,nil,nil,nil,Nein,{'is24qa-provisionsfrei-fuer-kaufende-label': ''}
Wo Innen und Außen verschmelzen,350.900 €,"93158 Teublitz, Schwandorf (Kreis)
Die vollständige Adresse der Immobilie erhalten Sie vom Anbieter.",6,144 m²,565 m²,2.437 €/m²,Einfamilienhaus (freistehend),nil,nil,nil,nil,nil,Nein,{'is24qa-provisionsfrei-fuer-kaufende-label': ''}
Raumwunder der Extraklasse im Grünen!,589.000 €,"93149 Nittenau, Schwandorf (Kreis)
Die vollständige Adresse der Immobilie erhalten Sie vom Anbieter.",11,149 m²,635 m²,3.953 €/m²,Einfamilienhaus (freistehend),nil,nil,nil,nil,nil,Nein,"{'is24qa-gaeste-wc-label': '', 'is24qa-stufenloser-zugang-label': '', 'is24qa-provisionsfrei-fuer-kaufende-label': ''}"
Eleganz und Komfort in Vollendung,448.900 €,"92507 Nabburg, Schwandorf (Kreis)
Die vollständige Adresse der Immobilie erhalten Sie vom Anbieter.",8,177 m²,690 m²,2.536 €/m²,Einfamilienhaus (freistehend),nil,nil,nil,nil,nil,Nein,{'is24qa-provisionsfrei-fuer-kaufende-label': ''}
Ein Raumwunder der besonderen Art,438.900 €,"93167 Falkenstein, Cham (Kreis)
Die vollständige Adresse der Immobilie erhalten Sie vom Anbieter.",10,203 m²,690 m²,2.162 €/m²,Einfamilienhaus (freistehend),nil,nil,nil,nil,nil,Nein,{'is24qa-provisionsfrei-fuer-kaufende-label': ''}
Antike trifft Moderne: Wohnen mit Mittelpunkt,879.900 €,"93170 Bernhardswald, Regensburg (Kreis)
Die vollständige Adresse der Immobilie erhalten Sie vom Anbieter.",12,"265,49 m²",698 m²,3.314 €/m²,Einfamilienhaus (freistehend),"163,87 m²",nil,3,2,nil,nil,{'is24qa-gaeste-wc-label': ''}
Es gibt sie doch die Hausfee - sie schwingt gerade den Schlüssel,365.900 €,"85435 Erding, Erding (Kreis)
Die vollständige Adresse der Immobilie erhalten Sie vom Anbieter.",8,154 m²,490 m²,2.376 €/m²,Einfamilienhaus (freistehend),nil,nil,nil,nil,nil,Nein,{'is24qa-provisionsfrei-fuer-kaufende-label': ''}
DER IDEALE BUNGALOW FÜR SINGLES ODER PAARE,236.000 €,"92526 Oberviechtach, Schwandorf (Kreis)
Die vollständige Adresse der Immobilie erhalten Sie vom Anbieter.",4,73 m²,615 m²,3.233 €/m²,Bungalow,nil,nil,nil,nil,nil,Nein,"{'is24qa-stufenloser-zugang-label': '', 'is24qa-provisionsfrei-fuer-kaufende-label': ''}"
Spielzone! Lachen und Toben ausdrücklich erwünscht,299.900 €,"84561 Mehring, Altötting (Kreis)
Die vollständige Adresse der Immobilie erhalten Sie vom Anbieter.",7,154 m²,490 m²,1.947 €/m²,Einfamilienhaus (freistehend),nil,nil,nil,nil,nil,Nein,{'is24qa-provisionsfrei-fuer-kaufende-label': ''}
DA LACHT DER GELDBEUTEL: HAUS mit KELLER,349.900 €,"93179 Brennberg, Regensburg (Kreis)
Die vollständige Adresse der Immobilie erhalten Sie vom Anbieter.",5,135 m²,490 m²,2.592 €/m²,Einfamilienhaus (freistehend),65 m²,nil,nil,nil,nil,Nein,"{'is24qa-keller-label': '', 'is24qa-provisionsfrei-fuer-kaufende-label': ''}"
"DESIGN-HIGHLIGHT FÜR ALLE, DIE DAS BESONDERE LIEBEN",1.000.900 €,"92540 Altendorf, Schwandorf (Kreis)
Die vollständige Adresse der Immobilie erhalten Sie vom Anbieter.",12,319 m²,950 m²,3.138 €/m²,Einfamilienhaus (freistehend),nil,nil,nil,nil,nil,Nein,{'is24qa-provisionsfrei-fuer-kaufende-label': ''}
"Licht, Luft und Luxus",418.900 €,"92540 Altendorf, Schwandorf (Kreis)
Die vollständige Adresse der Immobilie erhalten Sie vom Anbieter.",8,172 m²,710 m²,2.435 €/m²,Einfamilienhaus (freistehend),nil,nil,nil,nil,nil,Nein,{'is24qa-provisionsfrei-fuer-kaufende-label': ''}
Urlaubsflair das ganze Jahr! Idyllisches Wohnen in exklusiver Architektur,296.000 €,"93179 Brennberg, Regensburg (Kreis)
Die vollständige Adresse der Immobilie erhalten Sie vom Anbieter.",7,137 m²,730 m²,2.161 €/m²,Einfamilienhaus (freistehend),nil,nil,nil,nil,1 Stellplatz,Nein,{'is24qa-provisionsfrei-fuer-kaufende-label': ''}
Traumhaus - Am Puls des Lebens,486.900 €,"84561 Mehring, Altötting (Kreis)
Die vollständige Adresse der Immobilie erhalten Sie vom Anbieter.",10,218 m²,520 m²,2.233 €/m²,Mehrfamilienhaus,nil,nil,nil,nil,nil,Nein,"{'is24qa-einliegerwohnung-label': '', 'is24qa-provisionsfrei-fuer-kaufende-label': ''}"
"Klassischer Baustil, doch ein Berühren aller Sinne",496.000 €,"85560 Ebersberg, Ebersberg (Kreis)
Die vollständige Adresse der Immobilie erhalten Sie vom Anbieter.",9,309 m²,540 m²,1.605 €/m²,Einfamilienhaus (freistehend),nil,nil,nil,nil,nil,Nein,{'is24qa-provisionsfrei-fuer-kaufende-label': ''}
Antike trifft Moderne: Wohnen mit Mittelpunkt,625.900 €,"85435 Erding, Erding (Kreis)
Die vollständige Adresse der Immobilie erhalten Sie vom Anbieter.",8,266 m²,670 m²,2.353 €/m²,Einfamilienhaus (freistehend),nil,nil,nil,nil,nil,Nein,{'is24qa-provisionsfrei-fuer-kaufende-label': ''}
"Exklusivität, Energieeffizienz, Qualität, Nachhaltigkeit - Ein Wort: OKAL",1.000.900 €,"85435 Erding, Erding (Kreis)
Die vollständige Adresse der Immobilie erhalten Sie vom Anbieter.",12,319 m²,710 m²,3.138 €/m²,Einfamilienhaus (freistehend),nil,nil,nil,nil,2 Carports,Nein,{'is24qa-provisionsfrei-fuer-kaufende-label': ''}
"Flair, Vielfalt, Faszination - komfortables Wohnen in idyllischer Lage",519.900 €,"85560 Ebersberg, Ebersberg (Kreis)
Die vollständige Adresse der Immobilie erhalten Sie vom Anbieter.",7,178 m²,550 m²,2.921 €/m²,Einfamilienhaus (freistehend),nil,nil,nil,nil,nil,Nein,{'is24qa-provisionsfrei-fuer-kaufende-label': ''}
Sie haben ein Grundstück in Walderbach? -wir haben Ihr Traumhaus-,435.900 €,"93194 Walderbach, Cham (Kreis)
Die vollständige Adresse der Immobilie erhalten Sie vom Anbieter.",9,181 m²,650 m²,2.408 €/m²,Einfamilienhaus (freistehend),nil,nil,nil,nil,nil,Nein,{'is24qa-provisionsfrei-fuer-kaufende-label': ''}
Eine Stadtvilla mit Südstaatenflair,632.900 €,"84561 Mehring, Altötting (Kreis)
Die vollständige Adresse der Immobilie erhalten Sie vom Anbieter.",10,301 m²,690 m²,2.103 €/m²,Einfamilienhaus (freistehend),nil,nil,nil,nil,nil,Nein,{'is24qa-provisionsfrei-fuer-kaufende-label': ''}
Um die Ecke gedacht - wohnen mit Anbau,399.900 €,"93189 Reichenbach, Cham (Kreis)
Die vollständige Adresse der Immobilie erhalten Sie vom Anbieter.",7,148 m²,620 m²,2.702 €/m²,Einfamilienhaus (freistehend),nil,nil,nil,nil,nil,Nein,{'is24qa-provisionsfrei-fuer-kaufende-label': ''}
"EIN MUSTERHAUS, IN DEM SYMMETRIE AUF HARMONIE TRIFFT",490.900 €,"93142 Maxhütte-Haidhof, Schwandorf (Kreis)
Die vollständige Adresse der Immobilie erhalten Sie vom Anbieter.",8,211 m²,620 m²,2.327 €/m²,Einfamilienhaus (freistehend),nil,nil,nil,nil,nil,Nein,{'is24qa-provisionsfrei-fuer-kaufende-label': ''}
Wohnen der Superlative,469.900 €,"92546 Schmidgaden, Schwandorf (Kreis)
Die vollständige Adresse der Immobilie erhalten Sie vom Anbieter.",7,188 m²,690 m²,2.499 €/m²,Einfamilienhaus (freistehend),nil,nil,nil,nil,nil,Nein,{'is24qa-provisionsfrei-fuer-kaufende-label': ''}
Lassen Sie die Seele baumeln! In Ihrem Design-Haus mit herrlichem Garten,399.500 €,"92447 Schwarzhofen, Schwandorf (Kreis)
Die vollständige Adresse der Immobilie erhalten Sie vom Anbieter.",8,184 m²,520 m²,2.171 €/m²,Einfamilienhaus (freistehend),nil,nil,nil,nil,nil,Nein,{'is24qa-provisionsfrei-fuer-kaufende-label': ''}
Repräsentativ - innen und außen,478.900 €,"92540 Altendorf, Schwandorf (Kreis)
Die vollständige Adresse der Immobilie erhalten Sie vom Anbieter.",10,221 m²,750 m²,2.167 €/m²,Einfamilienhaus (freistehend),nil,nil,nil,nil,nil,Nein,{'is24qa-provisionsfrei-fuer-kaufende-label': ''}
Urlaubsflair das ganze Jahr! Idyllisches Wohnen in exklusiver Architektur,625.900 €,"92507 Nabburg, Schwandorf (Kreis)
Die vollständige Adresse der Immobilie erhalten Sie vom Anbieter.",8,266 m²,695 m²,2.353 €/m²,Einfamilienhaus (freistehend),nil,nil,nil,nil,nil,Nein,{'is24qa-provisionsfrei-fuer-kaufende-label': ''}
Wohnen mit Flair im klassisch-mediterranen Baustil,483.900 €,"93499 Zandt, Cham (Kreis)
Die vollständige Adresse der Immobilie erhalten Sie vom Anbieter.",10,223 m²,710 m²,2.170 €/m²,Einfamilienhaus (freistehend),nil,nil,nil,nil,nil,Nein,{'is24qa-provisionsfrei-fuer-kaufende-label': ''}
"Ein Haus, unendlich viele Möglichkeiten",511.900 €,"92444 Rötz, Cham (Kreis)
Die vollständige Adresse der Immobilie erhalten Sie vom Anbieter.",9,218 m²,690 m²,2.348 €/m²,Einfamilienhaus (freistehend),nil,nil,nil,nil,nil,Nein,{'is24qa-provisionsfrei-fuer-kaufende-label': ''}
Staffelhaus mit Einliegerwohnung,517.900 €,"93192 Wald, Cham (Kreis)
Die vollständige Adresse der Immobilie erhalten Sie vom Anbieter.",9,221 m²,710 m²,2.343 €/m²,Einfamilienhaus (freistehend),nil,nil,nil,nil,nil,Nein,"{'is24qa-einliegerwohnung-label': '', 'is24qa-provisionsfrei-fuer-kaufende-label': ''}"
Reduktion trifft auf kluge Konzeption,419.900 €,"93426 Roding, Cham (Kreis)
Die vollständige Adresse der Immobilie erhalten Sie vom Anbieter.",6,152 m²,590 m²,2.763 €/m²,Einfamilienhaus (freistehend),nil,nil,nil,nil,nil,Nein,{'is24qa-provisionsfrei-fuer-kaufende-label': ''}
