title,price,address,rooms,living_space,property_area,price_per_m2,type,usable_area,available_from,bedrooms,bathrooms,garage_parking,buyer_commission,criteriagroup_boolean_listing
°°S T A D T V I L L A °° N E U B A U °° R A U M W U N D E R°°,1.690.000 €,"Hülchrather Str. 16,
Bilk, 40211 Düsseldorf",6,"209,73 m²",221 m²,8.058 €/m²,nil,"39,87 m²",nil,4,2,2 Garagen,Nein,"{'is24qa-online-besichtigung-moeglich-label': '', 'is24qa-gaeste-wc-label': '', 'is24qa-provisionsfrei-fuer-kaufende-label': ''}"
Nähe Ruhrfestspielhaus...! Dreifamilienhaus auf einem Erbpachtgrundstück in Recklinghausen,265.000 €,"Westviertel, 45657 Recklinghausen
Die vollständige Adresse der Immobilie erhalten Sie vom Anbieter.",11,266 m²,705 m²,996 €/m²,Mehrfamilienhaus,nil,nil,8,3,3 Garagen,Nein,"{'is24qa-keller-label': '', 'is24qa-vermietet-label': '', 'is24qa-provisionsfrei-fuer-kaufende-label': ''}"
Gepflegte und sanierte Doppelhaushälfte inkl. EBK; mit Wohlfühloase in schöner Wohngegend von Titz,389.000 €,"Düppelsmühle 15,
52445 Titz, Düren (Kreis)",4,126 m²,392 m²,3.087 €/m²,Doppelhaushälfte,nil,nil,3,1,1 Garage,"3,57","{'is24qa-gaeste-wc-label': '', 'is24qa-keller-label': ''}"
Ein hochwertiges Einfamilienhaus mit Einliegerwohnung,379.000 €,"37671 Höxter, Höxter (Kreis)
Die vollständige Adresse der Immobilie erhalten Sie vom Anbieter.",7,180 m²,650 m²,2.106 €/m²,Einfamilienhaus (freistehend),nil,Nach Vereinbarung,2,2,2 Garagen,"1,79% des Kaufpreises inkl. 19% MwSt.","{'is24qa-gaeste-wc-label': '', 'is24qa-keller-label': '', 'is24qa-einliegerwohnung-label': '', 'is24qa-vermietet-label': ''}"
"Energetisch durchdachtes, 2-3 Familienhaus. Idyllisches, großes Areal von Natur umgeben",480.000 €,"32699 Extertal, Lippe (Kreis)
Die vollständige Adresse der Immobilie erhalten Sie vom Anbieter.",13,"372,34 m²",5.840 m²,1.289 €/m²,Mehrfamilienhaus,nil,nach Vereinbarung,nil,3,9 Garagen,"2,975",{'is24qa-keller-label': ''}
Kapitalanlage! Kernsaniertes Appartementhaus in Frechen,1.390.000 €,"Dürener Straße 15,
50226 Frechen, Rhein-Erft-Kreis",13,"252,58 m²",190 m²,5.503 €/m²,Mehrfamilienhaus,"132,58 m²",nil,10,10,nil,"4,76% inkl. MwSt.","{'is24qa-keller-label': '', 'is24qa-vermietet-label': ''}"
Ein Schmuckstück: Sehr gepflegte Doppelhaushälfte mit großer Garage in zentraler und ruhiger Lage,325.000 €,"Hardterbroich-Pesch, 41065 Mönchengladbach
Die vollständige Adresse der Immobilie erhalten Sie vom Anbieter.",4,138 m²,331 m²,2.355 €/m²,Doppelhaushälfte,75 m²,nach Vereinbarung,3,1,3 Stellplätze,"3,57 % inkl. MwSt.","{'is24qa-gaeste-wc-label': '', 'is24qa-keller-label': ''}"
Neubau: freistehendes EFH: SORGENFREIES WOHNEN IN FAMILIENFREUNDLICHEM UMFELD AM RANDE DER NATUR,832.000 €,"42781 Haan, Mettmann (Kreis)
Die vollständige Adresse der Immobilie erhalten Sie vom Anbieter.",5,162 m²,540 m²,5.136 €/m²,Einfamilienhaus (freistehend),79 m²,nil,4,2,2 Außenstellplätze,Nein,"{'is24qa-keller-label': '', 'is24qa-einliegerwohnung-label': '', 'is24qa-provisionsfrei-fuer-kaufende-label': ''}"
"Charmantes Reihenmittelhaus mit Garten, Einbauküche, 2 Bäder und Garage in gewachsener Wohnlage",479.000 €,"Pesch, 50767 Köln
Die vollständige Adresse der Immobilie erhalten Sie vom Anbieter.",5,140 m²,"225,35 m²",3.421 €/m²,Reihenmittelhaus,56 m²,sofort,4,2,1 Garage,"2,499 % vom notariellen Kaufpreis inklusive der gesetzlichen MwSt.","{'is24qa-gaeste-wc-label': '', 'is24qa-keller-label': ''}"
NEUBAU-DOPPELHAUSHÄLFTE: SORGENFREIES WOHNEN IN FAMILIENFREUNDLICHEM UMFELD AM RANDE DER NATUR,593.500 €,"42781 Haan, Mettmann (Kreis)
Die vollständige Adresse der Immobilie erhalten Sie vom Anbieter.",4,130 m²,270 m²,4.565 €/m²,Doppelhaushälfte,79 m²,nil,3,2,2 Außenstellplätze,Nein,"{'is24qa-keller-label': '', 'is24qa-provisionsfrei-fuer-kaufende-label': ''}"
Großer Garten & Terrasse! Flexible Nutzungsmöglichkeit! Traumhafte Lage!,599.000 €,"Velbert-Mitte, 42551 Velbert
Die vollständige Adresse der Immobilie erhalten Sie vom Anbieter.",6,203 m²,486 m²,2.951 €/m²,Doppelhaushälfte,nil,sofort,4,2,2 Garagen,"2,96 inkl. 19% MwSt. vom beurkundeten Kaufpreis",{}
Wohnen mit dem Charme einer längst vergangenen Zeit!,259.000 €,"51491 Overath, Rheinisch-Bergischer Kreis
Die vollständige Adresse der Immobilie erhalten Sie vom Anbieter.",9,169 m²,387 m²,1.533 €/m²,Einfamilienhaus (freistehend),nil,Nach Vereinbarung,9,2,3 Garagen,"3,57 % inkl. MwSt.","{'is24qa-gaeste-wc-label': '', 'is24qa-keller-label': ''}"
bezugsfrei! 200qm! mit Halle! freistehend! top Infrastruktur!,390.000 €,"42489 Wülfrath, Mettmann (Kreis)
Die vollständige Adresse der Immobilie erhalten Sie vom Anbieter.",6,217 m²,1.087 m²,1.797 €/m²,Einfamilienhaus (freistehend),206 m²,01.01.2024,5,2,4 Stellplätze,"2,96% inkl. 19% MwSt.vom beurkundeten Kaufpreis","{'is24qa-listonlyonis24-label': 'Nur hier gefunden', 'is24qa-keller-label': '', 'is24qa-vermietet-label': ''}"
Sanierungsbedürftiges Reihenhaus mit viel Potential,259.000 €,"41515 Grevenbroich, Neuss (Rhein-Kreis)
Die vollständige Adresse der Immobilie erhalten Sie vom Anbieter.",6,"119,79 m²",171 m²,2.162 €/m²,Reihenmittelhaus,"82,1 m²",sofort,nil,1,nil,"1,79 % inkl. MwSt.",{'is24qa-keller-label': ''}
Schönes Zweifamilienhaus mit ausgebautem Dachgeschoss in Altlünen,360.000 €,"Nordlünen, 44534 Lünen
Die vollständige Adresse der Immobilie erhalten Sie vom Anbieter.",10,"174,09 m²",684 m²,2.068 €/m²,Mehrfamilienhaus,nil,nil,nil,3,4 Stellplätze,"3,57 %","{'is24qa-gaeste-wc-label': '', 'is24qa-keller-label': '', 'is24qa-einliegerwohnung-label': ''}"
Hille: Exklusives Zweifamilienhaus mit Turmaussicht,695.000 €,"32479 Hille, Minden-Lübbecke (Kreis)
Die vollständige Adresse der Immobilie erhalten Sie vom Anbieter.",9,223 m²,825 m²,3.117 €/m²,Besondere Immobilie,nil,nil,2,2,1 Garage,"3,57%","{'is24qa-gaeste-wc-label': '', 'is24qa-keller-label': '', 'is24qa-einliegerwohnung-label': '', 'is24qa-vermietet-label': ''}"
WEKELN: Hier können Sie so einziehen!,529.000 €,"47877 Willich, Viersen (Kreis)
Die vollständige Adresse der Immobilie erhalten Sie vom Anbieter.",5,129 m²,249 m²,4.101 €/m²,Reihenmittelhaus,60 m²,Nach Absprache,4,2,3 Außenstellplätze,3.57% inkl. MwSt.,"{'is24qa-gaeste-wc-label': '', 'is24qa-keller-label': ''}"
Liebhaberobjekt - Verträumtes Fachwerkhaus für Individualisten in stadtzentraler Lage von Hemer,135.000 €,"Ebberg 27,
58675 Hemer, Märkischer Kreis",3,90 m²,121 m²,1.500 €/m²,Einfamilienhaus (freistehend),nil,nach Vereinbarung,nil,nil,nil,"4,16% inkl. MwSt.",{}
Komplett saniertes Mehrfamilienhaus mit 5 Wohnungen direkt im Stadtzentrum Bad Salzuflen,590.000 €,"32105 Bad Salzuflen, Lippe (Kreis)
Die vollständige Adresse der Immobilie erhalten Sie vom Anbieter.",14,340 m²,412 m²,1.735 €/m²,Mehrfamilienhaus,65 m²,nach Vereinbarung,8,35,nil,"3,57% des Kaufpreises inkl. MwSt.",{'is24qa-keller-label': ''}
Vielseitiger Bungalow mit Gewerbeanbau: Wohnen und Arbeiten vereint in attraktiver Lage!,559.000 €,"46537 Dinslaken, Wesel (Kreis)
Die vollständige Adresse der Immobilie erhalten Sie vom Anbieter.",6,252 m²,452 m²,2.218 €/m²,Wohnimmobilie (sonstige),nil,Nach Vereinbarung,4,3,2 Garagen,"2,38% inkl. MwSt.",{}
