title,price,address,rooms,living_space,property_area,price_per_m2,type,usable_area,available_from,bedrooms,bathrooms,garage_parking,buyer_commission,criteriagroup_boolean_listing
Viersen-Boisheim: Topmoderne DHH als Bungalow mit ca. 105 m² Wohnfläche auf ca. 327 m² Grundstück,375.000 €,"Bonesender Str. 28a,
41751 Viersen, Viersen (Kreis)",3,105 m²,327 m²,3.571 €/m²,Doppelhaushälfte,20 m²,sofort,2,1,nil,"3,57% inkl. 19 % MwSt.",{}
Mehrgenerationenhaus ┋Bedburgs Bestlage,530.000 €,"50181 Bedburg, Rhein-Erft-Kreis
Die vollständige Adresse der Immobilie erhalten Sie vom Anbieter.",6,215 m²,546 m²,2.465 €/m²,Doppelhaushälfte,nil,nil,nil,3,1 Garage,"3,57% inkl. MwSt.","{'is24qa-online-besichtigung-moeglich-label': '', 'is24qa-keller-label': ''}"
Hochwertiger Bungalow mit Einliegerwohnung in Ratingen-Hösel,756.400 €,"Hösel, 40883 Ratingen
Die vollständige Adresse der Immobilie erhalten Sie vom Anbieter.",7,197 m²,609 m²,3.840 €/m²,Bungalow,110 m²,2025,4,3,1 Garage,Nein,"{'is24qa-gaeste-wc-label': '', 'is24qa-keller-label': '', 'is24qa-einliegerwohnung-label': '', 'is24qa-provisionsfrei-fuer-kaufende-label': ''}"
Offiziersvilla mit unverbaubarem Rheinblick,3.500.000 €,"Marienburg, 50968 Köln
Die vollständige Adresse der Immobilie erhalten Sie vom Anbieter.",14,435 m²,1.300 m²,8.046 €/m²,Villa,160 m²,nach Vereinbarung,nil,nil,7 Stellplätze,"3,57% des Kaufpreises",{}
Familiengerechte Doppelhaushälfte mit herrlichem Garten in angenehmer Wohnlage Nähe Wald..,429.000 €,"Lintorf, 40885 Ratingen
Die vollständige Adresse der Immobilie erhalten Sie vom Anbieter.",3,130 m²,450 m²,3.300 €/m²,Doppelhaushälfte,65 m²,Das Haus ist frei.,2,2,1 Garage,"3,57 % inkl. MwSt. vom beurkundeten Kaufpreis","{'is24qa-gaeste-wc-label': '', 'is24qa-keller-label': ''}"
"Beste Kapitalanlage 11-Familienhaus und 16 Garagen in angenehmer, zentraler Wohnlage",1.390.000 €,"Buchholz, 47249 Duisburg
Die vollständige Adresse der Immobilie erhalten Sie vom Anbieter.",22,572 m²,1.405 m²,2.430 €/m²,Mehrfamilienhaus,nil,nil,nil,nil,16 Garagen,Nein,"{'is24qa-keller-label': '', 'is24qa-provisionsfrei-fuer-kaufende-label': ''}"
Wohn- Geschäftshaus in bester Ortskernlage 6 Wohnungen und 1 Ladenlokal,599.000 €,"Neviges, 42553 Velbert
Die vollständige Adresse der Immobilie erhalten Sie vom Anbieter.",15,317 m²,216 m²,1.890 €/m²,Mehrfamilienhaus,250 m²,nil,nil,nil,nil,"3,57 % inkl. MwSt. vom beurkundeten Kaufpreis","{'is24qa-gaeste-wc-label': '', 'is24qa-keller-label': ''}"
Modernes Einfamilienhaus in bester Ortskernlage,529.000 €,"Lintorf, 40885 Ratingen
Die vollständige Adresse der Immobilie erhalten Sie vom Anbieter.",5,147 m²,170 m²,3.599 €/m²,Reihenmittelhaus,48 m²,Nach Vereinbarung,4,2,1 Stellplatz,"3,57 % inkl. MwSt. vom beurkundeten Kaufpreis","{'is24qa-gaeste-wc-label': '', 'is24qa-keller-label': ''}"
Einfamilienhaus mit 3 Wohnetagen,895.000 €,"Unterbach, 40627 Düsseldorf
Die vollständige Adresse der Immobilie erhalten Sie vom Anbieter.",5,176 m²,398 m²,5.085 €/m²,Reiheneckhaus,nil,nil,4,2,1 Garage,"€ 26.850,--",{'is24qa-gaeste-wc-label': ''}
Gemen! Doppelhaushälfte mit 2 Wohneinheiten!,349.000 €,"46325 Borken, Borken (Kreis)
Die vollständige Adresse der Immobilie erhalten Sie vom Anbieter.",5,"142,22 m²",354 m²,2.454 €/m²,Doppelhaushälfte,nil,nil,3,2,nil,"2,975 % inkl. ges. MwSt.",{'is24qa-vermietet-label': ''}
Neubau! Tolle Lage! Ahaus!,376.000 €,"48683 Ahaus, Borken (Kreis)
Die vollständige Adresse der Immobilie erhalten Sie vom Anbieter.",4,105 m²,185 m²,3.581 €/m²,Reihenmittelhaus,nil,2024,2,1,nil,Nein,"{'is24qa-gaeste-wc-label': '', 'is24qa-provisionsfrei-fuer-kaufende-label': ''}"
Wohnhaus mit zwei Eigentumswohnungen in Haltern-Sythen!,599.000 €,"45721 Haltern am See, Recklinghausen (Kreis)
Die vollständige Adresse der Immobilie erhalten Sie vom Anbieter.",7,"185,75 m²",578 m²,3.225 €/m²,Mehrfamilienhaus,nil,nil,4,3,nil,"2,38 % inkl. ges. MwSt.",{'is24qa-keller-label': ''}
KAUFEN SIE DIE LAGE ++ YACHTHAFEN/ GOLFPLATZ/ VILLA ...,1.250.000 €,"Gnadental, 41468 Neuss
Die vollständige Adresse der Immobilie erhalten Sie vom Anbieter.",7,277 m²,1.188 m²,4.513 €/m²,Villa,176 m²,sofort,4,4,4 Garagen,"3,57 % vom beurkundeten Kaufpreis inkl. Mwst","{'is24qa-gaeste-wc-label': '', 'is24qa-keller-label': '', 'is24qa-einliegerwohnung-label': ''}"
... ansprechendes Zweifamilienhaus mit separatem Garagengebäude!,365.000 €,"32816 Schieder-Schwalenberg, Lippe (Kreis)
Die vollständige Adresse der Immobilie erhalten Sie vom Anbieter.",7,238 m²,915 m²,1.534 €/m²,Mehrfamilienhaus,nil,nach Vereinbarung,nil,nil,7 Garagen,"3,57 % inkl. MwSt",{'is24qa-keller-label': ''}
Traumhafte Lage mitten in der Natur,199.800 €,"59955 Winterberg, Hochsauerlandkreis
Die vollständige Adresse der Immobilie erhalten Sie vom Anbieter.",3,44 m²,269 m²,4.541 €/m²,Wohnimmobilie (sonstige),nil,06/2024,2,1,2 Außenstellplätze,Nein,"{'is24qa-als-ferienhaus-geeignet-label': '', 'is24qa-provisionsfrei-fuer-kaufende-label': ''}"
KR-Musikerviertel-Stadtwald! Charmantes Familiendomizil mit Traumgrundstück in absoluter Bestlage!,1.280.000 €,"Cracau, 47799 Krefeld
Die vollständige Adresse der Immobilie erhalten Sie vom Anbieter.",9,"300,13 m²",878 m²,4.265 €/m²,Einfamilienhaus (freistehend),"79,99 m²",nach Absprache,5,4,2 Garagen,"2,38% Käuferprovision vom Gesamtkaufpreis","{'is24qa-gaeste-wc-label': '', 'is24qa-keller-label': '', 'is24qa-einliegerwohnung-label': ''}"
Freistehendes Einfamilienhaus auf Parkgrundstück in absoluter Bestlage des Haaner Musikantenviertels,1.690.000 €,"42781 Haan, Mettmann (Kreis)
Die vollständige Adresse der Immobilie erhalten Sie vom Anbieter.",6,230 m²,1.741 m²,7.348 €/m²,Einfamilienhaus (freistehend),140 m²,04/2024,4,1,2 Garagen,"2,38 % Käuferprovision inkl. MwSt.,","{'is24qa-gaeste-wc-label': '', 'is24qa-keller-label': ''}"
Traumhaftes Anwesen in Meerbusch,4.200.000 €,"40667 Meerbusch, Neuss (Rhein-Kreis)
Die vollständige Adresse der Immobilie erhalten Sie vom Anbieter.",11,500 m²,2.200 m²,8.400 €/m²,Einfamilienhaus (freistehend),305 m²,29.04.2024,5,5,5 Stellplätze,3.57 %,"{'is24qa-gaeste-wc-label': '', 'is24qa-keller-label': '', 'is24qa-einliegerwohnung-label': ''}"
"Faktor 16,8 - MFH mit wahlweise bis zu 5 freien Wohnungen + optional teilw. FeWo",1.100.000 €,"Wiesdorf, 51373 Leverkusen
Die vollständige Adresse der Immobilie erhalten Sie vom Anbieter.",17,"425,39 m²",238 m²,2.586 €/m²,Mehrfamilienhaus,nil,nil,nil,nil,nil,"Käuferprovision 4,76 % (inkl. MwSt.) des beur- kundeten Kaufpreises.",{}
Ihr neues ZUHAUSE in Jülich,499.000 €,"52428 Jülich, Düren (Kreis)
Die vollständige Adresse der Immobilie erhalten Sie vom Anbieter.",5,143 m²,754 m²,3.490 €/m²,Einfamilienhaus (freistehend),140 m²,III/2025,3,1,1 Stellplatz,Nein,"{'is24qa-gaeste-wc-label': '', 'is24qa-stufenloser-zugang-label': '', 'is24qa-provisionsfrei-fuer-kaufende-label': ''}"
