title,price,address,rooms,living_space,property_area,price_per_m2,type,usable_area,available_from,bedrooms,bathrooms,garage_parking,buyer_commission,criteriagroup_boolean_listing
"Für alle Pendler und Homeofficer! S-Bahn, Autobahn, Glasfaser...",593.270 €,"Herrengarten Q2,
52379 Langerwehe, Düren (Kreis)",4,144 m²,415 m²,4.120 €/m²,Einfamilienhaus (freistehend),nil,nil,3,2,nil,Nein,"{'is24qa-gaeste-wc-label': '', 'is24qa-provisionsfrei-fuer-kaufende-label': ''}"
Villa Phoenix Q3 im Baugebiet Herrengarten! Nähe A4 in Richtung Köln und Aachen,557.300 €,"Herrengarten 00,
52379 Langerwehe, Düren (Kreis)",5,160 m²,579 m²,3.483 €/m²,nil,nil,nil,4,2,nil,"3,57 % inkl. 19 % MwSt. verdient und fällig bei Abschluss des notariellen Kaufvertrages",{}
"Im Landschaftsschutzgebiet steht diese große, gepflegte Doppelhaushälfte mit 3 Garagen...",220.000 €,"32602 Vlotho, Herford (Kreis)
Die vollständige Adresse der Immobilie erhalten Sie vom Anbieter.",7,156 m²,1.125 m²,1.410 €/m²,nil,nil,nil,4,4,3 Garagen,Nein,"{'is24qa-gaeste-wc-label': '', 'is24qa-keller-label': '', 'is24qa-provisionsfrei-fuer-kaufende-label': ''}"
Historischer Charme trifft auf modernen Komfort 8-Parteien Mehrfamilienhaus,750.000 €,"Ostviertel, 45665 Recklinghausen
Die vollständige Adresse der Immobilie erhalten Sie vom Anbieter.",24,475 m²,360 m²,1.579 €/m²,Mehrfamilienhaus,nil,nil,nil,8,nil,"Die Käuferprovision beträgt 3,57 % des Kaufpreises inkl. 19% MwSt.","{'is24qa-keller-label': '', 'is24qa-vermietet-label': ''}"
Eine Investition in die Zukunft! Hier zählt die Lage!,1.230.000 €,"Dornberg, 33619 Bielefeld
Die vollständige Adresse der Immobilie erhalten Sie vom Anbieter.",17,421 m²,900 m²,2.922 €/m²,Mehrfamilienhaus,86 m²,nach Absprache,nil,6,6 Außenstellplätze,"4,76% inkl. 19% MwSt. vom notariellen Kaufpreis.","{'is24qa-keller-label': '', 'is24qa-stufenloser-zugang-label': '', 'is24qa-vermietet-label': ''}"
Familientraum in Duisburg-Rumeln!,449.000 €,"Friemersheim, 47229 Duisburg
Die vollständige Adresse der Immobilie erhalten Sie vom Anbieter.",5,"113,46 m²",229 m²,3.957 €/m²,Reihenmittelhaus,nil,ab Sofort,4,1,1 Garage,"2,98 inklusive gesetzliche. MwSt",{'is24qa-keller-label': ''}
Großzügiges Einfamilienhaus mit vielen Extras,575.000 €,"Brechten, 44339 Dortmund
Die vollständige Adresse der Immobilie erhalten Sie vom Anbieter.",5,"184,81 m²",502 m²,3.111 €/m²,Einfamilienhaus (freistehend),"25,47 m²",Absprache,3,3,5 Garagen,"2,38%",{'is24qa-gaeste-wc-label': ''}
"Großzügiges Einfamilienhaus in Bad Oeynhausen, Rehme mit Fernblick und Garage",325.000 €,"32547 Bad Oeynhausen, Minden-Lübbecke (Kreis)
Die vollständige Adresse der Immobilie erhalten Sie vom Anbieter.",8,200 m²,1.483 m²,1.625 €/m²,Einfamilienhaus (freistehend),nil,ab sofort,7,1,nil,"2,38 inkl. MwSt.","{'is24qa-online-besichtigung-moeglich-label': '', 'is24qa-gaeste-wc-label': '', 'is24qa-keller-label': ''}"
"REIMANN&WOLFF Heinsberg-Stadt: ""Zentrales Familienglück.""",315.000 €,"52525 Heinsberg, Heinsberg (Kreis)
Die vollständige Adresse der Immobilie erhalten Sie vom Anbieter.",7,"188,32 m²",302 m²,1.673 €/m²,Einfamilienhaus (freistehend),nil,nach Vereinbarung,6,3,2 Außenstellplätze,Nein,"{'is24qa-keller-label': '', 'is24qa-provisionsfrei-fuer-kaufende-label': ''}"
Energetisches Reihenmittelhaus in Stichstraße von Duisburg-Buchholz,369.800 €,"Buchholz, 47249 Duisburg
Die vollständige Adresse der Immobilie erhalten Sie vom Anbieter.",4,124 m²,213 m²,2.982 €/m²,Reihenmittelhaus,nil,nil,nil,2,1 Stellplatz,"3,57 %",{}
Charmantes Einfamilienhaus mit großem Gartenpotential in zentraler Lage von Viersen.,395.000 €,"41748 Viersen, Viersen (Kreis)
Die vollständige Adresse der Immobilie erhalten Sie vom Anbieter.",4,145 m²,788 m²,2.724 €/m²,Einfamilienhaus (freistehend),30 m²,nil,2,2,Außenstellplatz,"4,76 % auf den Angebotspreis","{'is24qa-online-besichtigung-moeglich-label': '', 'is24qa-gaeste-wc-label': ''}"
Verwirklichen Sie hier Ihre Träume im Rohbau-Charakter!,430.000 €,"40822 Mettmann, Mettmann (Kreis)
Die vollständige Adresse der Immobilie erhalten Sie vom Anbieter.","4,5",116 m²,261 m²,3.707 €/m²,Reiheneckhaus,100 m²,nil,3,1,1 Garage,"3,57 (inkl. 19% MwSt.)",{'is24qa-keller-label': ''}
Der Bungalow Ihrer Träume entsteht mitten in Neuenrade,235.000 €,"58809 Neuenrade, Märkischer Kreis
Die vollständige Adresse der Immobilie erhalten Sie vom Anbieter.",4,75 m²,300 m²,3.133 €/m²,Bungalow,nil,Mai/Juni 2024,2,1,3 Außenstellplätze,"3,57%","{'is24qa-stufenloser-zugang-label': '', 'is24qa-als-ferienhaus-geeignet-label': ''}"
FREISTEHENDES EINFAMILIENHAUS MIT EINLIEGERWOHNUNG IN W-LANGERFELD,365.000 €,"Langerfeld-Beyenburg, 42389 Wuppertal
Die vollständige Adresse der Immobilie erhalten Sie vom Anbieter.",6,172 m²,1.254 m²,2.122 €/m²,Einfamilienhaus (freistehend),32 m²,nach Absprache,nil,2,1 Garage,"3,57%",{'is24qa-einliegerwohnung-label': ''}
Neubauprojekt: Attraktives Reiheneckhaus in Oekoven - Erstbezug im Sommer 2023 - Bereits im Bau,579.000 €,"41569 Rommerskirchen, Neuss (Rhein-Kreis)
Die vollständige Adresse der Immobilie erhalten Sie vom Anbieter.",5,155 m²,280 m²,3.735 €/m²,Reiheneckhaus,nil,nil,4,2,1 Garage,"1,79% inklusive 19% Umsatzsteuer",{'is24qa-gaeste-wc-label': ''}
Provisionsfrei! Ein schnuckeliges Einfamilienhaus mit Wintergarten und Garage wartet auf Sie!,235.000 €,"41366 Schwalmtal, Viersen (Kreis)
Die vollständige Adresse der Immobilie erhalten Sie vom Anbieter.",5,120 m²,270 m²,1.958 €/m²,Einfamilienhaus (freistehend),nil,nil,nil,nil,Garage,Nein,{'is24qa-provisionsfrei-fuer-kaufende-label': ''}
"Endlich! Viel Platz im Haus, großer Garten in Reusrath",580.000 €,"Opladener Str. 83,
40764 Langenfeld (Rheinland), Mettmann (Kreis)",5,150 m²,383 m²,3.867 €/m²,Reiheneckhaus,38 m²,nil,4,3,1 Stellplatz,"2,98 % inklusive gesetzlicher MwSt","{'is24qa-gaeste-wc-label': '', 'is24qa-keller-label': '', 'is24qa-einliegerwohnung-label': ''}"
Charmantes Einfamilienhaus mit einladendem Kamin - die perfekte Kulisse für familiäre Gemütlichkeit,359.000 €,"59387 Ascheberg, Coesfeld (Kreis)
Die vollständige Adresse der Immobilie erhalten Sie vom Anbieter.",4,"102,56 m²",803 m²,3.500 €/m²,Einfamilienhaus (freistehend),nil,nach Vereinbarung,nil,nil,2 Garagen,"3,57 % vom Kaufpreis inkl. MwSt.",{'is24qa-keller-label': ''}
Gepflegtes Doppelhaushälfte in begehrter Lage von Eschweiler-Dürwiß,379.000 €,"52249 Eschweiler, Aachen (Kreis)
Die vollständige Adresse der Immobilie erhalten Sie vom Anbieter.",4,"116,4 m²",417 m²,3.256 €/m²,Doppelhaushälfte,"58,2 m²",nil,nil,2,1 Stellplatz,"3,57 %",{'is24qa-keller-label': ''}
Bad Honnef - Freistehendes Zweifamilienhaus in ruhiger Lage,518.000 €,"53604 Bad Honnef, Rhein-Sieg-Kreis
Die vollständige Adresse der Immobilie erhalten Sie vom Anbieter.",6,183 m²,436 m²,2.831 €/m²,Mehrfamilienhaus,nil,nil,nil,nil,2 Stellplätze,"3,57 % inkl. ges. MwSt.",{}
