title,price,address,rooms,living_space,property_area,price_per_m2,type,usable_area,available_from,bedrooms,bathrooms,garage_parking,buyer_commission,criteriagroup_boolean_listing
Mehrgenerationenhaus oder Kapitalanlage! Leerstehendes Dreifamilienhaus in Mülheim - Mitte,550.000 €,"Altstadt I, 45468 Mülheim an der Ruhr
Die vollständige Adresse der Immobilie erhalten Sie vom Anbieter.",8,235 m²,543 m²,2.340 €/m²,Mehrfamilienhaus,nil,nil,5,3,3 Außenstellplätze,"3,57% inkl. 19% MwSt.","{'is24qa-gaeste-wc-label': '', 'is24qa-keller-label': ''}"
Historisches Gebäudeensemble mit großem Grundstück in sehr zentraler Lage,1.900.000 €,"Turmgasse 4,
Widdersdorf, 50859 Köln",10,435 m²,1.914 m²,4.368 €/m²,Besondere Immobilie,112 m²,sofort,nil,nil,3 Garagen,"2,38 %",{'is24qa-keller-label': ''}
"Ein Haus mit Geschichte, die Bahn nebenan!",495.000 €,"Godesberg-Villenviertel, 53173 Bonn
Die vollständige Adresse der Immobilie erhalten Sie vom Anbieter.",6,202 m²,167 m²,2.450 €/m²,Reihenmittelhaus,nil,nach Vereinbarung,4,1,nil,"3,57% des Kaufpreises inkl. MwSt.","{'is24qa-listonlyonis24-label': 'Nur hier gefunden', 'is24qa-gaeste-wc-label': '', 'is24qa-keller-label': ''}"
Investment mit Blick auf den Kirchturm!,545.000 €,"47574 Goch, Kleve (Kreis)
Die vollständige Adresse der Immobilie erhalten Sie vom Anbieter.",17,262 m²,263 m²,2.080 €/m²,nil,215 m²,Vereinbarung,nil,nil,1 Garage,"3,57 % inkl. MwSt",{}
Gepflegtes Mehrfamilienhaus mit 3 Wohnungen und Garten in Wanheimerort,339.000 €,"Wanheimerort, 47055 Duisburg
Die vollständige Adresse der Immobilie erhalten Sie vom Anbieter.","10,5",210 m²,240 m²,1.614 €/m²,Mehrfamilienhaus,80 m²,nil,6,3,nil,"3,57% des Kaufpreises inkl. MwSt.","{'is24qa-keller-label': '', 'is24qa-vermietet-label': ''}"
"Kleines, freistehendes Einfamilienhaus auf großem Grundstück in ruhiger Lage von Solingen-Wald",399.000 €,"Wald, 42719 Solingen
Die vollständige Adresse der Immobilie erhalten Sie vom Anbieter.",5,98 m²,440 m²,4.071 €/m²,Einfamilienhaus (freistehend),75 m²,10/2024,3,1,2 Garagen,"3,57% Käuferprovision inkl. MwSt.,","{'is24qa-gaeste-wc-label': '', 'is24qa-keller-label': ''}"
Ihr neues Zuhause: Zentral im Grünen mit Platz für Familie und Homeoffice,520.000 €,"Kettwig, 45219 Essen
Die vollständige Adresse der Immobilie erhalten Sie vom Anbieter.",6,135 m²,250 m²,3.852 €/m²,Bungalow,"15,75 m²",sofort,4,3,1 Garage,Nein,"{'is24qa-gaeste-wc-label': '', 'is24qa-provisionsfrei-fuer-kaufende-label': ''}"
exklusive DesignVilla,4.960.000 €,"Hahnwald, 50996 Köln
Die vollständige Adresse der Immobilie erhalten Sie vom Anbieter.",6,374 m²,1.262 m²,13.262 €/m²,Villa,670 m²,nach Vereinbarung,3,4,2 Garagen,"3,57%","{'is24qa-gaeste-wc-label': '', 'is24qa-keller-label': '', 'is24qa-stufenloser-zugang-label': ''}"
Exklusives Villen-Anwesen auf einem einzigartigen Parkgrundstück,4.226.000 €,"53757 Sankt Augustin, Rhein-Sieg-Kreis
Die vollständige Adresse der Immobilie erhalten Sie vom Anbieter.",6,358 m²,4.407 m²,11.804 €/m²,Villa,423 m²,nach Vereinbarung,4,4,3 Carports,"3,57% des beurkundeten Kaufvertrags","{'is24qa-gaeste-wc-label': '', 'is24qa-keller-label': ''}"
"Verweil ""Am Breil"" Exklusive Neubauvilla mit Süd-Garten fußläufig zum Rhein",2.800.000 €,"40667 Meerbusch, Neuss (Rhein-Kreis)
Die vollständige Adresse der Immobilie erhalten Sie vom Anbieter.",6,300 m²,890 m²,9.333 €/m²,Villa,105 m²,2024,4,2,1 Garage,"2,38% inkl. MwSt.",{'is24qa-keller-label': ''}
"Familienfreundliches Ein- oder Zweifamilienhaus mit schön angelegtem Garten, zwei EBKs und Garage",345.000 €,"47533 Kleve, Kleve (Kreis)
Die vollständige Adresse der Immobilie erhalten Sie vom Anbieter.",5,113 m²,906 m²,3.053 €/m²,Einfamilienhaus (freistehend),52 m²,sofort,2,2,1 Garage,"1,785 % inkl. MwSt.","{'is24qa-gaeste-wc-label': '', 'is24qa-keller-label': ''}"
Stadthaus in Köln Junkersdorf,1.154.000 €,"Junkersdorf, 50858 Köln
Die vollständige Adresse der Immobilie erhalten Sie vom Anbieter.",9,229 m²,531 m²,5.039 €/m²,Mehrfamilienhaus,342 m²,nach Vereinbarung,5,4,3 Garagen,"3,57 %","{'is24qa-gaeste-wc-label': '', 'is24qa-keller-label': '', 'is24qa-stufenloser-zugang-label': ''}"
modernes Einfamilienhaus in Köln Müngersdorf,1.650.000 €,"Müngersdorf, 50933 Köln
Die vollständige Adresse der Immobilie erhalten Sie vom Anbieter.",9,255 m²,592 m²,6.471 €/m²,Einfamilienhaus (freistehend),336 m²,nach Vereinbarung,4,4,2 Garagen,"3,57% des beurkundeten Kaufvertrags","{'is24qa-gaeste-wc-label': '', 'is24qa-keller-label': ''}"
"Traumhaftes Anwesen mit Poolhaus, 2 Wohnungen, Einliegerwohnung, Bungalow & Gartenparadies",1.300.000 €,"Godorf, 50997 Köln
Die vollständige Adresse der Immobilie erhalten Sie vom Anbieter.",12,321 m²,1.253 m²,4.050 €/m²,Mehrfamilienhaus,0 m²,Nach Vereinbarung,7,6,3 Garagen,"3,57% vom Kaufpreis inkl. MwSt.","{'is24qa-gaeste-wc-label': '', 'is24qa-keller-label': ''}"
Weitläufige Gartenanlage! Fernblick auf das Wiehengebirge! Großzügiges Raumangebot!,308.000 €,"32479 Hille, Minden-Lübbecke (Kreis)
Die vollständige Adresse der Immobilie erhalten Sie vom Anbieter.",7,"218,83 m²",4.523 m²,1.407 €/m²,Einfamilienhaus (freistehend),nil,nach Absprache,nil,2,10 Stellplätze,"3,57 % inkl. ges. MwSt.",{'is24qa-keller-label': ''}
Familienparadies mit vielseitigen Nutzungsmöglichkeiten,150.000 €,"32694 Dörentrup, Lippe (Kreis)
Die vollständige Adresse der Immobilie erhalten Sie vom Anbieter.",8,219 m²,2.308 m²,685 €/m²,Mehrfamilienhaus,nil,nil,nil,nil,1 Garage,"4,76 % inkl. ges. MwSt.","{'is24qa-gaeste-wc-label': '', 'is24qa-keller-label': ''}"
FAMILIENFREUNDLICHES MEHRFAMILIENHAUS MIT STREUOBSTGARTEN IN DIREKTER RHEINNÄHE,650.000 €,"Graurheindorf, 53117 Bonn
Die vollständige Adresse der Immobilie erhalten Sie vom Anbieter.",12,190 m²,312 m²,3.421 €/m²,Reihenmittelhaus,250 m²,sofort,5,4,nil,"3,57 % des Kaufpreises inkl. 19% Mehrwertsteuer",{'is24qa-vermietet-label': ''}
Stilvolles Einfamilienhaus mit charmantem Garten sucht neue Familie!,590.000 €,"40723 Hilden, Mettmann (Kreis)
Die vollständige Adresse der Immobilie erhalten Sie vom Anbieter.",5,143 m²,257 m²,4.126 €/m²,Einfamilienhaus (freistehend),nil,nil,3,1,1 Garage,"3,57%","{'is24qa-gaeste-wc-label': '', 'is24qa-keller-label': ''}"
"KLASSISCHE, IM BAU BEFINDLICHE STADTVILLA",4.750.000 €,"Weiß, 50999 Köln
Die vollständige Adresse der Immobilie erhalten Sie vom Anbieter.",10,510 m²,2.280 m²,9.314 €/m²,Einfamilienhaus (freistehend),nil,nil,nil,nil,nil,3.57 % inkl. 19 % Mehrwertsteuer,{'is24qa-online-besichtigung-moeglich-label': ''}
Schöner Wohnen & leben in bevorzugter ruhiger Wohnlage im idyllischen Angelmodde!,749.000 €,"Angelmodde, 48167 Münster
Die vollständige Adresse der Immobilie erhalten Sie vom Anbieter.",7,177 m²,963 m²,4.232 €/m²,Einfamilienhaus (freistehend),83 m²,sofort,3,2,2 Garagen,"3,57 % des Kaufpreises inkl. 19 % USt.","{'is24qa-gaeste-wc-label': '', 'is24qa-keller-label': ''}"
