title,price,address,rooms,living_space,property_area,price_per_m2,type,usable_area,available_from,bedrooms,bathrooms,garage_parking,buyer_commission,criteriagroup_boolean_listing
Wohn- und Geschäftshaus in Paderborn-Zentrum!,1.350.000 €,"Kernstadt, 33098 Paderborn
Die vollständige Adresse der Immobilie erhalten Sie vom Anbieter.",20,246 m²,402 m²,5.488 €/m²,nil,435 m²,Nach Absprache,6,4,6 Außenstellplätze,"2,97 %, inkl. 19 % UmSt","{'is24qa-gaeste-wc-label': '', 'is24qa-keller-label': '', 'is24qa-vermietet-label': ''}"
Königswinter Vinxel - traumhafte Ortsrandlage,825.000 €,"53639 Königswinter, Rhein-Sieg-Kreis
Die vollständige Adresse der Immobilie erhalten Sie vom Anbieter.",8,220 m²,1.250 m²,3.750 €/m²,Einfamilienhaus (freistehend),nil,nach Absprache,nil,2,1 Garage,Nein,"{'is24qa-gaeste-wc-label': '', 'is24qa-keller-label': '', 'is24qa-provisionsfrei-fuer-kaufende-label': ''}"
Gemütliches Einfamilienhaus mit Sonnenterrasse und weitläufigen Garten,249.000 €,"50189 Elsdorf, Rhein-Erft-Kreis
Die vollständige Adresse der Immobilie erhalten Sie vom Anbieter.",6,142 m²,814 m²,1.754 €/m²,Reihenmittelhaus,nil,nach Absprache,3,2,2 Garagen,Nein,"{'is24qa-keller-label': '', 'is24qa-provisionsfrei-fuer-kaufende-label': ''}"
"Familienfreundliche 193 m², DHH, Sonnengarten, 2 Bäder, 2 Garagen in ruhiger Lage v. Bonn Muffendorf",739.000 €,"Muffendorf, 53177 Bonn
Die vollständige Adresse der Immobilie erhalten Sie vom Anbieter.",5,"193,35 m²","678,62 m²",3.822 €/m²,Doppelhaushälfte,56 m²,Nach Vereinbarung,4,2,2 Garagen,"3,57%","{'is24qa-gaeste-wc-label': '', 'is24qa-keller-label': '', 'is24qa-vermietet-label': ''}"
Charmantes MFH in bevorzugter Lage von Mönchengladbach,225.000 €,"Rheydt, 41236 Mönchengladbach
Die vollständige Adresse der Immobilie erhalten Sie vom Anbieter.",10,165 m²,618 m²,1.364 €/m²,Mehrfamilienhaus,0 m²,nil,nil,2,nil,"2,98% vom Kaufpreis inkl. MwSt.","{'is24qa-keller-label': '', 'is24qa-vermietet-label': ''}"
Geräumiges Zweifamilienhaus mit Vier Stellplätzen und Ausgebautem Keller,420.000 €,"42799 Leichlingen (Rheinland), Rheinisch-Bergischer Kreis
Die vollständige Adresse der Immobilie erhalten Sie vom Anbieter.",6,200 m²,431 m²,2.100 €/m²,Wohnimmobilie (sonstige),nil,nach Kaufpreiszahlung,4,2,4 Stellplätze,Nein,"{'is24qa-gaeste-wc-label': '', 'is24qa-keller-label': '', 'is24qa-stufenloser-zugang-label': '', 'is24qa-provisionsfrei-fuer-kaufende-label': ''}"
Exklusive DHH im Grünen mit PV-Anlage und Luftwärmepumpe,549.000 €,"48268 Greven, Steinfurt (Kreis)
Die vollständige Adresse der Immobilie erhalten Sie vom Anbieter.",5,"152,5 m²",421 m²,3.600 €/m²,Doppelhaushälfte,nil,sofort,4,1,2 Carports,Nein,"{'is24qa-gaeste-wc-label': '', 'is24qa-provisionsfrei-fuer-kaufende-label': ''}"
Lust auf ein Eigenheim mit Landwirtschaft? Einfamilienhaus mit Doppelgarage zum Kauf,498.000 €,"Herbede, 58456 Witten
Die vollständige Adresse der Immobilie erhalten Sie vom Anbieter.",6,"148,84 m²",9.280 m²,3.346 €/m²,Einfamilienhaus (freistehend),nil,nil,4,2,1 Garage,"3,57 % inkl. 19,00 % MwSt.","{'is24qa-gaeste-wc-label': '', 'is24qa-keller-label': '', 'is24qa-einliegerwohnung-label': ''}"
Traumhaus zwischen Köln und Bonn / 15 Autominuten vom Kölner Dom und der Bonner Innenstadt,990.000 €,"Reichensteinstr. 31,
53844 Troisdorf, Rhein-Sieg-Kreis",5,217 m²,850 m²,4.562 €/m²,Einfamilienhaus (freistehend),nil,01.09.2024,3,2,2 Außenstellplätze,"3,57","{'is24qa-gaeste-wc-label': '', 'is24qa-keller-label': ''}"
Einfamilienhaus auf Doppelgrundstück in Widdersdorf,1.285.000 €,"Widdersdorf, 50859 Köln
Die vollständige Adresse der Immobilie erhalten Sie vom Anbieter.",5,143 m²,1.208 m²,8.986 €/m²,Einfamilienhaus (freistehend),140 m²,nil,4,1,2 Garagen,"3,57 % inkl. MwSt.",{'is24qa-keller-label': ''}
Sanierungsbedürftiges 1- bis 3-Familienhaus mit Garage und Garten in Kaarst-Büttgen,498.000 €,"41564 Kaarst, Neuss (Rhein-Kreis)
Die vollständige Adresse der Immobilie erhalten Sie vom Anbieter.",6,182 m²,334 m²,2.736 €/m²,Reihenmittelhaus,156 m²,sofort oder nach Vereinbarung,nil,nil,1 Garage,"3,57% vom Kaufpreis inkl. 19% MwSt.",{'is24qa-keller-label': ''}
"Idyllische, altersgerecht eingerichtete Landhaus, kurz vor der niederländischen Grenze, Rees-Haffen.",487.000 €,"Ingenlaeckstrasse 6,
46459 Rees, Kleve (Kreis)",8,166 m²,1.196 m²,2.934 €/m²,Einfamilienhaus (freistehend),98 m²,nil,4,4,1 Carport,"1,8% Käufer/ 1,8% Verkäufer incl. Mwst.",{'is24qa-keller-label': ''}
Attraktives EFH / Bungalow,372.000 €,"Boele, 58099 Hagen
Die vollständige Adresse der Immobilie erhalten Sie vom Anbieter.",5,122 m²,440 m²,3.049 €/m²,Bungalow,nil,nach Absprache,nil,nil,1 Garage,Nein,"{'is24qa-gaeste-wc-label': '', 'is24qa-keller-label': '', 'is24qa-stufenloser-zugang-label': '', 'is24qa-provisionsfrei-fuer-kaufende-label': ''}"
Linnich-Tetz Modernes Einfamilienhaus – Pferdeboxen – Weide & Sandfläche für Ihre Lieblinge!,599.000 €,"52441 Linnich, Düren (Kreis)
Die vollständige Adresse der Immobilie erhalten Sie vom Anbieter.",4,170 m²,2.360 m²,3.524 €/m²,Einfamilienhaus (freistehend),nil,Nach Absprache,3,1,5 Garagen,"3,57 % inkl. MwSt. vom Kaufpreis","{'is24qa-listonlyonis24-label': 'Nur hier gefunden', 'is24qa-gaeste-wc-label': ''}"
E-Kupferdreh: Generationenhaus 192 m² auf 900 m² Grundstück in Traumlage,589.000 €,"Kupferdreh, 45257 Essen
Die vollständige Adresse der Immobilie erhalten Sie vom Anbieter.",8,"192,45 m²",900 m²,3.061 €/m²,Einfamilienhaus (freistehend),nil,sofort,4,3,3 Stellplätze,"3,57 % inkl. ges. MwSt.","{'is24qa-keller-label': '', 'is24qa-einliegerwohnung-label': ''}"
Modernes Haus mit viel Raum für die ganze Familie,258.000 €,"50181 Bedburg, Rhein-Erft-Kreis
Die vollständige Adresse der Immobilie erhalten Sie vom Anbieter.",6,135 m²,401 m²,1.911 €/m²,Einfamilienhaus (freistehend),nil,nil,nil,nil,nil,"3,57 % inkl. ges. MwSt.","{'is24qa-gaeste-wc-label': '', 'is24qa-keller-label': ''}"
"*LANDIDYLLE MIT JEDER MENGE PLATZ* einseitig angebautes Wohnhaus mit großem Garten, Pool + Sauna",499.000 €,"51491 Overath, Rheinisch-Bergischer Kreis
Die vollständige Adresse der Immobilie erhalten Sie vom Anbieter.",8,258 m²,1.066 m²,1.934 €/m²,Einfamilienhaus (freistehend),20 m²,nach Absprache,4,3,2 Außenstellplätze,"3,57 % Käuferprovision inkl. gesetzlicher MwSt.","{'is24qa-gaeste-wc-label': '', 'is24qa-keller-label': '', 'is24qa-einliegerwohnung-label': ''}"
Für Kapitalanleger - Vermietetes Reihenhaus in Bonn zu verkaufen !,385.000 €,"Stolpmünder Straße 31,
Tannenbusch, 53119 Bonn",4,"98,67 m²",189 m²,3.902 €/m²,Reihenmittelhaus,"54,72 m²",nil,3,1,1 Garage,"3,57 % Käufercourtage inkl. gesetzl. MwSt.","{'is24qa-gaeste-wc-label': '', 'is24qa-keller-label': '', 'is24qa-vermietet-label': ''}"
"Klein, aber fein…und größer als man denkt! REH mit 2 Garagen & Garten, sehr gepflegt! Erbbaurecht",289.000 €,"45721 Haltern am See, Recklinghausen (Kreis)
Die vollständige Adresse der Immobilie erhalten Sie vom Anbieter.",4,"119,55 m²",322 m²,2.417 €/m²,Reiheneckhaus,225 m²,sofort oder nach Vereinbarung,3,1,2 Garagen,"3,57 % inkl. MwSt.","{'is24qa-gaeste-wc-label': '', 'is24qa-keller-label': ''}"
Einzigartiges Einfamilienhaus mit Grundstück in Bielefeld,499.000 €,"Mitte, 33609 Bielefeld
Die vollständige Adresse der Immobilie erhalten Sie vom Anbieter.",4,145 m²,540 m²,3.441 €/m²,Einfamilienhaus (freistehend),160 m²,nil,3,1,nil,Nein,"{'is24qa-listonlyonis24-label': 'Nur hier gefunden', 'is24qa-online-besichtigung-moeglich-label': '', 'is24qa-gaeste-wc-label': '', 'is24qa-provisionsfrei-fuer-kaufende-label': ''}"
Euer Traumhaus auf exklusivem Grundstück,443.149 €,"33378 Rheda-Wiedenbrück, Gütersloh (Kreis)
Die vollständige Adresse der Immobilie erhalten Sie vom Anbieter.",5,159 m²,502 m²,2.787 €/m²,Einfamilienhaus (freistehend),159 m²,nil,4,1,1 Stellplatz,Nein,"{'is24qa-listonlyonis24-label': 'Nur hier gefunden', 'is24qa-online-besichtigung-moeglich-label': '', 'is24qa-provisionsfrei-fuer-kaufende-label': ''}"
Sei dein eigener Energieerzeuger mit PV-Anlage,462.219 €,"33378 Rheda-Wiedenbrück, Gütersloh (Kreis)
Die vollständige Adresse der Immobilie erhalten Sie vom Anbieter.",5,169 m²,502 m²,2.735 €/m²,Einfamilienhaus (freistehend),169 m²,nil,4,1,1 Stellplatz,Nein,"{'is24qa-listonlyonis24-label': 'Nur hier gefunden', 'is24qa-online-besichtigung-moeglich-label': '', 'is24qa-provisionsfrei-fuer-kaufende-label': ''}"
Euer neues Zuhause wartet auf euch!,434.419 €,"33378 Rheda-Wiedenbrück, Gütersloh (Kreis)
Die vollständige Adresse der Immobilie erhalten Sie vom Anbieter.",4,143 m²,502 m²,3.038 €/m²,Einfamilienhaus (freistehend),143 m²,nil,3,1,1 Stellplatz,Nein,"{'is24qa-listonlyonis24-label': 'Nur hier gefunden', 'is24qa-online-besichtigung-moeglich-label': '', 'is24qa-provisionsfrei-fuer-kaufende-label': ''}"
"""JETZT"" noch ""Bezahlbar"" bauen",419.749 €,"33378 Rheda-Wiedenbrück, Gütersloh (Kreis)
Die vollständige Adresse der Immobilie erhalten Sie vom Anbieter.",5,131 m²,502 m²,3.204 €/m²,Einfamilienhaus (freistehend),131 m²,nil,4,1,1 Stellplatz,Nein,"{'is24qa-listonlyonis24-label': 'Nur hier gefunden', 'is24qa-online-besichtigung-moeglich-label': '', 'is24qa-provisionsfrei-fuer-kaufende-label': ''}"
"Statt Miete zahlen, Eigentum besitzen",465.069 €,"33378 Rheda-Wiedenbrück, Gütersloh (Kreis)
Die vollständige Adresse der Immobilie erhalten Sie vom Anbieter.",6,179 m²,502 m²,2.598 €/m²,Einfamilienhaus (freistehend),163 m²,nil,5,1,1 Stellplatz,Nein,"{'is24qa-listonlyonis24-label': 'Nur hier gefunden', 'is24qa-online-besichtigung-moeglich-label': '', 'is24qa-provisionsfrei-fuer-kaufende-label': ''}"
Euer neues Zuhause wartet auf euch!,299.059 €,"32839 Steinheim, Höxter (Kreis)
Die vollständige Adresse der Immobilie erhalten Sie vom Anbieter.",3,120 m²,471 m²,2.492 €/m²,Einfamilienhaus (freistehend),120 m²,nil,3,1,1 Stellplatz,Nein,"{'is24qa-listonlyonis24-label': 'Nur hier gefunden', 'is24qa-online-besichtigung-moeglich-label': '', 'is24qa-provisionsfrei-fuer-kaufende-label': ''}"
Endlich euren Traum vom Eigenheim erfüllen!,489.359 €,"Avenwedde, 33335 Gütersloh
Die vollständige Adresse der Immobilie erhalten Sie vom Anbieter.",5,159 m²,692 m²,3.078 €/m²,Einfamilienhaus (freistehend),159 m²,nil,4,1,1 Stellplatz,Nein,"{'is24qa-listonlyonis24-label': 'Nur hier gefunden', 'is24qa-online-besichtigung-moeglich-label': '', 'is24qa-provisionsfrei-fuer-kaufende-label': ''}"
Euer Traumhaus auf exklusivem Grundstück,512.592 €,"Avenwedde, 33335 Gütersloh
Die vollständige Adresse der Immobilie erhalten Sie vom Anbieter.",6,183 m²,692 m²,2.801 €/m²,Einfamilienhaus (freistehend),183 m²,nil,5,1,1 Stellplatz,Nein,"{'is24qa-listonlyonis24-label': 'Nur hier gefunden', 'is24qa-online-besichtigung-moeglich-label': '', 'is24qa-provisionsfrei-fuer-kaufende-label': ''}"
Mach dein eigenen STROM!,4.753.569 €,"Avenwedde, 33335 Gütersloh
Die vollständige Adresse der Immobilie erhalten Sie vom Anbieter.",4,129 m²,692 m²,36.849 €/m²,Einfamilienhaus (freistehend),129 m²,nil,3,1,1 Stellplatz,Nein,"{'is24qa-listonlyonis24-label': 'Nur hier gefunden', 'is24qa-online-besichtigung-moeglich-label': '', 'is24qa-provisionsfrei-fuer-kaufende-label': ''}"
Euer neues Zuhause wartet auf euch!,447.049 €,"32832 Augustdorf, Lippe (Kreis)
Die vollständige Adresse der Immobilie erhalten Sie vom Anbieter.",5,159 m²,550 m²,2.812 €/m²,Einfamilienhaus (freistehend),159 m²,nil,4,1,1 Stellplatz,Nein,"{'is24qa-listonlyonis24-label': 'Nur hier gefunden', 'is24qa-online-besichtigung-moeglich-label': '', 'is24qa-provisionsfrei-fuer-kaufende-label': ''}"
Euren Traum vom Eigenheim auf exklusivem Grundstück,493.569 €,"32832 Augustdorf, Lippe (Kreis)
Die vollständige Adresse der Immobilie erhalten Sie vom Anbieter.",5,143 m²,550 m²,3.452 €/m²,Einfamilienhaus (freistehend),143 m²,nil,3,1,1 Stellplatz,Nein,"{'is24qa-listonlyonis24-label': 'Nur hier gefunden', 'is24qa-online-besichtigung-moeglich-label': '', 'is24qa-provisionsfrei-fuer-kaufende-label': ''}"
Lasst Euren Traum vom Eigenheim wahr werden!,498.729 €,"Avenwedde, 33335 Gütersloh
Die vollständige Adresse der Immobilie erhalten Sie vom Anbieter.",5,169 m²,692 m²,2.951 €/m²,Einfamilienhaus (freistehend),169 m²,nil,4,1,1 Stellplatz,Nein,"{'is24qa-listonlyonis24-label': 'Nur hier gefunden', 'is24qa-online-besichtigung-moeglich-label': '', 'is24qa-provisionsfrei-fuer-kaufende-label': ''}"
Verliebt euch in euer Traumhaus auf exklusivem Bauplatz,429.749 €,"32832 Augustdorf, Lippe (Kreis)
Die vollständige Adresse der Immobilie erhalten Sie vom Anbieter.",5,131 m²,550 m²,3.281 €/m²,Einfamilienhaus (freistehend),131 m²,nil,4,1,1 Stellplatz,Nein,"{'is24qa-listonlyonis24-label': 'Nur hier gefunden', 'is24qa-online-besichtigung-moeglich-label': '', 'is24qa-provisionsfrei-fuer-kaufende-label': ''}"
Raus aus der Miete rein ins Eigenheim - exklusiver Bauplatz,441.579 €,"32832 Augustdorf, Lippe (Kreis)
Die vollständige Adresse der Immobilie erhalten Sie vom Anbieter.",4,129 m²,428 m²,3.423 €/m²,Einfamilienhaus (freistehend),129 m²,nil,3,1,1 Stellplatz,Nein,"{'is24qa-listonlyonis24-label': 'Nur hier gefunden', 'is24qa-online-besichtigung-moeglich-label': '', 'is24qa-provisionsfrei-fuer-kaufende-label': ''}"
Genießen Sie den Tag im eigenen Garten,437.759 €,"32832 Augustdorf, Lippe (Kreis)
Die vollständige Adresse der Immobilie erhalten Sie vom Anbieter.",4,129 m²,550 m²,3.393 €/m²,Einfamilienhaus (freistehend),129 m²,nil,3,1,1 Stellplatz,Nein,"{'is24qa-listonlyonis24-label': 'Nur hier gefunden', 'is24qa-online-besichtigung-moeglich-label': '', 'is24qa-provisionsfrei-fuer-kaufende-label': ''}"
Schafft mit diesem Traumhaus Platz für die Familie,395.429 €,"32832 Augustdorf, Lippe (Kreis)
Die vollständige Adresse der Immobilie erhalten Sie vom Anbieter.",4,129 m²,428 m²,3.065 €/m²,Einfamilienhaus (freistehend),129 m²,nil,3,1,1 Stellplatz,Nein,"{'is24qa-listonlyonis24-label': 'Nur hier gefunden', 'is24qa-online-besichtigung-moeglich-label': '', 'is24qa-provisionsfrei-fuer-kaufende-label': ''}"
Exklusiver Bauplatz mit eurem Traumhaus,393.059 €,"32832 Augustdorf, Lippe (Kreis)
Die vollständige Adresse der Immobilie erhalten Sie vom Anbieter.",3,120 m²,428 m²,3.275 €/m²,Einfamilienhaus (freistehend),120 m²,nil,3,1,1 Stellplatz,Nein,"{'is24qa-listonlyonis24-label': 'Nur hier gefunden', 'is24qa-online-besichtigung-moeglich-label': '', 'is24qa-provisionsfrei-fuer-kaufende-label': ''}"
Ökologisches Bauen ohne Vorlaufzeit mit Massa,491.349 €,"33415 Verl, Gütersloh (Kreis)
Die vollständige Adresse der Immobilie erhalten Sie vom Anbieter.",5,131 m²,600 m²,3.751 €/m²,Einfamilienhaus (freistehend),131 m²,nil,4,1,1 Stellplatz,Nein,"{'is24qa-listonlyonis24-label': 'Nur hier gefunden', 'is24qa-online-besichtigung-moeglich-label': '', 'is24qa-provisionsfrei-fuer-kaufende-label': ''}"
Raus aus der Miete rein ins Eigenheim,497.609 €,"33415 Verl, Gütersloh (Kreis)
Die vollständige Adresse der Immobilie erhalten Sie vom Anbieter.",5,162 m²,600 m²,3.072 €/m²,Einfamilienhaus (freistehend),162 m²,nil,4,1,1 Stellplatz,Nein,"{'is24qa-listonlyonis24-label': 'Nur hier gefunden', 'is24qa-online-besichtigung-moeglich-label': '', 'is24qa-provisionsfrei-fuer-kaufende-label': ''}"
Genießt den Tag im eigenen Garten,290.429 €,"32839 Steinheim, Höxter (Kreis)
Die vollständige Adresse der Immobilie erhalten Sie vom Anbieter.",4,129 m²,471 m²,2.251 €/m²,Einfamilienhaus (freistehend),129 m²,nil,3,1,1 Stellplatz,Nein,"{'is24qa-listonlyonis24-label': 'Nur hier gefunden', 'is24qa-online-besichtigung-moeglich-label': '', 'is24qa-provisionsfrei-fuer-kaufende-label': ''}"
Strom zum halben Preis!,293.129 €,"37696 Marienmünster, Höxter (Kreis)
Die vollständige Adresse der Immobilie erhalten Sie vom Anbieter.",5,143 m²,780 m²,2.050 €/m²,Einfamilienhaus (freistehend),143 m²,nil,4,1,1 Stellplatz,Nein,"{'is24qa-listonlyonis24-label': 'Nur hier gefunden', 'is24qa-online-besichtigung-moeglich-label': '', 'is24qa-provisionsfrei-fuer-kaufende-label': ''}"
"""JETZT"" den Grundpfeiler für die Zukunft legen!",332.009 €,"33039 Nieheim, Höxter (Kreis)
Die vollständige Adresse der Immobilie erhalten Sie vom Anbieter.",5,162 m²,473 m²,2.049 €/m²,Einfamilienhaus (freistehend),129 m²,nil,4,1,1 Stellplatz,Nein,"{'is24qa-listonlyonis24-label': 'Nur hier gefunden', 'is24qa-online-besichtigung-moeglich-label': '', 'is24qa-provisionsfrei-fuer-kaufende-label': ''}"
Ökologisches Bauen ohne Vorlaufzeit mit Massa,456.649 €,"33442 Herzebrock-Clarholz, Gütersloh (Kreis)
Die vollständige Adresse der Immobilie erhalten Sie vom Anbieter.",6,179 m²,614 m²,2.551 €/m²,Einfamilienhaus (freistehend),163 m²,nil,5,1,1 Stellplatz,Nein,"{'is24qa-listonlyonis24-label': 'Nur hier gefunden', 'is24qa-online-besichtigung-moeglich-label': '', 'is24qa-provisionsfrei-fuer-kaufende-label': ''}"
Euer neues Zuhause wartet auf euch!,271.069 €,"37696 Marienmünster, Höxter (Kreis)
Die vollständige Adresse der Immobilie erhalten Sie vom Anbieter.",3,120 m²,733 m²,2.259 €/m²,Einfamilienhaus (freistehend),120 m²,nil,3,1,1 Stellplatz,Nein,"{'is24qa-listonlyonis24-label': 'Nur hier gefunden', 'is24qa-online-besichtigung-moeglich-label': '', 'is24qa-provisionsfrei-fuer-kaufende-label': ''}"
Genießen Sie den Tag im eigenen Garten,432.549 €,"33442 Herzebrock-Clarholz, Gütersloh (Kreis)
Die vollständige Adresse der Immobilie erhalten Sie vom Anbieter.",5,143 m²,614 m²,3.025 €/m²,Einfamilienhaus (freistehend),143 m²,nil,3,1,1 Stellplatz,Nein,"{'is24qa-listonlyonis24-label': 'Nur hier gefunden', 'is24qa-online-besichtigung-moeglich-label': '', 'is24qa-provisionsfrei-fuer-kaufende-label': ''}"
"""JETZT"" den Grundpfeiler für die Zukunft legen!",721.769 €,"Heepen, 33729 Bielefeld
Die vollständige Adresse der Immobilie erhalten Sie vom Anbieter.",4,164 m²,896 m²,4.401 €/m²,Einfamilienhaus (freistehend),164 m²,nil,3,1,1 Stellplatz,Nein,"{'is24qa-listonlyonis24-label': 'Nur hier gefunden', 'is24qa-online-besichtigung-moeglich-label': '', 'is24qa-provisionsfrei-fuer-kaufende-label': ''}"
Miete? Dafür könnt ihr auch bauen!,350.659 €,"33039 Nieheim, Höxter (Kreis)
Die vollständige Adresse der Immobilie erhalten Sie vom Anbieter.",4,129 m²,473 m²,2.718 €/m²,Einfamilienhaus (freistehend),129 m²,nil,3,1,1 Stellplatz,Nein,"{'is24qa-listonlyonis24-label': 'Nur hier gefunden', 'is24qa-online-besichtigung-moeglich-label': '', 'is24qa-provisionsfrei-fuer-kaufende-label': ''}"
Ihr Traumhaus auf exklusiven Grundstück in Bielefeld,747.249 €,"Heepen, 33729 Bielefeld
Die vollständige Adresse der Immobilie erhalten Sie vom Anbieter.",5,183 m²,896 m²,4.083 €/m²,Einfamilienhaus (freistehend),183 m²,nil,4,1,1 Stellplatz,Nein,"{'is24qa-listonlyonis24-label': 'Nur hier gefunden', 'is24qa-online-besichtigung-moeglich-label': '', 'is24qa-provisionsfrei-fuer-kaufende-label': ''}"
Euer Traum von den eigenen vier Wänden,321.479 €,"34401 Warburg, Höxter (Kreis)
Die vollständige Adresse der Immobilie erhalten Sie vom Anbieter.",4,129 m²,894 m²,2.492 €/m²,Einfamilienhaus (freistehend),129 m²,nil,3,1,1 Stellplatz,Nein,"{'is24qa-listonlyonis24-label': 'Nur hier gefunden', 'is24qa-online-besichtigung-moeglich-label': '', 'is24qa-provisionsfrei-fuer-kaufende-label': ''}"
„Smarthome“ für euer digitales Zuhause,310.479 €,"34439 Willebadessen, Höxter (Kreis)
Die vollständige Adresse der Immobilie erhalten Sie vom Anbieter.",5,162 m²,600 m²,1.917 €/m²,Einfamilienhaus (freistehend),129 m²,nil,4,1,1 Stellplatz,Nein,"{'is24qa-listonlyonis24-label': 'Nur hier gefunden', 'is24qa-online-besichtigung-moeglich-label': '', 'is24qa-provisionsfrei-fuer-kaufende-label': ''}"
"""JETZT"" für die Zukunft planen",286.069 €,"34414 Warburg, Höxter (Kreis)
Die vollständige Adresse der Immobilie erhalten Sie vom Anbieter.",3,120 m²,866 m²,2.384 €/m²,Einfamilienhaus (freistehend),120 m²,nil,3,1,1 Stellplatz,Nein,"{'is24qa-listonlyonis24-label': 'Nur hier gefunden', 'is24qa-online-besichtigung-moeglich-label': '', 'is24qa-provisionsfrei-fuer-kaufende-label': ''}"
Genießen Sie den Tag im eigenen Garten,287.569 €,"34432 Borgentreich, Höxter (Kreis)
Die vollständige Adresse der Immobilie erhalten Sie vom Anbieter.",4,129 m²,500 m²,2.229 €/m²,Einfamilienhaus (freistehend),129 m²,nil,3,1,1 Stellplatz,Nein,"{'is24qa-listonlyonis24-label': 'Nur hier gefunden', 'is24qa-online-besichtigung-moeglich-label': '', 'is24qa-provisionsfrei-fuer-kaufende-label': ''}"
Ihr Traumhaus im im Grünen mit eigenem Garten für die Kids,333.767 €,"32609 Hüllhorst, Minden-Lübbecke (Kreis)
Die vollständige Adresse der Immobilie erhalten Sie vom Anbieter.",5,140 m²,760 m²,2.384 €/m²,Einfamilienhaus (freistehend),140 m²,nil,3,1,nil,Nein,"{'is24qa-online-besichtigung-moeglich-label': '', 'is24qa-gaeste-wc-label': '', 'is24qa-provisionsfrei-fuer-kaufende-label': ''}"
EXKLUSIVES Grundstück in Versmold JETZT ZUSCHLAGEN,75.750 €,"33775 Versmold, Gütersloh (Kreis)
Die vollständige Adresse der Immobilie erhalten Sie vom Anbieter.",5,118 m²,520 m²,642 €/m²,Einfamilienhaus (freistehend),130 m²,nil,3,1,nil,Nein,"{'is24qa-listonlyonis24-label': 'Nur hier gefunden', 'is24qa-online-besichtigung-moeglich-label': '', 'is24qa-gaeste-wc-label': '', 'is24qa-provisionsfrei-fuer-kaufende-label': ''}"
JETZT Bauen und endlich ins Eigenheim,359.871 €,"33790 Halle (Westfalen), Gütersloh (Kreis)
Die vollständige Adresse der Immobilie erhalten Sie vom Anbieter.",5,150 m²,459 m²,2.399 €/m²,Einfamilienhaus (freistehend),155 m²,nil,3,2,nil,Nein,"{'is24qa-online-besichtigung-moeglich-label': '', 'is24qa-gaeste-wc-label': '', 'is24qa-provisionsfrei-fuer-kaufende-label': ''}"
JETZT Bauen und Energie selbst erzeugen,339.871 €,"33790 Halle (Westfalen), Gütersloh (Kreis)
Die vollständige Adresse der Immobilie erhalten Sie vom Anbieter.",5,147 m²,459 m²,2.312 €/m²,Einfamilienhaus (freistehend),143 m²,nil,3,2,nil,Nein,"{'is24qa-online-besichtigung-moeglich-label': '', 'is24qa-gaeste-wc-label': '', 'is24qa-provisionsfrei-fuer-kaufende-label': ''}"
Ihr Traum vom Eigenheim im Grünen und schickem Home Office,398.220 €,"33775 Versmold, Gütersloh (Kreis)
Die vollständige Adresse der Immobilie erhalten Sie vom Anbieter.",5,140 m²,745 m²,2.844 €/m²,Einfamilienhaus (freistehend),145 m²,nil,4,2,nil,Nein,"{'is24qa-online-besichtigung-moeglich-label': '', 'is24qa-provisionsfrei-fuer-kaufende-label': ''}"
Ihr eigener Garten inkl. Traumhaus und Grundstück,347.270 €,"33775 Versmold, Gütersloh (Kreis)
Die vollständige Adresse der Immobilie erhalten Sie vom Anbieter.",5,145 m²,510 m²,2.395 €/m²,Einfamilienhaus (freistehend),160 m²,nil,3,2,nil,Nein,"{'is24qa-online-besichtigung-moeglich-label': '', 'is24qa-gaeste-wc-label': '', 'is24qa-provisionsfrei-fuer-kaufende-label': ''}"
Exklusives Grundstück in Verl mit eurer Doppelhaushälfte,367.349 €,"33415 Verl, Gütersloh (Kreis)
Die vollständige Adresse der Immobilie erhalten Sie vom Anbieter.",4,110 m²,300 m²,3.340 €/m²,Einfamilienhaus (freistehend),110 m²,nil,3,1,1 Stellplatz,Nein,"{'is24qa-listonlyonis24-label': 'Nur hier gefunden', 'is24qa-online-besichtigung-moeglich-label': '', 'is24qa-provisionsfrei-fuer-kaufende-label': ''}"
Euer Traum von den eigenen vier Wänden auf exkl. Bauplatz,549.979 €,"33334 Gütersloh, Gütersloh (Kreis)
Die vollständige Adresse der Immobilie erhalten Sie vom Anbieter.",4,129 m²,540 m²,4.263 €/m²,Einfamilienhaus (freistehend),129 m²,nil,3,1,1 Stellplatz,Nein,"{'is24qa-listonlyonis24-label': 'Nur hier gefunden', 'is24qa-online-besichtigung-moeglich-label': '', 'is24qa-provisionsfrei-fuer-kaufende-label': ''}"
Ökologisches Bauen ohne Vorlaufzeit mit Massa,559.879 €,"33334 Gütersloh, Gütersloh (Kreis)
Die vollständige Adresse der Immobilie erhalten Sie vom Anbieter.",5,143 m²,540 m²,3.915 €/m²,Einfamilienhaus (freistehend),143 m²,nil,4,1,1 Stellplatz,Nein,"{'is24qa-listonlyonis24-label': 'Nur hier gefunden', 'is24qa-online-besichtigung-moeglich-label': '', 'is24qa-provisionsfrei-fuer-kaufende-label': ''}"
Endlich in eurem eigenen Garten Grillen!,562.489 €,"33334 Gütersloh, Gütersloh (Kreis)
Die vollständige Adresse der Immobilie erhalten Sie vom Anbieter.",5,162 m²,540 m²,3.472 €/m²,Einfamilienhaus (freistehend),129 m²,nil,4,1,1 Stellplatz,Nein,"{'is24qa-listonlyonis24-label': 'Nur hier gefunden', 'is24qa-online-besichtigung-moeglich-label': '', 'is24qa-provisionsfrei-fuer-kaufende-label': ''}"
Exklusiver Bauplatz mit eurem Traumhaus,636.449 €,"33334 Gütersloh, Gütersloh (Kreis)
Die vollständige Adresse der Immobilie erhalten Sie vom Anbieter.",5,143 m²,685 m²,4.451 €/m²,Einfamilienhaus (freistehend),143 m²,nil,3,1,1 Stellplatz,Nein,"{'is24qa-listonlyonis24-label': 'Nur hier gefunden', 'is24qa-online-besichtigung-moeglich-label': '', 'is24qa-provisionsfrei-fuer-kaufende-label': ''}"
Traumhaus sucht Grundstück im Neubaugebiet Harsewinkel,363.715 €,"33428 Harsewinkel, Gütersloh (Kreis)
Die vollständige Adresse der Immobilie erhalten Sie vom Anbieter.",5,150 m²,500 m²,2.425 €/m²,Einfamilienhaus (freistehend),162 m²,nil,3,1,nil,Nein,"{'is24qa-online-besichtigung-moeglich-label': '', 'is24qa-gaeste-wc-label': '', 'is24qa-provisionsfrei-fuer-kaufende-label': ''}"
"Ihr Traumhaus im Neubaugebiet ""Olden Hof""",347.770 €,"33428 Harsewinkel, Gütersloh (Kreis)
Die vollständige Adresse der Immobilie erhalten Sie vom Anbieter.",5,144 m²,500 m²,2.415 €/m²,Einfamilienhaus (freistehend),160 m²,nil,3,1,nil,Nein,"{'is24qa-online-besichtigung-moeglich-label': '', 'is24qa-gaeste-wc-label': '', 'is24qa-provisionsfrei-fuer-kaufende-label': ''}"
Ihre Wünsche & Träume perfekt kombiniert,398.770 €,"56269 Beckum, Warendorf (Kreis)
Die vollständige Adresse der Immobilie erhalten Sie vom Anbieter.",5,142 m²,420 m²,2.808 €/m²,Einfamilienhaus (freistehend),142 m²,nil,4,2,nil,Nein,"{'is24qa-online-besichtigung-moeglich-label': '', 'is24qa-provisionsfrei-fuer-kaufende-label': ''}"
Ihr Traum vom Eigenheim im Herzen von Versmold,478.740 €,"33775 Versmold, Gütersloh (Kreis)
Die vollständige Adresse der Immobilie erhalten Sie vom Anbieter.",5,152 m²,500 m²,3.150 €/m²,Einfamilienhaus (freistehend),152 m²,nil,3,2,nil,Nein,"{'is24qa-online-besichtigung-moeglich-label': '', 'is24qa-gaeste-wc-label': '', 'is24qa-provisionsfrei-fuer-kaufende-label': ''}"
Festpreisgarantie und Energie sparen,439.748 €,"Senne, 33659 Bielefeld
Die vollständige Adresse der Immobilie erhalten Sie vom Anbieter.",5,118 m²,675 m²,3.727 €/m²,Einfamilienhaus (freistehend),130 m²,nil,3,1,nil,Nein,"{'is24qa-listonlyonis24-label': 'Nur hier gefunden', 'is24qa-online-besichtigung-moeglich-label': '', 'is24qa-gaeste-wc-label': '', 'is24qa-provisionsfrei-fuer-kaufende-label': ''}"
Raumwunder für 2 Familien,438.430 €,"Senne, 33659 Bielefeld
Die vollständige Adresse der Immobilie erhalten Sie vom Anbieter.",6,190 m²,500 m²,2.308 €/m²,Mehrfamilienhaus,180 m²,nil,5,2,nil,Nein,"{'is24qa-listonlyonis24-label': 'Nur hier gefunden', 'is24qa-online-besichtigung-moeglich-label': '', 'is24qa-gaeste-wc-label': '', 'is24qa-provisionsfrei-fuer-kaufende-label': ''}"
Festpreisgarantie und Energie sparen,339.748 €,"Avenwedde, 33335 Gütersloh
Die vollständige Adresse der Immobilie erhalten Sie vom Anbieter.",5,118 m²,675 m²,2.879 €/m²,Einfamilienhaus (freistehend),130 m²,nil,3,1,nil,Nein,"{'is24qa-listonlyonis24-label': 'Nur hier gefunden', 'is24qa-online-besichtigung-moeglich-label': '', 'is24qa-gaeste-wc-label': '', 'is24qa-provisionsfrei-fuer-kaufende-label': ''}"
Ihr Traum-Bungalow in Gütersloh,669.870 €,"Spexard, 33332 Gütersloh
Die vollständige Adresse der Immobilie erhalten Sie vom Anbieter.",4,147 m²,760 m²,4.557 €/m²,Bungalow,147 m²,nil,3,1,nil,Nein,"{'is24qa-online-besichtigung-moeglich-label': '', 'is24qa-gaeste-wc-label': '', 'is24qa-provisionsfrei-fuer-kaufende-label': ''}"
Mit Eigenleistung in die eigene Doppelhaushälfte,349.830 €,"Spexard, 33332 Gütersloh
Die vollständige Adresse der Immobilie erhalten Sie vom Anbieter.",5,139 m²,365 m²,2.517 €/m²,Doppelhaushälfte,137 m²,nil,3,1,nil,Nein,"{'is24qa-online-besichtigung-moeglich-label': '', 'is24qa-gaeste-wc-label': '', 'is24qa-provisionsfrei-fuer-kaufende-label': ''}"
Ihr Traumhaus im Grünen mit eigenem Garten für die Kids,388.715 €,"33442 Herzebrock-Clarholz, Gütersloh (Kreis)
Die vollständige Adresse der Immobilie erhalten Sie vom Anbieter.",5,130 m²,570 m²,2.990 €/m²,Einfamilienhaus (freistehend),130 m²,nil,3,1,nil,Nein,"{'is24qa-online-besichtigung-moeglich-label': '', 'is24qa-gaeste-wc-label': '', 'is24qa-provisionsfrei-fuer-kaufende-label': ''}"
Grundstück in Herzebrock & ihr Traum vom Eigenheim,468.220 €,"33442 Herzebrock-Clarholz, Gütersloh (Kreis)
Die vollständige Adresse der Immobilie erhalten Sie vom Anbieter.",5,150 m²,570 m²,3.121 €/m²,Einfamilienhaus (freistehend),150 m²,nil,4,2,nil,Nein,"{'is24qa-online-besichtigung-moeglich-label': '', 'is24qa-provisionsfrei-fuer-kaufende-label': ''}"
Stadtvilla für 2 Familien - oben & unten wohnen inkl. Grundstück,768.430 €,"Avenwedde, 33335 Gütersloh
Die vollständige Adresse der Immobilie erhalten Sie vom Anbieter.",6,210 m²,775 m²,3.659 €/m²,Mehrfamilienhaus,230 m²,nil,5,2,nil,Nein,"{'is24qa-online-besichtigung-moeglich-label': '', 'is24qa-gaeste-wc-label': '', 'is24qa-provisionsfrei-fuer-kaufende-label': ''}"
Grundstück und viel Freiraum für die ganze Familie,438.740 €,"33442 Herzebrock-Clarholz, Gütersloh (Kreis)
Die vollständige Adresse der Immobilie erhalten Sie vom Anbieter.",6,175 m²,570 m²,2.507 €/m²,Einfamilienhaus (freistehend),140 m²,nil,5,2,nil,Nein,"{'is24qa-online-besichtigung-moeglich-label': '', 'is24qa-gaeste-wc-label': '', 'is24qa-provisionsfrei-fuer-kaufende-label': ''}"
Ein Raumwunder für 2 Familien - oben & unten wohnen inkl. Grundstück,648.430 €,"Avenwedde, 33335 Gütersloh
Die vollständige Adresse der Immobilie erhalten Sie vom Anbieter.",5,190 m²,775 m²,3.413 €/m²,Mehrfamilienhaus,180 m²,nil,5,2,nil,Nein,"{'is24qa-online-besichtigung-moeglich-label': '', 'is24qa-gaeste-wc-label': '', 'is24qa-provisionsfrei-fuer-kaufende-label': ''}"
Ihre Wünsche & Träume perfekt kombiniert,493.715 €,"33415 Verl, Gütersloh (Kreis)
Die vollständige Adresse der Immobilie erhalten Sie vom Anbieter.",5,129 m²,570 m²,3.827 €/m²,Einfamilienhaus (freistehend),129 m²,nil,3,1,nil,Nein,"{'is24qa-online-besichtigung-moeglich-label': '', 'is24qa-gaeste-wc-label': '', 'is24qa-provisionsfrei-fuer-kaufende-label': ''}"
Ihr Traum von einer modernen Doppelhaushälfte inkl. Grundstück,445.830 €,"Avenwedde, 33335 Gütersloh
Die vollständige Adresse der Immobilie erhalten Sie vom Anbieter.",5,125 m²,387 m²,3.567 €/m²,Doppelhaushälfte,131 m²,nil,3,1,nil,Nein,"{'is24qa-online-besichtigung-moeglich-label': '', 'is24qa-gaeste-wc-label': '', 'is24qa-provisionsfrei-fuer-kaufende-label': ''}"
Jetzt von der Lieferfähigkeit profitieren inkl. Grundstück,665.715 €,"Avenwedde, 33335 Gütersloh
Die vollständige Adresse der Immobilie erhalten Sie vom Anbieter.",5,150 m²,775 m²,4.438 €/m²,Einfamilienhaus (freistehend),160 m²,nil,3,2,nil,Nein,"{'is24qa-online-besichtigung-moeglich-label': '', 'is24qa-gaeste-wc-label': '', 'is24qa-provisionsfrei-fuer-kaufende-label': ''}"
Mit Eigenleistung in die eigene Doppelhaushälfte,459.830 €,"Avenwedde, 33335 Gütersloh
Die vollständige Adresse der Immobilie erhalten Sie vom Anbieter.",4,130 m²,387 m²,3.537 €/m²,Doppelhaushälfte,137 m²,nil,3,1,nil,Nein,"{'is24qa-online-besichtigung-moeglich-label': '', 'is24qa-gaeste-wc-label': '', 'is24qa-provisionsfrei-fuer-kaufende-label': ''}"
Endlich ins Eigenheim mit eigenem Garten und Platz für die Kids,658.740 €,"Avenwedde, 33335 Gütersloh
Die vollständige Adresse der Immobilie erhalten Sie vom Anbieter.",5,164 m²,775 m²,4.017 €/m²,nil,160 m²,nil,3,nil,2 Stellplätze,Nein,"{'is24qa-online-besichtigung-moeglich-label': '', 'is24qa-gaeste-wc-label': '', 'is24qa-provisionsfrei-fuer-kaufende-label': ''}"
Ihr Traum vom Eigenheim in Verl,529.774 €,"33415 Verl, Gütersloh (Kreis)
Die vollständige Adresse der Immobilie erhalten Sie vom Anbieter.",5,139 m²,580 m²,3.811 €/m²,Einfamilienhaus (freistehend),139 m²,nil,3,1,nil,Nein,"{'is24qa-online-besichtigung-moeglich-label': '', 'is24qa-gaeste-wc-label': '', 'is24qa-provisionsfrei-fuer-kaufende-label': ''}"
Ihr Traum-Bungalow in Borgholzhausen,447.860 €,"33829 Borgholzhausen, Gütersloh (Kreis)
Die vollständige Adresse der Immobilie erhalten Sie vom Anbieter.",4,128 m²,800 m²,3.499 €/m²,Bungalow,128 m²,nil,2,2,nil,Nein,"{'is24qa-online-besichtigung-moeglich-label': '', 'is24qa-gaeste-wc-label': '', 'is24qa-stufenloser-zugang-label': '', 'is24qa-provisionsfrei-fuer-kaufende-label': ''}"
Ihr Traumhaus im Grünen,439.774 €,"33829 Borgholzhausen, Gütersloh (Kreis)
Die vollständige Adresse der Immobilie erhalten Sie vom Anbieter.",5,160 m²,578 m²,2.749 €/m²,Einfamilienhaus (freistehend),150 m²,nil,3,2,nil,Nein,"{'is24qa-online-besichtigung-moeglich-label': '', 'is24qa-gaeste-wc-label': '', 'is24qa-provisionsfrei-fuer-kaufende-label': ''}"
Ihr Eigenheim mit ihren Wünschen & Träumen perfekt kombiniert,413.715 €,"33829 Borgholzhausen, Gütersloh (Kreis)
Die vollständige Adresse der Immobilie erhalten Sie vom Anbieter.",5,135 m²,800 m²,3.065 €/m²,Einfamilienhaus (freistehend),145 m²,nil,3,2,nil,Nein,"{'is24qa-online-besichtigung-moeglich-label': '', 'is24qa-gaeste-wc-label': '', 'is24qa-provisionsfrei-fuer-kaufende-label': ''}"
Der Traum von den eigenen vier Wänden,678.740 €,"Avenwedde, 33335 Gütersloh
Die vollständige Adresse der Immobilie erhalten Sie vom Anbieter.",5,155 m²,775 m²,4.379 €/m²,Einfamilienhaus (freistehend),160 m²,nil,3,2,nil,Nein,"{'is24qa-online-besichtigung-moeglich-label': '', 'is24qa-gaeste-wc-label': '', 'is24qa-provisionsfrei-fuer-kaufende-label': ''}"
Der große eigene Garten - Platz für ihre Ideen,457.770 €,"33829 Borgholzhausen, Gütersloh (Kreis)
Die vollständige Adresse der Immobilie erhalten Sie vom Anbieter.",5,150 m²,800 m²,3.052 €/m²,Einfamilienhaus (freistehend),160 m²,nil,3,2,nil,Nein,"{'is24qa-online-besichtigung-moeglich-label': '', 'is24qa-gaeste-wc-label': '', 'is24qa-provisionsfrei-fuer-kaufende-label': ''}"
"Ihr Doppelhaus - eine Hälfte selbst bewohnen, die andere vermieten",739.830 €,"Jöllenbeck, 33739 Bielefeld
Die vollständige Adresse der Immobilie erhalten Sie vom Anbieter.",10,235 m²,700 m²,3.148 €/m²,Doppelhaushälfte,220 m²,nil,3,3,nil,Nein,"{'is24qa-online-besichtigung-moeglich-label': '', 'is24qa-gaeste-wc-label': '', 'is24qa-provisionsfrei-fuer-kaufende-label': ''}"
Ihr Traum von einer modernen Doppelhaushälfte in Gütersloh,399.830 €,"Spexard, 33332 Gütersloh
Die vollständige Adresse der Immobilie erhalten Sie vom Anbieter.",5,137 m²,365 m²,2.918 €/m²,Doppelhaushälfte,137 m²,nil,3,1,nil,Nein,"{'is24qa-online-besichtigung-moeglich-label': '', 'is24qa-gaeste-wc-label': '', 'is24qa-provisionsfrei-fuer-kaufende-label': ''}"
Ihr Traum vom modernen Doppelhaus in Gütersloh,753.620 €,"Spexard, 33332 Gütersloh
Die vollständige Adresse der Immobilie erhalten Sie vom Anbieter.",10,278 m²,740 m²,2.711 €/m²,Doppelhaushälfte,278 m²,nil,3,1,nil,Nein,"{'is24qa-online-besichtigung-moeglich-label': '', 'is24qa-gaeste-wc-label': '', 'is24qa-provisionsfrei-fuer-kaufende-label': ''}"
Grundstück in Langenberg & ihr Traum vom Eigenheim,488.220 €,"33449 Langenberg, Gütersloh (Kreis)
Die vollständige Adresse der Immobilie erhalten Sie vom Anbieter.",5,150 m²,733 m²,3.255 €/m²,Einfamilienhaus (freistehend),150 m²,nil,4,2,nil,Nein,"{'is24qa-online-besichtigung-moeglich-label': '', 'is24qa-provisionsfrei-fuer-kaufende-label': ''}"
Ihr Eigenheim im schönen Hüllhorst,398.715 €,"32609 Hüllhorst, Minden-Lübbecke (Kreis)
Die vollständige Adresse der Immobilie erhalten Sie vom Anbieter.",5,145 m²,650 m²,2.750 €/m²,Einfamilienhaus (freistehend),145 m²,nil,3,1,nil,Nein,"{'is24qa-online-besichtigung-moeglich-label': '', 'is24qa-gaeste-wc-label': '', 'is24qa-provisionsfrei-fuer-kaufende-label': ''}"
"Ihr Grundstück sucht ihr Traumhaus im Neubaugebiet ""Olden Hof""",357.770 €,"33428 Harsewinkel, Gütersloh (Kreis)
Die vollständige Adresse der Immobilie erhalten Sie vom Anbieter.",5,147 m²,500 m²,2.434 €/m²,Einfamilienhaus (freistehend),160 m²,nil,3,1,nil,Nein,"{'is24qa-online-besichtigung-moeglich-label': '', 'is24qa-gaeste-wc-label': '', 'is24qa-provisionsfrei-fuer-kaufende-label': ''}"
Schnell und ohne Sorgen bauen!,387.239 €,"34434 Borgentreich, Höxter (Kreis)
Die vollständige Adresse der Immobilie erhalten Sie vom Anbieter.",5,183 m²,616 m²,2.116 €/m²,nil,183 m²,nil,4,1,1 Stellplatz,Nein,"{'is24qa-listonlyonis24-label': 'Nur hier gefunden', 'is24qa-online-besichtigung-moeglich-label': '', 'is24qa-provisionsfrei-fuer-kaufende-label': ''}"
Der Traum von den eigenen vier Wänden,468.740 €,"33442 Herzebrock-Clarholz, Gütersloh (Kreis)
Die vollständige Adresse der Immobilie erhalten Sie vom Anbieter.",5,155 m²,570 m²,3.024 €/m²,Einfamilienhaus (freistehend),160 m²,nil,3,2,nil,Nein,"{'is24qa-online-besichtigung-moeglich-label': '', 'is24qa-gaeste-wc-label': '', 'is24qa-provisionsfrei-fuer-kaufende-label': ''}"
Keine Miete mehr zahlen! EXKLUSIVES GRUNDSTÜCK in Friedrichsdorf,559.774 €,"Avenwedde, 33335 Gütersloh
Die vollständige Adresse der Immobilie erhalten Sie vom Anbieter.",5,150 m²,799 m²,3.732 €/m²,Einfamilienhaus (freistehend),160 m²,nil,3,2,nil,Nein,"{'is24qa-listonlyonis24-label': 'Nur hier gefunden', 'is24qa-online-besichtigung-moeglich-label': '', 'is24qa-gaeste-wc-label': '', 'is24qa-provisionsfrei-fuer-kaufende-label': ''}"
Vom Mieter zum Vermieter inkl. Grundstück in Friedrichsdorf,558.430 €,"Avenwedde, 33335 Gütersloh
Die vollständige Adresse der Immobilie erhalten Sie vom Anbieter.",6,190 m²,799 m²,2.939 €/m²,Mehrfamilienhaus,180 m²,nil,5,2,nil,Nein,"{'is24qa-listonlyonis24-label': 'Nur hier gefunden', 'is24qa-online-besichtigung-moeglich-label': '', 'is24qa-gaeste-wc-label': '', 'is24qa-provisionsfrei-fuer-kaufende-label': ''}"
Grundstück in Friedrichsdorf- Einfamilienhaustraum erfüllen,539.871 €,"Avenwedde, 33335 Gütersloh
Die vollständige Adresse der Immobilie erhalten Sie vom Anbieter.",5,145 m²,799 m²,3.723 €/m²,Einfamilienhaus (freistehend),150 m²,nil,3,2,nil,Nein,"{'is24qa-listonlyonis24-label': 'Nur hier gefunden', 'is24qa-online-besichtigung-moeglich-label': '', 'is24qa-gaeste-wc-label': '', 'is24qa-provisionsfrei-fuer-kaufende-label': ''}"
Endlich ins Eigenheim mit eigenem Garten,488.740 €,"33378 Rheda-Wiedenbrück, Gütersloh (Kreis)
Die vollständige Adresse der Immobilie erhalten Sie vom Anbieter.",5,164 m²,521 m²,2.980 €/m²,nil,160 m²,nil,3,nil,2 Stellplätze,Nein,"{'is24qa-online-besichtigung-moeglich-label': '', 'is24qa-gaeste-wc-label': '', 'is24qa-provisionsfrei-fuer-kaufende-label': ''}"
Ihr Traumhaus mit exklusiven Grundstück in Nordrheda,443.767 €,"33397 Rheda-Wiedenbrück, Gütersloh (Kreis)
Die vollständige Adresse der Immobilie erhalten Sie vom Anbieter.",4,147 m²,521 m²,3.019 €/m²,Einfamilienhaus (freistehend),150 m²,nil,3,1,nil,Nein,"{'is24qa-online-besichtigung-moeglich-label': '', 'is24qa-gaeste-wc-label': '', 'is24qa-provisionsfrei-fuer-kaufende-label': ''}"
ENDLICH EIGENHEIM - JETZT Termin vereinbaren,448.740 €,"33378 Rheda-Wiedenbrück, Gütersloh (Kreis)
Die vollständige Adresse der Immobilie erhalten Sie vom Anbieter.",4,147 m²,521 m²,3.053 €/m²,Einfamilienhaus (freistehend),155 m²,nil,3,1,nil,Nein,"{'is24qa-online-besichtigung-moeglich-label': '', 'is24qa-gaeste-wc-label': '', 'is24qa-provisionsfrei-fuer-kaufende-label': ''}"
Endlich ins Eigenheim- mit exklusiven Grundstück in Nordrheda,463.715 €,"33378 Rheda-Wiedenbrück, Gütersloh (Kreis)
Die vollständige Adresse der Immobilie erhalten Sie vom Anbieter.",4,140 m²,521 m²,3.312 €/m²,Einfamilienhaus (freistehend),143 m²,nil,3,1,nil,Nein,"{'is24qa-online-besichtigung-moeglich-label': '', 'is24qa-gaeste-wc-label': '', 'is24qa-provisionsfrei-fuer-kaufende-label': ''}"
Ihr Traumhaus im Grünen,388.770 €,"33378 Rheda-Wiedenbrück, Gütersloh (Kreis)
Die vollständige Adresse der Immobilie erhalten Sie vom Anbieter.",5,145 m²,540 m²,2.681 €/m²,Einfamilienhaus (freistehend),145 m²,nil,4,2,nil,Nein,"{'is24qa-online-besichtigung-moeglich-label': '', 'is24qa-provisionsfrei-fuer-kaufende-label': ''}"
Ihre Wünsche & Träume perfekt kombiniert,298.740 €,"33758 Schloß Holte-Stukenbrock, Gütersloh (Kreis)
Die vollständige Adresse der Immobilie erhalten Sie vom Anbieter.",5,125 m²,430 m²,2.390 €/m²,Einfamilienhaus (freistehend),125 m²,nil,3,1,nil,Nein,"{'is24qa-online-besichtigung-moeglich-label': '', 'is24qa-gaeste-wc-label': '', 'is24qa-provisionsfrei-fuer-kaufende-label': ''}"
Ihr Traumhaus im Grünen,368.740 €,"Hollen, 33334 Gütersloh
Die vollständige Adresse der Immobilie erhalten Sie vom Anbieter.",5,125 m²,430 m²,2.950 €/m²,Einfamilienhaus (freistehend),125 m²,nil,3,1,nil,Nein,"{'is24qa-online-besichtigung-moeglich-label': '', 'is24qa-gaeste-wc-label': '', 'is24qa-provisionsfrei-fuer-kaufende-label': ''}"
Ihr Traum von einer modernen Doppelhaushälfte,439.830 €,"33449 Langenberg, Gütersloh (Kreis)
Die vollständige Adresse der Immobilie erhalten Sie vom Anbieter.",5,125 m²,373 m²,3.519 €/m²,Doppelhaushälfte,131 m²,nil,3,1,nil,Nein,"{'is24qa-online-besichtigung-moeglich-label': '', 'is24qa-gaeste-wc-label': '', 'is24qa-provisionsfrei-fuer-kaufende-label': ''}"
Ihr Traum-Bungalow mit exklusiven Grundstück in Hesselteich,399.870 €,"33775 Versmold, Gütersloh (Kreis)
Die vollständige Adresse der Immobilie erhalten Sie vom Anbieter.",4,120 m²,520 m²,3.332 €/m²,Bungalow,120 m²,nil,3,1,nil,Nein,"{'is24qa-listonlyonis24-label': 'Nur hier gefunden', 'is24qa-online-besichtigung-moeglich-label': '', 'is24qa-gaeste-wc-label': '', 'is24qa-provisionsfrei-fuer-kaufende-label': ''}"
Ihr Traum-Bungalow mit exklusiven Grundstück,339.870 €,"33415 Verl, Gütersloh (Kreis)
Die vollständige Adresse der Immobilie erhalten Sie vom Anbieter.",4,120 m²,600 m²,2.832 €/m²,Bungalow,120 m²,nil,3,1,nil,Nein,"{'is24qa-listonlyonis24-label': 'Nur hier gefunden', 'is24qa-online-besichtigung-moeglich-label': '', 'is24qa-gaeste-wc-label': '', 'is24qa-provisionsfrei-fuer-kaufende-label': ''}"
Festpreisgarantie und Energie sparen mit exkl. Grundstück,319.748 €,"33415 Verl, Gütersloh (Kreis)
Die vollständige Adresse der Immobilie erhalten Sie vom Anbieter.",5,118 m²,600 m²,2.710 €/m²,Einfamilienhaus (freistehend),130 m²,nil,3,1,nil,Nein,"{'is24qa-listonlyonis24-label': 'Nur hier gefunden', 'is24qa-online-besichtigung-moeglich-label': '', 'is24qa-gaeste-wc-label': '', 'is24qa-provisionsfrei-fuer-kaufende-label': ''}"
EXKLUSIVES GRUNDSTÜCK - ENDLICH ins Eigenheim -,348.740 €,"33775 Versmold, Gütersloh (Kreis)
Die vollständige Adresse der Immobilie erhalten Sie vom Anbieter.",5,127 m²,500 m²,2.746 €/m²,Einfamilienhaus (freistehend),145 m²,nil,3,1,nil,Nein,"{'is24qa-listonlyonis24-label': 'Nur hier gefunden', 'is24qa-online-besichtigung-moeglich-label': '', 'is24qa-gaeste-wc-label': '', 'is24qa-provisionsfrei-fuer-kaufende-label': ''}"
Endlich Eigenheim mit exklusiven Grundstück,327.770 €,"33415 Verl, Gütersloh (Kreis)
Die vollständige Adresse der Immobilie erhalten Sie vom Anbieter.",5,147 m²,600 m²,2.230 €/m²,Einfamilienhaus (freistehend),160 m²,nil,3,1,nil,Nein,"{'is24qa-listonlyonis24-label': 'Nur hier gefunden', 'is24qa-online-besichtigung-moeglich-label': '', 'is24qa-gaeste-wc-label': '', 'is24qa-provisionsfrei-fuer-kaufende-label': ''}"
Sei dein eigener Energieerzeuger mit PV-Anlage,382.109 €,"33775 Versmold, Gütersloh (Kreis)
Die vollständige Adresse der Immobilie erhalten Sie vom Anbieter.",4,143 m²,478 m²,2.672 €/m²,Einfamilienhaus (freistehend),143 m²,nil,3,1,1 Stellplatz,Nein,"{'is24qa-listonlyonis24-label': 'Nur hier gefunden', 'is24qa-online-besichtigung-moeglich-label': '', 'is24qa-provisionsfrei-fuer-kaufende-label': ''}"
Endlich in eurem eigenen Garten Grillen!,310.389 €,"37696 Marienmünster, Höxter (Kreis)
Die vollständige Adresse der Immobilie erhalten Sie vom Anbieter.",5,162 m²,700 m²,1.916 €/m²,Einfamilienhaus (freistehend),129 m²,nil,4,1,1 Stellplatz,Nein,"{'is24qa-listonlyonis24-label': 'Nur hier gefunden', 'is24qa-online-besichtigung-moeglich-label': '', 'is24qa-provisionsfrei-fuer-kaufende-label': ''}"
Ökologisches Bauen ohne Vorlaufzeit mit Massa,308.409 €,"37696 Marienmünster, Höxter (Kreis)
Die vollständige Adresse der Immobilie erhalten Sie vom Anbieter.",5,143 m²,700 m²,2.157 €/m²,Einfamilienhaus (freistehend),143 m²,nil,4,1,1 Stellplatz,Nein,"{'is24qa-listonlyonis24-label': 'Nur hier gefunden', 'is24qa-online-besichtigung-moeglich-label': '', 'is24qa-provisionsfrei-fuer-kaufende-label': ''}"
Mach dein eigenen STROM!,394.649 €,"33775 Versmold, Gütersloh (Kreis)
Die vollständige Adresse der Immobilie erhalten Sie vom Anbieter.",5,159 m²,478 m²,2.482 €/m²,Einfamilienhaus (freistehend),159 m²,nil,4,1,1 Stellplatz,Nein,"{'is24qa-listonlyonis24-label': 'Nur hier gefunden', 'is24qa-online-besichtigung-moeglich-label': '', 'is24qa-provisionsfrei-fuer-kaufende-label': ''}"
Lust auf das Leben im Eigenheim,361.309 €,"34434 Borgentreich, Höxter (Kreis)
Die vollständige Adresse der Immobilie erhalten Sie vom Anbieter.",5,143 m²,616 m²,2.527 €/m²,Einfamilienhaus (freistehend),143 m²,nil,4,1,1 Stellplatz,Nein,"{'is24qa-listonlyonis24-label': 'Nur hier gefunden', 'is24qa-online-besichtigung-moeglich-label': '', 'is24qa-provisionsfrei-fuer-kaufende-label': ''}"
Vom Mieter zum Vermieter,341.529 €,"34434 Borgentreich, Höxter (Kreis)
Die vollständige Adresse der Immobilie erhalten Sie vom Anbieter.",4,129 m²,616 m²,2.648 €/m²,Einfamilienhaus (freistehend),129 m²,nil,3,1,1 Stellplatz,Nein,"{'is24qa-listonlyonis24-label': 'Nur hier gefunden', 'is24qa-online-besichtigung-moeglich-label': '', 'is24qa-provisionsfrei-fuer-kaufende-label': ''}"
Euer Traumhaus mit Festpreisgarantie!,480.159 €,"34401 Warburg, Höxter (Kreis)
Die vollständige Adresse der Immobilie erhalten Sie vom Anbieter.",6,183 m²,894 m²,2.624 €/m²,Einfamilienhaus (freistehend),183 m²,nil,5,1,1 Stellplatz,Nein,"{'is24qa-listonlyonis24-label': 'Nur hier gefunden', 'is24qa-online-besichtigung-moeglich-label': '', 'is24qa-provisionsfrei-fuer-kaufende-label': ''}"
Dein Traumhaus selbst gestaltet!,313.469 €,"34414 Warburg, Höxter (Kreis)
Die vollständige Adresse der Immobilie erhalten Sie vom Anbieter.",4,129 m²,660 m²,2.430 €/m²,Einfamilienhaus (freistehend),129 m²,nil,3,1,1 Stellplatz,Nein,"{'is24qa-listonlyonis24-label': 'Nur hier gefunden', 'is24qa-online-besichtigung-moeglich-label': '', 'is24qa-provisionsfrei-fuer-kaufende-label': ''}"
