title,price,address,rooms,living_space,property_area,price_per_m2,type,usable_area,available_from,bedrooms,bathrooms,garage_parking,buyer_commission,criteriagroup_boolean_listing
Rarität unter Reet | Weitblick ohne Grenzen,795.000 €,"25797 Wöhrden, Dithmarschen (Kreis)
Die vollständige Adresse der Immobilie erhalten Sie vom Anbieter.",4,113 m²,2.900 m²,7.035 €/m²,nil,37 m²,nil,nil,2,1 Garage,"3,57",{'is24qa-gaeste-wc-label': ''}
Timonshof - Historical Sophistication,1.590.000 €,"25836 Kirchspiel Garding, Nordfriesland (Kreis)
Die vollständige Adresse der Immobilie erhalten Sie vom Anbieter.",6,340 m²,960 m²,4.676 €/m²,nil,nil,nil,nil,nil,nil,"3,57",{}
"Verkauf eines Wohn- und Geschäftshauses im Zentrum von Heide, Kreis Dithmarschen",119.000 €,"25746 Heide, Dithmarschen (Kreis)
Die vollständige Adresse der Immobilie erhalten Sie vom Anbieter.",7,156 m²,123 m²,763 €/m²,Einfamilienhaus (freistehend),nil,nil,5,nil,nil,"3,57 % inkl. MwSt.",{}
Renoviertes Stadthaus mit Blick auf den Heider Wasserturm,159.000 €,"25746 Heide, Dithmarschen (Kreis)
Die vollständige Adresse der Immobilie erhalten Sie vom Anbieter.","3,5",106 m²,154 m²,1.500 €/m²,Einfamilienhaus (freistehend),nil,nil,nil,1,nil,"3,57",{'is24qa-keller-label': ''}
Vermietete Doppelhaushälfte im wunderschönen Boostedt!,269.000 €,"Eichenweg 12a,
24598 Boostedt, Segeberg (Kreis)",4,"105,23 m²",633 m²,2.556 €/m²,Doppelhaushälfte,"91,48 m²",nach Vereinbarung,3,1,Außenstellplatz,"3,57% inkl. MwSt.","{'is24qa-gaeste-wc-label': '', 'is24qa-keller-label': '', 'is24qa-vermietet-label': ''}"
*PREISSENKUNG* Gestalten Sie Ihr Traumhaus an der Ostsee!,275.000 €,"23746 Grömitz, Ostholstein (Kreis)
Die vollständige Adresse der Immobilie erhalten Sie vom Anbieter.",4,100 m²,622 m²,2.750 €/m²,Bungalow,nil,sofort,2,2,nil,3% zzgl. MwSt.,"{'is24qa-stufenloser-zugang-label': '', 'is24qa-als-ferienhaus-geeignet-label': '', 'is24qa-einliegerwohnung-label': ''}"
Ihr neues Zuhause wartet!,298.000 €,"24589 Nortorf, Rendsburg-Eckernförde (Kreis)
Die vollständige Adresse der Immobilie erhalten Sie vom Anbieter.",5,117 m²,908 m²,2.547 €/m²,Einfamilienhaus (freistehend),nil,nach Absprache,nil,2,1 Garage,"2,97 % des Kaufpreises incl. MwSt.",{'is24qa-keller-label': ''}
Sylt! Phantastischer Weitblick über die Wiesen nach Süden! Exklusives Endhaus mit Sauna und Gaskamin,1.750.000 €,"25980 Sylt (Gemeinde), Nordfriesland (Kreis)
Die vollständige Adresse der Immobilie erhalten Sie vom Anbieter.",5,"134,46 m²",923 m²,13.015 €/m²,Reiheneckhaus,nil,nil,4,2,1 Außenstellplatz,"3,57 % des Kaufpreises inkl. MwSt.","{'is24qa-gaeste-wc-label': '', 'is24qa-keller-label': '', 'is24qa-einliegerwohnung-label': ''}"
Unter Reet! Sylt Westerland! Freistehendes Einzelhaus in Strandnähe in sehr guter Lage!,1.200.000 €,"25980 Sylt (Gemeinde), Nordfriesland (Kreis)
Die vollständige Adresse der Immobilie erhalten Sie vom Anbieter.",4,80 m²,600 m²,15.000 €/m²,Einfamilienhaus (freistehend),6 m²,nil,2,1,1 Stellplatz,"3,57 % des Kaufpreises","{'is24qa-gaeste-wc-label': '', 'is24qa-keller-label': ''}"
"Wohnen in Waldrandlage: ""Sanierungsbedürftiges Einfamilienhaus an der Hamburger Stadtgrenze""",495.000 €,"21465 Reinbek, Stormarn (Kreis)
Die vollständige Adresse der Immobilie erhalten Sie vom Anbieter.",5,209 m²,2.202 m²,2.368 €/m²,Einfamilienhaus (freistehend),147 m²,nil,nil,nil,Garage,"3,125 % inkl. USt.",{}
Traumhaus mit einmaliger Aussicht,1.400.000 €,"24340 Eckernförde, Rendsburg-Eckernförde (Kreis)
Die vollständige Adresse der Immobilie erhalten Sie vom Anbieter.",6,295 m²,1.015 m²,4.746 €/m²,Besondere Immobilie,40 m²,1.9.2024,4,3,nil,Nein,"{'is24qa-gaeste-wc-label': '', 'is24qa-keller-label': '', 'is24qa-stufenloser-zugang-label': '', 'is24qa-als-ferienhaus-geeignet-label': '', 'is24qa-provisionsfrei-fuer-kaufende-label': ''}"
Haus zu verkaufen,395.000 €,"24211 Schellhorn, Plön (Kreis)
Die vollständige Adresse der Immobilie erhalten Sie vom Anbieter.",6,180 m²,800 m²,2.194 €/m²,Mehrfamilienhaus,180 m²,nil,3,3,3 Stellplätze,nil,"{'is24qa-keller-label': '', 'is24qa-vermietet-label': ''}"
"Gemütliche, renovierte Doppelhaushälfte in Autobahnnähe!",370.000 €,"25373 Ellerhoop, Pinneberg (Kreis)
Die vollständige Adresse der Immobilie erhalten Sie vom Anbieter.",6,107 m²,425 m²,3.458 €/m²,nil,nil,nil,nil,3,2 Außenstellplätze,3.57%,{'is24qa-gaeste-wc-label': ''}
Einfamilienhaus in Schleswig...!,149.000 €,"24837 Busdorf, Schleswig-Flensburg (Kreis)
Die vollständige Adresse der Immobilie erhalten Sie vom Anbieter.",4,118 m²,586 m²,1.263 €/m²,Einfamilienhaus (freistehend),nil,nil,3,2,Außenstellplatz,"3,57 % (inkl. MwSt.) vom Kaufpreis",{}
Design Unikat am Marschrand von PRIVAT,1.290.000 €,"25938 Oldsum, Nordfriesland (Kreis)
Die vollständige Adresse der Immobilie erhalten Sie vom Anbieter.",4,160 m²,801 m²,8.063 €/m²,nil,10 m²,Ab sofort bezugsfrei,2,2,1 Außenstellplatz,Nein,"{'is24qa-gaeste-wc-label': '', 'is24qa-provisionsfrei-fuer-kaufende-label': ''}"
Gepflegtes 6-Familienhaus in Bad Oldesloe von privat,1.080.000 €,"Amalie-Dietrich-Str. 2,
23843 Bad Oldesloe, Stormarn (Kreis)",22,476 m²,765 m²,2.269 €/m²,Mehrfamilienhaus,nil,1.8.2024,nil,nil,5 Außenstellplätze,Nein,"{'is24qa-vermietet-label': '', 'is24qa-provisionsfrei-fuer-kaufende-label': ''}"
25436 Uetersen - Einfamilienhaus - TOP Aufwendig saniert und modernisiert - ruhig und zentral,395.000 €,"25436 Uetersen, Pinneberg (Kreis)
Die vollständige Adresse der Immobilie erhalten Sie vom Anbieter.",3,121 m²,210 m²,3.264 €/m²,Einfamilienhaus (freistehend),50 m²,Nach Absprache,1,1,1 Garage,"3,124","{'is24qa-keller-label': '', 'is24qa-einliegerwohnung-label': ''}"
Reihenhaus - energetisch auf dem neuesten Stand dank KfW-55-Standard und Wärmepumpe,499.000 €,"25474 Hasloh, Pinneberg (Kreis)
Die vollständige Adresse der Immobilie erhalten Sie vom Anbieter.",4,105 m²,190 m²,4.752 €/m²,Reihenmittelhaus,nil,nil,nil,1,nil,3 %,{}
Reihenendhaus mit Vollkeller und neuer Heizungsanlage - sofort beziehbar,299.000 €,"21502 Geesthacht, Herzogtum Lauenburg (Kreis)
Die vollständige Adresse der Immobilie erhalten Sie vom Anbieter.",4,87 m²,368 m²,3.437 €/m²,nil,45 m²,Sofort beziehbar,3,1,1 Außenstellplatz,"8.895,25 inkl. gesetzlicher Mehrwertsteuer","{'is24qa-gaeste-wc-label': '', 'is24qa-keller-label': ''}"
Familientraum – Glücklich leben im Eigenheim,585.733 €,"23701 Süsel, Ostholstein (Kreis)
Die vollständige Adresse der Immobilie erhalten Sie vom Anbieter.",5,140 m²,"562,99 m²",4.184 €/m²,Einfamilienhaus (freistehend),0 m²,nil,3,1,1 Stellplatz,Nein,"{'is24qa-gaeste-wc-label': '', 'is24qa-provisionsfrei-fuer-kaufende-label': ''}"
Familientraum – Glücklich leben im Eigenheim,464.790 €,"24894 Twedt, Schleswig-Flensburg (Kreis)
Die vollständige Adresse der Immobilie erhalten Sie vom Anbieter.",5,120 m²,747 m²,3.873 €/m²,Einfamilienhaus (freistehend),0 m²,nil,3,1,1 Stellplatz,Nein,"{'is24qa-gaeste-wc-label': '', 'is24qa-provisionsfrei-fuer-kaufende-label': ''}"
"Leben, Lieben, Lachen - Hier!",922.890 €,"22952 Lütjensee, Stormarn (Kreis)
Die vollständige Adresse der Immobilie erhalten Sie vom Anbieter.",5,120 m²,1.001 m²,7.691 €/m²,Einfamilienhaus (freistehend),0 m²,nil,3,1,1 Stellplatz,Nein,"{'is24qa-gaeste-wc-label': '', 'is24qa-provisionsfrei-fuer-kaufende-label': ''}"
Traumhaus auf großem Grundstück – Unser Angebot für Ihre Zukunft,562.953 €,"23701 Süsel, Ostholstein (Kreis)
Die vollständige Adresse der Immobilie erhalten Sie vom Anbieter.",5,"140,29 m²",831 m²,4.013 €/m²,Einfamilienhaus (freistehend),0 m²,nil,3,1,1 Stellplatz,Nein,"{'is24qa-gaeste-wc-label': '', 'is24qa-provisionsfrei-fuer-kaufende-label': ''}"
Kinderparadies – Ihr Zuhause,718.970 €,"24119 Kronshagen, Rendsburg-Eckernförde (Kreis)
Die vollständige Adresse der Immobilie erhalten Sie vom Anbieter.",5,120 m²,550 m²,5.991 €/m²,Einfamilienhaus (freistehend),0 m²,nil,3,1,1 Stellplatz,Nein,"{'is24qa-gaeste-wc-label': '', 'is24qa-provisionsfrei-fuer-kaufende-label': ''}"
"Leben, Lieben, Lachen - Hier!",445.690 €,"24306 Bösdorf, Plön (Kreis)
Die vollständige Adresse der Immobilie erhalten Sie vom Anbieter.",5,120 m²,477 m²,3.714 €/m²,Einfamilienhaus (freistehend),0 m²,nil,3,1,1 Stellplatz,Nein,"{'is24qa-gaeste-wc-label': '', 'is24qa-provisionsfrei-fuer-kaufende-label': ''}"
Familientraum – Glücklich leben im Eigenheim,610.423 €,"23701 Süsel, Ostholstein (Kreis)
Die vollständige Adresse der Immobilie erhalten Sie vom Anbieter.",4,110 m²,831 m²,5.549 €/m²,Bungalow,0 m²,nil,3,1,1 Stellplatz,Nein,"{'is24qa-gaeste-wc-label': '', 'is24qa-provisionsfrei-fuer-kaufende-label': ''}"
"Leben, Lieben, Lachen - Hier!",512.491 €,"23898 Sandesneben, Herzogtum Lauenburg (Kreis)
Die vollständige Adresse der Immobilie erhalten Sie vom Anbieter.",5,120 m²,598 m²,4.271 €/m²,Einfamilienhaus (freistehend),0 m²,nil,3,1,1 Stellplatz,Nein,"{'is24qa-gaeste-wc-label': '', 'is24qa-provisionsfrei-fuer-kaufende-label': ''}"
Die perfekte Wohlfühloase – Modernes Einfamilienhaus von Schwabenhaus,613.851 €,"22952 Lütjensee, Stormarn (Kreis)
Die vollständige Adresse der Immobilie erhalten Sie vom Anbieter.",5,120 m²,672 m²,5.115 €/m²,Einfamilienhaus (freistehend),0 m²,nil,3,1,1 Stellplatz,Nein,"{'is24qa-gaeste-wc-label': '', 'is24qa-provisionsfrei-fuer-kaufende-label': ''}"
Bauen mit Vertrauen: Die Zukunft für Ihre Familie,529.207 €,"23898 Sandesneben, Herzogtum Lauenburg (Kreis)
Die vollständige Adresse der Immobilie erhalten Sie vom Anbieter.",5,140 m²,598 m²,3.780 €/m²,Einfamilienhaus (freistehend),0 m²,nil,3,1,1 Stellplatz,Nein,"{'is24qa-gaeste-wc-label': '', 'is24qa-provisionsfrei-fuer-kaufende-label': ''}"
"Leben, Lieben, Lachen - Hier!",445.690 €,"24306 Bösdorf, Plön (Kreis)
Die vollständige Adresse der Immobilie erhalten Sie vom Anbieter.",5,120 m²,477 m²,3.714 €/m²,Einfamilienhaus (freistehend),0 m²,nil,3,1,1 Stellplatz,Nein,"{'is24qa-gaeste-wc-label': '', 'is24qa-provisionsfrei-fuer-kaufende-label': ''}"
Kinderparadies – Ihr Zuhause,571.869 €,"24558 Henstedt-Ulzburg, Segeberg (Kreis)
Die vollständige Adresse der Immobilie erhalten Sie vom Anbieter.",5,120 m²,401 m²,4.766 €/m²,Einfamilienhaus (freistehend),0 m²,nil,3,1,1 Stellplatz,Nein,"{'is24qa-gaeste-wc-label': '', 'is24qa-provisionsfrei-fuer-kaufende-label': ''}"
Kinderparadies – Ihr Zuhause,456.830 €,"Gadeland, 24539 Neumünster
Die vollständige Adresse der Immobilie erhalten Sie vom Anbieter.",5,120 m²,610 m²,3.807 €/m²,Einfamilienhaus (freistehend),0 m²,nil,3,1,1 Stellplatz,Nein,"{'is24qa-gaeste-wc-label': '', 'is24qa-provisionsfrei-fuer-kaufende-label': ''}"
Traumhaus auf großem Grundstück – Unser Angebot für Ihre Zukunft,555.948 €,"Gadeland, 24539 Neumünster
Die vollständige Adresse der Immobilie erhalten Sie vom Anbieter.",4,110 m²,610 m²,5.054 €/m²,Bungalow,0 m²,nil,3,1,1 Stellplatz,Nein,"{'is24qa-gaeste-wc-label': '', 'is24qa-provisionsfrei-fuer-kaufende-label': ''}"
Exklusiv für Sie – Verwirklichen Sie Ihren Traum vom Eigenheim mit Schwabenhaus,979.737 €,"23611 Bad Schwartau, Ostholstein (Kreis)
Die vollständige Adresse der Immobilie erhalten Sie vom Anbieter.",7,199 m²,1.468 m²,4.923 €/m²,Mehrfamilienhaus,0 m²,nil,5,2,1 Stellplatz,Nein,"{'is24qa-gaeste-wc-label': '', 'is24qa-provisionsfrei-fuer-kaufende-label': ''}"
Hochwertige Wohnästhetik: Ihre Wünsche mit Stil und Raffinesse,423.567 €,"24306 Bösdorf, Plön (Kreis)
Die vollständige Adresse der Immobilie erhalten Sie vom Anbieter.",5,140 m²,477 m²,3.025 €/m²,Einfamilienhaus (freistehend),0 m²,nil,3,1,1 Stellplatz,Nein,"{'is24qa-gaeste-wc-label': '', 'is24qa-provisionsfrei-fuer-kaufende-label': ''}"
Ihr Neubau in Bestlage,561.316 €,"23701 Eutin, Ostholstein (Kreis)
Die vollständige Adresse der Immobilie erhalten Sie vom Anbieter.",5,120 m²,781 m²,4.678 €/m²,Einfamilienhaus (freistehend),0 m²,nil,3,1,1 Stellplatz,Nein,"{'is24qa-gaeste-wc-label': '', 'is24qa-provisionsfrei-fuer-kaufende-label': ''}"
Innovative Bautechnik - Zukunftssicher wohnen,572.634 €,"24232 Dobersdorf, Plön (Kreis)
Die vollständige Adresse der Immobilie erhalten Sie vom Anbieter.",5,181 m²,621 m²,3.164 €/m²,Einfamilienhaus (freistehend),0 m²,nil,3,1,1 Stellplatz,Nein,"{'is24qa-gaeste-wc-label': '', 'is24qa-provisionsfrei-fuer-kaufende-label': ''}"
Ihr Neubau in Bestlage,542.330 €,"23898 Sandesneben, Herzogtum Lauenburg (Kreis)
Die vollständige Adresse der Immobilie erhalten Sie vom Anbieter.",5,120 m²,598 m²,4.519 €/m²,Einfamilienhaus (freistehend),0 m²,nil,3,1,1 Stellplatz,Nein,"{'is24qa-gaeste-wc-label': '', 'is24qa-provisionsfrei-fuer-kaufende-label': ''}"
Maßgeschneiderte Architektur. Individuell geplant.,598.950 €,"24232 Dobersdorf, Plön (Kreis)
Die vollständige Adresse der Immobilie erhalten Sie vom Anbieter.",4,110 m²,621 m²,5.445 €/m²,Bungalow,0 m²,nil,3,1,1 Stellplatz,Nein,"{'is24qa-gaeste-wc-label': '', 'is24qa-provisionsfrei-fuer-kaufende-label': ''}"
Naturnahe Oase: Ihr Zuhause für Gemütlichkeit,566.067 €,"24232 Dobersdorf, Plön (Kreis)
Die vollständige Adresse der Immobilie erhalten Sie vom Anbieter.",5,140 m²,621 m²,4.043 €/m²,Einfamilienhaus (freistehend),0 m²,nil,3,1,1 Stellplatz,Nein,"{'is24qa-gaeste-wc-label': '', 'is24qa-provisionsfrei-fuer-kaufende-label': ''}"
Traumhaus auf großem Grundstück – Unser Angebot für Ihre Zukunft,639.333 €,"24977 Langballig, Schleswig-Flensburg (Kreis)
Die vollständige Adresse der Immobilie erhalten Sie vom Anbieter.",5,164 m²,692 m²,3.898 €/m²,Einfamilienhaus (freistehend),0 m²,nil,3,1,1 Stellplatz,Nein,"{'is24qa-gaeste-wc-label': '', 'is24qa-provisionsfrei-fuer-kaufende-label': ''}"
Bauen mit Vertrauen: Die Zukunft für Ihre Familie,532.026 €,"23701 Süsel, Ostholstein (Kreis)
Die vollständige Adresse der Immobilie erhalten Sie vom Anbieter.",5,120 m²,831 m²,4.434 €/m²,Einfamilienhaus (freistehend),0 m²,nil,3,1,1 Stellplatz,Nein,"{'is24qa-gaeste-wc-label': '', 'is24qa-provisionsfrei-fuer-kaufende-label': ''}"
Familientraum – Glücklich leben im Eigenheim,514.410 €,"23701 Süsel, Ostholstein (Kreis)
Die vollständige Adresse der Immobilie erhalten Sie vom Anbieter.",5,134 m²,831 m²,3.839 €/m²,Einfamilienhaus (freistehend),0 m²,nil,3,1,1 Stellplatz,Nein,"{'is24qa-gaeste-wc-label': '', 'is24qa-provisionsfrei-fuer-kaufende-label': ''}"
Die perfekte Wohlfühloase – Modernes Einfamilienhaus von Schwabenhaus,432.567 €,"24306 Bösdorf, Plön (Kreis)
Die vollständige Adresse der Immobilie erhalten Sie vom Anbieter.",5,140 m²,477 m²,3.090 €/m²,Einfamilienhaus (freistehend),0 m²,nil,3,1,1 Stellplatz,Nein,"{'is24qa-gaeste-wc-label': '', 'is24qa-provisionsfrei-fuer-kaufende-label': ''}"
