title,price,address,rooms,living_space,property_area,price_per_m2,type,usable_area,available_from,bedrooms,bathrooms,garage_parking,buyer_commission,criteriagroup_boolean_listing
Bungalow auf über 2.100 m² Grundstück in Fernblicklage Niedenstein-Ermetheis,335.000 €,"34305 Niedenstein, Schwalm-Eder-Kreis
Die vollständige Adresse der Immobilie erhalten Sie vom Anbieter.","4,5","123,46 m²",2.186 m²,2.713 €/m²,Bungalow,nil,nach Vereinbarung,nil,nil,5 Stellplätze,3 % inkl. MwSt,{}
Einzigartiges Einfamilien/ Zweifamilienhaus in Kelkheim-Eppenhain !!,930.000 €,"65779 Kelkheim (Taunus), Main-Taunus-Kreis
Die vollständige Adresse der Immobilie erhalten Sie vom Anbieter.",6,"203,42 m²",486 m²,4.572 €/m²,Einfamilienhaus (freistehend),"41,5 m²",sofort,4,3,2 Garagen,"3,57 %","{'is24qa-listonlyonis24-label': 'Nur hier gefunden', 'is24qa-gaeste-wc-label': ''}"
Attraktives Zweifamilienhaus in Mörfelden-Walldorf: Investitionsmöglichkeit oder Familienresidenz,659.000 €,"64546 Mörfelden-Walldorf, Groß-Gerau (Kreis)
Die vollständige Adresse der Immobilie erhalten Sie vom Anbieter.",5,150 m²,240 m²,4.393 €/m²,Wohnimmobilie (sonstige),nil,sofort,nil,2,3 Stellplätze,Nein,"{'is24qa-vermietet-label': '', 'is24qa-provisionsfrei-fuer-kaufende-label': ''}"
Hochwertiges Wohn- und Geschäftshaus in sehr guter Lage von Echzell,869.000 €,"61209 Echzell, Wetteraukreis
Die vollständige Adresse der Immobilie erhalten Sie vom Anbieter.",8,242 m²,427 m²,3.591 €/m²,Mehrfamilienhaus,190 m²,sofort,nil,nil,2 Stellplätze,"5,95 % inkl. gesetzl. MwSt.","{'is24qa-gaeste-wc-label': '', 'is24qa-keller-label': '', 'is24qa-vermietet-label': ''}"
Leben und Arbeiten auf einem Grundstück!,219.000 €,"63654 Büdingen, Wetteraukreis
Die vollständige Adresse der Immobilie erhalten Sie vom Anbieter.",6,181 m²,510 m²,1.210 €/m²,Einfamilienhaus (freistehend),nil,sofort,4,2,2 Stellplätze,"3,57% inkl. gesetzl. Mwst.",{'is24qa-keller-label': ''}
TOP LAGE! Wohn- und Bürokomplex an der Festung/Rüsselsheim,1.290.000 €,"65428 Rüsselsheim am Main, Groß-Gerau (Kreis)
Die vollständige Adresse der Immobilie erhalten Sie vom Anbieter.",13,507 m²,750 m²,2.544 €/m²,Besondere Immobilie,243 m²,nil,6,2,8 Stellplätze,Nein,"{'is24qa-keller-label': '', 'is24qa-vermietet-label': '', 'is24qa-provisionsfrei-fuer-kaufende-label': ''}"
Neubau KFW 70 Einfamilienhaus zu verkaufen.,399.000 €,"37290 Meißner, Werra-Meißner-Kreis
Die vollständige Adresse der Immobilie erhalten Sie vom Anbieter.",5,140 m²,700 m²,2.850 €/m²,Einfamilienhaus (freistehend),25 m²,01.06.2024,4,2,nil,Nein,"{'is24qa-gaeste-wc-label': '', 'is24qa-als-ferienhaus-geeignet-label': '', 'is24qa-provisionsfrei-fuer-kaufende-label': ''}"
Hier präsentiert sich Ihnen eine Investition für die Zukunft,849.000 €,"61440 Oberursel (Taunus), Hochtaunuskreis
Die vollständige Adresse der Immobilie erhalten Sie vom Anbieter.",10,200 m²,532 m²,4.245 €/m²,Mehrfamilienhaus,85 m²,sofort,nil,3,1 Außenstellplatz,3 % inkl. ges. MwSt.,{'is24qa-vermietet-label': ''}
"Gepflegte Doppelhaushälfte mit schönem Garten in gesuchter, ruhiger Lage!",385.000 €,"Im Böhlchen 35a,
64683 Einhausen, Bergstraße (Kreis)",4,120 m²,309 m²,3.208 €/m²,nil,nil,nil,3,1,2 Garagen,"3,57 % incl. uSt.","{'is24qa-online-besichtigung-moeglich-label': '', 'is24qa-gaeste-wc-label': '', 'is24qa-keller-label': ''}"
Ohne Käuferprovision! Großes Zweifamilien-Wohnhaus zum Verwirklichen | Jung von Haus,582.000 €,"61231 Bad Nauheim, Wetteraukreis
Die vollständige Adresse der Immobilie erhalten Sie vom Anbieter.",7,207 m²,513 m²,2.812 €/m²,Doppelhaushälfte,150 m²,nach Vereinbarung,5,3,3 Garagen,Nein,"{'is24qa-gaeste-wc-label': '', 'is24qa-keller-label': '', 'is24qa-provisionsfrei-fuer-kaufende-label': ''}"
"Ihr neues Zuhause mit viel Platz zum Wohnen, Arbeiten und Vermieten mit großem, wunderschönem Garten",680.000 €,"65556 Limburg an der Lahn, Limburg-Weilburg (Kreis)
Die vollständige Adresse der Immobilie erhalten Sie vom Anbieter.",8,223 m²,1.380 m²,3.049 €/m²,Einfamilienhaus (freistehend),nil,nil,nil,3,2 Garagen,"3,57% vom Kaufpreis","{'is24qa-gaeste-wc-label': '', 'is24qa-keller-label': '', 'is24qa-einliegerwohnung-label': ''}"
Einzigartige Jugendstil-Immobilie: Arbeiten oder Wohnen in modernem Ambiente,549.000 €,"34497 Korbach, Waldeck-Frankenberg (Kreis)
Die vollständige Adresse der Immobilie erhalten Sie vom Anbieter.",12,"243,01 m²",500 m²,2.259 €/m²,Wohnimmobilie (sonstige),"26,72 m²",01.01.2025,nil,nil,5 Außenstellplätze,"5,95 % inkl. MwSt.","{'is24qa-gaeste-wc-label': '', 'is24qa-keller-label': ''}"
Mehrfamilienhaus in Top-Lage inkl. Gewerbe Einheit mit Blick auf die EZB,3.099.000 €,"Sachsenhausen-Süd, 60599 Frankfurt am Main
Die vollständige Adresse der Immobilie erhalten Sie vom Anbieter.",16,300 m²,120 m²,10.330 €/m²,Mehrfamilienhaus,385 m²,1.5.2024,16,11,nil,Nein,"{'is24qa-gaeste-wc-label': '', 'is24qa-keller-label': '', 'is24qa-stufenloser-zugang-label': '', 'is24qa-provisionsfrei-fuer-kaufende-label': ''}"
"Vielseitige Nutzungsmöglichkeiten für Wohnen, Arbeiten und Vermietung!",649.000 €,"35410 Hungen, Gießen (Kreis)
Die vollständige Adresse der Immobilie erhalten Sie vom Anbieter.",12,317 m²,841 m²,2.047 €/m²,nil,568 m²,nach Vereinbarung,7,4,4 Garagen,"6,0 % zzgl. der gesetzlichen MwSt.","{'is24qa-online-besichtigung-moeglich-label': '', 'is24qa-vermietet-label': ''}"
Sanierungsbedürftiges Einfamilienhaus in guter Lage von Gernsheim,219.000 €,"64579 Gernsheim, Groß-Gerau (Kreis)
Die vollständige Adresse der Immobilie erhalten Sie vom Anbieter.",4,95 m²,200 m²,2.305 €/m²,Einfamilienhaus (freistehend),nil,nil,nil,nil,Außenstellplatz,"Die Maklerprovision beträgt für den Käufer 3,57% incl. MwSt.","{'is24qa-gaeste-wc-label': '', 'is24qa-keller-label': ''}"
Preisreduktion! - sehr ruhig gelegenes Reihenendhaus in sonniger Lage von Niedenstein mit perfekt ge,225.000 €,"34305 Niedenstein, Schwalm-Eder-Kreis
Die vollständige Adresse der Immobilie erhalten Sie vom Anbieter.",5,115 m²,274 m²,1.957 €/m²,Reiheneckhaus,nil,01.02.2024,3,1,nil,"3,57 % inkl. ges. MwSt.",{'is24qa-keller-label': ''}
Gepflegtes Reihenmittelhaus in Raunheim,390.000 €,"65479 Raunheim, Groß-Gerau (Kreis)
Die vollständige Adresse der Immobilie erhalten Sie vom Anbieter.",4,110 m²,320 m²,3.545 €/m²,Reihenmittelhaus,nil,nil,nil,nil,nil,"3,75 Prozent","{'is24qa-gaeste-wc-label': '', 'is24qa-keller-label': '', 'is24qa-einliegerwohnung-label': ''}"
Platz für die ganze Familie! Auch als Mehrgenerationenhaus geeignet!,285.000 €,"37276 Meinhard, Werra-Meißner-Kreis
Die vollständige Adresse der Immobilie erhalten Sie vom Anbieter.",8,235 m²,923 m²,1.213 €/m²,Mehrfamilienhaus,nil,in Absprache,6,2,2 Garagen,"5,95 % inkl. ges. MwSt.",{}
"Herrlich gelegenes, charmantes Zweifamilienhaus in Neu-Isenburg - Zeppelinheim",780.000 €,"63263 Neu-Isenburg, Offenbach (Kreis)
Die vollständige Adresse der Immobilie erhalten Sie vom Anbieter.",8,"218,89 m²",692 m²,3.563 €/m²,Mehrfamilienhaus,117 m²,nach Vereinbarung,5,2,nil,"Käuferprovision: 5,95% (inkl. MwSt.) vom Kaufpreis","{'is24qa-online-besichtigung-moeglich-label': '', 'is24qa-gaeste-wc-label': '', 'is24qa-keller-label': ''}"
Wiesbaden # Einfamilienhaus in beliebter Lage,995.000 €,"Biebrich, 65187 Wiesbaden
Die vollständige Adresse der Immobilie erhalten Sie vom Anbieter.",6,171 m²,613 m²,5.819 €/m²,Einfamilienhaus (freistehend),81 m²,sofort,4,2,1 Garage,"2,5 %","{'is24qa-online-besichtigung-moeglich-label': '', 'is24qa-gaeste-wc-label': '', 'is24qa-keller-label': ''}"
