title,price,address,rooms,living_space,property_area,price_per_m2,type,usable_area,available_from,bedrooms,bathrooms,garage_parking,buyer_commission,criteriagroup_boolean_listing
Gepflegtes Wohnhaus mit Wintergarten und Schwimmbad in ruhiger Ortsrandlage,179.500 €,"56462 Höhn, Westerwaldkreis
Die vollständige Adresse der Immobilie erhalten Sie vom Anbieter.",5,160 m²,874 m²,1.122 €/m²,Einfamilienhaus (freistehend),80 m²,nach Vereinbarung,3,1,1 Garage,"3,57 % inkl. Mwst.","{'is24qa-gaeste-wc-label': '', 'is24qa-keller-label': ''}"
Einfamilienhaus in ruhiger Lage in Altenbamberg,260.000 €,"55585 Altenbamberg, Bad Kreuznach (Kreis)
Die vollständige Adresse der Immobilie erhalten Sie vom Anbieter.",7,160 m²,577 m²,1.625 €/m²,Einfamilienhaus (freistehend),nil,nil,5,2,nil,Nein,"{'is24qa-online-besichtigung-moeglich-label': '', 'is24qa-provisionsfrei-fuer-kaufende-label': ''}"
Sie suchen nach viel Platz und Möglichkeiten für Ihr neues Familiennest?,243.000 €,"76863 Herxheim bei Landau/Pfalz, Südliche Weinstraße (Kreis)
Die vollständige Adresse der Immobilie erhalten Sie vom Anbieter.",6,135 m²,415 m²,1.800 €/m²,nil,100 m²,nil,4,1,3 Stellplätze,"2,38",{'is24qa-keller-label': ''}
Sie suchen nach viel Platz und Möglichkeiten für Ihr neues Familiennest?,243.000 €,"76863 Herxheim bei Landau/Pfalz, Südliche Weinstraße (Kreis)
Die vollständige Adresse der Immobilie erhalten Sie vom Anbieter.",6,135 m²,415 m²,1.800 €/m²,nil,100 m²,nil,4,1,3 Stellplätze,"2,38",{'is24qa-keller-label': ''}
"Trier-Zewen - Top renoviertes Mehrgenerationenhaus mit tollem Garten, ideal für Lux-Pendler",649.000 €,"Zewen, 54294 Trier
Die vollständige Adresse der Immobilie erhalten Sie vom Anbieter.",9,255 m²,522 m²,2.545 €/m²,Mehrfamilienhaus,90 m²,nil,8,4,1 Garage,"2,38 % incl. MwSt",{'is24qa-online-besichtigung-moeglich-label': ''}
Traumimmobilie mit eigener Wellnessoase sucht neuen Eigentümer,495.000 €,"76891 Busenberg, Südwestpfalz (Kreis)
Die vollständige Adresse der Immobilie erhalten Sie vom Anbieter.",8,240 m²,936 m²,2.063 €/m²,Mehrfamilienhaus,nil,nach Absprache,nil,nil,5 Stellplätze,"3,57 % inkl. ges. MwSt.","{'is24qa-gaeste-wc-label': '', 'is24qa-keller-label': ''}"
NEUBAU: Einfamilienhaus in ruhiger und sehr schöner Lage !,629.800 €,"76857 Völkersweiler, Südliche Weinstraße (Kreis)
Die vollständige Adresse der Immobilie erhalten Sie vom Anbieter.",5,"165,13 m²",492 m²,3.814 €/m²,Einfamilienhaus (freistehend),"108,21 m²",Nach Vereinbarung,3,1,2 Außenstellplätze,"3,57 % v. Kaufpreis inkl. der gesetzlichen MwSt","{'is24qa-gaeste-wc-label': '', 'is24qa-keller-label': ''}"
Mehr als erwartet...,218.000 €,"67585 Dorn-Dürkheim, Mainz-Bingen (Kreis)
Die vollständige Adresse der Immobilie erhalten Sie vom Anbieter.",6,"235,35 m²",212 m²,926 €/m²,Einfamilienhaus (freistehend),"50,26 m²",Nach Absprache,3,2,nil,"3,57 %",{}
Reihenhaus in Roxheim in südländischem Stil gestaltet,279.000 €,"In der Trift 1,
55595 Roxheim, Bad Kreuznach (Kreis)",3,110 m²,100 m²,2.536 €/m²,Reihenmittelhaus,50 m²,sofort,1,1,2 Außenstellplätze,Nein,"{'is24qa-gaeste-wc-label': '', 'is24qa-keller-label': '', 'is24qa-als-ferienhaus-geeignet-label': '', 'is24qa-provisionsfrei-fuer-kaufende-label': ''}"
2 Gebäuden zum Preis von 1 in Worms-Zentrum,1.595.000 €,"Gaustr. 17,
Innenstadt Nord, 67547 Worms",35,1.185 m²,685 m²,1.346 €/m²,Besondere Immobilie,910 m²,nil,15,6,7 Stellplätze,"5,95%","{'is24qa-gaeste-wc-label': '', 'is24qa-keller-label': ''}"
Freistehendes Einfamilienhaus mit Charme,399.000 €,"55595 Sommerloch, Bad Kreuznach (Kreis)
Die vollständige Adresse der Immobilie erhalten Sie vom Anbieter.",5,140 m²,640 m²,2.850 €/m²,Einfamilienhaus (freistehend),70 m²,sofort,4,2,5 Stellplätze,"5,95%","{'is24qa-online-besichtigung-moeglich-label': '', 'is24qa-keller-label': ''}"
+++m-h-Immobilien: Charmantes Eigenheim mit individuellem Flair | Geräumig und zentral gelegen+++,459.000 €,"Euren, 54294 Trier
Die vollständige Adresse der Immobilie erhalten Sie vom Anbieter.",8,160 m²,343 m²,2.869 €/m²,Einfamilienhaus (freistehend),nil,sofort,4,2,3 Außenstellplätze,"3,57 inkl. MwSt.","{'is24qa-gaeste-wc-label': '', 'is24qa-keller-label': ''}"
Solide und gepflegte Kapitalanlage !!,1.350.000 €,"Kernstadt, 67227 Frankenthal (Pfalz)
Die vollständige Adresse der Immobilie erhalten Sie vom Anbieter.",15,404 m²,660 m²,3.342 €/m²,Mehrfamilienhaus,79 m²,nil,nil,15,1 Außenstellplatz,"3,57 Prozent","{'is24qa-keller-label': '', 'is24qa-vermietet-label': ''}"
2-Häuser mit insgesamt 3 Wohneinheiten in ruhiger Lage von Neustadt zu verkaufen!,419.000 €,"Mußbach, 67345 Neustadt an der Weinstraße
Die vollständige Adresse der Immobilie erhalten Sie vom Anbieter.",8,240 m²,240 m²,1.746 €/m²,Mehrfamilienhaus,240 m²,nil,5,4,3 Garagen,"4,76 %",{'is24qa-gaeste-wc-label': ''}
"Eben, genau richtig!",495.000 €,"67258 Heßheim, Rhein-Pfalz-Kreis
Die vollständige Adresse der Immobilie erhalten Sie vom Anbieter.",6,"112,64 m²",225 m²,4.395 €/m²,Einfamilienhaus (freistehend),"127,78 m²",nil,nil,nil,1 Garage,"3,57%",{'is24qa-keller-label': ''}
Hinter den Kulissen...,448.000 €,"67596 Dittelsheim-Heßloch, Alzey-Worms (Kreis)
Die vollständige Adresse der Immobilie erhalten Sie vom Anbieter.",4,"135,26 m²",799 m²,3.312 €/m²,Einfamilienhaus (freistehend),25 m²,Nach Absprache,3,1,2 Außenstellplätze,"3,57 %",{}
#Toller Bungalow mit Weitblick auf Burg Sterrenberg & Burg Liebenstein,328.500 €,"56154 Boppard, Rhein-Hunsrück-Kreis
Die vollständige Adresse der Immobilie erhalten Sie vom Anbieter.",6,193 m²,739 m²,1.702 €/m²,Bungalow,56 m²,nil,4,2,1 Garage,"3,57 % inkl. MwSt.","{'is24qa-gaeste-wc-label': '', 'is24qa-keller-label': '', 'is24qa-einliegerwohnung-label': ''}"
"Wundervolles, saniertes Wohnhaus mit Garten und Platz für 2 Mietwohnungen im Herzen von Lauterecken",585.000 €,"Hauptstraße 30,
67742 Lauterecken, Kusel (Kreis)",7,206 m²,766 m²,2.840 €/m²,Besondere Immobilie,248 m²,27.3.2024,3,3,2 Garagen,Nein,"{'is24qa-gaeste-wc-label': '', 'is24qa-stufenloser-zugang-label': '', 'is24qa-einliegerwohnung-label': '', 'is24qa-provisionsfrei-fuer-kaufende-label': ''}"
Ihr Stück vom Glück,434.035 €,"57612 Kroppach, Westerwaldkreis
Die vollständige Adresse der Immobilie erhalten Sie vom Anbieter.",6,156 m²,600 m²,2.782 €/m²,nil,nil,nil,3,2,nil,Nein,"{'is24qa-gaeste-wc-label': '', 'is24qa-provisionsfrei-fuer-kaufende-label': ''}"
Bequem wohnen auf einer Ebene,408.215 €,"56459 Stahlhofen am Wiesensee, Westerwaldkreis
Die vollständige Adresse der Immobilie erhalten Sie vom Anbieter.",4,115 m²,600 m²,3.550 €/m²,Bungalow,nil,nil,3,2,nil,Nein,"{'is24qa-gaeste-wc-label': '', 'is24qa-provisionsfrei-fuer-kaufende-label': ''}"
Sommer im eigenen Garten,499.355 €,"56294 Münstermaifeld, Mayen-Koblenz (Kreis)
Die vollständige Adresse der Immobilie erhalten Sie vom Anbieter.",4,115 m²,1.283 m²,4.342 €/m²,Bungalow,nil,nil,3,2,nil,Nein,"{'is24qa-gaeste-wc-label': '', 'is24qa-provisionsfrei-fuer-kaufende-label': ''}"
Wenn Träume in Erfüllung gehen,469.330 €,"56812 Cochem, Cochem-Zell (Kreis)
Die vollständige Adresse der Immobilie erhalten Sie vom Anbieter.",4,145 m²,690 m²,3.237 €/m²,Einfamilienhaus (freistehend),nil,nil,3,2,nil,Nein,"{'is24qa-gaeste-wc-label': '', 'is24qa-provisionsfrei-fuer-kaufende-label': ''}"
Ihr Traum vom Eigenheim,534.535 €,"56322 Spay, Mayen-Koblenz (Kreis)
Die vollständige Adresse der Immobilie erhalten Sie vom Anbieter.",4,145 m²,796 m²,3.686 €/m²,Einfamilienhaus (freistehend),nil,nil,3,2,nil,Nein,"{'is24qa-gaeste-wc-label': '', 'is24qa-provisionsfrei-fuer-kaufende-label': ''}"
Das perfekte Eigenheim,493.670 €,"56736 Kottenheim, Mayen-Koblenz (Kreis)
Die vollständige Adresse der Immobilie erhalten Sie vom Anbieter.",6,156 m²,480 m²,3.165 €/m²,nil,nil,nil,3,2,nil,Nein,"{'is24qa-gaeste-wc-label': '', 'is24qa-provisionsfrei-fuer-kaufende-label': ''}"
Sommer im eigenen Garten,390.431 €,"57644 Hattert, Westerwaldkreis
Die vollständige Adresse der Immobilie erhalten Sie vom Anbieter.",4,115 m²,425 m²,3.395 €/m²,Bungalow,nil,nil,3,2,nil,Nein,"{'is24qa-gaeste-wc-label': '', 'is24qa-provisionsfrei-fuer-kaufende-label': ''}"
Das perfekte Eigenheim,776.852 €,"53572 Unkel, Neuwied (Kreis)
Die vollständige Adresse der Immobilie erhalten Sie vom Anbieter.",6,156 m²,760 m²,4.980 €/m²,nil,nil,nil,3,2,nil,Nein,"{'is24qa-gaeste-wc-label': '', 'is24qa-provisionsfrei-fuer-kaufende-label': ''}"
Freistehender Bungalow mit überdachter Terrasse- individuell planbar!,455.000 €,"Römerweg 47,
56759 Kalenborn, Ahrweiler (Kreis)",3,128 m²,444 m²,3.555 €/m²,Bungalow,nil,nil,2,1,1 Stellplatz,Nein,"{'is24qa-gaeste-wc-label': '', 'is24qa-provisionsfrei-fuer-kaufende-label': ''}"
Freistehendes EFH mit Platz für die ganze Familie- individuell planbar!,435.000 €,"Römerweg 47,
56759 Kalenborn, Ahrweiler (Kreis)",5,120 m²,450 m²,3.625 €/m²,Einfamilienhaus (freistehend),nil,nil,3,1,1 Stellplatz,Nein,"{'is24qa-gaeste-wc-label': '', 'is24qa-provisionsfrei-fuer-kaufende-label': ''}"
Bungalow - mit Wohnkeller für die Junge Familie- individuell planbar,469.733 €,"Hauptrasse 13,
54552 Dreis-Brück, Vulkaneifel (Kreis)",5,166 m²,1.154 m²,2.830 €/m²,Bungalow,nil,nil,3,2,nil,Nein,{'is24qa-provisionsfrei-fuer-kaufende-label': ''}
Sommer im eigenen Garten,400.964 €,"56472 Hof, Westerwaldkreis
Die vollständige Adresse der Immobilie erhalten Sie vom Anbieter.",4,115 m²,780 m²,3.487 €/m²,Bungalow,nil,nil,3,2,nil,Nein,"{'is24qa-gaeste-wc-label': '', 'is24qa-provisionsfrei-fuer-kaufende-label': ''}"
Wohnen mit Aussicht,450.284 €,"56656 Brohl-Lützing, Ahrweiler (Kreis)
Die vollständige Adresse der Immobilie erhalten Sie vom Anbieter.",4,140 m²,768 m²,3.216 €/m²,Einfamilienhaus (freistehend),nil,nil,3,2,nil,Nein,"{'is24qa-gaeste-wc-label': '', 'is24qa-provisionsfrei-fuer-kaufende-label': ''}"
Ihr Stück vom Glück,447.499 €,"56470 Bad Marienberg (Westerwald), Westerwaldkreis
Die vollständige Adresse der Immobilie erhalten Sie vom Anbieter.",6,156 m²,750 m²,2.869 €/m²,nil,nil,nil,3,2,nil,Nein,"{'is24qa-gaeste-wc-label': '', 'is24qa-provisionsfrei-fuer-kaufende-label': ''}"
Ihr Traum vom Eigenheim,618.688 €,"53498 Bad Breisig, Ahrweiler (Kreis)
Die vollständige Adresse der Immobilie erhalten Sie vom Anbieter.",4,145 m²,760 m²,4.267 €/m²,Einfamilienhaus (freistehend),nil,nil,3,2,nil,Nein,"{'is24qa-gaeste-wc-label': '', 'is24qa-provisionsfrei-fuer-kaufende-label': ''}"
Wohnen auf einer Ebene,456.890 €,"56727 Mayen, Mayen-Koblenz (Kreis)
Die vollständige Adresse der Immobilie erhalten Sie vom Anbieter.",4,115 m²,480 m²,3.973 €/m²,Bungalow,nil,nil,3,2,nil,Nein,"{'is24qa-gaeste-wc-label': '', 'is24qa-provisionsfrei-fuer-kaufende-label': ''}"
Das perfekte Eigenheim,508.360 €,"56410 Montabaur, Westerwaldkreis
Die vollständige Adresse der Immobilie erhalten Sie vom Anbieter.",6,156 m²,580 m²,3.259 €/m²,nil,nil,nil,3,2,nil,Nein,"{'is24qa-gaeste-wc-label': '', 'is24qa-provisionsfrei-fuer-kaufende-label': ''}"
Ihr Stück vom Glück,518.350 €,"56645 Nickenich, Mayen-Koblenz (Kreis)
Die vollständige Adresse der Immobilie erhalten Sie vom Anbieter.",6,156 m²,470 m²,3.323 €/m²,nil,nil,nil,3,2,nil,Nein,"{'is24qa-gaeste-wc-label': '', 'is24qa-provisionsfrei-fuer-kaufende-label': ''}"
Wohnen auf einer Ebene,618.460 €,"53489 Sinzig, Ahrweiler (Kreis)
Die vollständige Adresse der Immobilie erhalten Sie vom Anbieter.",4,115 m²,510 m²,5.378 €/m²,Bungalow,nil,nil,3,2,nil,Nein,"{'is24qa-gaeste-wc-label': '', 'is24qa-provisionsfrei-fuer-kaufende-label': ''}"
"Wohlfühl EFH in Nachhaltiger, Klimafreundlicher Bauweise*KFW Förderfähig*inkl. Grundstück*",369.500 €,"56370 Biebrich, Rhein-Lahn-Kreis
Die vollständige Adresse der Immobilie erhalten Sie vom Anbieter.",5,125 m²,560 m²,2.956 €/m²,Einfamilienhaus (freistehend),nil,nil,4,2,nil,Nein,"{'is24qa-gaeste-wc-label': '', 'is24qa-provisionsfrei-fuer-kaufende-label': ''}"
"Sie haben das Grundstück*Wir das passende Haus*Klimafreundliches, Nachhaltiges Bauen*",285.000 €,"56299 Ochtendung, Mayen-Koblenz (Kreis)
Die vollständige Adresse der Immobilie erhalten Sie vom Anbieter.",5,125 m²,0 m²,2.280 €/m²,Einfamilienhaus (freistehend),nil,nil,4,2,nil,Nein,"{'is24qa-gaeste-wc-label': '', 'is24qa-provisionsfrei-fuer-kaufende-label': ''}"
"Einfamilienhaus in Nachhaltiger, Klimafreundlicher Bauweise*inkl. Grundstück*Förderung erhalten*",395.000 €,"55442 Roth, Bad Kreuznach (Kreis)
Die vollständige Adresse der Immobilie erhalten Sie vom Anbieter.",5,125 m²,550 m²,3.160 €/m²,Einfamilienhaus (freistehend),nil,nil,4,2,nil,Nein,"{'is24qa-gaeste-wc-label': '', 'is24qa-provisionsfrei-fuer-kaufende-label': ''}"
"Bungalow in Klimafreundlicher, Nachhaltiger Bauweise*inkl. Grundstück* Förderung erhalten*",269.600 €,"55494 Rheinböllen, Rhein-Hunsrück-Kreis
Die vollständige Adresse der Immobilie erhalten Sie vom Anbieter.",3,94 m²,520 m²,2.868 €/m²,Bungalow,nil,nil,2,1,nil,Nein,"{'is24qa-gaeste-wc-label': '', 'is24qa-provisionsfrei-fuer-kaufende-label': ''}"
Stylisch moderne Doppelhaushälfte**inkl. Grundstück**,669.000 €,"57641 Oberlahr, Altenkirchen (Westerwald) (Kreis)
Die vollständige Adresse der Immobilie erhalten Sie vom Anbieter.",7,210 m²,500 m²,3.186 €/m²,Doppelhaushälfte,nil,nil,6,2,nil,Nein,"{'is24qa-gaeste-wc-label': '', 'is24qa-provisionsfrei-fuer-kaufende-label': ''}"
Bauen Sie Ihr eigenes Zuhause! **Stylisches wohlfühl Einfamilienhaus **inkl. Grundstück**,509.500 €,"56368 Katzenelnbogen, Rhein-Lahn-Kreis
Die vollständige Adresse der Immobilie erhalten Sie vom Anbieter.",5,145 m²,570 m²,3.514 €/m²,Einfamilienhaus (freistehend),nil,nil,4,1,nil,Nein,"{'is24qa-gaeste-wc-label': '', 'is24qa-provisionsfrei-fuer-kaufende-label': ''}"
Bauen Sie Ihr eigenes Zuhause! **Stylisches wohlfühlt Einfamilienhaus **inkl. Grundstück**,529.500 €,"56370 Biebrich, Rhein-Lahn-Kreis
Die vollständige Adresse der Immobilie erhalten Sie vom Anbieter.",5,145 m²,560 m²,3.652 €/m²,Einfamilienhaus (freistehend),nil,nil,4,1,nil,Nein,"{'is24qa-gaeste-wc-label': '', 'is24qa-provisionsfrei-fuer-kaufende-label': ''}"
Reihenhaus mit 55qm Ausbaureserve**inkl. Grundstück**,439.900 €,"57641 Oberlahr, Altenkirchen (Westerwald) (Kreis)
Die vollständige Adresse der Immobilie erhalten Sie vom Anbieter.",4,116 m²,470 m²,3.792 €/m²,Reiheneckhaus,nil,nil,3,1,nil,Nein,"{'is24qa-gaeste-wc-label': '', 'is24qa-provisionsfrei-fuer-kaufende-label': ''}"
Attraktives Reihenhaus Projekt**inkl. Grundstück**und**Garage**,509.000 €,"57641 Oberlahr, Altenkirchen (Westerwald) (Kreis)
Die vollständige Adresse der Immobilie erhalten Sie vom Anbieter.",6,142 m²,470 m²,3.585 €/m²,Reiheneckhaus,nil,nil,4,1,1 Garage,Nein,"{'is24qa-gaeste-wc-label': '', 'is24qa-provisionsfrei-fuer-kaufende-label': ''}"
Neubauprojekt Doppelhaushälfte mit ausgebauten DG** inkl. Grundstück**,499.000 €,"67814 Dannenfels, Donnersbergkreis
Die vollständige Adresse der Immobilie erhalten Sie vom Anbieter.",5,150 m²,620 m²,3.327 €/m²,Doppelhaushälfte,nil,nil,4,1,Außenstellplatz,Nein,"{'is24qa-gaeste-wc-label': '', 'is24qa-provisionsfrei-fuer-kaufende-label': ''}"
Neubauprojekt Doppelhaushälfte mit Ausbaureserve** inkl. Grundstück**,419.000 €,"67814 Dannenfels, Donnersbergkreis
Die vollständige Adresse der Immobilie erhalten Sie vom Anbieter.",4,115 m²,620 m²,3.643 €/m²,Doppelhaushälfte,nil,nil,3,1,Außenstellplatz,Nein,"{'is24qa-gaeste-wc-label': '', 'is24qa-provisionsfrei-fuer-kaufende-label': ''}"
DHH**Projekt in ruhiger Lage **inkl. Grundstück**inkl. Keller*,659.500 €,"55444 Seibersbach, Bad Kreuznach (Kreis)
Die vollständige Adresse der Immobilie erhalten Sie vom Anbieter.",6,225 m²,470 m²,2.931 €/m²,Doppelhaushälfte,nil,nil,nil,2,nil,Nein,"{'is24qa-gaeste-wc-label': '', 'is24qa-provisionsfrei-fuer-kaufende-label': ''}"
DHH*inkl. Grundstück*,599.900 €,"55278 Mommenheim, Mainz-Bingen (Kreis)
Die vollständige Adresse der Immobilie erhalten Sie vom Anbieter.",6,150 m²,285 m²,3.999 €/m²,Doppelhaushälfte,nil,nil,5,1,nil,Nein,"{'is24qa-gaeste-wc-label': '', 'is24qa-provisionsfrei-fuer-kaufende-label': ''}"
**Unser WOHLFÜHLSERVICE** DHH mit 55qm Ausbaureserve** inkl. Grundstück**,519.400 €,"55278 Mommenheim, Mainz-Bingen (Kreis)
Die vollständige Adresse der Immobilie erhalten Sie vom Anbieter.",4,115 m²,285 m²,4.517 €/m²,Doppelhaushälfte,55 m²,nil,3,1,nil,Nein,"{'is24qa-gaeste-wc-label': '', 'is24qa-provisionsfrei-fuer-kaufende-label': ''}"
Bauen Sie Ihr eigenes Zuhause! **Stylisches wohlfühlt Einfamilienhaus **inkl. Grundstück**,559.000 €,"55442 Roth, Bad Kreuznach (Kreis)
Die vollständige Adresse der Immobilie erhalten Sie vom Anbieter.",4,150 m²,550 m²,3.727 €/m²,Einfamilienhaus (freistehend),20 m²,nil,3,2,nil,Nein,"{'is24qa-gaeste-wc-label': '', 'is24qa-provisionsfrei-fuer-kaufende-label': ''}"
**Aktionspreis** Massivhaus inkl. Grundstück unverbaubarer Blick über das Moseltal,547.200 €,"56348 Kestert, Rhein-Lahn-Kreis
Die vollständige Adresse der Immobilie erhalten Sie vom Anbieter.",5,145 m²,500 m²,3.774 €/m²,Einfamilienhaus (freistehend),nil,nil,4,1,nil,Nein,"{'is24qa-gaeste-wc-label': '', 'is24qa-provisionsfrei-fuer-kaufende-label': ''}"
Bauen Sie Ihr eigenes Zuhause! *Massivhaus inkl. Grundstück im Neubaugebiet*,499.900 €,"56645 Nickenich, Mayen-Koblenz (Kreis)
Die vollständige Adresse der Immobilie erhalten Sie vom Anbieter.",6,150 m²,465 m²,3.333 €/m²,Einfamilienhaus (freistehend),nil,nil,5,1,nil,Nein,"{'is24qa-gaeste-wc-label': '', 'is24qa-provisionsfrei-fuer-kaufende-label': ''}"
DHH *mit Ausbaureserve *inkl. Grundstück*,439.500 €,"56269 Dierdorf, Neuwied (Kreis)
Die vollständige Adresse der Immobilie erhalten Sie vom Anbieter.",4,125 m²,315 m²,3.516 €/m²,Doppelhaushälfte,nil,nil,3,1,nil,Nein,"{'is24qa-gaeste-wc-label': '', 'is24qa-provisionsfrei-fuer-kaufende-label': ''}"
Reiheneckhaus mit Ausbaureserve** in bester Lage von Urmitz**,499.900 €,"56220 Urmitz, Mayen-Koblenz (Kreis)
Die vollständige Adresse der Immobilie erhalten Sie vom Anbieter.",4,125 m²,254 m²,3.999 €/m²,Reiheneckhaus,66 m²,nil,3,1,nil,Nein,"{'is24qa-gaeste-wc-label': '', 'is24qa-provisionsfrei-fuer-kaufende-label': ''}"
Stylisch Wohnen im modernen Architektenhaus**inkl. Grundstück**in bester Lage von Urmitz,799.900 €,"56220 Urmitz, Mayen-Koblenz (Kreis)
Die vollständige Adresse der Immobilie erhalten Sie vom Anbieter.",7,230 m²,254 m²,3.478 €/m²,Reiheneckhaus,80 m²,nil,6,3,nil,Nein,"{'is24qa-gaeste-wc-label': '', 'is24qa-keller-label': '', 'is24qa-provisionsfrei-fuer-kaufende-label': ''}"
*Neubauprojekte*DHH mit *Ausbaureserve* Effizienz 40 Förderfähig* inkl. Grundstück*,399.900 €,"56589 Datzeroth, Neuwied (Kreis)
Die vollständige Adresse der Immobilie erhalten Sie vom Anbieter.",4,125 m²,470 m²,3.199 €/m²,Doppelhaushälfte,nil,nil,3,1,nil,Nein,"{'is24qa-gaeste-wc-label': '', 'is24qa-provisionsfrei-fuer-kaufende-label': ''}"
