title,price,address,rooms,living_space,property_area,price_per_m2,type,usable_area,available_from,bedrooms,bathrooms,garage_parking,buyer_commission,criteriagroup_boolean_listing
**NEUER PREIS** Modernes Traumhaus mit exzellenter Ausstattung und Ausblick,470.000 €,"98587 Steinbach-Hallenberg, Schmalkalden-Meiningen (Kreis)
Die vollständige Adresse der Immobilie erhalten Sie vom Anbieter.",5,144 m²,1.193 m²,3.264 €/m²,Einfamilienhaus (freistehend),nil,sofort,3,2,1 Garage,3.57 %,"{'is24qa-gaeste-wc-label': '', 'is24qa-keller-label': ''}"
Kernsaniertes Dreifamilienhaus mit Schlossblick!,275.000 €,"99880 Waltershausen, Gotha (Kreis)
Die vollständige Adresse der Immobilie erhalten Sie vom Anbieter.",1,182 m²,210 m²,1.511 €/m²,Mehrfamilienhaus,nil,nil,nil,3,nil,7.14 %,"{'is24qa-keller-label': '', 'is24qa-als-ferienhaus-geeignet-label': ''}"
Stadtvilla aus den 30er Jahren sucht neuen Liebhaber zur Sanierung!,150.000 €,"99610 Sömmerda, Sömmerda (Kreis)
Die vollständige Adresse der Immobilie erhalten Sie vom Anbieter.",6,134 m²,527 m²,1.119 €/m²,Mehrfamilienhaus,nil,nil,nil,1,1 Garage,4.76 %,"{'is24qa-keller-label': '', 'is24qa-als-ferienhaus-geeignet-label': ''}"
Nachhaltiges Wohnglück – Freistehendes Einfamilienhaus mit ökologischer Holzständerbauweise für N...,449.000 €,"99947 Bad Langensalza, Unstrut-Hainich-Kreis
Die vollständige Adresse der Immobilie erhalten Sie vom Anbieter.",6,210 m²,720 m²,2.138 €/m²,Einfamilienhaus (freistehend),nil,01.02.2024,nil,nil,2 Stellplätze,3.57 %,"{'is24qa-gaeste-wc-label': '', 'is24qa-keller-label': '', 'is24qa-als-ferienhaus-geeignet-label': ''}"
Gepflegtes Einfamilienhaus mit großer Scheune und Garten im beliebten Herbsleben,179.000 €,"99955 Herbsleben, Unstrut-Hainich-Kreis
Die vollständige Adresse der Immobilie erhalten Sie vom Anbieter.",5,133 m²,430 m²,1.346 €/m²,Einfamilienhaus (freistehend),nil,nil,nil,2,nil,siehe Sonstiges,{'is24qa-keller-label': ''}
*Preisreduzierung* Freistehendes Einfamilienhaus nahe Erfurt – Einladendes Wohnparadies in idylli...,329.000 €,"99100 Bienstädt, Gotha (Kreis)
Die vollständige Adresse der Immobilie erhalten Sie vom Anbieter.",4,140 m²,550 m²,2.350 €/m²,Einfamilienhaus (freistehend),48 m²,01.01.2024,nil,2,3 Stellplätze,3.57 %,"{'is24qa-gaeste-wc-label': '', 'is24qa-keller-label': '', 'is24qa-als-ferienhaus-geeignet-label': ''}"
Exklusives Landgut: Historischer Vierseitenhof mit großzügigem Wohnraum und liebevoll restauriert...,650.000 €,"99947 Bad Langensalza, Unstrut-Hainich-Kreis
Die vollständige Adresse der Immobilie erhalten Sie vom Anbieter.",9,323 m²,1.785 m²,2.012 €/m²,Besondere Immobilie,771 m²,nil,nil,nil,nil,3.57 %,"{'is24qa-gaeste-wc-label': '', 'is24qa-keller-label': ''}"
Familienglück am Rande des Thüringer Waldes,149.000 €,"99880 Waltershausen, Gotha (Kreis)
Die vollständige Adresse der Immobilie erhalten Sie vom Anbieter.",4,110 m²,528 m²,1.355 €/m²,Einfamilienhaus (freistehend),nil,nil,nil,2,nil,4.76 %,{'is24qa-keller-label': ''}
Großzügig aufgeteiltes Einfamilienhaus -- kurzfristig beziehbar !,530.000 €,"Altstadt, 99084 Erfurt
Die vollständige Adresse der Immobilie erhalten Sie vom Anbieter.",5,150 m²,200 m²,3.533 €/m²,Reiheneckhaus,60 m²,sofort,4,1,1 Außenstellplatz,"3,57 % (inkl. MwSt.)","{'is24qa-gaeste-wc-label': '', 'is24qa-keller-label': ''}"
Kleines Haus mit großem Grundstück in ruhiger Wohnlage von Heldburg!,120.000 €,"98646 Bad Colberg-Heldburg, Hildburghausen (Kreis)
Die vollständige Adresse der Immobilie erhalten Sie vom Anbieter.",4,85 m²,2.067 m²,1.412 €/m²,Einfamilienhaus (freistehend),nil,nach Vereinbarung,2,1,Außenstellplatz,"3,57 % inkl. MwSt. vom notariell beurkundeten Kaufpreis.",{'is24qa-keller-label': ''}
"Sanierungsbedürftiges, aber sehr massives Landhaus mit viel Potential zum Wohnen auf mehreren Ebenen",104.000 €,"99752 Kehmstedt, Nordhausen (Kreis)
Die vollständige Adresse der Immobilie erhalten Sie vom Anbieter.",6,150 m²,985 m²,693 €/m²,Einfamilienhaus (freistehend),nil,nil,nil,nil,1 Garage,"Käuferprovision beträgt 3,57 % (inkl. MwSt.) des beurkundeten Kaufpreises",{}
2 Häuser / Große Werkstatt / Doppelgarage,385.000 €,"99885 Gräfenhain, Gotha (Kreis)
Die vollständige Adresse der Immobilie erhalten Sie vom Anbieter.",10,291 m²,522 m²,1.323 €/m²,Besondere Immobilie,240 m²,nil,4,3,6 Stellplätze,Nein,{'is24qa-provisionsfrei-fuer-kaufende-label': ''}
Kapitalanlage: Voll vermietetes MFH mit 10 WE und 14 Parkmöglichkeiten in zentraler Lage von Erfurt,1.400.000 €,"Krämpfervorstadt, 99085 Erfurt
Die vollständige Adresse der Immobilie erhalten Sie vom Anbieter.",1,"710,61 m²","1.001,1 m²",1.970 €/m²,Mehrfamilienhaus,nil,nach Absprache,1,1,nil,"5,95 %",{'is24qa-online-besichtigung-moeglich-label': ''}
Ein Haus der Superlative - Wohnen und Leben mit Stil in Apolda,590.000 €,"99510 Apolda, Weimarer Land (Kreis)
Die vollständige Adresse der Immobilie erhalten Sie vom Anbieter.",7,200 m²,522 m²,2.950 €/m²,Einfamilienhaus (freistehend),128 m²,nil,nil,1,4 Stellplätze,"3,57 %","{'is24qa-gaeste-wc-label': '', 'is24qa-keller-label': ''}"
Kapitalanlage: Vollvermietetes Mehrfamilienhaus mit Ausbaupotential in Bad Langensalza,179.000 €,"99947 Bad Langensalza, Unstrut-Hainich-Kreis
Die vollständige Adresse der Immobilie erhalten Sie vom Anbieter.",14,273 m²,316 m²,656 €/m²,Mehrfamilienhaus,nil,nil,nil,3,1 Stellplatz,"4,76 %","{'is24qa-gaeste-wc-label': '', 'is24qa-keller-label': '', 'is24qa-vermietet-label': ''}"
+++ Mehrfamilienhaus mit Nebengebäude auf einem 19413 m² großem Grundstück +++,350.000 €,"37308 Pfaffschwende, Eichsfeld (Kreis)
Die vollständige Adresse der Immobilie erhalten Sie vom Anbieter.",11,437 m²,19.413 m²,801 €/m²,Mehrfamilienhaus,1.570 m²,nil,7,4,7 Garagen,"5,95 % inkl. MwSt. des beurkundeten Kaufpreises",{'is24qa-keller-label': ''}
Geräumige Doppelhaushälfte mit 5 Zimmern und Nebengelass in Martinroda,124.900 €,"98693 Martinroda, Ilm-Kreis
Die vollständige Adresse der Immobilie erhalten Sie vom Anbieter.",5,148 m²,355 m²,844 €/m²,Doppelhaushälfte,0 m²,nil,3,2,1 Garage,"3,57% vom Kaufpreis inkl. MwSt.",{'is24qa-keller-label': ''}
"Einziehen und Wohlfühlen – Ansprechendes Einfamilienhaus mit Garten, Kamin und Keller",228.500 €,"96524 Judenbach, Sonneberg (Kreis)
Die vollständige Adresse der Immobilie erhalten Sie vom Anbieter.",6,187 m²,816 m²,1.222 €/m²,Einfamilienhaus (freistehend),0 m²,Nach Vereinbarung,nil,2,1 Außenstellplatz,"1,95% vom Kaufpreis inkl. MwSt.",{'is24qa-keller-label': ''}
"Gemütliches Reihenmittelhaus mit Garten, Terrasse und Stellplatz in Brühlervorstadt",275.000 €,"Brühlervorstadt, 99092 Erfurt
Die vollständige Adresse der Immobilie erhalten Sie vom Anbieter.",5,92 m²,160 m²,2.989 €/m²,Reihenmittelhaus,0 m²,Nach Vereinbarung,4,1,1 Außenstellplatz,"3,57% vom Kaufpreis inkl. MwSt.","{'is24qa-gaeste-wc-label': '', 'is24qa-keller-label': ''}"
Sanierungsbedürftiges MFH mit 6 Wohneinheiten und sehr großem Grundstück in Sonneberg-Köppelsdorf,359.000 €,"96515 Sonneberg, Sonneberg (Kreis)
Die vollständige Adresse der Immobilie erhalten Sie vom Anbieter.",32,600 m²,8.610 m²,598 €/m²,Mehrfamilienhaus,0 m²,nil,nil,nil,1 Außenstellplatz,"1,95% vom Kaufpreis inkl. MwSt.",{'is24qa-keller-label': ''}
