title,price,address,rooms,living_space,property_area,price_per_m2,type,usable_area,available_from,bedrooms,bathrooms,garage_parking,buyer_commission,criteriagroup_boolean_listing
Diese Aussicht werden Sie lieben - Großes sonniges Grundstück - Hand- und Heimwerkerhaus,230.000 €,"64711 Erbach, Odenwaldkreis
Die vollständige Adresse der Immobilie erhalten Sie vom Anbieter.",5,"122,48 m²",997 m²,1.878 €/m²,Einfamilienhaus (freistehend),"70,25 m²",sofort,4,1,3 Stellplätze,"3,57 % inkl. ges. MwSt.",{'is24qa-keller-label': ''}
"EFH Altbau mit 120 m² freistehend + Nebengebäude, Garage, Garten in Kirdorf! Sanierung erforderlich.",477.000 €,"61350 Bad Homburg vor der Höhe, Hochtaunuskreis
Die vollständige Adresse der Immobilie erhalten Sie vom Anbieter.",5,120 m²,486 m²,3.975 €/m²,Besondere Immobilie,100 m²,nach Absprache,3,1,3 Garagen,"3,57 % inkl. MwSt. Käuferprovision","{'is24qa-gaeste-wc-label': '', 'is24qa-keller-label': ''}"
Idstein in Blicklage! Gemütliches Einfamilienhaus in ruhiger Lage mit eingewachsenem Garten.!,735.000 €,"65510 Idstein, Rheingau-Taunus-Kreis
Die vollständige Adresse der Immobilie erhalten Sie vom Anbieter.",4,"149,7 m²",473 m²,4.910 €/m²,Einfamilienhaus (freistehend),"55,58 m²",nach Vereinbarung,3,2,1 Garage,"Käuferprovision 2,0 % (zzgl. MwSt.)","{'is24qa-gaeste-wc-label': '', 'is24qa-keller-label': ''}"
Klein aber fein-Einfamilienhaus im Fachwerkstil,149.000 €,"61130 Nidderau, Main-Kinzig-Kreis
Die vollständige Adresse der Immobilie erhalten Sie vom Anbieter.",3,"67,47 m²",159 m²,2.208 €/m²,nil,"17,76 m²",nil,2,1,2 Außenstellplätze,"Die Käuferprovision beträgt 2,50% inkl. MwSt. des Kaufpreises.",{}
Einfamilienhaus mit Nebenhaus in Butzbach Hoch-Weisel,295.000 €,"35510 Butzbach, Wetteraukreis
Die vollständige Adresse der Immobilie erhalten Sie vom Anbieter.",6,176 m²,222 m²,1.676 €/m²,Einfamilienhaus (freistehend),95 m²,nach Absprache,3,1,2 Außenstellplätze,"3,57 % inkl. ges. MwSt.","{'is24qa-gaeste-wc-label': '', 'is24qa-keller-label': ''}"
Top Einfamilienhaus in Wehrheim-Pfaffenwiesbach,665.000 €,"61273 Wehrheim, Hochtaunuskreis
Die vollständige Adresse der Immobilie erhalten Sie vom Anbieter.",6,215 m²,1.247 m²,3.093 €/m²,Einfamilienhaus (freistehend),35 m²,ab sofort,3,4,2 Außenstellplätze,"3,57 % inkl. ges. MwSt.","{'is24qa-gaeste-wc-label': '', 'is24qa-keller-label': ''}"
3 Eigentumswohnungen im Paket in Büdingen,699.000 €,"63654 Büdingen, Wetteraukreis
Die vollständige Adresse der Immobilie erhalten Sie vom Anbieter.",11,265 m²,497 m²,2.638 €/m²,Mehrfamilienhaus,18 m²,nach Absprache,8,3,4 Stellplätze,Nein,"{'is24qa-vermietet-label': '', 'is24qa-provisionsfrei-fuer-kaufende-label': ''}"
"TOP gepflegt, SONNEN Garten, Nähe Okrifteler SEE, Einzelgarage + Stellplatz inkl.",525.000 €,"65795 Hattersheim am Main, Main-Taunus-Kreis
Die vollständige Adresse der Immobilie erhalten Sie vom Anbieter.",5,"131,36 m²",173 m²,3.997 €/m²,Reihenmittelhaus,nil,ab sofort möglich,3,1,2 Außenstellplätze,"3,57% inkl. MwSt.","{'is24qa-online-besichtigung-moeglich-label': '', 'is24qa-gaeste-wc-label': '', 'is24qa-keller-label': ''}"
Exklusives Einfamilienhaus in Kaufungen,879.000 €,"34260 Kaufungen, Kassel (Kreis)
Die vollständige Adresse der Immobilie erhalten Sie vom Anbieter.",7,245 m²,600 m²,3.588 €/m²,Einfamilienhaus (freistehend),nil,Nach Absprache,5,3,1 Carport,"2,5 % zzgl. MwSt. vom Kaufpreis",{}
Gepflegtes Einfamilienhaus inklusive Garage + 2 Stellplätze in gefragter Lage von Raunheim/ Ffm.,545.000 €,"65479 Raunheim, Groß-Gerau (Kreis)
Die vollständige Adresse der Immobilie erhalten Sie vom Anbieter.",4,140 m²,136 m²,3.893 €/m²,Reihenmittelhaus,43 m²,kurz.nach Absprache,3,3,3 Garagen,Nein,{'is24qa-provisionsfrei-fuer-kaufende-label': ''}
Schlangenbad-Georgenborn: Ihr Zuhause an der Schlosstreppe!,429.000 €,"65388 Schlangenbad, Rheingau-Taunus-Kreis
Die vollständige Adresse der Immobilie erhalten Sie vom Anbieter.",4,"138,44 m²",280 m²,3.099 €/m²,Einfamilienhaus (freistehend),"21,97 m²",nil,3,1,1 Garage,"3,57 %","{'is24qa-gaeste-wc-label': '', 'is24qa-keller-label': ''}"
Bestandshaus in traumhafter Lage nahe des Bürgerpark,655.000 €,"63303 Dreieich, Offenbach (Kreis)
Die vollständige Adresse der Immobilie erhalten Sie vom Anbieter.",5,194 m²,457 m²,3.376 €/m²,Einfamilienhaus (freistehend),62 m²,Sofort,3,3,1 Garage,"3,57 %",{'is24qa-keller-label': ''}
Idyllisches Wohnen im Grünen auf 2 Ebenen mit Balkon und Solarthermie im Ortsteil von Langgöns,320.000 €,"35428 Langgöns, Gießen (Kreis)
Die vollständige Adresse der Immobilie erhalten Sie vom Anbieter.",4,122 m²,744 m²,2.623 €/m²,Mehrfamilienhaus,nil,nil,2,2,nil,"Käuferprovision beträgt 3,57 % (inkl. MwSt.) des beurkundeten Kaufpreises",{}
"Großzügiges Familiendomizil mit Gartenparadies, ELW und Garagen in schönster Taunuslage",675.000 €,"61279 Grävenwiesbach, Hochtaunuskreis
Die vollständige Adresse der Immobilie erhalten Sie vom Anbieter.",9,263 m²,1.290 m²,2.567 €/m²,Einfamilienhaus (freistehend),"60,62 m²",1.1.2025,5,3,2 Garagen,"Käuferprovision beträgt 2,68 % (inkl. MwSt.) des beurkundeten Kaufpreises","{'is24qa-gaeste-wc-label': '', 'is24qa-keller-label': '', 'is24qa-einliegerwohnung-label': ''}"
Modernes Reihenmittelhaus in begehrter Lage,499.000 €,"65232 Taunusstein, Rheingau-Taunus-Kreis
Die vollständige Adresse der Immobilie erhalten Sie vom Anbieter.",4,126 m²,202 m²,3.960 €/m²,Reihenmittelhaus,nil,nil,nil,2,2 Außenstellplätze,"Käuferprovision beträgt 3,57 % (inkl. MwSt.) des beurkundeten Kaufpreises","{'is24qa-gaeste-wc-label': '', 'is24qa-keller-label': ''}"
Renoviertes Einfamilienhaus Nähe Bad Camberg - Oberselters.,459.000 €,"65520 Bad Camberg, Limburg-Weilburg (Kreis)
Die vollständige Adresse der Immobilie erhalten Sie vom Anbieter.",8,"211,58 m²",635 m²,2.169 €/m²,Einfamilienhaus (freistehend),107 m²,nil,6,3,nil,"Käuferprovision beträgt 3,57 % (inkl. MwSt.) des beurkundeten Kaufpreises","{'is24qa-gaeste-wc-label': '', 'is24qa-keller-label': ''}"
Gepflegte Doppelhaushälfte mit schönem Garten,649.000 €,"64331 Weiterstadt, Darmstadt-Dieburg (Kreis)
Die vollständige Adresse der Immobilie erhalten Sie vom Anbieter.","4,5","135,5 m²",401 m²,4.790 €/m²,Doppelhaushälfte,88 m²,nil,3,1,1 Garage,"Käuferprovision beträgt 3,57 % (inkl. MwSt.) des beurkundeten Kaufpreises","{'is24qa-gaeste-wc-label': '', 'is24qa-keller-label': ''}"
Schöner Bungalow mit herrlichem Garten,920.000 €,"64807 Dieburg, Darmstadt-Dieburg (Kreis)
Die vollständige Adresse der Immobilie erhalten Sie vom Anbieter.",7,205 m²,868 m²,4.488 €/m²,Bungalow,"70,98 m²",nil,5,2,2 Carports,"Käuferprovision beträgt 3,57 % (inkl. MwSt.) des beurkundeten Kaufpreises","{'is24qa-gaeste-wc-label': '', 'is24qa-keller-label': ''}"
NEUBAU MIT PANORAMABLICK,829.000 €,"63628 Bad Soden-Salmünster, Main-Kinzig-Kreis
Die vollständige Adresse der Immobilie erhalten Sie vom Anbieter.",6,"211,92 m²",682 m²,3.912 €/m²,Einfamilienhaus (freistehend),"35,06 m²",nil,5,2,2 Außenstellplätze,"Käuferprovision beträgt 3,57 % (inkl. MwSt.) des beurkundeten Kaufpreises","{'is24qa-gaeste-wc-label': '', 'is24qa-keller-label': ''}"
Sonniges 6-Zimmer-Familiendomizil mit schönem Garten,599.000 €,"Breckenheim, 65207 Wiesbaden
Die vollständige Adresse der Immobilie erhalten Sie vom Anbieter.",6,170 m²,106 m²,3.524 €/m²,Reiheneckhaus,nil,nil,5,3,1 Duplex-Stellplatz,"Käuferprovision beträgt 3,57 % (inkl. MwSt.) des beurkundeten Kaufpreises","{'is24qa-gaeste-wc-label': '', 'is24qa-keller-label': ''}"
