title,price,address,rooms,living_space,property_area,price_per_m2,type,usable_area,available_from,bedrooms,bathrooms,garage_parking,buyer_commission,criteriagroup_boolean_listing
Kapitalanlage - vermietetes Einfamilienhaus,490.000 €,"15366 Neuenhagen bei Berlin, Märkisch-Oderland (Kreis)
Die vollständige Adresse der Immobilie erhalten Sie vom Anbieter.",4,115 m²,678 m²,4.261 €/m²,Einfamilienhaus (freistehend),nil,nil,nil,nil,nil,Nein,"{'is24qa-vermietet-label': '', 'is24qa-provisionsfrei-fuer-kaufende-label': ''}"
A+ Einfamilienhaus mit Sole-Wärmepumpe erfüllt bereits die kommenden Energiestandards! Waldrandlage,450.000 €,"16515 Mühlenbecker Land, Oberhavel (Kreis)
Die vollständige Adresse der Immobilie erhalten Sie vom Anbieter.",4,"126,67 m²",785 m²,3.553 €/m²,Einfamilienhaus (freistehend),nil,nil,nil,nil,1 Stellplatz,"3,57% zzgl. MwSt.",{}
Einfamilienhaus mit Kaminofen und 3 Schlafzimmer,414.000 €,"16562 Hohen Neuendorf, Oberhavel (Kreis)
Die vollständige Adresse der Immobilie erhalten Sie vom Anbieter.",5,134 m²,1.164 m²,3.090 €/m²,Einfamilienhaus (freistehend),nil,nil,nil,nil,2 Stellplätze,"3,57% inkl. MwSt.",{}
Einfamilienhaus mit großem Grundstück in Siedlungslage - Nassenheide,369.000 €,"16775 Löwenberger Land, Oberhavel (Kreis)
Die vollständige Adresse der Immobilie erhalten Sie vom Anbieter.",3,97 m²,843 m²,3.804 €/m²,Einfamilienhaus (freistehend),nil,nil,nil,nil,2 Stellplätze,"3,57% inkl. MwSt.",{}
Bezugsfrei! Charmantes Einfamilienhaus mit Keller und Doppelgarage in Hennickendorf bei Berlin,319.000 €,"15378 Rüdersdorf bei Berlin, Märkisch-Oderland (Kreis)
Die vollständige Adresse der Immobilie erhalten Sie vom Anbieter.",4,117 m²,1.147 m²,2.726 €/m²,Einfamilienhaus (freistehend),220 m²,sofort,nil,2,nil,"3,57 %","{'is24qa-gaeste-wc-label': '', 'is24qa-keller-label': ''}"
Preisgünstige Gelegenheit! Schönes Einfamilienhaus mit bester Ausstattung auf sonnigem Grundstück,350.000 €,"14641 Paulinenaue, Havelland (Kreis)
Die vollständige Adresse der Immobilie erhalten Sie vom Anbieter.",4,"91,9 m²",1.029 m²,3.808 €/m²,Einfamilienhaus (freistehend),nil,nil,nil,nil,nil,"3,57 % inkl. Mwst.",{}
Exklusive Einfamilienhausvilla mit hochwertiger Ausstattung in Spitzenwohnlage Falkensee-Falkenhain,1.295.000 €,"14612 Falkensee, Havelland (Kreis)
Die vollständige Adresse der Immobilie erhalten Sie vom Anbieter.","5,5",225 m²,959 m²,5.756 €/m²,Einfamilienhaus (freistehend),347 m²,nil,nil,nil,nil,"3,57 % inkl. Mwst.",{}
Top gepflegtes Einfamilienhaus mit hochwertiger Ausstattung und Garage in direkter Nähe zu Berlin,745.000 €,"14612 Falkensee, Havelland (Kreis)
Die vollständige Adresse der Immobilie erhalten Sie vom Anbieter.",4,115 m²,891 m²,6.478 €/m²,Einfamilienhaus (freistehend),nil,nil,nil,nil,Garage,"3,57 % inkl. Mwst.",{}
Hochwertige Architektenvilla in Wald- und Seenähe zum Wohnen und Arbeiten (provisionsfrei!),995.000 €,"14612 Falkensee, Havelland (Kreis)
Die vollständige Adresse der Immobilie erhalten Sie vom Anbieter.",9,276 m²,857 m²,3.605 €/m²,Einfamilienhaus (freistehend),nil,nil,nil,nil,Carport,provisionsfrei,{}
Bestlage Blumenstraße! Stattliches Einfamilienhaus von 1934 in direkter Nähe vom Gutspark,485.000 €,"14612 Falkensee, Havelland (Kreis)
Die vollständige Adresse der Immobilie erhalten Sie vom Anbieter.",5,125 m²,813 m²,3.880 €/m²,Einfamilienhaus (freistehend),nil,nil,nil,nil,Garage,"3,57 % inkl. Mwst.",{}
Rarität in bester Villenlage: Charmantes Einfamilienhaus um 1912 erbaut mit Wintergarten in ruhiger,525.000 €,"14612 Falkensee, Havelland (Kreis)
Die vollständige Adresse der Immobilie erhalten Sie vom Anbieter.",4,120 m²,999 m²,4.375 €/m²,Einfamilienhaus (freistehend),nil,nil,nil,nil,Garage,"3,57 % inkl. Mwst.",{}
Provisionsfrei! Unsaniertes Juwel von 1936: Einfamilienhaus in Spitzenlage von Falkensee-Finkenkrug,445.000 €,"Leistikowstr. 55,
14612 Falkensee, Havelland (Kreis)","4,5",110 m²,804 m²,4.045 €/m²,Einfamilienhaus (freistehend),nil,nil,nil,nil,Garage,provisionsfrei,{}
IMMOBERLIN. DE - Energieeffiziente Altbauarchitektur mit Dachterrasse & Garage,578.000 €,"Altberesinchen, 15232 Frankfurt (Oder)
Die vollständige Adresse der Immobilie erhalten Sie vom Anbieter.",4,159 m²,557 m²,3.635 €/m²,nil,nil,nil,nil,nil,nil,"3,57 % inklusive der gesetzlichen Mehrwertsteuer",{'is24qa-online-besichtigung-moeglich-label': ''}
Repräsentative Villa in Toplage - Erstbezug,795.000 €,"Loiretalring 34,
14974 Ludwigsfelde, Teltow-Fläming (Kreis)",5,185 m²,520 m²,4.297 €/m²,Einfamilienhaus (freistehend),185 m²,23.4.2024,4,2,nil,Nein,{'is24qa-provisionsfrei-fuer-kaufende-label': ''}
"Einfamilienhaus Fredersdorf - Wintergarten, Einbauküche, Pool, großer Garten, opt. Einliegerwohnung",565.000 €,"15370 Fredersdorf-Vogelsdorf, Märkisch-Oderland (Kreis)
Die vollständige Adresse der Immobilie erhalten Sie vom Anbieter.",6,"215,87 m²",999 m²,2.617 €/m²,Einfamilienhaus (freistehend),"316,94 m²",nach Absprache,4,2,Garage,"3,57 % inkl. 19 % MwSt.",{}
"Bahnhofsnah! Mit Einbauküche, Carport, Feldblick: Schönes Reihenmittelhaus in Petershagen",390.000 €,"15370 Petershagen/Eggersdorf, Märkisch-Oderland (Kreis)
Die vollständige Adresse der Immobilie erhalten Sie vom Anbieter.",4,"111,57 m²",231 m²,3.496 €/m²,Reihenmittelhaus,"116,37 m²",nach Absprache,3,2,Carport,"3,57 % inkl. 19 % MwSt.","{'is24qa-gaeste-wc-label': '', 'is24qa-als-ferienhaus-geeignet-label': ''}"
"Energieeffizienz im Bauhausstil, sofort einziehen! Hochwertige Neubau-Doppelhaushälfte Petershagen",549.000 €,"15345 Petershagen/Eggersdorf, Märkisch-Oderland (Kreis)
Die vollständige Adresse der Immobilie erhalten Sie vom Anbieter.",4,"124,26 m²",220 m²,4.418 €/m²,Wohnimmobilie (sonstige),"132,73 m²",sofort,3,2,2 Stellplätze,"3,57 % inkl. 19 % MwSt.","{'is24qa-gaeste-wc-label': '', 'is24qa-als-ferienhaus-geeignet-label': ''}"
"Top ausgestattetes Einfamilienhaus in Rehfelde - Mit Einbauküche, Kamin, Pool, Garage, Photovoltaik",599.900 €,"15345 Rehfelde, Märkisch-Oderland (Kreis)
Die vollständige Adresse der Immobilie erhalten Sie vom Anbieter.",5,"166,83 m²",1.134 m²,3.596 €/m²,Einfamilienhaus (freistehend),"177,33 m²",nach Absprache,3,2,nil,"3,57 % inkl. 19 % MwSt.",{}
"Effizienzhaus in Rehfelde - Mit Einbauküche, Erdwärmepumpe, Fußbodenheizung, Pool, Carport u.v.m.",499.500 €,"15345 Rehfelde, Märkisch-Oderland (Kreis)
Die vollständige Adresse der Immobilie erhalten Sie vom Anbieter.",4,"120,87 m²",540 m²,4.133 €/m²,Einfamilienhaus (freistehend),"136,77 m²",auf Anfrage,3,2,Carport,"3,57 % inkl. 19 % MwSt.","{'is24qa-gaeste-wc-label': '', 'is24qa-als-ferienhaus-geeignet-label': ''}"
"Einfamilienhaus für Ihre große Familie in Rehfelde - Mit Keller, Nebengebäude, Einbauküche u.v.m.",349.000 €,"15345 Rehfelde, Märkisch-Oderland (Kreis)
Die vollständige Adresse der Immobilie erhalten Sie vom Anbieter.",7,"132,46 m²",691 m²,2.635 €/m²,Einfamilienhaus (freistehend),"216,71 m²",nach Absprache,5,2,nil,"3,57 % inkl. 19 % MwSt.","{'is24qa-gaeste-wc-label': '', 'is24qa-keller-label': '', 'is24qa-als-ferienhaus-geeignet-label': ''}"
