title,price,address,rooms,living_space,property_area,price_per_m2,type,usable_area,available_from,bedrooms,bathrooms,garage_parking,buyer_commission,criteriagroup_boolean_listing
Freistehendes Haus in Rheinhessen,Auf Anfrage,"55278 Weinolsheim, Mainz-Bingen (Kreis)
Die vollständige Adresse der Immobilie erhalten Sie vom Anbieter.",8,300 m²,844 m²,nil,Einfamilienhaus (freistehend),40 m²,nil,nil,2,3 Stellplätze,Nein,"{'is24qa-gaeste-wc-label': '', 'is24qa-keller-label': '', 'is24qa-einliegerwohnung-label': '', 'is24qa-provisionsfrei-fuer-kaufende-label': ''}"
"Rheinbreitbach, EFH mit ELW in top Lage mit idyllischem Garten!",975.000 €,"53619 Rheinbreitbach, Neuwied (Kreis)
Die vollständige Adresse der Immobilie erhalten Sie vom Anbieter.",6,180 m²,1.124 m²,5.417 €/m²,Einfamilienhaus (freistehend),50 m²,nach Vereinbarung,3,2,4 Stellplätze,"€ 34.807,50 inkl. 19 % MwSt.","{'is24qa-gaeste-wc-label': '', 'is24qa-keller-label': '', 'is24qa-einliegerwohnung-label': ''}"
Ein Haus zum Wohlfühlen,384.000 €,"76756 Bellheim, Germersheim (Kreis)
Die vollständige Adresse der Immobilie erhalten Sie vom Anbieter.",5,149 m²,630 m²,2.577 €/m²,Einfamilienhaus (freistehend),nil,nil,3,2,3 Stellplätze,"3,57 % inkl. ges. MwSt.","{'is24qa-gaeste-wc-label': '', 'is24qa-keller-label': ''}"
Komfortables Einfamilienhaus in Neuwied - Gladbach!,395.000 €,"56566 Neuwied, Neuwied (Kreis)
Die vollständige Adresse der Immobilie erhalten Sie vom Anbieter.",7,195 m²,807 m²,2.026 €/m²,Einfamilienhaus (freistehend),40 m²,nil,3,2,nil,"3,57 % inkl. gesetzl. MwSt.","{'is24qa-gaeste-wc-label': '', 'is24qa-keller-label': ''}"
Zwei Wohnhäuser mit angrenzender Ferienwohnung oder Einliegerwohnung in zentraler Lage der Stadt Ulm,455.000 €,"56766 Ulmen, Cochem-Zell (Kreis)
Die vollständige Adresse der Immobilie erhalten Sie vom Anbieter.",15,340 m²,1.000 m²,1.338 €/m²,Einfamilienhaus (freistehend),nil,nil,5,4,nil,"3,57 % Käuferprovision inkl. gesetzl. MwSt.","{'is24qa-gaeste-wc-label': '', 'is24qa-keller-label': '', 'is24qa-einliegerwohnung-label': ''}"
Kleines Nest in Feldrandlage sucht neue Eigentümer!,299.000 €,"67483 Großfischlingen, Südliche Weinstraße (Kreis)
Die vollständige Adresse der Immobilie erhalten Sie vom Anbieter.",3,90 m²,380 m²,3.322 €/m²,Einfamilienhaus (freistehend),70 m²,nil,2,2,nil,"3,57 %",{'is24qa-keller-label': ''}
Einfamilienhaus im Wochenendgebiet,295.000 €,"53426 Schalkenbach, Ahrweiler (Kreis)
Die vollständige Adresse der Immobilie erhalten Sie vom Anbieter.",5,115 m²,5.146 m²,2.565 €/m²,Bungalow,nil,sofort,nil,nil,1 Garage,"3,57 %",{'is24qa-als-ferienhaus-geeignet-label': ''}
Exklusiver Neubau-Bungalow am Nürburgring,747.000 €,"53520 Meuspath, Ahrweiler (Kreis)
Die vollständige Adresse der Immobilie erhalten Sie vom Anbieter.",3,218 m²,1.208 m²,3.427 €/m²,Einfamilienhaus (freistehend),nil,nil,1,2,6 Stellplätze,"3,57 % inkl. ges. MwSt.","{'is24qa-gaeste-wc-label': '', 'is24qa-einliegerwohnung-label': ''}"
Flexibles Familienidyll in traumhafter Lage,319.000 €,"56182 Urbar, Mayen-Koblenz (Kreis)
Die vollständige Adresse der Immobilie erhalten Sie vom Anbieter.",5,110 m²,477 m²,2.900 €/m²,Einfamilienhaus (freistehend),nil,sofort,nil,2,nil,"3,57 % inkl. ges. MwSt.",{'is24qa-keller-label': ''}
FALANGA IMMOBILIEN - In TOP Zustand befindliches renditenstarkes 4-FH in guter Sprendlinger Lage!,529.000 €,"55576 Sprendlingen, Mainz-Bingen (Kreis)
Die vollständige Adresse der Immobilie erhalten Sie vom Anbieter.",11,333 m²,570 m²,1.589 €/m²,Mehrfamilienhaus,nil,nach Vereinbarung,nil,nil,nil,"4,0% vom Kaufpreis zzgl. 19% gesetzlicher MwSt.","{'is24qa-online-besichtigung-moeglich-label': '', 'is24qa-vermietet-label': ''}"
Zweifamilienhaus in beliebter Wohnlage von Andernach,495.000 €,"56626 Andernach, Mayen-Koblenz (Kreis)
Die vollständige Adresse der Immobilie erhalten Sie vom Anbieter.",6,168 m²,486 m²,2.946 €/m²,Mehrfamilienhaus,88 m²,nach Vereinbarung,4,3,3 Stellplätze,"3,57 % inkl. ges. MwSt.","{'is24qa-gaeste-wc-label': '', 'is24qa-keller-label': ''}"
Einfamilienhaus mit umfangreicher Ausstattung und Garten in zweiter Reihe,230.000 €,"67826 Hallgarten, Bad Kreuznach (Kreis)
Die vollständige Adresse der Immobilie erhalten Sie vom Anbieter.",6,"145,2 m²",305 m²,1.584 €/m²,Einfamilienhaus (freistehend),"93,53 m²",nach Absprache,2,2,1 Garage,"3,57% inkl. MwSt.","{'is24qa-gaeste-wc-label': '', 'is24qa-keller-label': ''}"
+++ REDUZIERT +++ Liebevoll eingerichtetes Ferienhaus für Sie und Ihre Gäste,219.000 €,"56814 Ediger-Eller, Cochem-Zell (Kreis)
Die vollständige Adresse der Immobilie erhalten Sie vom Anbieter.",4,83 m²,470 m²,2.639 €/m²,Wohnimmobilie (sonstige),nil,nil,3,2,2 Außenstellplätze,"3,57 % inkl. MwSt.","{'is24qa-gaeste-wc-label': '', 'is24qa-als-ferienhaus-geeignet-label': ''}"
"Unweit des Laacher See! Lichtverwöhntes, modernes und freistehendes Einfamilienhaus in Wassen",478.000 €,"56653 Wassenach, Ahrweiler (Kreis)
Die vollständige Adresse der Immobilie erhalten Sie vom Anbieter.",4,125 m²,591 m²,3.824 €/m²,Einfamilienhaus (freistehend),nil,Herbst 2024,3,1,4 Garagen,"3,57% inklusive gesetzlicher MwSt.",{'is24qa-gaeste-wc-label': ''}
Dieses Haus sucht kreative Menschen!,298.000 €,"67590 Monsheim, Alzey-Worms (Kreis)
Die vollständige Adresse der Immobilie erhalten Sie vom Anbieter.",4,104 m²,481 m²,2.865 €/m²,Einfamilienhaus (freistehend),nil,sofort,nil,1,2 Garagen,"3,57 inkl. MwSt.",{'is24qa-keller-label': ''}
"Großes Wohnhaus mit 2 kpl. Wohnungen, Balkon und 2 Garagen. in ruhiger Lage",279.000 €,"56477 Westernohe, Westerwaldkreis
Die vollständige Adresse der Immobilie erhalten Sie vom Anbieter.",6,204 m²,491 m²,1.368 €/m²,Einfamilienhaus (freistehend),90 m²,sofort,4,3,2 Garagen,"3,57 % inkl MwSt","{'is24qa-listonlyonis24-label': 'Nur hier gefunden', 'is24qa-gaeste-wc-label': '', 'is24qa-keller-label': ''}"
Modernes und naturnahes Einfamilienhaus mit sonnigem Garten - Ihr persönliches Paradies,669.500 €,"67480 Edenkoben, Südliche Weinstraße (Kreis)
Die vollständige Adresse der Immobilie erhalten Sie vom Anbieter.",7,222 m²,319 m²,3.016 €/m²,Einfamilienhaus (freistehend),18 m²,nil,5,2,1 Carport,"3,57%","{'is24qa-online-besichtigung-moeglich-label': '', 'is24qa-gaeste-wc-label': '', 'is24qa-keller-label': '', 'is24qa-vermietet-label': ''}"
"Zwei- oder Dreifamilienhaus, entscheiden Sie!",595.000 €,"Mundenheim, 67065 Ludwigshafen am Rhein
Die vollständige Adresse der Immobilie erhalten Sie vom Anbieter.",8,177 m²,223 m²,3.362 €/m²,Mehrfamilienhaus,nil,nach Vereinbarung,4,3,nil,"3,57 % inkl. ges. MwSt.","{'is24qa-gaeste-wc-label': '', 'is24qa-keller-label': ''}"
Höhr-Grenzhausen: Kleinod - Zwei Häuser auf einem Grundstück mit herrlichem Areal zu einem Preis,595.000 €,"56203 Höhr-Grenzhausen, Westerwaldkreis
Die vollständige Adresse der Immobilie erhalten Sie vom Anbieter.",8,310 m²,1.700 m²,1.919 €/m²,Besondere Immobilie,80 m²,nach Absprache,7,2,4 Garagen,"3,57%","{'is24qa-gaeste-wc-label': '', 'is24qa-keller-label': ''}"
Berod bei Wallmerod: Freistehendes Einfamilienhaus mit großem Areal in Ortsrandlage,275.000 €,"56414 Berod bei Wallmerod, Westerwaldkreis
Die vollständige Adresse der Immobilie erhalten Sie vom Anbieter.",8,150 m²,926 m²,1.833 €/m²,Einfamilienhaus (freistehend),80 m²,nach Absprache,4,2,2 Garagen,"3,57%",{'is24qa-keller-label': ''}
