title,price,address,rooms,living_space,property_area,price_per_m2,type,usable_area,available_from,bedrooms,bathrooms,garage_parking,buyer_commission,criteriagroup_boolean_listing
Inkl. Grundstück: Einfamilienhaus/Stadtvilla in freier Planung nahe den Kaulsdorfer Seen bauen,577.700 €,"Kaulsdorf, 12621 Berlin
Die vollständige Adresse der Immobilie erhalten Sie vom Anbieter.",5,126 m²,440 m²,4.585 €/m²,Einfamilienhaus (freistehend),nil,nil,4,2,nil,entfällt,"{'is24qa-gaeste-wc-label': '', 'is24qa-als-ferienhaus-geeignet-label': ''}"
Teilunterkellertes Wohnhaus mit Ausbaupotenzial - ca. 160 m² Wohn-/Nutzfläche - Angebotsverfahren,299.000 €,"Köpenick, 12557 Berlin
Die vollständige Adresse der Immobilie erhalten Sie vom Anbieter.",4,"92,04 m²",500 m²,3.249 €/m²,Einfamilienhaus (freistehend),"66,98 m²",nil,3,1,2 Außenstellplätze,"zzgl. 3,57 % Käuferprovision (inkl. 19% MwSt.)","{'is24qa-online-besichtigung-moeglich-label': '', 'is24qa-einliegerwohnung-label': ''}"
Inkl. Grundstück nahe S-Bhf. Grünau! Flexibel gestaltbares Einfamilienhaus in Berlin-Altglienicke,728.000 €,"Altglienicke, 12524 Berlin
Die vollständige Adresse der Immobilie erhalten Sie vom Anbieter.",5,135 m²,740 m²,5.393 €/m²,Einfamilienhaus (freistehend),nil,sofort,4,2,nil,Nein,"{'is24qa-gaeste-wc-label': '', 'is24qa-provisionsfrei-fuer-kaufende-label': ''}"
"A+ Effizienzhaus-Doppelhaushälfte in Weißensee: Flexibel planen, massiv bauen, ab 2.412 € Monatsrate",734.000 €,"Feldtmannstraße 137,
Weißensee, 13088 Berlin",5,125 m²,330 m²,5.872 €/m²,Doppelhaushälfte,nil,nil,4,2,nil,"3,57% inkl. 19% MwSt.","{'is24qa-gaeste-wc-label': '', 'is24qa-als-ferienhaus-geeignet-label': ''}"
Flexibel planen und massiv bauen! Neubau-Doppelhaushälfte in Weißensee,699.000 €,"Feldtmannstraße 137,
Weißensee, 13088 Berlin",5,125 m²,330 m²,5.592 €/m²,Doppelhaushälfte,nil,nil,4,2,nil,"3,57% inkl. 19% MwSt.","{'is24qa-gaeste-wc-label': '', 'is24qa-als-ferienhaus-geeignet-label': ''}"
"Neubau-Doppelhaushälfte in Weißensee - Flexibel planbar, inkl. Wohnkeller",795.000 €,"Feldtmannstraße 137,
Weißensee, 13088 Berlin",5,"179,8 m²",330 m²,4.422 €/m²,Doppelhaushälfte,nil,nil,4,2,nil,"3,57% inkl. 19% MwSt.","{'is24qa-gaeste-wc-label': '', 'is24qa-als-ferienhaus-geeignet-label': ''}"
Freistehendes Einfamilienhaus mit 2 Einliegerwohnungen und Schwimmteich (Ohne Makler/provisionsfrei),1.950.000 €,"Zehlendorf, 14167 Berlin
Die vollständige Adresse der Immobilie erhalten Sie vom Anbieter.",8,325 m²,960 m²,6.000 €/m²,Mehrfamilienhaus,254 m²,nil,4,3,2 Außenstellplätze,Nein,"{'is24qa-gaeste-wc-label': '', 'is24qa-keller-label': '', 'is24qa-einliegerwohnung-label': '', 'is24qa-provisionsfrei-fuer-kaufende-label': ''}"
Idyllisches Reihenhaus mit sonniger Westterrasse in Britz,529.000 €,"Britz, 12359 Berlin
Die vollständige Adresse der Immobilie erhalten Sie vom Anbieter.",4,75 m²,220 m²,7.053 €/m²,Reihenmittelhaus,70 m²,sofort,2,1,nil,"18.885,30 €","{'is24qa-keller-label': '', 'is24qa-als-ferienhaus-geeignet-label': ''}"
Moderne Villa im Bauhaus-Stil in Berlin-Konradshöhe - Exklusives Wohnen in fantastischer Lage!,3.400.000 €,"Konradshöhe, 13505 Berlin
Die vollständige Adresse der Immobilie erhalten Sie vom Anbieter.",10,"377,36 m²",817 m²,9.010 €/m²,Villa,"588,3 m²",nil,7,4,4 Stellplätze,"3,57 % inkl. 19 % MwSt.","{'is24qa-gaeste-wc-label': '', 'is24qa-keller-label': '', 'is24qa-als-ferienhaus-geeignet-label': ''}"
Großzügiges Reihenmittelhaus komplett saniert inkl. Dachgeschoßausbau,1.160.000 €,"Nikolassee, 14129 Berlin
Die vollständige Adresse der Immobilie erhalten Sie vom Anbieter.",5,"144,45 m²",294 m²,8.030 €/m²,Reihenmittelhaus,60 m²,nil,4,2,nil,Nein,"{'is24qa-gaeste-wc-label': '', 'is24qa-keller-label': '', 'is24qa-provisionsfrei-fuer-kaufende-label': ''}"
"Doppelhaushälften in Heiligensee - Energieeffizient, inkl. Grundstück",795.000 €,"Heiligensee, 13503 Berlin
Die vollständige Adresse der Immobilie erhalten Sie vom Anbieter.",5,"132,77 m²",302 m²,5.988 €/m²,Doppelhaushälfte,"177,31 m²",2024,4,2,nil,Entfällt,{'is24qa-gaeste-wc-label': ''}
"Berlin-Blankenburg - massives Einfamilienhaus in bevorzugter Wohnlage, 4 Zimmer, voll unterkellert",287.000 €,"Blankenburg, 13129 Berlin
Die vollständige Adresse der Immobilie erhalten Sie vom Anbieter.",4,96 m²,480 m²,2.990 €/m²,Einfamilienhaus (freistehend),64 m²,ab sofort,3,1,1 Außenstellplatz,"3,57% des Kaufpreises",{'is24qa-keller-label': ''}
"Modernes Reihenendhaus in attraktiver Lage: Einbauküche, Garten und Stellplatz",739.000 €,"Alt-Hohenschönhausen, 13055 Berlin
Die vollständige Adresse der Immobilie erhalten Sie vom Anbieter.",4,"112,32 m²",290 m²,6.579 €/m²,Reiheneckhaus,nil,nach Vereinbarung,3,2,1 Außenstellplatz,"3,57% inkl. MwSt.",{}
Karlshorst: Geräumiges Einfamilienhaus für die Familie - Bezugsfrei !,850.000 €,"Karlshorst, 10318 Berlin
Die vollständige Adresse der Immobilie erhalten Sie vom Anbieter.","4,5",133 m²,643 m²,6.391 €/m²,Einfamilienhaus (freistehend),nil,sofort,3,1,2 Garagen,"3,57 % inkl. MwSt.","{'is24qa-online-besichtigung-moeglich-label': '', 'is24qa-gaeste-wc-label': '', 'is24qa-keller-label': ''}"
"Schönes, sonnendurchflutetes Niedrigenergiehaus mit Rundumblick in den grünen Garten - von Privat",749.000 €,"Waldenburger Straße 54a,
Kaulsdorf, 12621 Berlin",4,"121,55 m²",580 m²,6.162 €/m²,Einfamilienhaus (freistehend),"34,92 m²",1.6.2024,3,1,2 Carports,Nein,"{'is24qa-gaeste-wc-label': '', 'is24qa-provisionsfrei-fuer-kaufende-label': ''}"
PROVISIONSFREI: Einfamilienvilla in bester Familienlage von Pankow mit Süd-West-Terrasse,799.000 €,"Rosenthal, 13158 Berlin
Die vollständige Adresse der Immobilie erhalten Sie vom Anbieter.",5,140 m²,412 m²,5.707 €/m²,Einfamilienhaus (freistehend),nil,nil,4,1,Außenstellplatz,Nein,"{'is24qa-gaeste-wc-label': '', 'is24qa-stufenloser-zugang-label': '', 'is24qa-provisionsfrei-fuer-kaufende-label': ''}"
"*Sehr schöne arttypische Pankower Altbauperle, modernisierungsbedürftig im schönen Blankenburg*",450.000 €,"Blankenburg, 13129 Berlin
Die vollständige Adresse der Immobilie erhalten Sie vom Anbieter.",4,109 m²,971 m²,4.128 €/m²,Einfamilienhaus (freistehend),70 m²,nil,2,1,nil,"3,57 % inkl. 19% Mwst.",{'is24qa-keller-label': ''}
Entdecken Sie diese Doppelhaushälfte in Berlin- Steglitz mit 6 Zimmern und Dachgeschossrohling!,785.000 €,"Steglitz, 12247 Berlin
Die vollständige Adresse der Immobilie erhalten Sie vom Anbieter.",6,"116,64 m²",368 m²,6.730 €/m²,Doppelhaushälfte,nil,01.09.2024,3,2,1 Garage,"3,57%",{}
Hessenwinkel: Familienhaus mit toller Architektur!,460.000 €,"Rahnsdorf, 12589 Berlin
Die vollständige Adresse der Immobilie erhalten Sie vom Anbieter.",5,110 m²,290 m²,4.182 €/m²,Wohnimmobilie (sonstige),35 m²,ab sofort,nil,nil,1 Garage,"2,975 % inkl. Ust.","{'is24qa-gaeste-wc-label': '', 'is24qa-keller-label': ''}"
"Wohnen für 2 Familien in Blankenburg - ""Effizienzhaus 40 NH+QNG""",1.131.953 €,"Biesdorf, 13187 Berlin
Die vollständige Adresse der Immobilie erhalten Sie vom Anbieter.",6,"227,27 m²",901 m²,4.981 €/m²,Mehrfamilienhaus,nil,nil,nil,nil,nil,nil,{}
"Wohnen für 2 Familien in Falkensee - ""Effizienzhaus 40 NH+QNG""",1.049.297 €,"Biesdorf, 14612 Berlin
Die vollständige Adresse der Immobilie erhalten Sie vom Anbieter.",6,"227,27 m²",726 m²,4.617 €/m²,Mehrfamilienhaus,nil,nil,nil,nil,nil,nil,{}
"Zukunft für zwei Familien in Panketal - ""Effizienzhaus 40 NH+QNG""",908.056 €,"Mitte (Ortsteil), 10115 Berlin
Die vollständige Adresse der Immobilie erhalten Sie vom Anbieter.",8,"201,56 m²",545 m²,4.505 €/m²,Mehrfamilienhaus,nil,nil,nil,nil,nil,nil,{}
"Wohnen mit Freunden - Berlin-Blankenburg - ""Effizienzhaus 40 NH+QNG""",619.697 €,"Blankenburg, 13129 Berlin
Die vollständige Adresse der Immobilie erhalten Sie vom Anbieter.",4,"122,26 m²",450 m²,5.069 €/m²,Doppelhaushälfte,nil,nil,nil,nil,nil,nil,{}
Zukunft für zwei Familien in Blankenburg,1.510.693 €,"Blankenburg, 13129 Berlin
Die vollständige Adresse der Immobilie erhalten Sie vom Anbieter.",8,"281,98 m²",923 m²,5.357 €/m²,Mehrfamilienhaus,nil,nil,nil,nil,nil,nil,{}
Versuchs mal mit Gemütlichkeit - als Effizienzhaus40NH+QNG,624.402 €,"Blankenburg, 13129 Berlin
Die vollständige Adresse der Immobilie erhalten Sie vom Anbieter.",5,"128,74 m²",450 m²,4.850 €/m²,nil,nil,nil,nil,nil,nil,nil,{}
"Wohnen für 2 Familien in Biesdorf - ""Effizienzhaus 40 NH+QNG""",997.658 €,"Biesdorf, 12683 Berlin
Die vollständige Adresse der Immobilie erhalten Sie vom Anbieter.",6,"227,27 m²",726 m²,4.390 €/m²,Mehrfamilienhaus,nil,nil,nil,nil,nil,nil,{}
"Zukunft für zwei Familien in Blankenburg - ""Effizienzhaus 40 NH+QNG""",908.056 €,"Blankenburg, 13129 Berlin
Die vollständige Adresse der Immobilie erhalten Sie vom Anbieter.",8,"201,56 m²",545 m²,4.505 €/m²,Mehrfamilienhaus,nil,nil,nil,nil,nil,nil,{}
"Exklusiv leben in Biesdorf - ""Effizienzhaus 40 NH+QNG""",842.188 €,"Biesdorf, 12683 Berlin
Die vollständige Adresse der Immobilie erhalten Sie vom Anbieter.",6,"164,73 m²",726 m²,5.113 €/m²,Einfamilienhaus (freistehend),nil,nil,nil,nil,nil,nil,{}
"Wohnen für 2 Familien in Biesdorf - ""Effizienzhaus 40 NH+QNG""",997.658 €,"Biesdorf, 12683 Berlin
Die vollständige Adresse der Immobilie erhalten Sie vom Anbieter.",6,"227,27 m²",726 m²,4.390 €/m²,Mehrfamilienhaus,nil,nil,nil,nil,nil,nil,{}
Zukunft für zwei Familien in Blankenburg,1.510.693 €,"Blankenburg, 13129 Berlin
Die vollständige Adresse der Immobilie erhalten Sie vom Anbieter.",8,"281,98 m²",923 m²,5.357 €/m²,Mehrfamilienhaus,nil,nil,nil,nil,nil,nil,{}
"Zukunft für zwei Familien in Panketal - ""Effizienzhaus 40 NH+QNG""",908.056 €,"Mitte (Ortsteil), 10115 Berlin
Die vollständige Adresse der Immobilie erhalten Sie vom Anbieter.",8,"201,56 m²",545 m²,4.505 €/m²,Mehrfamilienhaus,nil,nil,nil,nil,nil,nil,{}
"Wohnen für 2 Familien in Falkensee - ""Effizienzhaus 40 NH+QNG""",1.049.297 €,"Biesdorf, 14612 Berlin
Die vollständige Adresse der Immobilie erhalten Sie vom Anbieter.",6,"227,27 m²",726 m²,4.617 €/m²,Mehrfamilienhaus,nil,nil,nil,nil,nil,nil,{}
"Wohnen für 2 Familien in Blankenburg - ""Effizienzhaus 40 NH+QNG""",1.131.953 €,"Biesdorf, 13187 Berlin
Die vollständige Adresse der Immobilie erhalten Sie vom Anbieter.",6,"227,27 m²",901 m²,4.981 €/m²,Mehrfamilienhaus,nil,nil,nil,nil,nil,nil,{}
