title,price,address,rooms,living_space,property_area,price_per_m2,type,usable_area,available_from,bedrooms,bathrooms,garage_parking,buyer_commission,criteriagroup_boolean_listing
Wunderschönes Einfamilienhaus mit Neubaustandard im beliebten Wellingsbüttel,1.720.000 €,"Wellingsbüttel, 22391 Hamburg
Die vollständige Adresse der Immobilie erhalten Sie vom Anbieter.",7,169 m²,1.307 m²,10.178 €/m²,Einfamilienhaus (freistehend),29 m²,nil,nil,nil,Carport,"3,57 % inkl. MwSt.",{}
"Open House am Sonntag, den 16.06.2024 von 14 Uhr bis 15 Uhr.",1.250.000 €,"Osterstraße 162,
Eimsbüttel (Ortsteil), 20255 Hamburg",4,121 m²,961 m²,10.331 €/m²,Wohnimmobilie (sonstige),nil,nil,nil,nil,nil,Nein,"{'is24qa-gaeste-wc-label': '', 'is24qa-keller-label': '', 'is24qa-provisionsfrei-fuer-kaufende-label': ''}"
Familienfreundliche Doppelhaushälfte mit sonnigem Garten in Hamburg-Rahlstedt,575.000 €,"Rahlstedt, 22147 Hamburg
Die vollständige Adresse der Immobilie erhalten Sie vom Anbieter.",6,"142,6 m²","502,13 m²",4.032 €/m²,Doppelhaushälfte,"79,96 m²",nach Absprache,4,2,1 Garage,"3,57 %","{'is24qa-online-besichtigung-moeglich-label': '', 'is24qa-gaeste-wc-label': '', 'is24qa-keller-label': ''}"
"Modernes Reihenendhaus mit Open-Living-Konzept, 2 Terrassen und Dachterrasse",639.000 €,"Billstedt, 22119 Hamburg
Die vollständige Adresse der Immobilie erhalten Sie vom Anbieter.",5,"151,26 m²","356,26 m²",4.225 €/m²,Reiheneckhaus,nil,nach Absprache,4,1,nil,"3,57 %",{'is24qa-online-besichtigung-moeglich-label': ''}
Umfassend saniertes Einfamilienhaus mit viel Platz & vielseitigen Nutzungsoptionen in Hamburg-Sasel!,799.000 €,"Sasel, 22393 Hamburg
Die vollständige Adresse der Immobilie erhalten Sie vom Anbieter.",6,"183,03 m²","844,03 m²",4.365 €/m²,Einfamilienhaus (freistehend),nil,nach Absprache,4,2,4 Carports,"3,57 %","{'is24qa-online-besichtigung-moeglich-label': '', 'is24qa-gaeste-wc-label': '', 'is24qa-einliegerwohnung-label': ''}"
Sofort wohlfühlen: Neuwertiges 5-Zi.-EFH mit KfW 55-Standard in gut angebundener Lage von Hamburg,799.000 €,"Horn, 22111 Hamburg
Die vollständige Adresse der Immobilie erhalten Sie vom Anbieter.",5,"158,25 m²","515,25 m²",5.049 €/m²,Einfamilienhaus (freistehend),nil,ab sofort,4,2,2 Carports,"3,57 %",{'is24qa-online-besichtigung-moeglich-label': ''}
Traumhaftes Wohnglück in Lohbrügge: Modernes energieeffizientes Reihenhaus mit wunderschönem Garten,530.000 €,"Lohbrügge, 21031 Hamburg
Die vollständige Adresse der Immobilie erhalten Sie vom Anbieter.",3,101 m²,150 m²,5.248 €/m²,Reihenmittelhaus,nil,nil,2,1,1 Carport,2%,"{'is24qa-online-besichtigung-moeglich-label': '', 'is24qa-gaeste-wc-label': ''}"
Reihenhaus | traumhafte Lage | ruhig & grün,450.000 €,"Stapelfelder Str. 36g,
Rahlstedt, 22143 Hamburg",7,"142,7 m²",250 m²,3.153 €/m²,Reihenmittelhaus,189 m²,sofort,nil,nil,nil,Nein,"{'is24qa-keller-label': '', 'is24qa-provisionsfrei-fuer-kaufende-label': ''}"
DIREKT VOM EIGENTÜMER / OHNE PROVISION: Einfamilienhaus mit Potential auf tollem Grundstück!,829.000 €,"Bublitzer Straße 14,
Rahlstedt, 22147 Hamburg",4,119 m²,1.296 m²,6.966 €/m²,Einfamilienhaus (freistehend),70 m²,01.01.2024,2,2,nil,Nein,"{'is24qa-gaeste-wc-label': '', 'is24qa-keller-label': '', 'is24qa-provisionsfrei-fuer-kaufende-label': ''}"
Luxuriöse Stadtvilla mit Außenpool in ruhiger Anliegerstraße am Volksdorfer Wald,1.490.000 €,"Rahlstedt, 22145 Hamburg
Die vollständige Adresse der Immobilie erhalten Sie vom Anbieter.",5,180 m²,916 m²,8.278 €/m²,Einfamilienhaus (freistehend),nil,nach Vereinbarung,nil,2,Garage,"3,57 % inkl. MwSt.",{'is24qa-gaeste-wc-label': ''}
Gepflegtes Mittelreihenhaus in Hamburg-Lokstedt,519.000 €,"Lokstedt, 22529 Hamburg
Die vollständige Adresse der Immobilie erhalten Sie vom Anbieter.","3,5","85,9 m²",142 m²,6.042 €/m²,Reihenmittelhaus,35 m²,nach Vereinbarung,nil,nil,1 Garage,"3,40 % v. netto-VK-Preis (incl. MwSt.)","{'is24qa-gaeste-wc-label': '', 'is24qa-keller-label': ''}"
Familien aufgepasst: Gemütliches Einfamilienhaus in Hamburg Poppenbüttel,649.000 €,"Poppenbüttel, 22395 Hamburg
Die vollständige Adresse der Immobilie erhalten Sie vom Anbieter.",5,141 m²,474 m²,4.603 €/m²,Einfamilienhaus (freistehend),nil,nach Vereinbarung,nil,nil,1 Garage,"3,2 % v. netto-VK-Preis (incl. MwSt.)","{'is24qa-gaeste-wc-label': '', 'is24qa-keller-label': ''}"
Einmaliges Anwesen auf idyllischem Parkgrundstück,18.000.000 €,"Nienstedten, 22587 Hamburg
Die vollständige Adresse der Immobilie erhalten Sie vom Anbieter.",13,1.200 m²,16.015 m²,15.000 €/m²,Villa,nil,nil,7,nil,62 Stellplätze,3 % zzgl. 19 % ges. MwSt.,{'is24qa-keller-label': ''}
Bieterverfahren ab 650.000 € | Hamburg - Moorwerder | Gepflegtes Ein- / Zweifamilienhaus in Elbnähe,650.000 €,"Wilhelmsburg, 21109 Hamburg
Die vollständige Adresse der Immobilie erhalten Sie vom Anbieter.",9,220 m²,1.644 m²,2.955 €/m²,Einfamilienhaus (freistehend),30 m²,nil,4,3,3 Außenstellplätze,"3,57 % inkl. gesetzlicher MwSt. (Käuferprovision)","{'is24qa-keller-label': '', 'is24qa-einliegerwohnung-label': ''}"
Hamburg - Hausbruch | Exklusive Villa mit hochwertiger Ausstattung in idyllischer Lage im Grünen,Auf Anfrage,"Hausbruch, 21149 Hamburg
Die vollständige Adresse der Immobilie erhalten Sie vom Anbieter.",6,311 m²,1.500 m²,nil,Villa,30 m²,nil,4,2,2 Carports,"3,57 % inkl. gesetzlicher MwSt. (Käuferprovision)","{'is24qa-gaeste-wc-label': '', 'is24qa-keller-label': ''}"
"Verbundenes Wohnhaus in Rissen: 5 + 2 Zimmer mit 2 Bäder, 3 Terrassen und Doppelgarage",998.500 €,"Rissen, 22559 Hamburg
Die vollständige Adresse der Immobilie erhalten Sie vom Anbieter.",5,180 m²,240 m²,5.547 €/m²,Doppelhaushälfte,nil,sofort,4,2,nil,"3,57% inkl. d. gesetzl. MwSt. bezogen auf den Kaufpreis","{'is24qa-gaeste-wc-label': '', 'is24qa-keller-label': ''}"
Moderner ansehnlicher Kfw40+ Bungalow mit Grundstück,950.884 €,"Eißendorf, 21077 Hamburg
Die vollständige Adresse der Immobilie erhalten Sie vom Anbieter.",4,121 m²,1.796 m²,7.859 €/m²,Bungalow,nil,2024,nil,nil,nil,Nein,{'is24qa-provisionsfrei-fuer-kaufende-label': ''}
Volksdorf: Reihenhauspartner in der Farmsener Landstraße 44 gesucht!,605.000 €,"Volksdorf, 22359 Hamburg
Die vollständige Adresse der Immobilie erhalten Sie vom Anbieter.",4,110 m²,292 m²,5.500 €/m²,Reiheneckhaus,nil,nil,3,2,1 Außenstellplatz,"Die Courtage beträgt 2,975% des beurkundeten Kaufpreises, inkl. Mehrwertsteuer",{}
Kaufpreisreduzierung! Charmantes Reihenmittelhaus in Langenhorn!,289.000 €,"Langenhorn, 22415 Hamburg
Die vollständige Adresse der Immobilie erhalten Sie vom Anbieter.",4,"72,6 m²",161 m²,3.981 €/m²,Reihenmittelhaus,"58,68 m²",nach Vereinbarung,3,nil,nil,"3,57 %","{'is24qa-online-besichtigung-moeglich-label': '', 'is24qa-gaeste-wc-label': '', 'is24qa-keller-label': ''}"
FRAHMS GÄRTEN - sonniges Stadthaus in Sasel,949.800 €,"Frahmredder 54,
Sasel, 22393 Hamburg",4,128 m²,450 m²,7.420 €/m²,Reiheneckhaus,nil,31.12.2025,3,1,1 Außenstellplatz,Nein,"{'is24qa-gaeste-wc-label': '', 'is24qa-provisionsfrei-fuer-kaufende-label': ''}"
FRAHMS GÄRTEN - sonniges Stadthaus in Sasel,869.800 €,"Frahmredder 54,
Sasel, 22393 Hamburg",4,121 m²,264 m²,7.188 €/m²,Reihenmittelhaus,nil,31.12.2025,3,1,1 Außenstellplatz,Nein,"{'is24qa-gaeste-wc-label': '', 'is24qa-provisionsfrei-fuer-kaufende-label': ''}"
FRAHMS GÄRTEN - sonniges Stadthaus in Sasel,929.800 €,"Frahmredder 54,
Sasel, 22393 Hamburg",4,128 m²,358 m²,7.264 €/m²,Reiheneckhaus,nil,31.12.2025,3,1,1 Außenstellplatz,Nein,"{'is24qa-gaeste-wc-label': '', 'is24qa-provisionsfrei-fuer-kaufende-label': ''}"
