title,price,address,rooms,living_space,property_area,price_per_m2,type,usable_area,available_from,bedrooms,bathrooms,garage_parking,buyer_commission,criteriagroup_boolean_listing
Großzügige sanierte Stadtvilla in begehrter Lage von Celle,855.000 €,"29221 Celle, Celle (Kreis)
Die vollständige Adresse der Immobilie erhalten Sie vom Anbieter.",9,275 m²,691 m²,3.109 €/m²,Villa,105 m²,nach Absprache,nil,4,4 Carports,"2,97% inkl. MwSt.","{'is24qa-gaeste-wc-label': '', 'is24qa-keller-label': '', 'is24qa-als-ferienhaus-geeignet-label': ''}"
"Handwerker aufgepasst! Großes Wohnhaus, Scheune und Nebengebäude mit viel Potenzial!",187.000 €,"29378 Wittingen, Gifhorn (Kreis)
Die vollständige Adresse der Immobilie erhalten Sie vom Anbieter.",7,222 m²,1.085 m²,842 €/m²,Bauernhaus,356 m²,nach Vereinbarung,nil,2,1 Stellplatz,"3,57 inkl. MwSt.","{'is24qa-online-besichtigung-moeglich-label': '', 'is24qa-keller-label': ''}"
### Sehr schön - hier zu wohnen! ###,290.000 €,"26345 Bockhorn, Friesland (Kreis)
Die vollständige Adresse der Immobilie erhalten Sie vom Anbieter.",5,"125,22 m²",314 m²,2.316 €/m²,Doppelhaushälfte,"24,02 m²",01.08.2024,4,1,nil,"3,0% inkl. 19% MwSt.","{'is24qa-gaeste-wc-label': '', 'is24qa-vermietet-label': ''}"
Geräumiges EFH Nahe Lüneburg,499.000 €,"21391 Reppenstedt, Lüneburg (Kreis)
Die vollständige Adresse der Immobilie erhalten Sie vom Anbieter.",6,136 m²,867 m²,3.669 €/m²,Einfamilienhaus (freistehend),50 m²,Nach Absprache,4,2,5 Stellplätze,"3,57% inkl. 19% MWST",{'is24qa-gaeste-wc-label': ''}
Hochwertiger Neubau - KfW 40+ - Kapitalanlage!,1.200.000 €,"26826 Weener, Leer (Kreis)
Die vollständige Adresse der Immobilie erhalten Sie vom Anbieter.",12,300 m²,827 m²,4.000 €/m²,Mehrfamilienhaus,nil,nach Fertigstellung,nil,nil,5 Stellplätze,"7,14% inkl. Mwst. inkl. MwSt.",{'is24qa-online-besichtigung-moeglich-label': ''}
Provisionsfrei! Idyllisch gelegenes Einfamilienhaus inmitten der Natur,390.000 €,"28865 Lilienthal, Osterholz (Kreis)
Die vollständige Adresse der Immobilie erhalten Sie vom Anbieter.",5,155 m²,1.005 m²,2.516 €/m²,Bungalow,40 m²,sofort,3,1,1 Garage,Nein,{'is24qa-provisionsfrei-fuer-kaufende-label': ''}
Einfamilienhaus mit ebenerdigem Wohnkonzept,279.000 €,"26524 Lütetsburg, Aurich (Kreis)
Die vollständige Adresse der Immobilie erhalten Sie vom Anbieter.",5,128 m²,761 m²,2.180 €/m²,Einfamilienhaus (freistehend),"15,4 m²",nach Vereinbarung,4,1,1 Stellplatz,3 % inkl. MwSt.,{'is24qa-gaeste-wc-label': ''}
Moderne KFW40-QNG Doppelhaus Stadtvilla mit Garage,497.999 €,"49143 Bissendorf, Osnabrück (Kreis)
Die vollständige Adresse der Immobilie erhalten Sie vom Anbieter.",5,"149,46 m²",329 m²,3.332 €/m²,Doppelhaushälfte,nil,nil,3,1,1 Garage,"3,57 %",{}
Wohnidylle mit privatem Seevezugang in Ortslage von Jesteburg!,995.000 €,"21266 Jesteburg, Harburg (Kreis)
Die vollständige Adresse der Immobilie erhalten Sie vom Anbieter.",5,173 m²,800 m²,5.751 €/m²,Einfamilienhaus (freistehend),19 m²,nach Vereinbarung,3,1,2 Carports,"3,5 % des Kaufpreises inkl. MwSt., zahlbar mit Vertragsabschluss durch den Erwerber",{}
Naturgelegenes Ein-/Zweifamilienhaus in ruhiger Lage - Idyllisch Wohnen auf dem Ith!,160.000 €,"37632 Eschershausen, Holzminden (Kreis)
Die vollständige Adresse der Immobilie erhalten Sie vom Anbieter.",8,180 m²,1.484 m²,889 €/m²,Mehrfamilienhaus,nil,Sofort,nil,2,nil,Nein,"{'is24qa-keller-label': '', 'is24qa-vermietet-label': '', 'is24qa-provisionsfrei-fuer-kaufende-label': ''}"
TT bietet an: Viel Platz und Raum auf zwei Ebenen! - Hübsches Einfamilienhaus als Winkel-Bung,269.000 €,"Rüstersiel, 26386 Wilhelmshaven
Die vollständige Adresse der Immobilie erhalten Sie vom Anbieter.",4,"132,33 m²",860 m²,2.033 €/m²,Einfamilienhaus (freistehend),"188,04 m²",nach Absprache,nil,nil,2 Außenstellplätze,"3,57 % inkl. MwSt",{}
Ein- bis Zweifamilienhaus in Peine / Vöhrum,398.000 €,"Wilhelm-Raabe-Str. 15,
31228 Peine, Peine (Kreis)",7,"206,74 m²",618 m²,1.925 €/m²,Besondere Immobilie,"133,97 m²",nil,nil,nil,1 Garage,"2,38% inkl. MwSt.","{'is24qa-gaeste-wc-label': '', 'is24qa-keller-label': '', 'is24qa-vermietet-label': ''}"
Charmantes Siedlungshaus in Langen,249.000 €,"27607 Langen, Cuxhaven (Kreis)
Die vollständige Adresse der Immobilie erhalten Sie vom Anbieter.","5,5",128 m²,835 m²,1.945 €/m²,Einfamilienhaus (freistehend),nil,nil,5,2,1 Garage,"3,57% des Kaufpreises",{'is24qa-keller-label': ''}
Bremerhaven - Langen | Einfamilienhaus mit vielen Möglichkeiten!,319.000 €,"27607 Langen, Cuxhaven (Kreis)
Die vollständige Adresse der Immobilie erhalten Sie vom Anbieter.",6,"180,7 m²",823 m²,1.765 €/m²,Einfamilienhaus (freistehend),"129,97 m²",Ab sofort,4,1,1 Garage,"3,57 % inkl. 19% MwSt. (Käuferprovision)","{'is24qa-gaeste-wc-label': '', 'is24qa-keller-label': ''}"
***RESERVIERT*** Osteel - Idealer Altersruhesitz! Schlüsself. Neubau-Bungalow mit Terrasse und Garte,335.000 €,"26529 Osteel, Aurich (Kreis)
Die vollständige Adresse der Immobilie erhalten Sie vom Anbieter.",3,100 m²,500 m²,3.350 €/m²,Einfamilienhaus (freistehend),nil,Nach Fertigstellung,2,1,1 Außenstellplatz,"Die Maklerprovision beträgt für den Käufer 2,975% vom Kaufpreis inkl. der ges. MwSt..",{}
!!Aufgepasst!! Großes Einfamilienhaus in ruhiger Lage mit 3x Garagen,149.900 €,"26817 Rhauderfehn, Leer (Kreis)
Die vollständige Adresse der Immobilie erhalten Sie vom Anbieter.",7,160 m²,1.464 m²,937 €/m²,Einfamilienhaus (freistehend),nil,nil,5,2,nil,"2,975% inkl. ges. MwSt.",{}
"Bad Zwischenahn: Zweifamilienhaus mit Blick ins Grüne, Obj. 7264",649.000 €,"26160 Bad Zwischenahn, Ammerland (Kreis)
Die vollständige Adresse der Immobilie erhalten Sie vom Anbieter.",6,262 m²,854 m²,2.477 €/m²,Mehrfamilienhaus,"49,84 m²",nach Absprache,3,2,nil,"3,57 inkl. MwSt.",{'is24qa-gaeste-wc-label': ''}
"Stilvolles Wohnvergnügen: Haus mit Wintergarten und Doppelgarage für höchsten Komfort, nahe der Nord",289.000 €,"26553 Dornum, Aurich (Kreis)
Die vollständige Adresse der Immobilie erhalten Sie vom Anbieter.",5,150 m²,775 m²,1.927 €/m²,Einfamilienhaus (freistehend),"40,7 m²",sofort Verfügbar,2,2,nil,"Beträgt 3,57% (inkl. MwSt.) des beurkundeten Kaufpreises.","{'is24qa-online-besichtigung-moeglich-label': '', 'is24qa-keller-label': '', 'is24qa-einliegerwohnung-label': ''}"
Traumhaus in Wennigsen mit eigenem Park und separatem Bungalow! Mehrgenerationenhaus möglich!,1.299.000 €,"Heckenrosenweg 1,
30974 Wennigsen (Deister), Hannover (Kreis)",7,582 m²,3.581 m²,2.232 €/m²,Einfamilienhaus (freistehend),nil,nach Absprache,nil,nil,nil,"2,38%","{'is24qa-gaeste-wc-label': '', 'is24qa-keller-label': ''}"
Connect 1 - Moderner Bungalow für Wohngemeinschaften,723.659 €,"3100 Elze, Hildesheim (Kreis)
Die vollständige Adresse der Immobilie erhalten Sie vom Anbieter.",6,205 m²,634 m²,3.530 €/m²,nil,nil,nil,4,4,nil,Nein,"{'is24qa-stufenloser-zugang-label': '', 'is24qa-provisionsfrei-fuer-kaufende-label': ''}"
