title,price,address,rooms,living_space,property_area,price_per_m2,type,usable_area,available_from,bedrooms,bathrooms,garage_parking,buyer_commission,criteriagroup_boolean_listing
Grundstück inklusive-Top EFH in sehr gefragter Lage,975.000 €,"74223 Flein, Heilbronn (Kreis)
Die vollständige Adresse der Immobilie erhalten Sie vom Anbieter.",5,170 m²,420 m²,5.735 €/m²,Einfamilienhaus (freistehend),nil,nil,3,2,Außenstellplatz,"3,57 + gesetzlich vorgeschriebener Mwst","{'is24qa-gaeste-wc-label': '', 'is24qa-stufenloser-zugang-label': ''}"
***CHARMANTE GROßZÜGIGE STADTVILLA MIT GROßEM GRUNDSTÜCK***,628.000 €,"68766 Hockenheim, Rhein-Neckar-Kreis
Die vollständige Adresse der Immobilie erhalten Sie vom Anbieter.",12,"245,88 m²",519 m²,2.554 €/m²,Mehrfamilienhaus,"115,21 m²",nach Vereinbarung,6,3,3 Außenstellplätze,"2,98 % incl. MwSt., Annahme durch Anfrage, fällig bei notarieller Beurkundung des Kaufvertrags",{'is24qa-keller-label': ''}
Innenstadt-Stadthaus im Vintage-Style!,408.000 €,"Villingen, 78050 Villingen-Schwenningen
Die vollständige Adresse der Immobilie erhalten Sie vom Anbieter.",5,140 m²,51 m²,2.914 €/m²,Wohnimmobilie (sonstige),nil,nach Vereinbarung,3,2,3 Garagen,"3,57 %",{}
Tolles Zweifamilienhaus mit viel Fläche für Ihre Pferde!,688.000 €,"78607 Talheim, Tuttlingen (Kreis)
Die vollständige Adresse der Immobilie erhalten Sie vom Anbieter.",9,208 m²,6.350 m²,3.308 €/m²,Wohnimmobilie (sonstige),nil,nach Vereinbarung,6,2,3 Garagen,"3,57 %","{'is24qa-gaeste-wc-label': '', 'is24qa-keller-label': '', 'is24qa-als-ferienhaus-geeignet-label': ''}"
Moderner Bungalow mit toller Ausstattung und großem Garten in Walzbachtal,869.000 €,"75045 Walzbachtal, Karlsruhe (Kreis)
Die vollständige Adresse der Immobilie erhalten Sie vom Anbieter.",4,"125,36 m²",1.600 m²,6.932 €/m²,Bungalow,0 m²,Nach Vereinbarung,3,2,5 Außenstellplätze,"3,57% vom Kaufpreis inkl. MwSt.",{}
LANDWIRTSCHAFTLICHE GEBÄUDE - BAUGRUNDSTÜCK / ENTWICKLUNGSGRUNDSTÜCK - IM HERZEN VON PLIEZH.-GNIEBEL,833.000 €,"Walddorfer Straße 22,
72124 Pliezhausen, Reutlingen (Kreis)",5,140 m²,1.530 m²,5.950 €/m²,nil,60 m²,nil,3,nil,3 Außenstellplätze,"2,38 % a.d. Kaufpreis, incl. 19% MwSt.",{'is24qa-keller-label': ''}
Markantes Atelierhaus in attraktiver Lage!,549.000 €,"89171 Illerkirchberg, Alb-Donau-Kreis
Die vollständige Adresse der Immobilie erhalten Sie vom Anbieter.",9,"255,45 m²",345 m²,2.149 €/m²,nil,nil,sofort,nil,2,nil,"3,57% inkl. gesetzlicher MwSt.",{'is24qa-keller-label': ''}
Einfamilienhaus mit Einliegerwohnung,600.000 €,"78652 Deißlingen, Rottweil (Kreis)
Die vollständige Adresse der Immobilie erhalten Sie vom Anbieter.",6,"208,34 m²",705 m²,2.880 €/m²,Einfamilienhaus (freistehend),"71,12 m²",ab sofort,2,2,1 Garage,Nein,"{'is24qa-online-besichtigung-moeglich-label': '', 'is24qa-einliegerwohnung-label': '', 'is24qa-provisionsfrei-fuer-kaufende-label': ''}"
Besondere Villa in Ketsch,1.300.000 €,"68775 Ketsch, Rhein-Neckar-Kreis
Die vollständige Adresse der Immobilie erhalten Sie vom Anbieter.",8,266 m²,710 m²,4.887 €/m²,Einfamilienhaus (freistehend),138 m²,sofort,3,2,4 Stellplätze,"3,57 % inkl. ges. MwSt.",{}
"1-2 FH, optimal für individuelle Veränderungen, herrlicher Garten, Balkon, Terrasse, Garage uvm.",419.000 €,"Mozartstraße 14,
69502 Hemsbach, Rhein-Neckar-Kreis",7,156 m²,378 m²,2.686 €/m²,Mehrfamilienhaus,118 m²,kurzfristig,5,2,1 Garage,"4,76 % inkl. der gesetzl. MwSt.",{'is24qa-keller-label': ''}
"**Zwei Doppelhaushälften** mit großem Garten, Garage, Stellplatz in Aldingen",464.000 €,"78554 Aldingen, Tuttlingen (Kreis)
Die vollständige Adresse der Immobilie erhalten Sie vom Anbieter.",10,227 m²,765 m²,2.044 €/m²,Mehrfamilienhaus,53 m²,nil,4,2,2 Garagen,"3,57 % inkl. MwSt.","{'is24qa-gaeste-wc-label': '', 'is24qa-keller-label': ''}"
"Vermietetes, schmuckes 3-Familienhaus im Allgäu",585.000 €,"88267 Vogt, Ravensburg (Kreis)
Die vollständige Adresse der Immobilie erhalten Sie vom Anbieter.",9,250 m²,802 m²,2.340 €/m²,Mehrfamilienhaus,nil,nil,3,3,3 Garagen,"3,57 % inkl. MwSt.","{'is24qa-gaeste-wc-label': '', 'is24qa-vermietet-label': ''}"
Mehrgenerationen-Haus zur kreativen Gestaltung,349.000 €,"78187 Geisingen, Tuttlingen (Kreis)
Die vollständige Adresse der Immobilie erhalten Sie vom Anbieter.",11,290 m²,397 m²,1.203 €/m²,Mehrfamilienhaus,nil,01.07.2024,8,3,2 Garagen,"3,57 % inkl. MwSt.","{'is24qa-gaeste-wc-label': '', 'is24qa-keller-label': '', 'is24qa-einliegerwohnung-label': ''}"
Großes Einfamilienhaus zum wohlfühlen! Ruhige Lage und Zentral!,748.000 €,"75446 Wiernsheim, Enzkreis
Die vollständige Adresse der Immobilie erhalten Sie vom Anbieter.",7,182 m²,634 m²,4.110 €/m²,Einfamilienhaus (freistehend),100 m²,nach Vereinbarung,5,2,2 Garagen,"3,57 % inkl. der gesetzlichen MwSt.","{'is24qa-gaeste-wc-label': '', 'is24qa-keller-label': ''}"
"Die Gelegenheit in Mönsheim, Ein-Zweifamilienhaus mit großem Garten!",599.000 €,"71297 Mönsheim, Enzkreis
Die vollständige Adresse der Immobilie erhalten Sie vom Anbieter.",5,129 m²,840 m²,4.643 €/m²,Einfamilienhaus (freistehend),100 m²,ab sofort,4,2,2 Garagen,"2,98 % inkl. der gesetzlichen MwSt.",{'is24qa-keller-label': ''}
"Platz, Platz, Platz! Architektonisch interessantes und sofort beziehbares Haus in Gschwend",549.000 €,"74417 Gschwend, Ostalbkreis
Die vollständige Adresse der Immobilie erhalten Sie vom Anbieter.",7,214 m²,814 m²,2.565 €/m²,Mehrfamilienhaus,nil,sofort,nil,nil,2 Garagen,"3,57 % vom Kaufpreis inkl. 19 % MwSt.","{'is24qa-gaeste-wc-label': '', 'is24qa-keller-label': '', 'is24qa-einliegerwohnung-label': ''}"
Reihenmittelhaus für die ganze Familie -einziehen und wohlfühlen- in Sandhausen,650.000 €,"69207 Sandhausen, Rhein-Neckar-Kreis
Die vollständige Adresse der Immobilie erhalten Sie vom Anbieter.",5,151 m²,186 m²,4.305 €/m²,Reihenmittelhaus,"50,09 m²",nach Absprache,3,2,2 Stellplätze,"3,57%","{'is24qa-gaeste-wc-label': '', 'is24qa-keller-label': ''}"
+++Geräumiges 3 Familienhaus mit Garten und Garage in zentraler Lage+++,769.000 €,"Giebel, 70499 Stuttgart
Die vollständige Adresse der Immobilie erhalten Sie vom Anbieter.",8,"174,97 m²",307 m²,4.395 €/m²,Mehrfamilienhaus,nil,Nach Absprache,nil,3,2 Garagen,"2,38 % inkl. MwSt.","{'is24qa-online-besichtigung-moeglich-label': '', 'is24qa-keller-label': ''}"
Anpacker aufgepasst!!!,250.000 €,"Reutlingen, 72762 Reutlingen
Die vollständige Adresse der Immobilie erhalten Sie vom Anbieter.",4,"136,07 m²",0 m²,1.837 €/m²,nil,nil,nil,3,1,nil,nil,{'is24qa-gaeste-wc-label': ''}
"moderne Doppelhaushälfte mit WP, PV mit Speicher, Küche",430.300 €,"88299 Leutkirch im Allgäu, Ravensburg (Kreis)
Die vollständige Adresse der Immobilie erhalten Sie vom Anbieter.",5,"131,34 m²",300 m²,3.276 €/m²,Doppelhaushälfte,nil,nil,3,1,nil,Nein,"{'is24qa-gaeste-wc-label': '', 'is24qa-keller-label': '', 'is24qa-provisionsfrei-fuer-kaufende-label': ''}"
2 Doppelhaushälften auf vorhandenem Baugrundstück,855.000 €,"88267 Vogt, Ravensburg (Kreis)
Die vollständige Adresse der Immobilie erhalten Sie vom Anbieter.",8,265 m²,610 m²,3.226 €/m²,Mehrfamilienhaus,nil,nil,6,2,nil,Nein,"{'is24qa-gaeste-wc-label': '', 'is24qa-keller-label': '', 'is24qa-provisionsfrei-fuer-kaufende-label': ''}"
Modernes EFH zum Jubiläumspreis,525.740 €,"88260 Argenbühl, Ravensburg (Kreis)
Die vollständige Adresse der Immobilie erhalten Sie vom Anbieter.",5,"150,29 m²",500 m²,3.498 €/m²,Einfamilienhaus (freistehend),nil,nil,3,1,nil,Nein,"{'is24qa-gaeste-wc-label': '', 'is24qa-keller-label': '', 'is24qa-provisionsfrei-fuer-kaufende-label': ''}"
Modernes EFH mit vorhandenem Baugrundstück,621.740 €,"88697 Bermatingen, Bodenseekreis
Die vollständige Adresse der Immobilie erhalten Sie vom Anbieter.",5,143 m²,295 m²,4.348 €/m²,Einfamilienhaus (freistehend),nil,nil,3,1,nil,Nein,"{'is24qa-gaeste-wc-label': '', 'is24qa-keller-label': '', 'is24qa-provisionsfrei-fuer-kaufende-label': ''}"
Moderne DHH mit vorhandenem Baugrundstück,595.340 €,"88697 Bermatingen, Bodenseekreis
Die vollständige Adresse der Immobilie erhalten Sie vom Anbieter.",5,127 m²,295 m²,4.688 €/m²,Doppelhaushälfte,nil,nil,3,1,nil,Nein,"{'is24qa-gaeste-wc-label': '', 'is24qa-keller-label': '', 'is24qa-provisionsfrei-fuer-kaufende-label': ''}"
Modernes EFH mit vorhandenem Baugrundstück,531.740 €,"88099 Neukirch, Bodenseekreis
Die vollständige Adresse der Immobilie erhalten Sie vom Anbieter.",5,143 m²,700 m²,3.718 €/m²,Einfamilienhaus (freistehend),nil,nil,3,1,nil,Nein,"{'is24qa-gaeste-wc-label': '', 'is24qa-keller-label': '', 'is24qa-provisionsfrei-fuer-kaufende-label': ''}"
Modernes EFH mit vorhandenem Baugrundstück,655.123 €,"88709 Meersburg, Bodenseekreis
Die vollständige Adresse der Immobilie erhalten Sie vom Anbieter.",4,"112,94 m²",350 m²,5.801 €/m²,Einfamilienhaus (freistehend),nil,nil,3,1,nil,Nein,"{'is24qa-gaeste-wc-label': '', 'is24qa-keller-label': '', 'is24qa-provisionsfrei-fuer-kaufende-label': ''}"
Moderne DHH mit vorhandenem Baugrundstück,550.840 €,"88709 Meersburg, Bodenseekreis
Die vollständige Adresse der Immobilie erhalten Sie vom Anbieter.",4,"112,94 m²",250 m²,4.877 €/m²,Doppelhaushälfte,nil,nil,3,1,nil,Nein,"{'is24qa-gaeste-wc-label': '', 'is24qa-keller-label': '', 'is24qa-provisionsfrei-fuer-kaufende-label': ''}"
Großzügiger Bungalow auf riesigem Baugrundstück,1.070.530 €,"88147 Achberg, Ravensburg (Kreis)
Die vollständige Adresse der Immobilie erhalten Sie vom Anbieter.",6,"176,91 m²",2.000 m²,6.051 €/m²,Bungalow,nil,nil,4,1,nil,Nein,"{'is24qa-gaeste-wc-label': '', 'is24qa-keller-label': '', 'is24qa-provisionsfrei-fuer-kaufende-label': ''}"
Großzügiger Bungalow auf riesigem Baugrundstück,990.410 €,"88147 Achberg, Ravensburg (Kreis)
Die vollständige Adresse der Immobilie erhalten Sie vom Anbieter.",5,"176,91 m²",2.000 m²,5.598 €/m²,Bungalow,nil,nil,3,1,nil,Nein,"{'is24qa-gaeste-wc-label': '', 'is24qa-provisionsfrei-fuer-kaufende-label': ''}"
Modernes 2 Familienhaus mit vorhandenem Baugrundstück,1.185.230 €,"88212 Ravensburg, Ravensburg (Kreis)
Die vollständige Adresse der Immobilie erhalten Sie vom Anbieter.",8,"239,85 m²",490 m²,4.942 €/m²,Mehrfamilienhaus,nil,nil,6,2,nil,Nein,"{'is24qa-gaeste-wc-label': '', 'is24qa-keller-label': '', 'is24qa-provisionsfrei-fuer-kaufende-label': ''}"
Modernes 2 Familienhaus mit vorhandenem Baugrundstück,1.225.730 €,"88212 Ravensburg, Ravensburg (Kreis)
Die vollständige Adresse der Immobilie erhalten Sie vom Anbieter.",8,"263,27 m²",490 m²,4.656 €/m²,Mehrfamilienhaus,nil,nil,6,2,nil,Nein,"{'is24qa-gaeste-wc-label': '', 'is24qa-keller-label': '', 'is24qa-provisionsfrei-fuer-kaufende-label': ''}"
Moderne Doppelhaushälfte mit vorhandenem Baugrundstück,685.610 €,"88212 Ravensburg, Ravensburg (Kreis)
Die vollständige Adresse der Immobilie erhalten Sie vom Anbieter.",4,"127,49 m²",245 m²,5.378 €/m²,Doppelhaushälfte,nil,nil,3,1,nil,Nein,"{'is24qa-gaeste-wc-label': '', 'is24qa-keller-label': '', 'is24qa-provisionsfrei-fuer-kaufende-label': ''}"
Modernes Einfamilienhaus mit vorhandenem Baugrundstück,798.550 €,"88214 Ravensburg, Ravensburg (Kreis)
Die vollständige Adresse der Immobilie erhalten Sie vom Anbieter.",5,"135,82 m²",660 m²,5.879 €/m²,Einfamilienhaus (freistehend),nil,nil,3,1,nil,Nein,"{'is24qa-gaeste-wc-label': '', 'is24qa-keller-label': '', 'is24qa-provisionsfrei-fuer-kaufende-label': ''}"
Modernes Einfamilienhaus mit vorhandenem Baugrundstück,895.550 €,"88214 Ravensburg, Ravensburg (Kreis)
Die vollständige Adresse der Immobilie erhalten Sie vom Anbieter.",6,"204,85 m²",660 m²,4.372 €/m²,Einfamilienhaus (freistehend),nil,nil,4,1,nil,Nein,"{'is24qa-gaeste-wc-label': '', 'is24qa-keller-label': '', 'is24qa-provisionsfrei-fuer-kaufende-label': ''}"
Modernes Einfamilienhaus mit vorhandenem Baugrundstück,540.610 €,"88299 Leutkirch im Allgäu, Ravensburg (Kreis)
Die vollständige Adresse der Immobilie erhalten Sie vom Anbieter.",5,"140,25 m²",510 m²,3.855 €/m²,Einfamilienhaus (freistehend),nil,nil,3,1,nil,Nein,"{'is24qa-gaeste-wc-label': '', 'is24qa-keller-label': '', 'is24qa-provisionsfrei-fuer-kaufende-label': ''}"
Modernes Einfamilienhaus mit vorhandenem Baugrundstück,590.730 €,"88239 Wangen im Allgäu, Ravensburg (Kreis)
Die vollständige Adresse der Immobilie erhalten Sie vom Anbieter.",5,"140,25 m²",450 m²,4.212 €/m²,Einfamilienhaus (freistehend),nil,nil,3,1,nil,Nein,"{'is24qa-gaeste-wc-label': '', 'is24qa-keller-label': '', 'is24qa-provisionsfrei-fuer-kaufende-label': ''}"
Modernes Doppelhaus mit vorhandenem Baugrundstück,481.730 €,"88299 Leutkirch im Allgäu, Ravensburg (Kreis)
Die vollständige Adresse der Immobilie erhalten Sie vom Anbieter.",5,"127,49 m²",300 m²,3.779 €/m²,Doppelhaushälfte,nil,nil,3,1,nil,Nein,"{'is24qa-gaeste-wc-label': '', 'is24qa-keller-label': '', 'is24qa-provisionsfrei-fuer-kaufende-label': ''}"
Modernes Doppelhaus mit vorhandenem Baugrundstück,591.730 €,"88281 Schlier, Ravensburg (Kreis)
Die vollständige Adresse der Immobilie erhalten Sie vom Anbieter.",5,"127,49 m²",590 m²,4.641 €/m²,Doppelhaushälfte,nil,nil,3,1,nil,Nein,"{'is24qa-gaeste-wc-label': '', 'is24qa-keller-label': '', 'is24qa-provisionsfrei-fuer-kaufende-label': ''}"
Modernes Doppelhaus mit vorhandenem Baugrundstück,625.830 €,"88281 Schlier, Ravensburg (Kreis)
Die vollständige Adresse der Immobilie erhalten Sie vom Anbieter.",5,"127,49 m²",1.000 m²,4.909 €/m²,Doppelhaushälfte,nil,nil,3,1,nil,Nein,"{'is24qa-gaeste-wc-label': '', 'is24qa-keller-label': '', 'is24qa-provisionsfrei-fuer-kaufende-label': ''}"
Modernes EFH zum Jubiläumspreis mit vorhandenem Baugrundstück,493.000 €,"88339 Bad Waldsee, Ravensburg (Kreis)
Die vollständige Adresse der Immobilie erhalten Sie vom Anbieter.",5,"165,89 m²",590 m²,2.972 €/m²,Einfamilienhaus (freistehend),nil,nil,3,1,nil,Nein,"{'is24qa-gaeste-wc-label': '', 'is24qa-provisionsfrei-fuer-kaufende-label': ''}"
Modernes EFH zum Jubiläumspreis mit vorhandenem Baugrundstück,663.070 €,"88682 Salem, Bodenseekreis
Die vollständige Adresse der Immobilie erhalten Sie vom Anbieter.",5,"165,89 m²",800 m²,3.997 €/m²,Einfamilienhaus (freistehend),nil,nil,3,1,nil,Nein,"{'is24qa-gaeste-wc-label': '', 'is24qa-provisionsfrei-fuer-kaufende-label': ''}"
Modernes Einfamilienhaus mit vorhandenem Baugrundstück,603.730 €,"88212 Ravensburg, Ravensburg (Kreis)
Die vollständige Adresse der Immobilie erhalten Sie vom Anbieter.",5,"126,08 m²",260 m²,4.788 €/m²,Einfamilienhaus (freistehend),nil,nil,3,1,nil,Nein,"{'is24qa-gaeste-wc-label': '', 'is24qa-keller-label': '', 'is24qa-provisionsfrei-fuer-kaufende-label': ''}"
Anpacker aufgepasst!!! Inkl. Grundstück,380.000 €,"72820 Sonnenbühl, Reutlingen (Kreis)
Die vollständige Adresse der Immobilie erhalten Sie vom Anbieter.",4,120 m²,782 m²,3.167 €/m²,nil,nil,nil,3,1,nil,nil,{'is24qa-gaeste-wc-label': ''}
Häuslebauer aufgepasst! Inkl. Grundstück,466.429 €,"72820 Sonnenbühl, Reutlingen (Kreis)
Die vollständige Adresse der Immobilie erhalten Sie vom Anbieter.",4,"124,9 m²",396 m²,3.734 €/m²,nil,nil,nil,3,1,nil,nil,{'is24qa-gaeste-wc-label': ''}
Wir bauen Ihr Traumhaus inkl. Grundstück,397.800 €,"72820 Sonnenbühl, Reutlingen (Kreis)
Die vollständige Adresse der Immobilie erhalten Sie vom Anbieter.",4,115 m²,782 m²,3.459 €/m²,Einfamilienhaus (freistehend),nil,nil,3,1,nil,Nein,"{'is24qa-gaeste-wc-label': '', 'is24qa-provisionsfrei-fuer-kaufende-label': ''}"
Achtung Preishammer!! Inkl. Grundstück,454.149 €,"72181 Starzach, Tübingen (Kreis)
Die vollständige Adresse der Immobilie erhalten Sie vom Anbieter.",6,120 m²,550 m²,3.785 €/m²,Mehrfamilienhaus,nil,nil,5,1,nil,nil,"{'is24qa-gaeste-wc-label': '', 'is24qa-stufenloser-zugang-label': '', 'is24qa-einliegerwohnung-label': ''}"
Ihr Traumhaus von allkauf!,446.919 €,"Pfrondorf, 72075 Tübingen
Die vollständige Adresse der Immobilie erhalten Sie vom Anbieter.",6,"208,7 m²",0 m²,2.141 €/m²,Einfamilienhaus (freistehend),nil,nil,5,1,nil,nil,{'is24qa-gaeste-wc-label': ''}
Ihre persönliche Oase der Ruhe,387.549 €,"Pfrondorf, 72074 Tübingen
Die vollständige Adresse der Immobilie erhalten Sie vom Anbieter.",4,"159,28 m²",0 m²,2.433 €/m²,Bungalow,nil,nil,3,1,nil,nil,{'is24qa-stufenloser-zugang-label': ''}
Ihr Traumhaus von allkauf!,446.919 €,"72820 Sonnenbühl, Reutlingen (Kreis)
Die vollständige Adresse der Immobilie erhalten Sie vom Anbieter.",6,"208,7 m²",0 m²,2.141 €/m²,Einfamilienhaus (freistehend),nil,nil,5,1,nil,nil,{'is24qa-gaeste-wc-label': ''}
Ihr Traumhaus von allkauf!,446.919 €,"72145 Hirrlingen, Tübingen (Kreis)
Die vollständige Adresse der Immobilie erhalten Sie vom Anbieter.",6,"208,7 m²",0 m²,2.141 €/m²,Einfamilienhaus (freistehend),nil,nil,5,1,nil,nil,{'is24qa-gaeste-wc-label': ''}
Ihre persönliche Oase der Ruhe,387.549 €,"72820 Sonnenbühl, Reutlingen (Kreis)
Die vollständige Adresse der Immobilie erhalten Sie vom Anbieter.",4,"159,28 m²",0 m²,2.433 €/m²,Bungalow,nil,nil,3,1,nil,nil,{'is24qa-stufenloser-zugang-label': ''}
Ihre persönliche Oase der Ruhe,387.549 €,"72145 Hirrlingen, Tübingen (Kreis)
Die vollständige Adresse der Immobilie erhalten Sie vom Anbieter.",4,"159,28 m²",0 m²,2.433 €/m²,Bungalow,nil,nil,3,1,nil,nil,{'is24qa-stufenloser-zugang-label': ''}
KICK-OFF 3 - unser Aktionshaus!,250.000 €,"Derendingen, 72072 Tübingen
Die vollständige Adresse der Immobilie erhalten Sie vom Anbieter.",4,"136,07 m²",0 m²,1.837 €/m²,nil,nil,nil,3,1,nil,nil,{'is24qa-gaeste-wc-label': ''}
Anpacker aufgepasst!!!,250.000 €,"Derendingen, 72072 Tübingen
Die vollständige Adresse der Immobilie erhalten Sie vom Anbieter.",4,"136,07 m²",0 m²,1.837 €/m²,nil,nil,nil,3,1,nil,nil,{'is24qa-gaeste-wc-label': ''}
Achtung Achtung !! Unser Preishammer!!,250.000 €,"72116 Mössingen, Tübingen (Kreis)
Die vollständige Adresse der Immobilie erhalten Sie vom Anbieter.",4,"136,07 m²",0 m²,1.837 €/m²,nil,nil,nil,3,1,nil,nil,{'is24qa-gaeste-wc-label': ''}
Häuslebauer Aufgepasst!,250.000 €,"72411 Bodelshausen, Tübingen (Kreis)
Die vollständige Adresse der Immobilie erhalten Sie vom Anbieter.",4,"136,07 m²",0 m²,1.837 €/m²,nil,nil,nil,3,1,nil,nil,{'is24qa-gaeste-wc-label': ''}
Häuslebauer Aufgepasst!,250.000 €,"72108 Rottenburg am Neckar, Tübingen (Kreis)
Die vollständige Adresse der Immobilie erhalten Sie vom Anbieter.",4,"136,07 m²",0 m²,1.837 €/m²,nil,nil,nil,3,1,nil,nil,{'is24qa-gaeste-wc-label': ''}
"Doppelhaushälfte inkl. Bauplatz, Bezugsfertig",734.223 €,"Altenburg, 72768 Reutlingen
Die vollständige Adresse der Immobilie erhalten Sie vom Anbieter.",4,"129,8 m²",301 m²,5.657 €/m²,Doppelhaushälfte,nil,nil,3,1,nil,nil,"{'is24qa-gaeste-wc-label': '', 'is24qa-keller-label': ''}"
Doppelhaushälfte inkl. Bauplatz,635.223 €,"Altenburg, 72768 Reutlingen
Die vollständige Adresse der Immobilie erhalten Sie vom Anbieter.",4,"129,8 m²",301 m²,4.894 €/m²,Doppelhaushälfte,nil,nil,3,1,nil,nil,"{'is24qa-gaeste-wc-label': '', 'is24qa-keller-label': ''}"
Anpacker aufgepasst!! Inkl. Grundstück,465.429 €,"72805 Lichtenstein, Reutlingen (Kreis)
Die vollständige Adresse der Immobilie erhalten Sie vom Anbieter.",4,"124,9 m²",396 m²,3.726 €/m²,nil,nil,nil,3,1,nil,nil,{'is24qa-gaeste-wc-label': ''}
Häuslebauer aufgepasst! Inkl. Grundstück,466.429 €,"72181 Starzach, Tübingen (Kreis)
Die vollständige Adresse der Immobilie erhalten Sie vom Anbieter.",4,"124,9 m²",396 m²,3.734 €/m²,nil,nil,nil,3,1,nil,nil,{'is24qa-gaeste-wc-label': ''}
"Zwillingstraum, das Doppelhaus! Inkl. Grundstück",395.000 €,"72181 Starzach, Tübingen (Kreis)
Die vollständige Adresse der Immobilie erhalten Sie vom Anbieter.",3,"113,64 m²",484 m²,3.476 €/m²,Doppelhaushälfte,nil,nil,2,1,nil,nil,"{'is24qa-gaeste-wc-label': '', 'is24qa-stufenloser-zugang-label': ''}"
Dein individuelles Traumhaus Inkl. Grundstück,498.115 €,"72181 Starzach, Tübingen (Kreis)
Die vollständige Adresse der Immobilie erhalten Sie vom Anbieter.",5,"172,25 m²",566 m²,2.892 €/m²,Einfamilienhaus (freistehend),nil,nil,4,1,nil,nil,{'is24qa-gaeste-wc-label': ''}
Anpacker aufgepasst!! Inkl. Grundstück,448.500 €,"72181 Starzach, Tübingen (Kreis)
Die vollständige Adresse der Immobilie erhalten Sie vom Anbieter.",5,"249,5 m²",533 m²,1.798 €/m²,Villa,nil,nil,4,1,nil,nil,"{'is24qa-gaeste-wc-label': '', 'is24qa-stufenloser-zugang-label': ''}"
Ihr Doppelhaus Inkl. Grundstück!,493.390 €,"72581 Dettingen an der Erms, Reutlingen (Kreis)
Die vollständige Adresse der Immobilie erhalten Sie vom Anbieter.",3,"113,64 m²",0 m²,4.342 €/m²,Doppelhaushälfte,nil,nil,2,1,nil,nil,"{'is24qa-gaeste-wc-label': '', 'is24qa-stufenloser-zugang-label': ''}"
Ihr Traumhaus inkl. Grundstück,660.559 €,"72581 Dettingen an der Erms, Reutlingen (Kreis)
Die vollständige Adresse der Immobilie erhalten Sie vom Anbieter.",5,120 m²,0 m²,5.505 €/m²,Einfamilienhaus (freistehend),nil,nil,3,1,nil,nil,{'is24qa-gaeste-wc-label': ''}
Ein Haus für die ganze Familie,675.000 €,"72581 Dettingen an der Erms, Reutlingen (Kreis)
Die vollständige Adresse der Immobilie erhalten Sie vom Anbieter.",7,"237,19 m²",0 m²,2.846 €/m²,Mehrfamilienhaus,nil,nil,5,2,1 Garage,nil,"{'is24qa-gaeste-wc-label': '', 'is24qa-stufenloser-zugang-label': '', 'is24qa-einliegerwohnung-label': ''}"
Aktion für Selbermacher,316.950 €,"72124 Pliezhausen, Reutlingen (Kreis)
Die vollständige Adresse der Immobilie erhalten Sie vom Anbieter.",4,120 m²,0 m²,2.641 €/m²,Einfamilienhaus (freistehend),nil,nil,3,1,nil,nil,{'is24qa-gaeste-wc-label': ''}
Hier ist es Ihr neues Traumhaus,398.115 €,"72124 Pliezhausen, Reutlingen (Kreis)
Die vollständige Adresse der Immobilie erhalten Sie vom Anbieter.",5,"172,25 m²",0 m²,2.311 €/m²,Einfamilienhaus (freistehend),nil,nil,4,1,nil,nil,{'is24qa-gaeste-wc-label': ''}
Ihr Haus fürs Leben und die Familie!,398.115 €,"72141 Walddorfhäslach, Reutlingen (Kreis)
Die vollständige Adresse der Immobilie erhalten Sie vom Anbieter.",5,"172,25 m²",0 m²,2.311 €/m²,Einfamilienhaus (freistehend),nil,nil,4,1,nil,nil,{'is24qa-gaeste-wc-label': ''}
Sie wollen bauen? Wir ermöglichen es Ihnen!,398.115 €,"72555 Metzingen, Reutlingen (Kreis)
Die vollständige Adresse der Immobilie erhalten Sie vom Anbieter.",5,"172,25 m²",0 m²,2.311 €/m²,Einfamilienhaus (freistehend),nil,nil,4,1,nil,nil,{'is24qa-gaeste-wc-label': ''}
Der perfekte Partner für Ihr Bauvorhaben!,398.115 €,"72574 Bad Urach, Reutlingen (Kreis)
Die vollständige Adresse der Immobilie erhalten Sie vom Anbieter.",5,"172,25 m²",0 m²,2.311 €/m²,Einfamilienhaus (freistehend),nil,nil,4,1,nil,nil,{'is24qa-gaeste-wc-label': ''}
allkauf der perfekte Partner für ihr Bauvorhaben,398.115 €,"72581 Dettingen an der Erms, Reutlingen (Kreis)
Die vollständige Adresse der Immobilie erhalten Sie vom Anbieter.",5,"172,25 m²",0 m²,2.311 €/m²,Einfamilienhaus (freistehend),nil,nil,4,1,nil,nil,{'is24qa-gaeste-wc-label': ''}
Eigenheim selber bauen leicht gemacht!,398.115 €,"72582 Grabenstetten, Reutlingen (Kreis)
Die vollständige Adresse der Immobilie erhalten Sie vom Anbieter.",5,"172,25 m²",0 m²,2.311 €/m²,Einfamilienhaus (freistehend),nil,nil,4,1,nil,nil,{'is24qa-gaeste-wc-label': ''}
Sie haben vor ein Haus zu bauen? Wir helfen Ihnen!,398.115 €,"Ohmenhausen, 72760 Reutlingen
Die vollständige Adresse der Immobilie erhalten Sie vom Anbieter.",5,"172,25 m²",0 m²,2.311 €/m²,Einfamilienhaus (freistehend),nil,nil,4,1,nil,nil,{'is24qa-gaeste-wc-label': ''}
Wir bauen für Sie Ihr Traumhaus! allkauf!,398.115 €,"72532 Gomadingen, Reutlingen (Kreis)
Die vollständige Adresse der Immobilie erhalten Sie vom Anbieter.",5,"172,25 m²",0 m²,2.311 €/m²,Einfamilienhaus (freistehend),nil,nil,4,1,nil,nil,{'is24qa-gaeste-wc-label': ''}
"Ihr Bauvorhaben, Wir als Partner! allkauf!",398.115 €,"72820 Sonnenbühl, Reutlingen (Kreis)
Die vollständige Adresse der Immobilie erhalten Sie vom Anbieter.",5,"172,25 m²",0 m²,2.311 €/m²,Einfamilienhaus (freistehend),nil,nil,4,1,nil,nil,{'is24qa-gaeste-wc-label': ''}
Ihr Weg zum Traumhaus Inkl. Grundstück,545.115 €,"72805 Lichtenstein, Reutlingen (Kreis)
Die vollständige Adresse der Immobilie erhalten Sie vom Anbieter.",5,"172,25 m²",396 m²,3.165 €/m²,Einfamilienhaus (freistehend),nil,nil,4,1,nil,nil,{'is24qa-gaeste-wc-label': ''}
40 Jahre Erfahrung für Ihr Traumhaus! allkauf!,526.950 €,"72793 Pfullingen, Reutlingen (Kreis)
Die vollständige Adresse der Immobilie erhalten Sie vom Anbieter.",4,"140,25 m²",0 m²,3.757 €/m²,Einfamilienhaus (freistehend),nil,nil,3,1,nil,nil,{'is24qa-gaeste-wc-label': ''}
Wir bauen Ihr Traumhaus inkl. Grundstück,397.800 €,"72805 Lichtenstein, Reutlingen (Kreis)
Die vollständige Adresse der Immobilie erhalten Sie vom Anbieter.",4,"123,32 m²",396 m²,3.226 €/m²,Einfamilienhaus (freistehend),nil,nil,3,1,nil,Nein,"{'is24qa-gaeste-wc-label': '', 'is24qa-provisionsfrei-fuer-kaufende-label': ''}"
Selber anpacken für Ihr Traumhaus!,451.430 €,"72793 Pfullingen, Reutlingen (Kreis)
Die vollständige Adresse der Immobilie erhalten Sie vom Anbieter.",4,120 m²,420 m²,3.762 €/m²,Einfamilienhaus (freistehend),nil,nil,3,1,nil,Nein,"{'is24qa-gaeste-wc-label': '', 'is24qa-provisionsfrei-fuer-kaufende-label': ''}"
Wunderschönes Einfamilienhaus,390.000 €,"72793 Pfullingen, Reutlingen (Kreis)
Die vollständige Adresse der Immobilie erhalten Sie vom Anbieter.",5,"212,59 m²",500 m²,1.835 €/m²,Einfamilienhaus (freistehend),nil,nil,4,1,nil,nil,"{'is24qa-gaeste-wc-label': '', 'is24qa-keller-label': ''}"
