title,price,address,rooms,living_space,property_area,price_per_m2,type,usable_area,available_from,bedrooms,bathrooms,garage_parking,buyer_commission,criteriagroup_boolean_listing
Modernes Stadthaus mit großem Grundstück in Öjendorf -Jenfeld,655.000 €,"Billstedt, 22119 Hamburg
Die vollständige Adresse der Immobilie erhalten Sie vom Anbieter.",4,139 m²,279 m²,4.712 €/m²,Reiheneckhaus,29 m²,Vereinbarung,3,1,3 Stellplätze,"3,57 % Käuferprovision inkl. MwSt. inkl. MwSt.",{'is24qa-gaeste-wc-label': ''}
Potenzial trifft Lage! Komfort-Bungalow im idyllischen Lemsahl-Mellingstedt,429.000 €,"Lemsahl-Mellingstedt, 22397 Hamburg
Die vollständige Adresse der Immobilie erhalten Sie vom Anbieter.",4,"104,68 m²",453 m²,4.098 €/m²,Bungalow,"36,33 m²",nil,3,1,nil,"Käuferprovision 3,57 % (inkl. MwSt) des beurkundeten Kaufpreises.",{'is24qa-keller-label': ''}
Wunderschöne Ecklage mit viel Platz im Haus,1.090.000 €,"Poppenbüttel, 22399 Hamburg
Die vollständige Adresse der Immobilie erhalten Sie vom Anbieter.",5,154 m²,426 m²,7.078 €/m²,Einfamilienhaus (freistehend),60 m²,nach Vereinbarung,4,2,nil,"3,57 % inkl. MwSt.","{'is24qa-gaeste-wc-label': '', 'is24qa-keller-label': '', 'is24qa-einliegerwohnung-label': ''}"
Traumhaftes Ein- bis Zweifamilienhaus in ruhiger Lage,1.499.000 €,"Lemsahl-Mellingstedt, 22397 Hamburg
Die vollständige Adresse der Immobilie erhalten Sie vom Anbieter.",10,276 m²,864 m²,5.431 €/m²,nil,nil,nil,nil,nil,nil,"3,57% inkl. ges. Mehrwertsteuer",{}
Klassiker in beliebter Wohnlage,450.000 €,"Neugraben-Fischbek, 21149 Hamburg
Die vollständige Adresse der Immobilie erhalten Sie vom Anbieter.",3,85 m²,990 m²,5.294 €/m²,Einfamilienhaus (freistehend),46 m²,nil,nil,nil,1 Garage,"3,57 % inkl. MwSt.","{'is24qa-gaeste-wc-label': '', 'is24qa-keller-label': ''}"
Direkt einziehen! Nachhaltigkeit trifft Luxus. Hochwertiges Einfamilienhaus in Hamburg - Billstedt.,949.000 €,"Billstedt, 22117 Hamburg
Die vollständige Adresse der Immobilie erhalten Sie vom Anbieter.",6,"154,54 m²",716 m²,6.141 €/m²,Einfamilienhaus (freistehend),nil,nil,4,2,4 Außenstellplätze,"Käuferprovision 3,00 % (inkl. MwSt) des beurkundeten Kaufpreises.",{}
Mehrgenerationenhaus mit traumhaftem Garten,695.000 €,"Sinstorf, 21077 Hamburg
Die vollständige Adresse der Immobilie erhalten Sie vom Anbieter.",9,230 m²,954 m²,3.022 €/m²,Mehrfamilienhaus,nil,nil,nil,3,2 Garagen,"3,57 % inkl. MwSt.",{}
"Groß, Vielseitig, Energieeffizient",799.000 €,"Lemsahl-Mellingstedt, 22397 Hamburg
Die vollständige Adresse der Immobilie erhalten Sie vom Anbieter.",6,198 m²,648 m²,4.035 €/m²,Einfamilienhaus (freistehend),nil,nil,5,3,1 Garage,"Käuferprovision beträgt 3,57 % (inkl. MwSt.) des beurkundeten Kaufpreises",{}
Jugendstilvilla als Mehrfamilienhaus,1.590.000 €,"Schnelsen, 22457 Hamburg
Die vollständige Adresse der Immobilie erhalten Sie vom Anbieter.",11,307 m²,1.102 m²,5.179 €/m²,Mehrfamilienhaus,160 m²,nil,7,4,4 Garagen,"4,5% inkl. 19% MwSt","{'is24qa-gaeste-wc-label': '', 'is24qa-keller-label': ''}"
Kleines Haus mit wunderschönem Grundstück,427.000 €,"Wilhelmsburg, 21109 Hamburg
Die vollständige Adresse der Immobilie erhalten Sie vom Anbieter.","3,5",98 m²,1.010 m²,4.357 €/m²,Doppelhaushälfte,nil,nach Vereinbarung,2,1,Garage,3% inkl. MwSt.,{}
"Großzügiges Mittelreihenhaus 6 Zimmer, 217 m² Fläche und vielfältige Nutzungsmöglichkeiten",659.000 €,"Lohbrügge, 21031 Hamburg
Die vollständige Adresse der Immobilie erhalten Sie vom Anbieter.",6,"154,5 m²",202 m²,4.265 €/m²,Reihenmittelhaus,50 m²,nil,5,2,1 Carport,"3,57 % vom Kaufpreis inkl. MwSt.","{'is24qa-online-besichtigung-moeglich-label': '', 'is24qa-keller-label': ''}"
Sehr gepflegtes Mehrfamilienhaus in Top Lage,1.450.000 €,"Heimfeld, 21075 Hamburg
Die vollständige Adresse der Immobilie erhalten Sie vom Anbieter.",25,440 m²,350 m²,3.295 €/m²,Mehrfamilienhaus,110 m²,nil,14,11,nil,Provisionsfrei für den Käufer,{}
Attraktive Doppelhaushälfte mit Carport in Alt Boberg,599.000 €,"Lohbrügge, 21033 Hamburg
Die vollständige Adresse der Immobilie erhalten Sie vom Anbieter.",3,100 m²,462 m²,5.990 €/m²,Doppelhaushälfte,50 m²,nach Vereinbarung,2,1,1 Carport,3% inkl. gesetzlicher MwSt.,"{'is24qa-gaeste-wc-label': '', 'is24qa-keller-label': ''}"
Ein Zuhause zum Leben erwecken - Wo Träume Gestalt annehmen!,1.875.000 €,"Groß Flottbek, 22607 Hamburg
Die vollständige Adresse der Immobilie erhalten Sie vom Anbieter.",8,235 m²,631 m²,7.979 €/m²,Einfamilienhaus (freistehend),45 m²,nach Vereinbarung,3,3,nil,"3,57% des notariell beurkundeten Kaufpreises inkl. 19% MwSt.",{'is24qa-keller-label': ''}
Traumhafte Doppelhaushälfte in toller Lage - Effizienzklasse A+ - Erstbezug,1.290.000 €,"Sarenweg 7 e,
Lemsahl-Mellingstedt, 22397 Hamburg",5,"202,22 m²","700,12 m²",6.379 €/m²,Doppelhaushälfte,nil,2024,nil,2,2 Außenstellplätze,"3,57 %","{'is24qa-gaeste-wc-label': '', 'is24qa-keller-label': ''}"
Gepflegtes Einfamilienhaus mit wundervollem Grundstück,635.000 €,"Baumacker 20,
Eidelstedt, 22523 Hamburg",7,151 m²,711 m²,4.205 €/m²,Einfamilienhaus (freistehend),61 m²,nach Absprache,4,2,1 Garage,Nein,"{'is24qa-online-besichtigung-moeglich-label': '', 'is24qa-keller-label': '', 'is24qa-provisionsfrei-fuer-kaufende-label': ''}"
Viel Platz auf über 160 m² Wohn- und Nutzfläche,599.000 €,"Bergedorf (Ortsteil), 21035 Hamburg
Die vollständige Adresse der Immobilie erhalten Sie vom Anbieter.",4,120 m²,606 m²,4.992 €/m²,Einfamilienhaus (freistehend),40 m²,nach Vereinbarung,3,1,1 Carport,"3,57 % inkl. MwSt.",{'is24qa-gaeste-wc-label': ''}
Eine 3 Zimmer Doppelhaushälfte mit Anbaumöglichkeiten,479.000 €,"Bramfeld, 22175 Hamburg
Die vollständige Adresse der Immobilie erhalten Sie vom Anbieter.",3,55 m²,613 m²,8.709 €/m²,Doppelhaushälfte,nil,nach Vereinbarung,nil,nil,2 Garagen,"3,125 % inkl. der gesetzlichen MwSt",{'is24qa-keller-label': ''}
Neubau - Platz für 2 Familien in begehrter Lage,991.174 €,"Wilhelmsburg, 21109 Hamburg
Die vollständige Adresse der Immobilie erhalten Sie vom Anbieter.",8,205 m²,800 m²,4.835 €/m²,Mehrfamilienhaus,nil,nil,6,2,nil,Nein,"{'is24qa-gaeste-wc-label': '', 'is24qa-stufenloser-zugang-label': '', 'is24qa-provisionsfrei-fuer-kaufende-label': ''}"
REDUKTION TRIFFT FUNKTION - Sichern Sie sich 24.000 EUR OKAL-FÖRDERUNG,928.900 €,"Langenhorn, 22417 Hamburg
Die vollständige Adresse der Immobilie erhalten Sie vom Anbieter.",7,"178,45 m²",770 m²,5.205 €/m²,Einfamilienhaus (freistehend),nil,nil,3,2,nil,nil,{'is24qa-gaeste-wc-label': ''}
SMARTES SATTELDACHHAUS MIT VIEL LIEBE ZUM DETAIL-OKAL Premium Klasse,1.047.900 €,"Rahlstedt, 22149 Hamburg
Die vollständige Adresse der Immobilie erhalten Sie vom Anbieter.",4,"196,6 m²",709 m²,5.330 €/m²,Einfamilienhaus (freistehend),nil,nil,3,1,nil,nil,{'is24qa-gaeste-wc-label': ''}
WOHNKOMFORT AUF DREI EBENEN - Sichern Sie sich 24.000 EUR OKAL-Förderung,712.900 €,"Rahlstedt, 22147 Hamburg
Die vollständige Adresse der Immobilie erhalten Sie vom Anbieter.",5,"189,31 m²",318 m²,3.766 €/m²,Doppelhaushälfte,nil,nil,3,2,nil,nil,{'is24qa-gaeste-wc-label': ''}
"GEHOBENER WOHNKOMFORT, MAXIMALE FLEXIBILITÄT + OKAL-Förderung von 24.000 EUR",1.120.900 €,"Rahlstedt, 22149 Hamburg
Die vollständige Adresse der Immobilie erhalten Sie vom Anbieter.",10,"250,23 m²",709 m²,4.479 €/m²,Mehrfamilienhaus,nil,nil,6,2,nil,nil,{'is24qa-gaeste-wc-label': ''}
DOPPELHAUS MIT BESONDERER AUSSTRAHLUNG,634.900 €,"Rahlstedt, 22147 Hamburg
Die vollständige Adresse der Immobilie erhalten Sie vom Anbieter.",5,208 m²,318 m²,3.052 €/m²,nil,nil,nil,nil,3,nil,nil,{'is24qa-gaeste-wc-label': ''}
EIN EXTRAVAGANTES EIN­FA­MI­LI­EN­HAUS IM HAMPTON-STIL,1.244.780 €,"Sasel, 22393 Hamburg
Die vollständige Adresse der Immobilie erhalten Sie vom Anbieter.",5,252 m²,776 m²,4.940 €/m²,nil,nil,nil,nil,3,nil,nil,{'is24qa-gaeste-wc-label': ''}
EIN BAUHAUS MIT VIELEN WOHNLICHEN PLUSPUNKTEN,1.327.780 €,"Sasel, 22393 Hamburg
Die vollständige Adresse der Immobilie erhalten Sie vom Anbieter.",4,"216,3 m²",776 m²,6.139 €/m²,Einfamilienhaus (freistehend),nil,nil,3,2,nil,nil,{'is24qa-gaeste-wc-label': ''}
WOHLFÜHLOASE UNTER ZEITLOSEM SATTELDACH für schmale Stadtgrundstücke,1.226.780 €,"Sasel, 22393 Hamburg
Die vollständige Adresse der Immobilie erhalten Sie vom Anbieter.",6,"249,43 m²",776 m²,4.918 €/m²,Einfamilienhaus (freistehend),nil,nil,nil,nil,nil,nil,{'is24qa-gaeste-wc-label': ''}
EXKLUSIV & FACETTENREICH:- INKL. GRUNDSTÜCK KALKULIERT,1.228.780 €,"Sasel, 22393 Hamburg
Die vollständige Adresse der Immobilie erhalten Sie vom Anbieter.",7,177 m²,776 m²,6.942 €/m²,nil,nil,nil,nil,3,nil,nil,{'is24qa-gaeste-wc-label': ''}
EIN HAUS IM KLASSISCH-MEDITERRANEN BAUSTIL,1.208.780 €,"Sasel, 22393 Hamburg
Die vollständige Adresse der Immobilie erhalten Sie vom Anbieter.",6,222 m²,776 m²,5.445 €/m²,nil,nil,nil,nil,3,nil,nil,{'is24qa-gaeste-wc-label': ''}
DOPPELHAUSHÄLFTE MIT ALLEM DRUM UND DRAN INKL. GRUNDSTÜCK KALKULIERT,660.840 €,"Sasel, 22393 Hamburg
Die vollständige Adresse der Immobilie erhalten Sie vom Anbieter.",3,107 m²,338 m²,6.176 €/m²,nil,nil,nil,nil,3,nil,nil,{'is24qa-gaeste-wc-label': ''}
"EIN HAUS, DAS MIT GROSSEM PLATZANGEBOT ÜBERZEUGT",1.099.780 €,"Sasel, 22393 Hamburg
Die vollständige Adresse der Immobilie erhalten Sie vom Anbieter.",5,187 m²,776 m²,5.881 €/m²,nil,nil,nil,nil,3,nil,nil,{'is24qa-gaeste-wc-label': ''}
UNSER AUS­GE­ZEICH­NE­TES MUSTERHAUS MIT INSPIRIERENDER ARCHITEKTUR,1.207.900 €,"Langenhorn, 22417 Hamburg
Die vollständige Adresse der Immobilie erhalten Sie vom Anbieter.",6,267 m²,770 m²,4.524 €/m²,nil,nil,nil,nil,3,nil,nil,{'is24qa-gaeste-wc-label': ''}
KLASSISCHES MEHR­GE­NE­RA­TIO­NEN­HAUS - INKL. GRUNDSTÜCK KALKULIERT,1.124.780 €,"Sasel, 22393 Hamburg
Die vollständige Adresse der Immobilie erhalten Sie vom Anbieter.",7,182 m²,776 m²,6.180 €/m²,nil,nil,nil,nil,3,nil,nil,{'is24qa-gaeste-wc-label': ''}
EIN­FA­MI­LI­EN­HAUS MIT MODERNEM DE­SI­GNAN­SPRUCH,961.900 €,"Langenhorn, 22417 Hamburg
Die vollständige Adresse der Immobilie erhalten Sie vom Anbieter.",5,172 m²,770 m²,5.592 €/m²,nil,nil,nil,nil,3,nil,nil,{'is24qa-gaeste-wc-label': ''}
"EIN HAUS, DAS KEINE WÜNSCHE OFFEN LÄSST - INKL. GRUNDSTÜCK KALKULIERT",1.526.780 €,"Sasel, 22393 Hamburg
Die vollständige Adresse der Immobilie erhalten Sie vom Anbieter.",8,379 m²,776 m²,4.028 €/m²,nil,nil,nil,nil,3,nil,nil,{'is24qa-gaeste-wc-label': ''}
EIN­FA­MI­LI­EN­HAUS MIT STAF­FEL­GE­SCHOSS - INKL. GRUNDSTÜCk KALKULIERT,1.204.780 €,"Sasel, 22393 Hamburg
Die vollständige Adresse der Immobilie erhalten Sie vom Anbieter.",7,"221,6 m²",776 m²,5.437 €/m²,nil,nil,nil,nil,3,nil,nil,{'is24qa-gaeste-wc-label': ''}
ELEGANT & KOMFORTABEL: UNSERE STADTVILLA IN VOLLENDUNG! INKL. GRUNDSTÜCK KALKULIERT,1.238.780 €,"Sasel, 22393 Hamburg
Die vollständige Adresse der Immobilie erhalten Sie vom Anbieter.",7,250 m²,776 m²,4.955 €/m²,nil,nil,nil,nil,3,nil,nil,{'is24qa-gaeste-wc-label': ''}
ELEGANT & KOMFORTABEL: UNSERE STADTVILLA IN VOLLENDUNG! INKL. GRUNDSTÜCK KALKULIERT,1.165.780 €,"Sasel, 22393 Hamburg
Die vollständige Adresse der Immobilie erhalten Sie vom Anbieter.",5,177 m²,776 m²,6.586 €/m²,nil,nil,nil,nil,3,nil,nil,{'is24qa-gaeste-wc-label': ''}
KLASSISCHER GRUNDRISS - GROSSZÜGIGES HAUS - INKL. GRUNDSTÜCK KALKULIERT,1.042.780 €,"Sasel, 22393 Hamburg
Die vollständige Adresse der Immobilie erhalten Sie vom Anbieter.",5,161 m²,776 m²,6.477 €/m²,nil,nil,nil,nil,3,nil,nil,{'is24qa-gaeste-wc-label': ''}
EIN GE­NE­RA­TIO­NEN­HAUS INKL. GRUNDSTÜCK KALKULIERT,1.422.780 €,"Sasel, 22393 Hamburg
Die vollständige Adresse der Immobilie erhalten Sie vom Anbieter.",8,280 m²,776 m²,5.081 €/m²,nil,nil,nil,nil,3,nil,nil,{'is24qa-gaeste-wc-label': ''}
STILVOLLE STADTVILLA MIT SÜDLÄNDISCHEM FLAIR,1.017.900 €,"Langenhorn, 22417 Hamburg
Die vollständige Adresse der Immobilie erhalten Sie vom Anbieter.",6,182 m²,770 m²,5.593 €/m²,nil,nil,nil,nil,3,nil,nil,{'is24qa-gaeste-wc-label': ''}
"EIN HAUS, EIN RAUMWUNDER, EIN LIEBLINGSORT NIKL. GRUNDSTÜCK KALKULIERT",1.122.780 €,"Sasel, 22393 Hamburg
Die vollständige Adresse der Immobilie erhalten Sie vom Anbieter.",5,201 m²,776 m²,5.586 €/m²,nil,nil,nil,nil,3,nil,nil,{'is24qa-gaeste-wc-label': ''}
STADTLICHES EIN­FA­MI­LI­EN­HAUS MIT GEHOBENEM WOHNKOMFORT INKL: GRUNDSTÜCK KALKULIERT,1.146.780 €,"Sasel, 22393 Hamburg
Die vollständige Adresse der Immobilie erhalten Sie vom Anbieter.",5,201 m²,776 m²,5.705 €/m²,nil,nil,nil,nil,3,nil,nil,{'is24qa-gaeste-wc-label': ''}
RE­PRÄ­SEN­TA­TI­VES EIN­FA­MI­LI­EN­HAUS DER BESONDEREN ART MIT BÜRO INKL.GRUNDSTÜCK KALKULIERT,1.204.780 €,"Sasel, 22393 Hamburg
Die vollständige Adresse der Immobilie erhalten Sie vom Anbieter.",7,221 m²,776 m²,5.451 €/m²,nil,nil,nil,nil,3,nil,nil,{'is24qa-gaeste-wc-label': ''}
EIN ZUHAUSE MIT GRENZENLOSEN MÖGLICHKEITEN UND 4 SCHLAFZIMMERN INKL: GRUNDSTÜCK KALKULIERT,1.052.780 €,"Sasel, 22393 Hamburg
Die vollständige Adresse der Immobilie erhalten Sie vom Anbieter.",6,161 m²,776 m²,6.539 €/m²,nil,nil,nil,nil,3,nil,nil,{'is24qa-gaeste-wc-label': ''}
MODERNES HAUS MIT ELEGANTEM WALMDACH - JETZT OKAL-Förderung von 24.000 EUR sichern bis 31.03.2024,1.063.780 €,"Sasel, 22393 Hamburg
Die vollständige Adresse der Immobilie erhalten Sie vom Anbieter.",6,154 m²,776 m²,6.908 €/m²,nil,nil,nil,nil,3,nil,nil,{'is24qa-gaeste-wc-label': ''}
EIN BAUHAUS MIT VIELEN WOHNLICHEN PLUSPUNKTEN,1.144.900 €,"Langenhorn, 22417 Hamburg
Die vollständige Adresse der Immobilie erhalten Sie vom Anbieter.",5,206 m²,770 m²,5.558 €/m²,nil,nil,nil,nil,3,nil,nil,{'is24qa-gaeste-wc-label': ''}
BAUHAUS-ARCHITEKTUR IN OKAL-DESIGN INKL:SÜDGRUNDSTÜCK,1.117.900 €,"Langenhorn, 22417 Hamburg
Die vollständige Adresse der Immobilie erhalten Sie vom Anbieter.",6,183 m²,770 m²,6.109 €/m²,nil,nil,nil,nil,3,nil,nil,{'is24qa-gaeste-wc-label': ''}
BAUHAUS-ARCHITEKTUR MEETS WOHNKOMFORT - INKL:GRUNDSTÜCK KALKULIERT,1.101.780 €,"Sasel, 22393 Hamburg
Die vollständige Adresse der Immobilie erhalten Sie vom Anbieter.",5,147 m²,776 m²,7.495 €/m²,nil,nil,nil,nil,3,nil,nil,{'is24qa-gaeste-wc-label': ''}
EIN­FA­MI­LI­EN­HAUS MIT BESONDERER ARCHITEKTUR,970.900 €,"Langenhorn, 22417 Hamburg
Die vollständige Adresse der Immobilie erhalten Sie vom Anbieter.",5,145 m²,770 m²,6.696 €/m²,nil,nil,nil,nil,3,nil,nil,{'is24qa-gaeste-wc-label': ''}
EIN GROSSES BAUHAUS AUF KLEINEM RAUM,927.900 €,"Langenhorn, 22417 Hamburg
Die vollständige Adresse der Immobilie erhalten Sie vom Anbieter.",5,134 m²,770 m²,6.925 €/m²,nil,nil,nil,nil,3,nil,nil,{'is24qa-gaeste-wc-label': ''}
"DESIGN-HIGHLIGHT FÜR ALLE, DIE DAS BESONDERE LIEBEN - INKL. GRUNDSTÜCK KALKULIERT",1.838.880 €,"Sasel, 22393 Hamburg
Die vollständige Adresse der Immobilie erhalten Sie vom Anbieter.",7,319 m²,776 m²,5.765 €/m²,nil,nil,nil,nil,3,nil,nil,{'is24qa-gaeste-wc-label': ''}
ERSTKLASSIG & STILVOLL: INKL. SÜDGRUNDSTÜCK HAMBURG-NORD,1.147.900 €,"Langenhorn, 22417 Hamburg
Die vollständige Adresse der Immobilie erhalten Sie vom Anbieter.",7,282 m²,770 m²,4.071 €/m²,nil,nil,nil,nil,3,nil,nil,{'is24qa-gaeste-wc-label': ''}
BAUHAUS INKL. SÜDGRUNDSTÜCK IN BESTER LAGE VON HAMBURG-NORD,1.048.900 €,"Langenhorn, 22417 Hamburg
Die vollständige Adresse der Immobilie erhalten Sie vom Anbieter.",5,179 m²,770 m²,5.860 €/m²,Einfamilienhaus (freistehend),nil,nil,nil,nil,nil,nil,{'is24qa-gaeste-wc-label': ''}
DAS DESIGNHAUS MIT RÜCK- UND VORSPRUNG - BESTLAGE!! Hamburg -Nord,995.900 €,"Langenhorn, 22417 Hamburg
Die vollständige Adresse der Immobilie erhalten Sie vom Anbieter.",6,"183,27 m²",770 m²,5.434 €/m²,Einfamilienhaus (freistehend),nil,nil,nil,nil,nil,nil,{'is24qa-gaeste-wc-label': ''}
EINZUGSFERTIGE STADTVILLA - Hamburger Eingeschossigkeit,889.900 €,"Langenhorn, 22417 Hamburg
Die vollständige Adresse der Immobilie erhalten Sie vom Anbieter.",4,154 m²,770 m²,5.779 €/m²,Einfamilienhaus (freistehend),nil,nil,nil,nil,nil,nil,{'is24qa-gaeste-wc-label': ''}
Ein Haus von seiner schönsten Seite. Praktisch-Durchdacht,997.900 €,"Langenhorn, 22417 Hamburg
Die vollständige Adresse der Immobilie erhalten Sie vom Anbieter.",5,186 m²,770 m²,5.365 €/m²,Einfamilienhaus (freistehend),nil,nil,3,2,nil,nil,{'is24qa-gaeste-wc-label': ''}
Das Mehrwerthaus mit Einliegerwohnung,1.149.900 €,"Langenhorn, 22417 Hamburg
Die vollständige Adresse der Immobilie erhalten Sie vom Anbieter.",7,211 m²,770 m²,5.450 €/m²,Mehrfamilienhaus,nil,nil,4,2,nil,nil,"{'is24qa-gaeste-wc-label': '', 'is24qa-einliegerwohnung-label': ''}"
Pult 12,803.900 €,"Langenhorn, 22850 Hamburg
Die vollständige Adresse der Immobilie erhalten Sie vom Anbieter.",5,"145,71 m²",770 m²,5.517 €/m²,nil,nil,nil,nil,nil,nil,nil,{}
Stadtvilla Alabama,1.221.300 €,"Langenhorn, 22417 Hamburg
Die vollständige Adresse der Immobilie erhalten Sie vom Anbieter.",7,"301,2 m²",770 m²,4.055 €/m²,nil,nil,nil,nil,nil,nil,nil,{}
Design 27,978.900 €,"Langenhorn, 22417 Hamburg
Die vollständige Adresse der Immobilie erhalten Sie vom Anbieter.",6,"174,78 m²",770 m²,5.601 €/m²,nil,nil,nil,nil,nil,nil,nil,{}
MODERNER BUNGALOW ZUR FREIEN ENTFALTUNG,829.840 €,"Sasel, 22393 Hamburg
Die vollständige Adresse der Immobilie erhalten Sie vom Anbieter.",4,154 m²,776 m²,5.389 €/m²,Bungalow,nil,nil,nil,nil,nil,nil,{'is24qa-gaeste-wc-label': ''}
SONNENVERWÖHNTE DOPPELHAUSHÄLFTE,701.640 €,"Sasel, 22393 Hamburg
Die vollständige Adresse der Immobilie erhalten Sie vom Anbieter.",3,"141,81 m²",380 m²,4.948 €/m²,Doppelhaushälfte,nil,nil,nil,1,nil,nil,{'is24qa-gaeste-wc-label': ''}
ZWEI IN EINS:MODERNE STADTVILLA ZWEIGETEILT,1.272.780 €,"Sasel, 22393 Hamburg
Die vollständige Adresse der Immobilie erhalten Sie vom Anbieter.",8,235 m²,776 m²,5.416 €/m²,Mehrfamilienhaus,nil,nil,nil,nil,nil,nil,{'is24qa-gaeste-wc-label': ''}
EINFAMILIENHAUS MIT OFFENER ARCHITEKTUR,1.073.880 €,"Sasel, 22393 Hamburg
Die vollständige Adresse der Immobilie erhalten Sie vom Anbieter.",4,135 m²,776 m²,7.955 €/m²,Einfamilienhaus (freistehend),nil,nil,nil,nil,nil,nil,{'is24qa-gaeste-wc-label': ''}
ZweiRaum 03,1.528.900 €,"Langenhorn, 22417 Hamburg
Die vollständige Adresse der Immobilie erhalten Sie vom Anbieter.",6,"221,93 m²",770 m²,6.889 €/m²,nil,nil,nil,nil,nil,nil,nil,{}
DURCHDACHTES DESIGNHAUS- EINZUGSFERTIG INCL.GRUNDSTÜCK KALKULIERT,1.035.780 €,"Sasel, 22393 Hamburg
Die vollständige Adresse der Immobilie erhalten Sie vom Anbieter.",4,136 m²,776 m²,7.616 €/m²,Einfamilienhaus (freistehend),nil,nil,nil,nil,nil,nil,{'is24qa-gaeste-wc-label': ''}
"2-Familenhaus, das Mehrwerthaus von OKAL",1.297.780 €,"Sasel, 22393 Hamburg
Die vollständige Adresse der Immobilie erhalten Sie vom Anbieter.",6,255 m²,776 m²,5.089 €/m²,Einfamilienhaus (freistehend),nil,nil,4,3,nil,nil,"{'is24qa-gaeste-wc-label': '', 'is24qa-einliegerwohnung-label': ''}"
Modern-Effeizient-Großzügig-Preiswert-Einmalig,1.223.780 €,"Sasel, 22393 Hamburg
Die vollständige Adresse der Immobilie erhalten Sie vom Anbieter.",6,213 m²,776 m²,5.745 €/m²,Einfamilienhaus (freistehend),nil,nil,3,2,nil,nil,{'is24qa-gaeste-wc-label': ''}
Doppelhaus 08,753.840 €,"Sasel, 22393 Hamburg
Die vollständige Adresse der Immobilie erhalten Sie vom Anbieter.",4,162 m²,380 m²,4.653 €/m²,Doppelhaushälfte,nil,nil,nil,nil,nil,nil,{}
Stadtvilla 23 mit Walmdach oder doch lieber Satteldach?,1.003.900 €,"Langenhorn, 22417 Hamburg
Die vollständige Adresse der Immobilie erhalten Sie vom Anbieter.",7,"203,81 m²",770 m²,4.926 €/m²,nil,nil,nil,nil,nil,nil,nil,{}
Zinshaus 04,1.242.780 €,"Sasel, 22393 Hamburg
Die vollständige Adresse der Immobilie erhalten Sie vom Anbieter.",8,"226,21 m²",776 m²,5.494 €/m²,nil,nil,nil,nil,nil,nil,nil,{}
Design 22,1.105.780 €,"Sasel, 22393 Hamburg
Die vollständige Adresse der Immobilie erhalten Sie vom Anbieter.",6,"181,64 m²",776 m²,6.088 €/m²,nil,nil,nil,nil,nil,nil,nil,{}
Zinshaus 01,1.207.900 €,"Sasel, 22393 Hamburg
Die vollständige Adresse der Immobilie erhalten Sie vom Anbieter.",8,"226,21 m²",776 m²,5.340 €/m²,nil,nil,nil,nil,nil,nil,nil,{}
