title,price,address,rooms,living_space,property_area,price_per_m2,type,usable_area,available_from,bedrooms,bathrooms,garage_parking,buyer_commission,criteriagroup_boolean_listing
Villa mit 418qm Fläche in Birkenwerder bei Berlin,1.990.000 €,"16547 Birkenwerder, Oberhavel (Kreis)
Die vollständige Adresse der Immobilie erhalten Sie vom Anbieter.",6,418 m²,2.754 m²,4.761 €/m²,Villa,"114,35 m²",Ab Sofort,4,2,4 Carports,"3,57% inklusive MwSt.","{'is24qa-gaeste-wc-label': '', 'is24qa-keller-label': ''}"
Malerisches Blockhaus am Südufer des Schwielowsee - Urlaub und mehr vor den Toren Potsdams,298.000 €,"14548 Schwielowsee, Potsdam-Mittelmark (Kreis)
Die vollständige Adresse der Immobilie erhalten Sie vom Anbieter.",3,"64,4 m²",516 m²,4.627 €/m²,Wohnimmobilie (sonstige),nil,nil,2,1,1 Carport,provisionsfrei,"{'is24qa-online-besichtigung-moeglich-label': '', 'is24qa-keller-label': ''}"
Wohnen mit direkter Fließanbindung,439.000 €,"03222 Lübbenau/Spreewald, Oberspreewald-Lausitz (Kreis)
Die vollständige Adresse der Immobilie erhalten Sie vom Anbieter.",5,120 m²,640 m²,3.658 €/m²,Einfamilienhaus (freistehend),nil,nil,nil,nil,nil,"Käuferprovision 3,57 % inkl. MwSt.",{'is24qa-keller-label': ''}
Wohnen nähe Cottbusser Ostsee,375.000 €,"Dissenchen, 03052 Cottbus
Die vollständige Adresse der Immobilie erhalten Sie vom Anbieter.",5,125 m²,623 m²,3.000 €/m²,Einfamilienhaus (freistehend),nil,nil,nil,nil,Garage,"Käuferprovision 3,57 % inkl. MwSt.",{'is24qa-gaeste-wc-label': ''}
*Rarrität auf dem Quenz - Großes Grundstück mit Doppelhaushälfte*,189.000 €,"Hessenweg 19,
Altstadt, 14770 Brandenburg an der Havel",4,80 m²,968 m²,2.363 €/m²,Doppelhaushälfte,nil,sofort,3,1,2 Garagen,"3,57 % inkl. 19% MwSt. vom Kaufpreis","{'is24qa-gaeste-wc-label': '', 'is24qa-keller-label': ''}"
Familiengerechtes Einfamilienhaus sofort bezugsfrei,137.500 €,"16845 Temnitztal, Ostprignitz-Ruppin (Kreis)
Die vollständige Adresse der Immobilie erhalten Sie vom Anbieter.",5,126 m²,567 m²,1.091 €/m²,Einfamilienhaus (freistehend),nil,sofort,4,1,1 Garage,"3,57% inkl. MwSt.","{'is24qa-gaeste-wc-label': '', 'is24qa-keller-label': ''}"
Winterfester Wochenendbungalow auf Baugrundstück!,219.900 €,"Mittelweg 13,
15345 Petershagen/Eggersdorf, Märkisch-Oderland (Kreis)",2,40 m²,660 m²,5.498 €/m²,nil,10 m²,nil,1,1,2 Außenstellplätze,"7,14 % inklusive gesetzliche Mehrwertsteuer!",{'is24qa-stufenloser-zugang-label': ''}
RESERVIERT --- junge Doppelhaushälfte Bj. 1997 - Görden --- RESERVIERT ---,289.500 €,"Görden, 14772 Brandenburg an der Havel
Die vollständige Adresse der Immobilie erhalten Sie vom Anbieter.",5,113 m²,283 m²,2.562 €/m²,Doppelhaushälfte,nil,Juni/Juli 2024,4,1,2 Carports,"3,57 %",{'is24qa-gaeste-wc-label': ''}
Historisches Anwesen mit riesigem Garten im Havelwinkel!,459.000 €,"14715 Milower Land, Havelland (Kreis)
Die vollständige Adresse der Immobilie erhalten Sie vom Anbieter.","12,5",321 m²,6.776 m²,1.430 €/m²,Einfamilienhaus (freistehend),433 m²,nach Absprache,5,4,5 Garagen,"3,57 %","{'is24qa-gaeste-wc-label': '', 'is24qa-keller-label': ''}"
Architektenhaus am Speckgürtel Berlins/+ Streuobstwiese + Baugrundstück + Acker-/Grünland,900.000 €,"Chausseestraße 9,
14550 Groß Kreutz (Havel), Potsdam-Mittelmark (Kreis)",5,225 m²,30.400 m²,4.000 €/m²,Bungalow,350 m²,Ab sofort bezugsfrei,3,3,9 Garagen,Nein,"{'is24qa-gaeste-wc-label': '', 'is24qa-keller-label': '', 'is24qa-stufenloser-zugang-label': '', 'is24qa-einliegerwohnung-label': '', 'is24qa-provisionsfrei-fuer-kaufende-label': ''}"
"Wohnhaus, Garagen und großer Garten - sofort frei",139.000 €,"15320 Neutrebbin, Märkisch-Oderland (Kreis)
Die vollständige Adresse der Immobilie erhalten Sie vom Anbieter.",4,110 m²,1.275 m²,1.264 €/m²,Doppelhaushälfte,60 m²,nil,3,1,2 Garagen,Nein,{'is24qa-provisionsfrei-fuer-kaufende-label': ''}
Von privat! Einfamilienhaus in bester grüner Lage / Falkenhagener Alpen,460.000 €,"Innsbrucker Straße 26,
14612 Falkensee, Havelland (Kreis)",4,95 m²,1.125 m²,4.842 €/m²,Einfamilienhaus (freistehend),nil,1.8.2024,nil,2,3 Außenstellplätze,Nein,"{'is24qa-gaeste-wc-label': '', 'is24qa-keller-label': '', 'is24qa-provisionsfrei-fuer-kaufende-label': ''}"
Attraktives Einfamilienhaus mit liebevoll angelegtem Grundstück,599.000 €,"15366 Neuenhagen bei Berlin, Märkisch-Oderland (Kreis)
Die vollständige Adresse der Immobilie erhalten Sie vom Anbieter.",4,"116,01 m²",800 m²,5.163 €/m²,Einfamilienhaus (freistehend),60 m²,Verhandlung,3,1,1 Garage,"3,57 % inkl. MwSt.","{'is24qa-gaeste-wc-label': '', 'is24qa-keller-label': ''}"
"tolles sanierten 2 Familienhaus in schöner innerstädtischen Gegend mit 4,14 % Rendite!!",275.000 €,"03238 Finsterwalde, Elbe-Elster (Kreis)
Die vollständige Adresse der Immobilie erhalten Sie vom Anbieter.",6,170 m²,720 m²,1.618 €/m²,Doppelhaushälfte,190 m²,nil,4,2,1 Außenstellplatz,"5,95 % des Kaufpreises inkl. MwSt.","{'is24qa-gaeste-wc-label': '', 'is24qa-keller-label': '', 'is24qa-vermietet-label': ''}"
Ein Paradies für anspruchsvolle Wohnträume! Traumhaus mit Panoramablick und Luxusausstattung,1.350.000 €,"Bornim, 14469 Potsdam
Die vollständige Adresse der Immobilie erhalten Sie vom Anbieter.",4,160 m²,800 m²,8.438 €/m²,Einfamilienhaus (freistehend),20 m²,Nach Absprache,2,2,2 Carports,Nein,"{'is24qa-online-besichtigung-moeglich-label': '', 'is24qa-gaeste-wc-label': '', 'is24qa-provisionsfrei-fuer-kaufende-label': ''}"
"Verlockendes Einfamilienhaus mit traumhaftem Blick, luxuriöser Ausstattung und attraktivem Bauland",1.950.000 €,"Bornim, 14469 Potsdam
Die vollständige Adresse der Immobilie erhalten Sie vom Anbieter.",4,160 m²,1.600 m²,12.188 €/m²,Einfamilienhaus (freistehend),20 m²,Nach Absprache,2,2,2 Carports,Nein,"{'is24qa-online-besichtigung-moeglich-label': '', 'is24qa-gaeste-wc-label': '', 'is24qa-provisionsfrei-fuer-kaufende-label': ''}"
2021 gebautes modernes Haus mit Einliegerwohnung und Nebengebäude,Auf Anfrage,"15732 Schulzendorf, Dahme-Spreewald (Kreis)
Die vollständige Adresse der Immobilie erhalten Sie vom Anbieter.",6,211 m²,997 m²,nil,Einfamilienhaus (freistehend),240 m²,8.5.2024,4,3,2 Stellplätze,Nein,"{'is24qa-gaeste-wc-label': '', 'is24qa-stufenloser-zugang-label': '', 'is24qa-einliegerwohnung-label': '', 'is24qa-provisionsfrei-fuer-kaufende-label': ''}"
Einfamilienhaus mit Nebengelass und großem Grundstück in Kolkwitz,230.000 €,"03099 Kolkwitz, Spree-Neiße (Kreis)
Die vollständige Adresse der Immobilie erhalten Sie vom Anbieter.",6,170 m²,2.810 m²,1.353 €/m²,Einfamilienhaus (freistehend),170 m²,sofort,4,2,nil,"3,57 % inkl. MwSt. Käuferproviosion",{'is24qa-keller-label': ''}
Leben auf dem Land ! Doppelhaushälfte mit Stallung bei Pritzwalk,110.000 €,"16928 Pritzwalk, Prignitz (Kreis)
Die vollständige Adresse der Immobilie erhalten Sie vom Anbieter.",4,90 m²,1.478 m²,1.222 €/m²,Doppelhaushälfte,nil,nil,nil,nil,2 Garagen,"3,57 % inkl. ges. MwSt.",{'is24qa-keller-label': ''}
Einfamilienhaus mit großem Garten in idyllischer Lage,985.000 €,"Neu Fahrland, 14476 Potsdam
Die vollständige Adresse der Immobilie erhalten Sie vom Anbieter.","3,5",95 m²,917 m²,10.368 €/m²,Einfamilienhaus (freistehend),118 m²,nil,2,1,2 Garagen,"3,57 %","{'is24qa-stufenloser-zugang-label': '', 'is24qa-vermietet-label': ''}"
