title,price,address,rooms,living_space,property_area,price_per_m2,type,usable_area,available_from,bedrooms,bathrooms,garage_parking,buyer_commission,criteriagroup_boolean_listing
Zwei großzügige Doppelhaushälften für Familien oder Kapitalanleger!,599.000 €,"27283 Verden (Aller), Verden (Kreis)
Die vollständige Adresse der Immobilie erhalten Sie vom Anbieter.",12,284 m²,700 m²,2.109 €/m²,Doppelhaushälfte,nil,nil,10,2,nil,"Käuferprovision beträgt 3,57 % (inkl. MwSt.) des beurkundeten Kaufpreises",{'is24qa-gaeste-wc-label': ''}
Attraktive Kapitalanlage! Zeitlose Eleganz und vielseitige Vorzüge vereint!,469.000 €,"31655 Stadthagen, Schaumburg (Kreis)
Die vollständige Adresse der Immobilie erhalten Sie vom Anbieter.",12,"302,16 m²",850 m²,1.552 €/m²,Mehrfamilienhaus,nil,nil,nil,nil,4 Stellplätze,"4,76 % inkl. ges. MwSt.",{'is24qa-vermietet-label': ''}
Ländliche Idylle auf über 16.000 m² ; Resthof im Weserbergland,749.000 €,"31737 Rinteln, Schaumburg (Kreis)
Die vollständige Adresse der Immobilie erhalten Sie vom Anbieter.",6,"246,75 m²",16.336 m²,3.035 €/m²,Einfamilienhaus (freistehend),"724,13 m²",sofort,nil,3,1 Garage,"3,57 % inkl. ges. MwSt.",{'is24qa-keller-label': ''}
Exklusives Wohnen in Rinteln: Panoramaausblick und Wellnessoase!,360.000 €,"31737 Rinteln, Schaumburg (Kreis)
Die vollständige Adresse der Immobilie erhalten Sie vom Anbieter.",6,"277,27 m²",1.165 m²,1.298 €/m²,Einfamilienhaus (freistehend),nil,nach Absprache,nil,nil,2 Tiefgaragen-Stellplätze,"3,57 % inkl. ges. MwSt.","{'is24qa-gaeste-wc-label': '', 'is24qa-keller-label': ''}"
"Charmantes Zuhause: Vielseitige Räume, Großer Garten und Top Lage!",275.000 €,"31737 Rinteln, Schaumburg (Kreis)
Die vollständige Adresse der Immobilie erhalten Sie vom Anbieter.",6,"165,79 m²",512 m²,1.659 €/m²,Mehrfamilienhaus,nil,nach Absprache,5,2,2 Außenstellplätze,"4,76 % inkl. ges. MwSt.",{'is24qa-keller-label': ''}
Wohntraum unter Reet im schönen Harsefeld!,649.000 €,"21698 Harsefeld, Stade (Kreis)
Die vollständige Adresse der Immobilie erhalten Sie vom Anbieter.",6,220 m²,1.389 m²,2.950 €/m²,Einfamilienhaus (freistehend),nil,nil,4,2,1 Carport,"3,57",{'is24qa-gaeste-wc-label': ''}
Vielseitiges Raumwunder,129.000 €,"29571 Rosche, Uelzen (Kreis)
Die vollständige Adresse der Immobilie erhalten Sie vom Anbieter.",7,130 m²,273 m²,992 €/m²,Reiheneckhaus,30 m²,nach Absprache,5,2,1 Garage,"3,57 % inkl. ges. MwSt.","{'is24qa-gaeste-wc-label': '', 'is24qa-keller-label': ''}"
Wohnen und leben im Kurort,295.000 €,"29549 Bad Bevensen, Uelzen (Kreis)
Die vollständige Adresse der Immobilie erhalten Sie vom Anbieter.",5,138 m²,284 m²,2.138 €/m²,Reihenmittelhaus,nil,nach Absprache,3,2,nil,"3,57 % inkl. ges. MwSt.",{}
"Wunderschöner, zeitloser Bungalow mit viel Platz für die Familie!",365.000 €,"29393 Groß Oesingen, Gifhorn (Kreis)
Die vollständige Adresse der Immobilie erhalten Sie vom Anbieter.",5,131 m²,900 m²,2.786 €/m²,Bungalow,nil,nil,nil,nil,nil,"3,57 % inkl. ges. MwSt.",{}
Gepflegtes + geräumiges RMH mit Stellplatz in gefragter Wohnlage von Hannover-Stöcken,329.500 €,"Stöcken, 30419 Hannover
Die vollständige Adresse der Immobilie erhalten Sie vom Anbieter.",5,118 m²,235 m²,2.792 €/m²,Reihenmittelhaus,8 m²,Nach Vereinbarung,3,2,1 Außenstellplatz,"3,57 %, inkl. 19 % MwSt.",{'is24qa-gaeste-wc-label': ''}
Renovierungsbedürftiges 3-Familienhaus mit Anbau und Garage auf sonnigen Grundstück (OT Kirchdorf),219.000 €,"30890 Barsinghausen, Hannover (Kreis)
Die vollständige Adresse der Immobilie erhalten Sie vom Anbieter.",8,173 m²,616 m²,1.266 €/m²,Mehrfamilienhaus,90 m²,Nach Vereinbarung,5,3,1 Garage,"5,95 %, inkl. MwSt.","{'is24qa-keller-label': '', 'is24qa-stufenloser-zugang-label': '', 'is24qa-vermietet-label': ''}"
"Renovierungsbed. EFH mit EL-WHG, Anbau, Garage auf sonnigem GS in beliebter Wohnlage (OT Egestorf)",287.000 €,"30890 Barsinghausen, Hannover (Kreis)
Die vollständige Adresse der Immobilie erhalten Sie vom Anbieter.",9,143 m²,681 m²,2.007 €/m²,Einfamilienhaus (freistehend),56 m²,01.09.2024,4,2,1 Garage,"3,57 %, inkl. MwSt.","{'is24qa-keller-label': '', 'is24qa-einliegerwohnung-label': ''}"
"Modernes, hochwertig ausgestattetes EFH mit Doppelgarage in beliebter Lage (Ronnenberg)",559.000 €,"30952 Ronnenberg, Hannover (Kreis)
Die vollständige Adresse der Immobilie erhalten Sie vom Anbieter.","6,5","128,33 m²",404 m²,4.356 €/m²,Einfamilienhaus (freistehend),61 m²,Nach Vereinbarung,4,3,2 Garagen,"2,975 %, inkl. MwSt.",{'is24qa-keller-label': ''}
Barsinghausen-Nordgoltern: 4-Familienhaus mit Anbau auf tollem Grundstück,359.000 €,"30890 Barsinghausen, Hannover (Kreis)
Die vollständige Adresse der Immobilie erhalten Sie vom Anbieter.",15,548 m²,1.375 m²,655 €/m²,Mehrfamilienhaus,105 m²,Nach Abschluss KVT,10,6,5 Außenstellplätze,"5,95 %, inkl. MwSt.","{'is24qa-keller-label': '', 'is24qa-vermietet-label': ''}"
"Bj. 2015: Sonnige und komfortable DHH mit Garage in beliebter Wohnlage (Barsinghausen, zentrumsnah)",487.000 €,"30890 Barsinghausen, Hannover (Kreis)
Die vollständige Adresse der Immobilie erhalten Sie vom Anbieter.",3,"140,71 m²",272 m²,3.461 €/m²,Doppelhaushälfte,nil,nach Vereinbarung,2,2,1 Garage,"2,975 %, inkl. MwSt.",{'is24qa-gaeste-wc-label': ''}
"Großzügiges, vermietetes EFH mit 2 Garagen in absolut beliebter Wohnlage (Barsinghausen-Egestorf)",319.000 €,"30890 Barsinghausen, Hannover (Kreis)
Die vollständige Adresse der Immobilie erhalten Sie vom Anbieter.",6,155 m²,641 m²,2.058 €/m²,Einfamilienhaus (freistehend),69 m²,Nach Vereinbarung,4,2,2 Garagen,"2,975 %, inkl. MwSt.",{'is24qa-vermietet-label': ''}
Attraktives ZFH mit Doppelgarage auf sonnigem GS in absolut beliebter Wohnlage (Barsinghausen),449.000 €,"30890 Barsinghausen, Hannover (Kreis)
Die vollständige Adresse der Immobilie erhalten Sie vom Anbieter.",6,159 m²,766 m²,2.824 €/m²,Mehrfamilienhaus,86 m²,Nach Vereinbarung,4,2,2 Garagen,"5,95 %, inkl. MwSt.",{'is24qa-keller-label': ''}
"Renovierungsbed. EFH mit EL-WHG, Anbau und Garage auf großem GS in beliebter Wohnlage (Hohenbostel)",359.000 €,"30890 Barsinghausen, Hannover (Kreis)
Die vollständige Adresse der Immobilie erhalten Sie vom Anbieter.",6,194 m²,1.355 m²,1.851 €/m²,Einfamilienhaus (freistehend),56 m²,Nach Vereinbarung,4,2,1 Garage,"2,975 %, inkl. MwSt.","{'is24qa-keller-label': '', 'is24qa-einliegerwohnung-label': ''}"
Wohnen auf einer Ebene: Gepflegter Bungalow mit Garage in beliebter Wohnlage im OT Egestorf,298.000 €,"30890 Barsinghausen, Hannover (Kreis)
Die vollständige Adresse der Immobilie erhalten Sie vom Anbieter.",4,"107,42 m²",324 m²,2.774 €/m²,Bungalow,60 m²,Nach Vereinbarung,3,1,1 Garage,"2,975 %, inkl. MwSt.","{'is24qa-gaeste-wc-label': '', 'is24qa-keller-label': ''}"
Einfamilienhaus in ruhiger Lage zum Kauf,249.500 €,"27318 Hoyerhagen, Nienburg (Weser) (Kreis)
Die vollständige Adresse der Immobilie erhalten Sie vom Anbieter.",5,160 m²,1.480 m²,1.559 €/m²,Einfamilienhaus (freistehend),84 m²,nach Vereinbarung,3,2,nil,Provisionsfrei,{'is24qa-keller-label': ''}
