title,price,address,rooms,living_space,property_area,price_per_m2,type,usable_area,available_from,bedrooms,bathrooms,garage_parking,buyer_commission,criteriagroup_boolean_listing
Unvergleichliche Architektenvilla - Ausgefallen und Individuell,1.990.000 €,"16540 Hohen Neuendorf, Oberhavel (Kreis)
Die vollständige Adresse der Immobilie erhalten Sie vom Anbieter.",8,377 m²,1.765 m²,5.279 €/m²,Einfamilienhaus (freistehend),nil,nach Vereinbarung,5,4,2 Stellplätze,"2,38% inklusive MwSt.","{'is24qa-gaeste-wc-label': '', 'is24qa-als-ferienhaus-geeignet-label': ''}"
Gemütliches Einfamilienhaus mit Ausbaureserve auf großem Grundstück,480.000 €,"14621 Schönwalde-Glien, Havelland (Kreis)
Die vollständige Adresse der Immobilie erhalten Sie vom Anbieter.",4,91 m²,954 m²,5.275 €/m²,Einfamilienhaus (freistehend),104 m²,sofort,2,1,2 Garagen,"2,99 % des Kaufpreises (inkl. MwSt.)",{'is24qa-keller-label': ''}
Großzügige Architektenvilla mit Sonnenterassen und Garten in Rangsdorf,1.100.000 €,"15834 Rangsdorf, Teltow-Fläming (Kreis)
Die vollständige Adresse der Immobilie erhalten Sie vom Anbieter.",5,253 m²,823 m²,4.348 €/m²,Einfamilienhaus (freistehend),465 m²,1.9.2024,3,2,2 Garagen,Nein,"{'is24qa-gaeste-wc-label': '', 'is24qa-keller-label': '', 'is24qa-provisionsfrei-fuer-kaufende-label': ''}"
30ér Jahre Klassiker mit 200m² Wohnfläche + Gebäude für Büro/Atelier+Keller zum modernisieren,499.000 €,"15738 Zeuthen, Dahme-Spreewald (Kreis)
Die vollständige Adresse der Immobilie erhalten Sie vom Anbieter.",9,200 m²,675 m²,2.495 €/m²,Einfamilienhaus (freistehend),100 m²,sofort,nil,nil,Garage,"3,57% inkl. MwSt. vom Kaufpreis","{'is24qa-listonlyonis24-label': 'Nur hier gefunden', 'is24qa-keller-label': '', 'is24qa-als-ferienhaus-geeignet-label': ''}"
Sofort verfügbar! Ideal für große Familien oder Generationen. In bevorzugter Innenstadtlage!,299.000 €,"Wiesenring 00,
15848 Beeskow, Oder-Spree (Kreis)",6,180 m²,671 m²,1.661 €/m²,Einfamilienhaus (freistehend),150 m²,sofort,5,2,2 Garagen,"3,57% vom Kaufpreis inkl. 19% MwSt.","{'is24qa-listonlyonis24-label': 'Nur hier gefunden', 'is24qa-gaeste-wc-label': '', 'is24qa-keller-label': '', 'is24qa-als-ferienhaus-geeignet-label': ''}"
Eigentum statt Miete-Perfekt für die Altersvorsorge-und viel Platz für Ihre Hobbys-Sofort verfügbar,215.000 €,"15320 Neutrebbin, Märkisch-Oderland (Kreis)
Die vollständige Adresse der Immobilie erhalten Sie vom Anbieter.",4,115 m²,1.514 m²,1.870 €/m²,Einfamilienhaus (freistehend),nil,nil,3,2,4 Stellplätze,"3,57 % inkl. MwSt. - zahlbar nach Beurkundung",{}
Sehr gepflegte Doppelhaushälfte in Doberlug-Kirchhain,180.000 €,"03253 Doberlug-Kirchhain, Elbe-Elster (Kreis)
Die vollständige Adresse der Immobilie erhalten Sie vom Anbieter.",4,120 m²,504 m²,1.500 €/m²,Doppelhaushälfte,0 m²,nil,0,2,1 Außenstellplatz,Nein,{'is24qa-provisionsfrei-fuer-kaufende-label': ''}
⭐ Pachtgarten mit Bungalow in Stahnsdorf Besichtigungen Sontag den 23.06.24 ⭐,36.500 €,"14532 Stahnsdorf, Potsdam-Mittelmark (Kreis)
Die vollständige Adresse der Immobilie erhalten Sie vom Anbieter.",3,39 m²,580 m²,936 €/m²,nil,nil,nil,nil,nil,nil,Nein,{'is24qa-provisionsfrei-fuer-kaufende-label': ''}
Leben und Wohnen in Groß Pinnow,70.000 €,"16306 Hohenselchow-Groß Pinnow, Uckermark (Kreis)
Die vollständige Adresse der Immobilie erhalten Sie vom Anbieter.",5,96 m²,694 m²,729 €/m²,Einfamilienhaus (freistehend),nil,nil,nil,nil,nil,Nein,{'is24qa-provisionsfrei-fuer-kaufende-label': ''}
Offen für Angebote: 3.0-Zimmer Haus in Lauchhammer,108.000 €,"01979 Lauchhammer, Oberspreewald-Lausitz (Kreis)
Die vollständige Adresse der Immobilie erhalten Sie vom Anbieter.",3,80 m²,800 m²,1.350 €/m²,nil,nil,nil,nil,nil,nil,nil,{}
Besondere Immobilie in traumhafter Lage in Peitz,540.000 €,"03185 Peitz, Spree-Neiße (Kreis)
Die vollständige Adresse der Immobilie erhalten Sie vom Anbieter.",5,135 m²,1.100 m²,4.000 €/m²,Einfamilienhaus (freistehend),225 m²,nil,nil,2,2 Garagen,Nein,"{'is24qa-gaeste-wc-label': '', 'is24qa-keller-label': '', 'is24qa-als-ferienhaus-geeignet-label': '', 'is24qa-provisionsfrei-fuer-kaufende-label': ''}"
Erholungsgrundstück mitten in der Natur,99.000 €,"15746 Groß Köris, Dahme-Spreewald (Kreis)
Die vollständige Adresse der Immobilie erhalten Sie vom Anbieter.",2,45 m²,673 m²,2.200 €/m²,Wohnimmobilie (sonstige),nil,sofort,1,1,1 Stellplatz,"3,57 %",{'is24qa-als-ferienhaus-geeignet-label': ''}
Traumhaftes Einfamilienhaus in massiver Bauweise,860.000 €,"15838 Am Mellensee, Teltow-Fläming (Kreis)
Die vollständige Adresse der Immobilie erhalten Sie vom Anbieter.",6,170 m²,1.752 m²,5.059 €/m²,Einfamilienhaus (freistehend),117 m²,nil,2,2,4 Stellplätze,3 % inkl. ges. MwSt.,"{'is24qa-gaeste-wc-label': '', 'is24qa-keller-label': '', 'is24qa-einliegerwohnung-label': ''}"
Einfamilienhaus in grüner Lage *provisionsfrei,530.000 €,"16547 Birkenwerder, Oberhavel (Kreis)
Die vollständige Adresse der Immobilie erhalten Sie vom Anbieter.",5,130 m²,504 m²,4.077 €/m²,Einfamilienhaus (freistehend),nil,18.1.2025,3,2,2 Carports,Nein,"{'is24qa-gaeste-wc-label': '', 'is24qa-provisionsfrei-fuer-kaufende-label': ''}"
Günstiges 5-Zimmer-Haus in Groß Pankow OT Baek (Prignitz),75.000 €,"Baeker Hauptstraße 46,
16928 Groß Pankow (Prignitz), Prignitz (Kreis)",5,120 m²,504 m²,625 €/m²,Einfamilienhaus (freistehend),nil,9.6.2024,3,1,1 Carport,Nein,"{'is24qa-gaeste-wc-label': '', 'is24qa-keller-label': '', 'is24qa-provisionsfrei-fuer-kaufende-label': ''}"
"Einfamilienhaus mit viel Nebengelass auf 0,55 ha Land mit kombinierter Holz-, Ölheizung - 2. Aufruf",210.000 €,"16775 Großwoltersdorf, Oberhavel (Kreis)
Die vollständige Adresse der Immobilie erhalten Sie vom Anbieter.",4,"115,4 m²",5.534 m²,1.820 €/m²,Einfamilienhaus (freistehend),497 m²,Vereinbarung,2,1,4 Stellplätze,"3,57 % inkl. ges. MwSt.",{'is24qa-keller-label': ''}
freistehendes EFH mit großem Grundstück für Zweitbebauung,780.000 €,"14974 Ludwigsfelde, Teltow-Fläming (Kreis)
Die vollständige Adresse der Immobilie erhalten Sie vom Anbieter.",4,142 m²,1.488 m²,5.493 €/m²,Einfamilienhaus (freistehend),66 m²,4.11.2024,4,2,2 Außenstellplätze,Nein,"{'is24qa-gaeste-wc-label': '', 'is24qa-keller-label': '', 'is24qa-provisionsfrei-fuer-kaufende-label': ''}"
!Wunderschönes Einfamilienhaus in Wenzlow zu verkaufen!,469.000 €,"14778 Wenzlow, Potsdam-Mittelmark (Kreis)
Die vollständige Adresse der Immobilie erhalten Sie vom Anbieter.",4,133 m²,1.839 m²,3.526 €/m²,Einfamilienhaus (freistehend),nil,8.6.2024,nil,1,nil,Nein,"{'is24qa-gaeste-wc-label': '', 'is24qa-provisionsfrei-fuer-kaufende-label': ''}"
Schauen Sie am 24.06. in den Rohbau von 145 m² Familienglück!,349.990 €,"Käthe-Kollwitz-Str. 10,
14943 Luckenwalde, Teltow-Fläming (Kreis)",5,145 m²,"194,74 m²",2.414 €/m²,Reiheneckhaus,30 m²,2023,4,1,1 Außenstellplatz,Nein,"{'is24qa-online-besichtigung-moeglich-label': '', 'is24qa-gaeste-wc-label': '', 'is24qa-provisionsfrei-fuer-kaufende-label': ''}"
Wir zeigen Ihnen am 24.06. vor Ort Ihr neues Zuhause: 145 m² Familienglück,329.990 €,"Käthe-Kollwitz-Str. 10,
14943 Luckenwalde, Teltow-Fläming (Kreis)",5,145 m²,"179,47 m²",2.276 €/m²,Reihenmittelhaus,32 m²,nil,4,1,1 Außenstellplatz,Nein,"{'is24qa-online-besichtigung-moeglich-label': '', 'is24qa-gaeste-wc-label': '', 'is24qa-provisionsfrei-fuer-kaufende-label': ''}"
