title,price,address,rooms,living_space,property_area,price_per_m2,type,usable_area,available_from,bedrooms,bathrooms,garage_parking,buyer_commission,criteriagroup_boolean_listing
Zweifamilienhaus mit ELW in Gerstetten,Auf Anfrage,"89547 Gerstetten, Heidenheim (Kreis)
Die vollständige Adresse der Immobilie erhalten Sie vom Anbieter.",11,350 m²,977 m²,nil,Mehrfamilienhaus,nil,nach Vereinbarung,nil,3,2 Garagen,"3,57 % inkl. ges. MwSt.",{}
Einfamilienhaus in schöner Lage!,365.000 €,"73340 Amstetten, Alb-Donau-Kreis
Die vollständige Adresse der Immobilie erhalten Sie vom Anbieter.","6,5","146,64 m²",709 m²,2.489 €/m²,Einfamilienhaus (freistehend),nil,sofort,5,1,1 Garage,"3,57 % inkl. ges. MwSt.","{'is24qa-gaeste-wc-label': '', 'is24qa-keller-label': ''}"
"Ein Ort, den Sie Ihr Zuhause nennen werden.",498.000 €,"74921 Helmstadt-Bargen, Rhein-Neckar-Kreis
Die vollständige Adresse der Immobilie erhalten Sie vom Anbieter.","6,5",140 m²,240 m²,3.557 €/m²,Doppelhaushälfte,nil,nil,5,1,2 Garagen,"3,57","{'is24qa-gaeste-wc-label': '', 'is24qa-keller-label': ''}"
"FAMILIENGLÜCK IN SCHÖNER LAGE: EFH mit ELW, Glatt",368.000 €,"72172 Sulz am Neckar, Rottweil (Kreis)
Die vollständige Adresse der Immobilie erhalten Sie vom Anbieter.",7,175 m²,810 m²,2.103 €/m²,Einfamilienhaus (freistehend),nil,kurzfristig,5,2,1 Garage,"3,57% inklusive MwSt.","{'is24qa-keller-label': '', 'is24qa-einliegerwohnung-label': ''}"
Mehrfamilienhaus in Stuttgart-Feuerbach,799.000 €,"Feuerbacher Tal, 70469 Stuttgart
Die vollständige Adresse der Immobilie erhalten Sie vom Anbieter.",10,185 m²,225 m²,4.319 €/m²,Doppelhaushälfte,nil,nil,nil,4,1 Garage,3.57% inkl. 19% MwSt.,"{'is24qa-gaeste-wc-label': '', 'is24qa-keller-label': ''}"
Kleines Häuschen sucht kreative Eigentümer,279.000 €,"76684 Östringen, Karlsruhe (Kreis)
Die vollständige Adresse der Immobilie erhalten Sie vom Anbieter.",3,120 m²,315 m²,2.325 €/m²,Einfamilienhaus (freistehend),95 m²,nil,2,1,1 Carport,"3,57% inkl. MwSt.","{'is24qa-gaeste-wc-label': '', 'is24qa-keller-label': ''}"
Ruhiges Wohnen auf einer Ebene mit Einliegerwohnung in Nattheim,390.000 €,"89564 Nattheim, Heidenheim (Kreis)
Die vollständige Adresse der Immobilie erhalten Sie vom Anbieter.",6,"156,49 m²",911 m²,2.492 €/m²,Einfamilienhaus (freistehend),nil,nach Vereinbarung,nil,nil,nil,"3,57 inkl. MwSt.",{'is24qa-online-besichtigung-moeglich-label': ''}
Für Kapitalanleger: Stilvolles Einfamilienhaus mit großem Garten in Bestlage von S-Sonnenberg,2.200.000 €,"Sonnenberg, 70597 Stuttgart
Die vollständige Adresse der Immobilie erhalten Sie vom Anbieter.",5,201 m²,887 m²,10.945 €/m²,Einfamilienhaus (freistehend),nil,nil,3,2,2 Garagen,"2,38% vom Kaufpreis inkl. 19% MwSt.",{'is24qa-vermietet-label': ''}
Wohnen in gesuchter Lage von Hainstadt!,359.900 €,"74722 Buchen (Odenwald), Neckar-Odenwald-Kreis
Die vollständige Adresse der Immobilie erhalten Sie vom Anbieter.",5,125 m²,775 m²,2.879 €/m²,Einfamilienhaus (freistehend),60 m²,Sofort,4,2,1 Garage,"3,57 % inkl. MwSt.","{'is24qa-listonlyonis24-label': 'Nur hier gefunden', 'is24qa-gaeste-wc-label': '', 'is24qa-keller-label': ''}"
"Privilegiertes Wohnen am Titisee! Ruhig, Stilvoll, Exzellent! Nur 250 Meter bis zum Titisee",1.200.000 €,"79822 Titisee-Neustadt, Breisgau-Hochschwarzwald (Kreis)
Die vollständige Adresse der Immobilie erhalten Sie vom Anbieter.",7,280 m²,997 m²,4.286 €/m²,Einfamilienhaus (freistehend),142 m²,sofort,2,2,nil,"3,57 % inkl. MwSt.",{'is24qa-keller-label': ''}
Freistehendes und modernisiertes Einfamilienhaus mit Einliegerwohnung in Baden-Baden,589.000 €,"Lichtental mit Oberbeuern und Geroldsau, 76534 Baden-Baden
Die vollständige Adresse der Immobilie erhalten Sie vom Anbieter.",6,144 m²,746 m²,4.090 €/m²,Einfamilienhaus (freistehend),30 m²,"kurzfristig, in Absprache",4,2,1 Garage,"3,57 % Brutto vom beurkundeten Kaufpreis vom Käufer zu zahlen","{'is24qa-online-besichtigung-moeglich-label': '', 'is24qa-gaeste-wc-label': '', 'is24qa-keller-label': '', 'is24qa-als-ferienhaus-geeignet-label': '', 'is24qa-einliegerwohnung-label': ''}"
Elegante Villa mit Panoramablick,1.050.000 €,"69245 Bammental, Rhein-Neckar-Kreis
Die vollständige Adresse der Immobilie erhalten Sie vom Anbieter.",9,314 m²,921 m²,3.344 €/m²,Villa,213 m²,nil,4,4,3 Außenstellplätze,"Käuferprovision beträgt 3,57 % (inkl. MwSt.) des beurkundeten Kaufpreises","{'is24qa-gaeste-wc-label': '', 'is24qa-keller-label': '', 'is24qa-stufenloser-zugang-label': '', 'is24qa-einliegerwohnung-label': ''}"
Schönes Reihenmittelhaus mit viel Platz in Lichtenwald!,439.000 €,"73669 Lichtenwald, Esslingen (Kreis)
Die vollständige Adresse der Immobilie erhalten Sie vom Anbieter.","4,5",145 m²,240 m²,3.028 €/m²,Reihenmittelhaus,27 m²,nach Vereinbarung,3,2,1 Garage,"2,975 % inkl. ges. MwSt.","{'is24qa-listonlyonis24-label': 'Nur hier gefunden', 'is24qa-gaeste-wc-label': '', 'is24qa-keller-label': ''}"
"Beeindruckendes Wohnhaus für Selbstnutzer oder Kapitalanleger (5,7% Rendite!)",598.000 €,"78559 Gosheim, Tuttlingen (Kreis)
Die vollständige Adresse der Immobilie erhalten Sie vom Anbieter.",8,235 m²,758 m²,2.545 €/m²,Mehrfamilienhaus,nil,nach Vereinbarung,5,3,5 Stellplätze,3.57 %,"{'is24qa-gaeste-wc-label': '', 'is24qa-keller-label': '', 'is24qa-einliegerwohnung-label': ''}"
Attraktives Wohnhaus mit 3 separaten Wohneinheiten,468.000 €,"72474 Winterlingen, Zollernalbkreis
Die vollständige Adresse der Immobilie erhalten Sie vom Anbieter.",11,293 m²,220 m²,1.597 €/m²,Mehrfamilienhaus,nil,nach Absprache,nil,nil,3 Stellplätze,3.57 %,"{'is24qa-als-ferienhaus-geeignet-label': '', 'is24qa-einliegerwohnung-label': '', 'is24qa-vermietet-label': ''}"
zentral gelegenes Apartmenthaus in Weilimdorf,1.300.000 €,"Weilimdorf (Ortsteil), 70499 Stuttgart
Die vollständige Adresse der Immobilie erhalten Sie vom Anbieter.",4,129 m²,250 m²,10.078 €/m²,Mehrfamilienhaus,50 m²,nil,4,4,4 Außenstellplätze,"4,76 % inkl. ges. MwSt.",{}
Familienparadies: Einfamilienhaus mit idyllischem Garten,359.000 €,"77855 Achern, Ortenaukreis
Die vollständige Adresse der Immobilie erhalten Sie vom Anbieter.",6,125 m²,651 m²,2.872 €/m²,Einfamilienhaus (freistehend),nil,nil,2,3,4 Stellplätze,siehe Sonstiges,{'is24qa-keller-label': ''}
"Neubau DHH - Zentrale Lage, Energieeffizient, 55 Förderfähig",498.500 €,"77749 Hohberg, Ortenaukreis
Die vollständige Adresse der Immobilie erhalten Sie vom Anbieter.",4,122 m²,185 m²,4.086 €/m²,Doppelhaushälfte,45 m²,nil,3,1,1 Stellplatz,siehe Sonstiges,{'is24qa-keller-label': ''}
Exklusive Wohnkultur: Moderne Villa nahe der Lichtentaler Allee,2.800.000 €,"Innenstadt, 76530 Baden-Baden
Die vollständige Adresse der Immobilie erhalten Sie vom Anbieter.",8,300 m²,900 m²,9.333 €/m²,Villa,nil,nil,6,6,2 Stellplätze,3.57 %,"{'is24qa-gaeste-wc-label': '', 'is24qa-keller-label': ''}"
Modernes Einfamilienhaus mit Weitblick in Toplage!,1.049.000 €,"97877 Wertheim, Main-Tauber-Kreis
Die vollständige Adresse der Immobilie erhalten Sie vom Anbieter.",5,225 m²,1.549 m²,4.662 €/m²,Einfamilienhaus (freistehend),55 m²,1.8.2024,4,2,nil,"Käuferprovision beträgt 2,85 % (inkl. MwSt.) des beurkundeten Kaufpreises","{'is24qa-gaeste-wc-label': '', 'is24qa-keller-label': '', 'is24qa-einliegerwohnung-label': ''}"
