title,price,address,rooms,living_space,property_area,price_per_m2,type,usable_area,available_from,bedrooms,bathrooms,garage_parking,buyer_commission,criteriagroup_boolean_listing
Zwangsversteigerung - Zweifamilienhaus und Garagen in Fronhofen - provisionsfrei für Ersteher!,123.000 €,"66903 Frohnhofen, Kusel (Kreis)
Die vollständige Adresse der Immobilie erhalten Sie vom Anbieter.",8,196 m²,1.779 m²,628 €/m²,Mehrfamilienhaus,nil,nil,nil,2,nil,Nein,{'is24qa-provisionsfrei-fuer-kaufende-label': ''}
Schönes Mehrfamilienhaus in idyllischer Waldrandlage,395.000 €,"67316 Carlsberg, Bad Dürkheim (Kreis)
Die vollständige Adresse der Immobilie erhalten Sie vom Anbieter.",11,270 m²,1.350 m²,1.463 €/m²,Mehrfamilienhaus,nil,Nach Rücksprache,6,3,4 Garagen,"3,57 % inkl Mwst.","{'is24qa-gaeste-wc-label': '', 'is24qa-keller-label': '', 'is24qa-als-ferienhaus-geeignet-label': ''}"
Neubau schönes Einfamilienhaus als Kapitalanlage in Birkenfeld,469.500 €,"55765 Birkenfeld, Birkenfeld (Kreis)
Die vollständige Adresse der Immobilie erhalten Sie vom Anbieter.",6,150 m²,600 m²,3.130 €/m²,nil,nil,nil,nil,nil,nil,"3,57% inkl.MwSt.",{}
Einfamilienhaus in sehr schöner Sonnenlage mit viel Platz,585.000 €,"76889 Schweighofen, Südliche Weinstraße (Kreis)
Die vollständige Adresse der Immobilie erhalten Sie vom Anbieter.",8,251 m²,1.049 m²,2.331 €/m²,Einfamilienhaus (freistehend),nil,Sofort,nil,nil,nil,"3,57 % inkl. ges. MwSt.",{}
NEUBAU - Doppelhaushälfte mit Wärmepumpe,479.000 €,"Heidenkopfstr. 102a,
67705 Trippstadt, Kaiserslautern (Kreis)",6,"157,5 m²",315 m²,3.041 €/m²,Doppelhaushälfte,nil,06/2024,4,2,nil,Nein,"{'is24qa-gaeste-wc-label': '', 'is24qa-provisionsfrei-fuer-kaufende-label': ''}"
**PROVISIONSFREI** Charmantes Stadthaus statt Wohnung,249.000 €,"55276 Oppenheim, Mainz-Bingen (Kreis)
Die vollständige Adresse der Immobilie erhalten Sie vom Anbieter.","2,5",58 m²,91 m²,4.293 €/m²,Einfamilienhaus (freistehend),nil,nil,nil,nil,nil,Nein,{'is24qa-provisionsfrei-fuer-kaufende-label': ''}
Großzügige Doppelhaushälfte in idyllischer Lage,577.800 €,"Dr.-Gerstner-Straße 3,
67376 Harthausen, Rhein-Pfalz-Kreis",5,134 m²,232 m²,4.312 €/m²,Doppelhaushälfte,nil,nil,3,2,1 Garage,Nein,"{'is24qa-gaeste-wc-label': '', 'is24qa-provisionsfrei-fuer-kaufende-label': ''}"
gepflegtes Einfamilienhaus auf schönem Grundstück in Katzwinkel (Sieg),347.000 €,"57581 Katzwinkel (Sieg), Altenkirchen (Westerwald) (Kreis)
Die vollständige Adresse der Immobilie erhalten Sie vom Anbieter.",10,"163,29 m²",915 m²,2.125 €/m²,Einfamilienhaus (freistehend),"50,58 m²",nach Absprache,nil,2,nil,"3,57 % inkl. ges. MwSt.","{'is24qa-gaeste-wc-label': '', 'is24qa-keller-label': ''}"
"BARRIEREFREI, exclusives Wohnanwesen mit wunderschöner Parkanlage in Orts- bzw. Naturlage",Auf Anfrage,"57614 Ratzert, Neuwied (Kreis)
Die vollständige Adresse der Immobilie erhalten Sie vom Anbieter.",5,190 m²,6.212 m²,nil,Bungalow,57 m²,nil,nil,nil,3 Stellplätze,"3,57 % inkl. ges. MwSt.",{}
"Haus mit schöner Aussicht und mit Garten, geeignet für ein oder zwei Familien.",279.000 €,"56459 Gemünden, Westerwaldkreis
Die vollständige Adresse der Immobilie erhalten Sie vom Anbieter.",8,"194,87 m²",641 m²,1.432 €/m²,Einfamilienhaus (freistehend),"92,02 m²",nach Vereinbarung,nil,nil,2 Stellplätze,"3,57 % inkl. ges. MwSt.","{'is24qa-gaeste-wc-label': '', 'is24qa-keller-label': '', 'is24qa-einliegerwohnung-label': ''}"
Zweifamilienhaus mit viel Potenzial in ruhiger Lage,259.000 €,"66503 Dellfeld, Südwestpfalz (Kreis)
Die vollständige Adresse der Immobilie erhalten Sie vom Anbieter.",7,205 m²,927 m²,1.263 €/m²,nil,nil,nil,4,2,3 Stellplätze,"3,57","{'is24qa-online-besichtigung-moeglich-label': '', 'is24qa-gaeste-wc-label': '', 'is24qa-keller-label': ''}"
"Freundliches Reihenhaus mit 7 Zimmern, Wohnküche, großes Bad und Gäste WC in Mayen , Mayen",210.000 €,"56727 Mayen, Mayen-Koblenz (Kreis)
Die vollständige Adresse der Immobilie erhalten Sie vom Anbieter.",7,150 m²,205 m²,1.400 €/m²,Reihenmittelhaus,70 m²,nil,4,1,nil,Nein,"{'is24qa-gaeste-wc-label': '', 'is24qa-keller-label': '', 'is24qa-provisionsfrei-fuer-kaufende-label': ''}"
Haus zum Sanieren oder für den Neubau,245.000 €,"67374 Hanhofen, Rhein-Pfalz-Kreis
Die vollständige Adresse der Immobilie erhalten Sie vom Anbieter.",12,370 m²,461 m²,662 €/m²,nil,nil,3.3.2024,nil,nil,nil,Nein,{'is24qa-provisionsfrei-fuer-kaufende-label': ''}
#Natur und Pferdeliebhaber´s Traum,250.000 €,"55767 Rinzenberg, Birkenfeld (Kreis)
Die vollständige Adresse der Immobilie erhalten Sie vom Anbieter.",9,210 m²,5.500 m²,1.190 €/m²,Besondere Immobilie,200 m²,nil,5,2,1 Garage,"3,57 % inkl. MwSt.","{'is24qa-gaeste-wc-label': '', 'is24qa-keller-label': ''}"
Ferienwohnung und für Sie ein Haus / 2 - 3 Familienhaus in Trechtingshausen / Blicklage,648.000 €,"55413 Trechtingshausen, Mainz-Bingen (Kreis)
Die vollständige Adresse der Immobilie erhalten Sie vom Anbieter.",8,280 m²,802 m²,2.314 €/m²,Mehrfamilienhaus,120 m²,sofort,6,3,4 Garagen,"5,95% Käuferprovision inkl. 19% MwSt.","{'is24qa-gaeste-wc-label': '', 'is24qa-keller-label': ''}"
Ferienwohnung und für Sie ein Haus / 2 - 3 Familienhaus in Trechtingshausen / Blicklage,648.000 €,"55413 Trechtingshausen, Mainz-Bingen (Kreis)
Die vollständige Adresse der Immobilie erhalten Sie vom Anbieter.",8,280 m²,802 m²,2.314 €/m²,Mehrfamilienhaus,120 m²,sofort,6,3,4 Garagen,"5,95% Käuferprovision inkl. 19% MwSt.","{'is24qa-gaeste-wc-label': '', 'is24qa-keller-label': ''}"
Bezugsfertiges 2-3 FH in zentraler Lage mit Garage und Stellplatz,467.000 €,"Gartenstadt, 67065 Ludwigshafen am Rhein
Die vollständige Adresse der Immobilie erhalten Sie vom Anbieter.",6,160 m²,188 m²,2.919 €/m²,Mehrfamilienhaus,nil,sofort,3,3,2 Stellplätze,"3,57","{'is24qa-gaeste-wc-label': '', 'is24qa-keller-label': ''}"
Achtung Steuerfüchse-Hohe Steuervorteile durch 5 % AFA -Neues 3-Familienhaus Trier-Kernscheid,1.400.000 €,"Kernscheid, 54296 Trier
Die vollständige Adresse der Immobilie erhalten Sie vom Anbieter.",10,"280,74 m²",650 m²,4.987 €/m²,Mehrfamilienhaus,nil,nil,8,4,3 Garagen,"1,785 % incl. Mwst",{'is24qa-online-besichtigung-moeglich-label': ''}
Neues KFW 40 Eckhaus Tarforster Höhe mit schöner Dachterrasse - Garage optional möglich,792.500 €,"Filsch, 54296 Trier
Die vollständige Adresse der Immobilie erhalten Sie vom Anbieter.",5,134 m²,306 m²,5.914 €/m²,Reiheneckhaus,52 m²,nil,4,1,2 Carports,"1,785 % incl. MwSt",{'is24qa-online-besichtigung-moeglich-label': ''}
Neues KFW 40 Reiheneckhaus Tarforster Höhe mit schöner Dachterrasse,776.600 €,"Filsch, 54296 Trier
Die vollständige Adresse der Immobilie erhalten Sie vom Anbieter.",4,134 m²,271 m²,5.796 €/m²,Reiheneckhaus,52 m²,nil,4,1,2 Carports,"1,785 % incl. MwSt",{'is24qa-online-besichtigung-moeglich-label': ''}
