title,price,address,rooms,living_space,property_area,price_per_m2,type,usable_area,available_from,bedrooms,bathrooms,garage_parking,buyer_commission,criteriagroup_boolean_listing
Reihenmittelhaus mit 4 Schlafzimmer in ruhiger Lage in Ingolstadt Ringsee/Kothau,565.000 €,"Bergmüllerstraße 50,
Südost, 85053 Ingolstadt",5,117 m²,146 m²,4.829 €/m²,Reihenmittelhaus,nil,sofort,4,1,1 Stellplatz,"2,380 % inkl. ges. MwSt.","{'is24qa-gaeste-wc-label': '', 'is24qa-keller-label': ''}"
Ich bin im Grünen zu finden,575.000 €,"86633 Neuburg an der Donau, Neuburg-Schrobenhausen (Kreis)
Die vollständige Adresse der Immobilie erhalten Sie vom Anbieter.",7,140 m²,900 m²,4.107 €/m²,Einfamilienhaus (freistehend),32 m²,nil,5,2,nil,"3,57 % inkl. ges. MwSt.",{}
Vermietetes Renditeobjekt mit weitläufigem Garten,Auf Anfrage,"94094 Rotthalmünster, Passau (Kreis)
Die vollständige Adresse der Immobilie erhalten Sie vom Anbieter.",17,375 m²,1.698 m²,nil,nil,nil,nil,nil,4,9 Stellplätze,3.57% inkl. 19% MwSt.,{'is24qa-keller-label': ''}
Großzügiger Bungalow auf parkähnlichen Grundstück in bester Lage von Gräfelfing,4.500.000 €,"82166 Gräfelfing, München (Kreis)
Die vollständige Adresse der Immobilie erhalten Sie vom Anbieter.",8,285 m²,1.741 m²,15.789 €/m²,Bungalow,nil,nil,7,5,1 Garage,"Käuferprovision beträgt 3,57 % (inkl. MwSt.) des beurkundeten Kaufpreises","{'is24qa-gaeste-wc-label': '', 'is24qa-keller-label': ''}"
Exquisites Doppelhaus in bester Lage,1.325.000 €,"83059 Kolbermoor, Rosenheim (Kreis)
Die vollständige Adresse der Immobilie erhalten Sie vom Anbieter.","5,5",158 m²,319 m²,8.386 €/m²,Doppelhaushälfte,231 m²,sofort,4,2,1 Garage,Nein,"{'is24qa-gaeste-wc-label': '', 'is24qa-keller-label': '', 'is24qa-provisionsfrei-fuer-kaufende-label': ''}"
Geothermie-Fernwärme - Gartenidylle - Reiheneckhaus in ruhiger Lage,742.500 €,"Glockenblumenweg 12,
85586 Poing, Ebersberg (Kreis)",4,93 m²,304 m²,7.984 €/m²,Reiheneckhaus,nil,sofort,3,1,1 Duplex-Stellplatz,"3,57 % des Kaufpreises",{'is24qa-gaeste-wc-label': ''}
Kapitalanleger aufgepasst! Kernsaniertes Mehrfamilienhaus mitten im Stadtkern - leerstehend!,539.000 €,"97650 Fladungen, Rhön-Grabfeld (Kreis)
Die vollständige Adresse der Immobilie erhalten Sie vom Anbieter.",12,320 m²,178 m²,1.684 €/m²,Mehrfamilienhaus,70 m²,nil,nil,6,2 Stellplätze,"3,57 %","{'is24qa-gaeste-wc-label': '', 'is24qa-keller-label': ''}"
Sonnenlage in Grassau im Chiemgau: Großzügiges Wohnhaus mit Einliegerwohnung am westlichen Ortsra,1.320.000 €,"83224 Grassau, Traunstein (Kreis)
Die vollständige Adresse der Immobilie erhalten Sie vom Anbieter.",7,280 m²,1.035 m²,4.714 €/m²,Einfamilienhaus (freistehend),45 m²,nach Vereinbarung,4,3,2 Garagen,"3,57% inkl. ges. MWSt",{'is24qa-einliegerwohnung-label': ''}
"490.000,- für familienfreundliches Einfamilienhaus mit separater 54 m² Einliegerwohnung in TOP Lage",490.000 €,"91338 Igensdorf, Forchheim (Kreis)
Die vollständige Adresse der Immobilie erhalten Sie vom Anbieter.","7,5",224 m²,517 m²,2.188 €/m²,Einfamilienhaus (freistehend),nil,nil,5,2,3 Garagen,"3,57% vom Kaufpreis (inkl. MwSt.)","{'is24qa-gaeste-wc-label': '', 'is24qa-keller-label': '', 'is24qa-einliegerwohnung-label': ''}"
Ihr Traum vom Eigenheim wird wahr!,765.000 €,"85757 Karlsfeld, Dachau (Kreis)
Die vollständige Adresse der Immobilie erhalten Sie vom Anbieter.",5,116 m²,131 m²,6.595 €/m²,Reihenmittelhaus,nil,sofort,nil,nil,1 Garage,"3,57 % inkl. ges. MwSt.",{'is24qa-keller-label': ''}
"Wir haben das, was Sie wollen!",659.000 €,"63755 Alzenau, Aschaffenburg (Kreis)
Die vollständige Adresse der Immobilie erhalten Sie vom Anbieter.",5,190 m²,340 m²,3.468 €/m²,Einfamilienhaus (freistehend),nil,nach Absprache,3,2,3 Stellplätze,3.57 %,"{'is24qa-online-besichtigung-moeglich-label': '', 'is24qa-gaeste-wc-label': '', 'is24qa-keller-label': '', 'is24qa-vermietet-label': ''}"
Exklusives Einfamilienhaus im Grünen,650.000 €,"85302 Gerolsbach, Pfaffenhofen an der Ilm (Kreis)
Die vollständige Adresse der Immobilie erhalten Sie vom Anbieter.",5,169 m²,900 m²,3.846 €/m²,Einfamilienhaus (freistehend),nil,sofort,4,1,2 Garagen,3.57 %,"{'is24qa-gaeste-wc-label': '', 'is24qa-keller-label': ''}"
Doppelhaushälfte für große Familien in Anried bei Dinkelscherben,525.000 €,"86424 Dinkelscherben, Augsburg (Kreis)
Die vollständige Adresse der Immobilie erhalten Sie vom Anbieter.",10,"226,69 m²",443 m²,2.316 €/m²,Doppelhaushälfte,nil,Nach Absprache,5,2,nil,Ohne Käuferprovision,"{'is24qa-online-besichtigung-moeglich-label': '', 'is24qa-keller-label': ''}"
"EINFAMILIENHAUS MIT FACHWERKCHARME: NATURNAH GELEGEN MIT ÜBERDACHTER TERRASSE, TEICH UND GARTEN!",169.000 €,"Am Bach 1,
97519 Riedbach, Haßberge (Kreis)",6,147 m²,550 m²,1.150 €/m²,Einfamilienhaus (freistehend),nil,nil,3,2,1 Stellplatz,"3,57%",{}
Großes Einfamilienhaus - mit Einliegerwohnung - auf 850 m² Grundstück in Hadern,1.990.000 €,"Neuhadern, 81375 München
Die vollständige Adresse der Immobilie erhalten Sie vom Anbieter.",9,273 m²,853 m²,7.289 €/m²,Einfamilienhaus (freistehend),nil,nil,5,3,3 Garagen,"3,57% inkl. 19%MwSt.","{'is24qa-gaeste-wc-label': '', 'is24qa-keller-label': '', 'is24qa-einliegerwohnung-label': ''}"
Neubau - großzügige DHH mit 7 Zimmern in Holzkirchen,1.490.000 €,"83607 Holzkirchen, Miesbach (Kreis)
Die vollständige Adresse der Immobilie erhalten Sie vom Anbieter.",7,200 m²,250 m²,7.450 €/m²,Doppelhaushälfte,nil,nil,4,3,1 Carport,Nein,"{'is24qa-online-besichtigung-moeglich-label': '', 'is24qa-gaeste-wc-label': '', 'is24qa-keller-label': '', 'is24qa-provisionsfrei-fuer-kaufende-label': ''}"
Traumhafte DHH in Wiesent NEUBAU - KfW 55,427.000 €,"93109 Wiesent, Regensburg (Kreis)
Die vollständige Adresse der Immobilie erhalten Sie vom Anbieter.",4,122 m²,171 m²,3.500 €/m²,Doppelhaushälfte,nil,sofort,3,1,2 Stellplätze,siehe Sonstiges,{}
Kleines Einfamilienhäuschen mit Altstadtflair - Kapitalanlage oder Eigennutz möglich,95.000 €,"90180 Heideck, Roth (Kreis)
Die vollständige Adresse der Immobilie erhalten Sie vom Anbieter.","2,5",60 m²,30 m²,1.583 €/m²,Einfamilienhaus (freistehend),nil,sofort,2,1,nil,"3,57 % Käuferprovision inkl. 19 % MwSt.",{}
Doppelhaus Aura 115 // passendes Grundstück dazu ist reserviert,286.900 €,"84183 Niederviehbach, Dingolfing-Landau (Kreis)
Die vollständige Adresse der Immobilie erhalten Sie vom Anbieter.",6,114 m²,286 m²,2.517 €/m²,Doppelhaushälfte,nil,nil,3,2,nil,Nein,"{'is24qa-gaeste-wc-label': '', 'is24qa-provisionsfrei-fuer-kaufende-label': ''}"
Moderne Doppelhaushälfte in Oberschwarzach: Ihr individuelles Traumhaus wartet auf Sie!,316.500 €,"97516 Oberschwarzach, Schweinfurt (Kreis)
Die vollständige Adresse der Immobilie erhalten Sie vom Anbieter.",4,"123,24 m²",420 m²,2.568 €/m²,Doppelhaushälfte,nil,nil,3,1,nil,Nein,"{'is24qa-gaeste-wc-label': '', 'is24qa-stufenloser-zugang-label': '', 'is24qa-provisionsfrei-fuer-kaufende-label': ''}"
Moderne Doppelhaushälfte in Geldersheim: Entspanntes Wohnen nach Ihren Wünschen,488.000 €,"97505 Geldersheim, Schweinfurt (Kreis)
Die vollständige Adresse der Immobilie erhalten Sie vom Anbieter.",4,"129,8 m²",420 m²,3.760 €/m²,Doppelhaushälfte,nil,nil,3,1,nil,nil,"{'is24qa-gaeste-wc-label': '', 'is24qa-stufenloser-zugang-label': ''}"
Exklusive Villa in Gartenstadt - Gestalten Sie Ihr Traumhaus,510.400 €,"Gartenstadt, 97424 Schweinfurt
Die vollständige Adresse der Immobilie erhalten Sie vom Anbieter.",4,"166,69 m²",550 m²,3.062 €/m²,Villa,nil,nil,3,1,nil,Nein,"{'is24qa-gaeste-wc-label': '', 'is24qa-stufenloser-zugang-label': '', 'is24qa-provisionsfrei-fuer-kaufende-label': ''}"
Traumvilla nach Ihren Wünschen in Frankenwinheim!,447.700 €,"97447 Frankenwinheim, Schweinfurt (Kreis)
Die vollständige Adresse der Immobilie erhalten Sie vom Anbieter.",4,"166,69 m²",550 m²,2.686 €/m²,Villa,nil,nil,3,1,nil,Nein,"{'is24qa-gaeste-wc-label': '', 'is24qa-stufenloser-zugang-label': '', 'is24qa-provisionsfrei-fuer-kaufende-label': ''}"
Modernes Einfamilienhaus nach Ihren Wünschen in Egenhausen,469.400 €,"97440 Werneck, Schweinfurt (Kreis)
Die vollständige Adresse der Immobilie erhalten Sie vom Anbieter.",4,"174,96 m²",570 m²,2.683 €/m²,Einfamilienhaus (freistehend),nil,nil,3,1,nil,Nein,"{'is24qa-gaeste-wc-label': '', 'is24qa-provisionsfrei-fuer-kaufende-label': ''}"
Modernes Einfamilienhaus in Hundelshausen - Ihr Traumhaus nach Maß,516.700 €,"97513 Michelau im Steigerwald, Schweinfurt (Kreis)
Die vollständige Adresse der Immobilie erhalten Sie vom Anbieter.",5,"222,91 m²",590 m²,2.318 €/m²,Einfamilienhaus (freistehend),nil,nil,4,1,nil,Nein,"{'is24qa-gaeste-wc-label': '', 'is24qa-provisionsfrei-fuer-kaufende-label': ''}"
Einfamilienhaus in Schweinfurt: Projektiert nach Ihren Wünschen und Vorstellungen,671.700 €,"Bergl, 97424 Schweinfurt
Die vollständige Adresse der Immobilie erhalten Sie vom Anbieter.",5,"222,91 m²",610 m²,3.013 €/m²,Einfamilienhaus (freistehend),nil,nil,4,1,nil,Nein,"{'is24qa-gaeste-wc-label': '', 'is24qa-provisionsfrei-fuer-kaufende-label': ''}"
Modernes Einfamilienhaus: Projektiert nach Ihren Wünschen,458.200 €,"97276 Margetshöchheim, Würzburg (Kreis)
Die vollständige Adresse der Immobilie erhalten Sie vom Anbieter.",4,"143,79 m²",550 m²,3.187 €/m²,Einfamilienhaus (freistehend),nil,nil,3,1,nil,Nein,"{'is24qa-gaeste-wc-label': '', 'is24qa-provisionsfrei-fuer-kaufende-label': ''}"
"]Traumhaftes, projektiertes Einfamilienhaus in Bergtheim - Ihr individueller Wohntraum",374.400 €,"97241 Bergtheim, Würzburg (Kreis)
Die vollständige Adresse der Immobilie erhalten Sie vom Anbieter.",4,"142,23 m²",520 m²,2.632 €/m²,Einfamilienhaus (freistehend),nil,nil,3,1,nil,Nein,"{'is24qa-gaeste-wc-label': '', 'is24qa-provisionsfrei-fuer-kaufende-label': ''}"
Modernes Einfamilienhaus in Güntersleben: Ihr Traumhaus nach Ihren Vorstellungen,453.400 €,"97261 Güntersleben, Würzburg (Kreis)
Die vollständige Adresse der Immobilie erhalten Sie vom Anbieter.",4,"174,96 m²",570 m²,2.591 €/m²,Einfamilienhaus (freistehend),nil,nil,3,1,nil,Nein,"{'is24qa-gaeste-wc-label': '', 'is24qa-provisionsfrei-fuer-kaufende-label': ''}"
Moderner Bungalow in Estenfeld - Ihr Traumhaus nach Ihren Wünschen,401.300 €,"97230 Estenfeld, Würzburg (Kreis)
Die vollständige Adresse der Immobilie erhalten Sie vom Anbieter.",3,"88,34 m²",540 m²,4.543 €/m²,Bungalow,nil,nil,2,1,nil,Nein,"{'is24qa-stufenloser-zugang-label': '', 'is24qa-provisionsfrei-fuer-kaufende-label': ''}"
Modernes Wohnen nach Ihren Wünschen - Villa in Höchberg,517.000 €,"97204 Höchberg, Würzburg (Kreis)
Die vollständige Adresse der Immobilie erhalten Sie vom Anbieter.",4,"166,69 m²",550 m²,3.102 €/m²,Villa,nil,nil,3,1,nil,Nein,"{'is24qa-gaeste-wc-label': '', 'is24qa-stufenloser-zugang-label': '', 'is24qa-provisionsfrei-fuer-kaufende-label': ''}"
Modernes Einfamilienhaus in Heuchelhof: Ihr Traumhaus nach Maß,624.500 €,"Heuchelhof, 97084 Würzburg
Die vollständige Adresse der Immobilie erhalten Sie vom Anbieter.",5,"222,91 m²",590 m²,2.802 €/m²,Einfamilienhaus (freistehend),nil,nil,4,1,nil,Nein,"{'is24qa-gaeste-wc-label': '', 'is24qa-provisionsfrei-fuer-kaufende-label': ''}"
Modernes Mehrfamilienhaus in Herbstadt - Ihr Traumhaus nach Maß,548.000 €,"97633 Herbstadt, Rhön-Grabfeld (Kreis)
Die vollständige Adresse der Immobilie erhalten Sie vom Anbieter.",7,"238,57 m²",600 m²,2.297 €/m²,Mehrfamilienhaus,nil,nil,5,2,nil,Nein,"{'is24qa-gaeste-wc-label': '', 'is24qa-einliegerwohnung-label': '', 'is24qa-provisionsfrei-fuer-kaufende-label': ''}"
Modernes Einfamilienhaus in Hendungen - Projektiert nach Ihren Wünschen,382.900 €,"97640 Hendungen, Rhön-Grabfeld (Kreis)
Die vollständige Adresse der Immobilie erhalten Sie vom Anbieter.",5,165 m²,520 m²,2.321 €/m²,Einfamilienhaus (freistehend),nil,nil,4,1,nil,Nein,"{'is24qa-gaeste-wc-label': '', 'is24qa-provisionsfrei-fuer-kaufende-label': ''}"
Projektiertes Einfamilienhaus in Großbardorf: Wohnen nach Ihren Vorstellungen,373.500 €,"97633 Großbardorf, Rhön-Grabfeld (Kreis)
Die vollständige Adresse der Immobilie erhalten Sie vom Anbieter.",4,"153,76 m²",530 m²,2.429 €/m²,Einfamilienhaus (freistehend),nil,nil,3,1,nil,nil,{'is24qa-gaeste-wc-label': ''}
Ihr Traumhaus in Stockheim: Individuell geplant und hochwertig gebaut!,369.000 €,"97640 Stockheim, Rhön-Grabfeld (Kreis)
Die vollständige Adresse der Immobilie erhalten Sie vom Anbieter.",6,191 m²,550 m²,1.932 €/m²,Einfamilienhaus (freistehend),nil,nil,5,1,nil,Nein,"{'is24qa-gaeste-wc-label': '', 'is24qa-provisionsfrei-fuer-kaufende-label': ''}"
Traumhaftes Einfamilienhaus in Sulzdorf a.d.Lederhecke nach Ihren Wünschen,323.300 €,"97528 Sulzdorf an der Lederhecke, Rhön-Grabfeld (Kreis)
Die vollständige Adresse der Immobilie erhalten Sie vom Anbieter.",4,"133,7 m²",490 m²,2.418 €/m²,Einfamilienhaus (freistehend),nil,nil,3,1,nil,Nein,"{'is24qa-gaeste-wc-label': '', 'is24qa-provisionsfrei-fuer-kaufende-label': ''}"
Moderner Bungalow in Hollstadt - Ihr individuelles Traumhaus wartet,463.300 €,"97618 Heustreu, Rhön-Grabfeld (Kreis)
Die vollständige Adresse der Immobilie erhalten Sie vom Anbieter.",5,"171,56 m²",610 m²,2.701 €/m²,Bungalow,nil,nil,5,2,nil,Nein,"{'is24qa-stufenloser-zugang-label': '', 'is24qa-provisionsfrei-fuer-kaufende-label': ''}"
Modernes Einfamilienhaus in Oberstreu - Ihr Traumhaus nach Maß,418.600 €,"97640 Oberstreu, Rhön-Grabfeld (Kreis)
Die vollständige Adresse der Immobilie erhalten Sie vom Anbieter.",5,"172,25 m²",550 m²,2.430 €/m²,Einfamilienhaus (freistehend),nil,nil,4,1,nil,Nein,"{'is24qa-gaeste-wc-label': '', 'is24qa-provisionsfrei-fuer-kaufende-label': ''}"
Modernes Einfamilienhaus nach Ihren Wünschen in Niederlauer,338.900 €,"97618 Niederlauer, Rhön-Grabfeld (Kreis)
Die vollständige Adresse der Immobilie erhalten Sie vom Anbieter.",4,"124,9 m²",480 m²,2.713 €/m²,Einfamilienhaus (freistehend),nil,nil,3,1,nil,Nein,"{'is24qa-gaeste-wc-label': '', 'is24qa-provisionsfrei-fuer-kaufende-label': ''}"
Moderne Traumimmobilie in Fladungen: Einfamilienhaus nach Ihren Wünschen,343.800 €,"97650 Fladungen, Rhön-Grabfeld (Kreis)
Die vollständige Adresse der Immobilie erhalten Sie vom Anbieter.",4,"136,78 m²",485 m²,2.514 €/m²,Einfamilienhaus (freistehend),nil,nil,3,1,nil,nil,{'is24qa-gaeste-wc-label': ''}
Modernes Einfamilienhaus in Oberelsbach nach Ihren Wünschen,364.600 €,"97656 Oberelsbach, Rhön-Grabfeld (Kreis)
Die vollständige Adresse der Immobilie erhalten Sie vom Anbieter.",4,"143,79 m²",550 m²,2.536 €/m²,Einfamilienhaus (freistehend),nil,nil,3,1,nil,Nein,"{'is24qa-gaeste-wc-label': '', 'is24qa-provisionsfrei-fuer-kaufende-label': ''}"
Modernes Einfamilienhaus in Ostheim v.d.Rhön - Ihr Traumhaus nach Maß,338.300 €,"97645 Ostheim vor der Rhön, Rhön-Grabfeld (Kreis)
Die vollständige Adresse der Immobilie erhalten Sie vom Anbieter.",4,"142,23 m²",520 m²,2.379 €/m²,Einfamilienhaus (freistehend),nil,nil,3,1,nil,Nein,"{'is24qa-gaeste-wc-label': '', 'is24qa-provisionsfrei-fuer-kaufende-label': ''}"
Individuelles Einfamilienhaus in Bischofsheim i.d.Rhön - Ihr Traumhaus nach Maß,468.900 €,"97653 Bischofsheim an der Rhön, Rhön-Grabfeld (Kreis)
Die vollständige Adresse der Immobilie erhalten Sie vom Anbieter.",4,"174,96 m²",570 m²,2.680 €/m²,Einfamilienhaus (freistehend),nil,nil,3,1,nil,Nein,"{'is24qa-gaeste-wc-label': '', 'is24qa-provisionsfrei-fuer-kaufende-label': ''}"
Moderner Bungalow in Mellrichstadt: Ihr persönlicher Wohntraum wird wahr!,343.800 €,"97638 Mellrichstadt, Rhön-Grabfeld (Kreis)
Die vollständige Adresse der Immobilie erhalten Sie vom Anbieter.",3,"88,34 m²",540 m²,3.892 €/m²,Bungalow,nil,nil,2,1,nil,Nein,"{'is24qa-stufenloser-zugang-label': '', 'is24qa-provisionsfrei-fuer-kaufende-label': ''}"
Luxuriöse Villa nach Ihren Wünschen in Bad Königshofen i.Grabfeld,398.100 €,"97631 Bad Königshofen im Grabfeld, Rhön-Grabfeld (Kreis)
Die vollständige Adresse der Immobilie erhalten Sie vom Anbieter.",4,"166,69 m²",550 m²,2.388 €/m²,Villa,nil,nil,3,1,nil,Nein,"{'is24qa-gaeste-wc-label': '', 'is24qa-stufenloser-zugang-label': '', 'is24qa-provisionsfrei-fuer-kaufende-label': ''}"
Traumhaus in Bad Neustadt a.d.Saale: Individuelles Einfamilienhaus nach Ihren Wünschen,570.600 €,"97616 Bad Neustadt an der Saale, Rhön-Grabfeld (Kreis)
Die vollständige Adresse der Immobilie erhalten Sie vom Anbieter.",5,"222,91 m²",590 m²,2.560 €/m²,Einfamilienhaus (freistehend),nil,nil,4,1,nil,Nein,"{'is24qa-gaeste-wc-label': '', 'is24qa-provisionsfrei-fuer-kaufende-label': ''}"
Modernes Einfamilienhaus in Pusselsheim - nach Ihren Wünschen projektiert!,390.000 €,"97499 Donnersdorf, Schweinfurt (Kreis)
Die vollständige Adresse der Immobilie erhalten Sie vom Anbieter.",5,"172,25 m²",550 m²,2.264 €/m²,Einfamilienhaus (freistehend),nil,nil,4,1,nil,Nein,"{'is24qa-gaeste-wc-label': '', 'is24qa-provisionsfrei-fuer-kaufende-label': ''}"
Traumhaftes Einfamilienhaus in Holzhausen - Jetzt Ihr individuelles Haus planen!,426.600 €,"97456 Dittelbrunn, Schweinfurt (Kreis)
Die vollständige Adresse der Immobilie erhalten Sie vom Anbieter.",5,"192,83 m²",580 m²,2.212 €/m²,Einfamilienhaus (freistehend),nil,nil,4,1,nil,Nein,"{'is24qa-gaeste-wc-label': '', 'is24qa-stufenloser-zugang-label': '', 'is24qa-provisionsfrei-fuer-kaufende-label': ''}"
Moderner Bungalow in Schwanfeld: Ihr Traumhaus nach Maß,424.200 €,"97523 Schwanfeld, Schweinfurt (Kreis)
Die vollständige Adresse der Immobilie erhalten Sie vom Anbieter.",5,"171,56 m²",610 m²,2.473 €/m²,Bungalow,nil,nil,5,2,nil,nil,{'is24qa-stufenloser-zugang-label': ''}
Moderner Bungalow in Grettstadt - Ihr Traumhaus nach Maß,291.800 €,"97508 Grettstadt, Schweinfurt (Kreis)
Die vollständige Adresse der Immobilie erhalten Sie vom Anbieter.",2,"69,94 m²",470 m²,4.172 €/m²,Bungalow,nil,nil,1,1,nil,Nein,"{'is24qa-stufenloser-zugang-label': '', 'is24qa-provisionsfrei-fuer-kaufende-label': ''}"
Traumhafter Bungalow in Forst - Ihr individueller Wohntraum zum Wohlfühlen,365.200 €,"97453 Schonungen, Schweinfurt (Kreis)
Die vollständige Adresse der Immobilie erhalten Sie vom Anbieter.",4,"116,37 m²",540 m²,3.138 €/m²,Bungalow,nil,nil,3,1,nil,Nein,"{'is24qa-gaeste-wc-label': '', 'is24qa-stufenloser-zugang-label': '', 'is24qa-provisionsfrei-fuer-kaufende-label': ''}"
Moderner Bungalow in Wettringen - Ihr Traumhaus nach Ihren Wünschen,308.000 €,"97488 Stadtlauringen, Schweinfurt (Kreis)
Die vollständige Adresse der Immobilie erhalten Sie vom Anbieter.",3,"88,34 m²",540 m²,3.487 €/m²,Bungalow,nil,nil,2,1,nil,nil,{'is24qa-stufenloser-zugang-label': ''}
Modernes Einfamilienhaus in Altmannsdorf - Ihr Traumhaus nach Maß!,369.500 €,"97513 Michelau im Steigerwald, Schweinfurt (Kreis)
Die vollständige Adresse der Immobilie erhalten Sie vom Anbieter.",6,191 m²,550 m²,1.935 €/m²,Einfamilienhaus (freistehend),nil,nil,5,1,nil,Nein,"{'is24qa-gaeste-wc-label': '', 'is24qa-provisionsfrei-fuer-kaufende-label': ''}"
Traumhaus in Schweinfurt - Ihr individuelles Einfamilienhaus wartet bereits auf Sie!,506.500 €,"Musikerviertel, 97424 Schweinfurt
Die vollständige Adresse der Immobilie erhalten Sie vom Anbieter.",6,191 m²,550 m²,2.652 €/m²,Einfamilienhaus (freistehend),nil,nil,5,1,nil,Nein,"{'is24qa-gaeste-wc-label': '', 'is24qa-provisionsfrei-fuer-kaufende-label': ''}"
Modernes Einfamilienhaus in Werneck - Ihr Traumhaus nach Ihren Wünschen,434.000 €,"97440 Werneck, Schweinfurt (Kreis)
Die vollständige Adresse der Immobilie erhalten Sie vom Anbieter.",5,165 m²,520 m²,2.630 €/m²,Einfamilienhaus (freistehend),nil,nil,4,1,nil,Nein,"{'is24qa-gaeste-wc-label': '', 'is24qa-provisionsfrei-fuer-kaufende-label': ''}"
Moderne Traumimmobilie in Schallfeld: Perfekt nach Ihren Wünschen projektiert,330.000 €,"97511 Lülsfeld, Schweinfurt (Kreis)
Die vollständige Adresse der Immobilie erhalten Sie vom Anbieter.",4,"153,76 m²",530 m²,2.146 €/m²,Einfamilienhaus (freistehend),nil,nil,3,1,nil,nil,{'is24qa-gaeste-wc-label': ''}
Exklusives Einfamilienhaus in Eselshöhe/Haardt - Ihr Traumhaus nach Maß,441.700 €,"Eselshöhe/Haardt, 97422 Schweinfurt
Die vollständige Adresse der Immobilie erhalten Sie vom Anbieter.",4,"153,76 m²",530 m²,2.873 €/m²,Einfamilienhaus (freistehend),nil,nil,3,1,nil,nil,{'is24qa-gaeste-wc-label': ''}
Entdecken Sie Ihr Traumhaus in Brebersdorf - Individuell geplantes Einfamilienhaus mit 4 Zimmern und,360.700 €,"97535 Wasserlosen, Schweinfurt (Kreis)
Die vollständige Adresse der Immobilie erhalten Sie vom Anbieter.",4,"143,79 m²",550 m²,2.509 €/m²,Einfamilienhaus (freistehend),nil,nil,3,1,nil,Nein,"{'is24qa-gaeste-wc-label': '', 'is24qa-provisionsfrei-fuer-kaufende-label': ''}"
Modernes Einfamilienhaus in Wasserlosen - Ihr Traumhaus nach Maß,344.300 €,"97535 Wasserlosen, Schweinfurt (Kreis)
Die vollständige Adresse der Immobilie erhalten Sie vom Anbieter.",4,"142,23 m²",520 m²,2.421 €/m²,Einfamilienhaus (freistehend),nil,nil,3,1,nil,Nein,"{'is24qa-gaeste-wc-label': '', 'is24qa-provisionsfrei-fuer-kaufende-label': ''}"
Traumhaftes Einfamilienhaus in Sömmersdorf nach Ihren Wünschen,342.700 €,"97502 Euerbach, Schweinfurt (Kreis)
Die vollständige Adresse der Immobilie erhalten Sie vom Anbieter.",4,"136,78 m²",485 m²,2.505 €/m²,Einfamilienhaus (freistehend),nil,nil,3,1,nil,nil,{'is24qa-gaeste-wc-label': ''}
Modernes Einfamilienhaus in Wipfeld mit hochwertiger Ausstattung,334.200 €,"97513 Wipfeld, Schweinfurt (Kreis)
Die vollständige Adresse der Immobilie erhalten Sie vom Anbieter.",4,"133,7 m²",490 m²,2.500 €/m²,Einfamilienhaus (freistehend),nil,nil,3,1,nil,Nein,"{'is24qa-gaeste-wc-label': '', 'is24qa-provisionsfrei-fuer-kaufende-label': ''}"
"Traumhaftes, projektiertes Haus in Sulzheim: Perfekt nach Ihren Wünschen gestaltet!",312.600 €,"97529 Sulzheim, Schweinfurt (Kreis)
Die vollständige Adresse der Immobilie erhalten Sie vom Anbieter.",4,"124,9 m²",480 m²,2.503 €/m²,nil,nil,nil,3,1,nil,Nein,"{'is24qa-gaeste-wc-label': '', 'is24qa-provisionsfrei-fuer-kaufende-label': ''}"
Modernes Mehrfamilienhaus in Garstadt - Ihr individueller Wohntraum,399.400 €,"97493 Bergrheinfeld, Schweinfurt (Kreis)
Die vollständige Adresse der Immobilie erhalten Sie vom Anbieter.",4,"159,44 m²",550 m²,2.505 €/m²,Mehrfamilienhaus,nil,nil,2,2,nil,Nein,"{'is24qa-einliegerwohnung-label': '', 'is24qa-provisionsfrei-fuer-kaufende-label': ''}"
Modernes Mehrfamilienhaus in Kützberg: 141 m² Wohnfläche & KFW40 Standard,364.300 €,"97490 Poppenhausen, Schweinfurt (Kreis)
Die vollständige Adresse der Immobilie erhalten Sie vom Anbieter.",4,"141,43 m²",590 m²,2.576 €/m²,Mehrfamilienhaus,nil,nil,2,2,nil,nil,{'is24qa-einliegerwohnung-label': ''}
Modernes und individuelles Traumhaus in Gerolzhofen - Ihr eigenes Zuhause nach Wunsch,544.700 €,"97447 Gerolzhofen, Schweinfurt (Kreis)
Die vollständige Adresse der Immobilie erhalten Sie vom Anbieter.",8,263 m²,620 m²,2.071 €/m²,Doppelhaushälfte,nil,nil,6,2,nil,nil,"{'is24qa-gaeste-wc-label': '', 'is24qa-einliegerwohnung-label': ''}"
Traumhaftes Mehrfamilienhaus in Schraudenbach: Ihr individuelles Zuhause wartet auf Sie!,518.000 €,"97440 Werneck, Schweinfurt (Kreis)
Die vollständige Adresse der Immobilie erhalten Sie vom Anbieter.",7,"238,57 m²",600 m²,2.171 €/m²,Mehrfamilienhaus,nil,nil,5,2,nil,Nein,"{'is24qa-gaeste-wc-label': '', 'is24qa-einliegerwohnung-label': '', 'is24qa-provisionsfrei-fuer-kaufende-label': ''}"
Modernes Mehrfamilienhaus in Niederwerrn - Ihr Traumhaus nach Ihren Wünschen,645.000 €,"97464 Niederwerrn, Schweinfurt (Kreis)
Die vollständige Adresse der Immobilie erhalten Sie vom Anbieter.",7,"218,32 m²",650 m²,2.954 €/m²,Mehrfamilienhaus,nil,nil,5,2,nil,Nein,"{'is24qa-einliegerwohnung-label': '', 'is24qa-provisionsfrei-fuer-kaufende-label': ''}"
Modernes Wohnen in Röthlein - Ihre individuelle Doppelhaushälfte wartet auf Sie!,320.900 €,"97520 Röthlein, Schweinfurt (Kreis)
Die vollständige Adresse der Immobilie erhalten Sie vom Anbieter.",4,"123,24 m²",420 m²,2.604 €/m²,Doppelhaushälfte,nil,nil,3,1,nil,Nein,"{'is24qa-gaeste-wc-label': '', 'is24qa-stufenloser-zugang-label': '', 'is24qa-provisionsfrei-fuer-kaufende-label': ''}"
Moderne Doppelhaushälfte nach Ihren Vorstellungen - Traumhaus in Kolitzheim,400.500 €,"97509 Kolitzheim, Schweinfurt (Kreis)
Die vollständige Adresse der Immobilie erhalten Sie vom Anbieter.",4,"129,8 m²",420 m²,3.086 €/m²,Doppelhaushälfte,nil,nil,3,1,nil,nil,"{'is24qa-gaeste-wc-label': '', 'is24qa-stufenloser-zugang-label': ''}"
Moderne Villa nach Ihren Wünschen - Ihr individuelles Traumhaus,421.900 €,"97488 Stadtlauringen, Schweinfurt (Kreis)
Die vollständige Adresse der Immobilie erhalten Sie vom Anbieter.",4,"166,69 m²",550 m²,2.531 €/m²,Villa,nil,nil,3,1,nil,Nein,"{'is24qa-gaeste-wc-label': '', 'is24qa-stufenloser-zugang-label': '', 'is24qa-provisionsfrei-fuer-kaufende-label': ''}"
Traumhaus nach Ihren Wünschen in Üchtelhausen - Jetzt Termin vereinbaren!,474.900 €,"97532 Üchtelhausen, Schweinfurt (Kreis)
Die vollständige Adresse der Immobilie erhalten Sie vom Anbieter.",4,"174,96 m²",570 m²,2.714 €/m²,Einfamilienhaus (freistehend),nil,nil,3,1,nil,Nein,"{'is24qa-gaeste-wc-label': '', 'is24qa-provisionsfrei-fuer-kaufende-label': ''}"
Modernes Einfamilienhaus nach Ihren Wünschen in Grafenrheinfeld,548.000 €,"97506 Grafenrheinfeld, Schweinfurt (Kreis)
Die vollständige Adresse der Immobilie erhalten Sie vom Anbieter.",5,"222,91 m²",590 m²,2.458 €/m²,Einfamilienhaus (freistehend),nil,nil,4,1,nil,Nein,"{'is24qa-gaeste-wc-label': '', 'is24qa-provisionsfrei-fuer-kaufende-label': ''}"
Moderner Bungalow in Eisingen: Ihr Traumhaus nach Wunschprojektierung,455.700 €,"97249 Eisingen, Würzburg (Kreis)
Die vollständige Adresse der Immobilie erhalten Sie vom Anbieter.",4,"116,37 m²",540 m²,3.916 €/m²,Bungalow,nil,nil,3,1,nil,Nein,"{'is24qa-gaeste-wc-label': '', 'is24qa-stufenloser-zugang-label': '', 'is24qa-provisionsfrei-fuer-kaufende-label': ''}"
Modernes Mehrfamilienhaus in Reichenberg - Ihr Traumhaus nach Ihren Wünschen,538.600 €,"97234 Reichenberg, Würzburg (Kreis)
Die vollständige Adresse der Immobilie erhalten Sie vom Anbieter.",7,"218,32 m²",600 m²,2.467 €/m²,Mehrfamilienhaus,nil,nil,5,2,nil,Nein,"{'is24qa-einliegerwohnung-label': '', 'is24qa-provisionsfrei-fuer-kaufende-label': ''}"
Projektierter Wohntraum in Kürnach: 7-Zimmer Mehrfamilienhaus,605.800 €,"97273 Kürnach, Würzburg (Kreis)
Die vollständige Adresse der Immobilie erhalten Sie vom Anbieter.",7,"238,57 m²",600 m²,2.539 €/m²,Mehrfamilienhaus,nil,nil,5,2,nil,Nein,"{'is24qa-gaeste-wc-label': '', 'is24qa-einliegerwohnung-label': '', 'is24qa-provisionsfrei-fuer-kaufende-label': ''}"
Traumhaftes Einfamilienhaus in Giebelstadt nach Ihren Wünschen,479.000 €,"97232 Giebelstadt, Würzburg (Kreis)
Die vollständige Adresse der Immobilie erhalten Sie vom Anbieter.",5,165 m²,520 m²,2.903 €/m²,Einfamilienhaus (freistehend),nil,nil,4,1,nil,Nein,"{'is24qa-gaeste-wc-label': '', 'is24qa-provisionsfrei-fuer-kaufende-label': ''}"
Modernes Einfamilienhaus in Veitshöchheim - Ihr Traumhaus nach Maß,487.000 €,"97209 Veitshöchheim, Würzburg (Kreis)
Die vollständige Adresse der Immobilie erhalten Sie vom Anbieter.",4,"153,76 m²",530 m²,3.167 €/m²,Einfamilienhaus (freistehend),nil,nil,3,1,nil,nil,{'is24qa-gaeste-wc-label': ''}
Modernes Einfamilienhaus nach Ihren Wünschen in Heidingsfeld,536.500 €,"Heidingsfeld, 97084 Würzburg
Die vollständige Adresse der Immobilie erhalten Sie vom Anbieter.",6,191 m²,550 m²,2.809 €/m²,Einfamilienhaus (freistehend),nil,nil,5,1,nil,Nein,"{'is24qa-gaeste-wc-label': '', 'is24qa-provisionsfrei-fuer-kaufende-label': ''}"
Moderne Villa nach Ihren Wünschen in Hausen - jetzt Termin vereinbaren!,545.600 €,"97647 Hausen, Rhön-Grabfeld (Kreis)
Die vollständige Adresse der Immobilie erhalten Sie vom Anbieter.",4,"166,69 m²",550 m²,3.273 €/m²,Villa,nil,nil,3,1,nil,Nein,"{'is24qa-gaeste-wc-label': '', 'is24qa-stufenloser-zugang-label': '', 'is24qa-provisionsfrei-fuer-kaufende-label': ''}"
Modernes Einfamilienhaus in Sondheim v.d.Rhön - nach Ihren Wünschen gestaltet!,542.500 €,"97647 Sondheim vor der Rhön, Rhön-Grabfeld (Kreis)
Die vollständige Adresse der Immobilie erhalten Sie vom Anbieter.",5,"222,91 m²",590 m²,2.434 €/m²,Einfamilienhaus (freistehend),nil,nil,4,1,nil,Nein,"{'is24qa-gaeste-wc-label': '', 'is24qa-provisionsfrei-fuer-kaufende-label': ''}"
Moderner Bungalow in Trappstadt - Ihr Traumhaus nach Maß!,307.800 €,"97633 Trappstadt, Rhön-Grabfeld (Kreis)
Die vollständige Adresse der Immobilie erhalten Sie vom Anbieter.",2,"69,94 m²",470 m²,4.401 €/m²,Bungalow,nil,nil,1,1,nil,Nein,"{'is24qa-stufenloser-zugang-label': '', 'is24qa-provisionsfrei-fuer-kaufende-label': ''}"
Modernes Wohnen in Höchheim: Projektierte Doppelhaushälfte mit Active Time Paket inklusive!,399.500 €,"97633 Höchheim, Rhön-Grabfeld (Kreis)
Die vollständige Adresse der Immobilie erhalten Sie vom Anbieter.",4,"123,24 m²",420 m²,3.242 €/m²,Doppelhaushälfte,nil,nil,3,1,nil,Nein,"{'is24qa-gaeste-wc-label': '', 'is24qa-stufenloser-zugang-label': '', 'is24qa-provisionsfrei-fuer-kaufende-label': ''}"
Modernes Mehrfamilienhaus in Heustreu - Ihr Traumhaus nach Maß!,415.300 €,"97618 Heustreu, Rhön-Grabfeld (Kreis)
Die vollständige Adresse der Immobilie erhalten Sie vom Anbieter.",4,"159,44 m²",550 m²,2.605 €/m²,Mehrfamilienhaus,nil,nil,2,2,nil,Nein,"{'is24qa-einliegerwohnung-label': '', 'is24qa-provisionsfrei-fuer-kaufende-label': ''}"
Moderne Doppelhaushälfte in Wülfershausen a.d.Saale: Ihr individuelles Traumhaus wartet auf Sie!,428.000 €,"97618 Wülfershausen an der Saale, Rhön-Grabfeld (Kreis)
Die vollständige Adresse der Immobilie erhalten Sie vom Anbieter.",4,"129,8 m²",420 m²,3.297 €/m²,Doppelhaushälfte,nil,nil,3,1,nil,nil,"{'is24qa-gaeste-wc-label': '', 'is24qa-stufenloser-zugang-label': ''}"
Moderne Doppelhaushälfte in Burglauer - Ihr individueller Traum vom Eigenheim wird wahr,493.000 €,"97724 Burglauer, Rhön-Grabfeld (Kreis)
Die vollständige Adresse der Immobilie erhalten Sie vom Anbieter.",8,263 m²,620 m²,1.875 €/m²,Doppelhaushälfte,nil,nil,6,2,nil,nil,"{'is24qa-gaeste-wc-label': '', 'is24qa-einliegerwohnung-label': ''}"
Modernes Einfamilienhaus in Salz - Projektiert nach Ihren Wünschen und Vorstellungen!,431.000 €,"97616 Salz, Rhön-Grabfeld (Kreis)
Die vollständige Adresse der Immobilie erhalten Sie vom Anbieter.",5,"192,83 m²",580 m²,2.235 €/m²,Einfamilienhaus (freistehend),nil,nil,4,1,nil,Nein,"{'is24qa-gaeste-wc-label': '', 'is24qa-stufenloser-zugang-label': '', 'is24qa-provisionsfrei-fuer-kaufende-label': ''}"
Traumhafter Bungalow in Sandberg: Ihr individuelles Wunschhaus wartet auf Sie!,363.500 €,"97657 Sandberg, Rhön-Grabfeld (Kreis)
Die vollständige Adresse der Immobilie erhalten Sie vom Anbieter.",4,"116,37 m²",540 m²,3.124 €/m²,Bungalow,nil,nil,3,1,nil,Nein,"{'is24qa-gaeste-wc-label': '', 'is24qa-stufenloser-zugang-label': '', 'is24qa-provisionsfrei-fuer-kaufende-label': ''}"
Großzügiges Mehrfamilienhaus in Hohenroth - Ihr individueller Wohntraum wird wahr!,494.400 €,"97618 Hohenroth, Rhön-Grabfeld (Kreis)
Die vollständige Adresse der Immobilie erhalten Sie vom Anbieter.",7,"218,32 m²",600 m²,2.265 €/m²,Mehrfamilienhaus,nil,nil,5,2,nil,Nein,"{'is24qa-einliegerwohnung-label': '', 'is24qa-provisionsfrei-fuer-kaufende-label': ''}"
Modernes Mehrfamilienhaus in Bischofsheim i.d.Rhön mit 7 Zimmern,525.700 €,"97653 Bischofsheim an der Rhön, Rhön-Grabfeld (Kreis)
Die vollständige Adresse der Immobilie erhalten Sie vom Anbieter.",7,"238,57 m²",600 m²,2.204 €/m²,Mehrfamilienhaus,nil,nil,5,2,nil,Nein,"{'is24qa-gaeste-wc-label': '', 'is24qa-einliegerwohnung-label': '', 'is24qa-provisionsfrei-fuer-kaufende-label': ''}"
Modernes Einfamilienhaus in Mellrichstadt - Ihr Traumhaus nach Maß,406.500 €,"97638 Mellrichstadt, Rhön-Grabfeld (Kreis)
Die vollständige Adresse der Immobilie erhalten Sie vom Anbieter.",5,165 m²,520 m²,2.464 €/m²,Einfamilienhaus (freistehend),nil,nil,4,1,nil,Nein,"{'is24qa-gaeste-wc-label': '', 'is24qa-provisionsfrei-fuer-kaufende-label': ''}"
Traumhaftes Einfamilienhaus in Bad Königshofen i.Grabfeld - Jetzt Termin vereinbaren!,326.600 €,"97631 Bad Königshofen im Grabfeld, Rhön-Grabfeld (Kreis)
Die vollständige Adresse der Immobilie erhalten Sie vom Anbieter.",4,"153,76 m²",530 m²,2.124 €/m²,Einfamilienhaus (freistehend),nil,nil,3,1,nil,nil,{'is24qa-gaeste-wc-label': ''}
Modernes Einfamilienhaus in Bad Neustadt a.d.Saale nach Ihren Wünschen,423.400 €,"97616 Bad Neustadt an der Saale, Rhön-Grabfeld (Kreis)
Die vollständige Adresse der Immobilie erhalten Sie vom Anbieter.",6,191 m²,550 m²,2.217 €/m²,Einfamilienhaus (freistehend),nil,nil,5,1,nil,Nein,"{'is24qa-gaeste-wc-label': '', 'is24qa-provisionsfrei-fuer-kaufende-label': ''}"
Familienfreundliches Einfamilienhaus in Kronungen - Projektiert nach Ihren Wünschen,401.000 €,"97490 Poppenhausen, Schweinfurt (Kreis)
Die vollständige Adresse der Immobilie erhalten Sie vom Anbieter.",5,"172,25 m²",550 m²,2.328 €/m²,Einfamilienhaus (freistehend),nil,nil,4,1,nil,Nein,"{'is24qa-gaeste-wc-label': '', 'is24qa-provisionsfrei-fuer-kaufende-label': ''}"
Modernes Einfamilienhaus in Obbach: Ihr Traumhaus nach individuellen Wünschen,404.600 €,"97502 Euerbach, Schweinfurt (Kreis)
Die vollständige Adresse der Immobilie erhalten Sie vom Anbieter.",5,"192,83 m²",580 m²,2.098 €/m²,Einfamilienhaus (freistehend),nil,nil,4,1,nil,Nein,"{'is24qa-gaeste-wc-label': '', 'is24qa-stufenloser-zugang-label': '', 'is24qa-provisionsfrei-fuer-kaufende-label': ''}"
Moderne Bungalow-Villa in Hirschfeld - Ihr Traumhaus zum Wohlfühlen,428.100 €,"97520 Röthlein, Schweinfurt (Kreis)
Die vollständige Adresse der Immobilie erhalten Sie vom Anbieter.",5,"171,56 m²",610 m²,2.495 €/m²,Bungalow,nil,nil,5,2,nil,nil,{'is24qa-stufenloser-zugang-label': ''}
Traumhafter Bungalow in Lülsfeld - individuell nach Ihren Wünschen,269.300 €,"97511 Lülsfeld, Schweinfurt (Kreis)
Die vollständige Adresse der Immobilie erhalten Sie vom Anbieter.",2,"69,94 m²",470 m²,3.850 €/m²,Bungalow,nil,nil,1,1,nil,Nein,"{'is24qa-stufenloser-zugang-label': '', 'is24qa-provisionsfrei-fuer-kaufende-label': ''}"
Individuelles Wohnen: Projektierten Bungalow nach Ihren Wünschen gestalten,383.700 €,"Oberndorf, 97424 Schweinfurt
Die vollständige Adresse der Immobilie erhalten Sie vom Anbieter.",2,"69,94 m²",470 m²,5.486 €/m²,Bungalow,nil,nil,1,1,nil,Nein,"{'is24qa-stufenloser-zugang-label': '', 'is24qa-provisionsfrei-fuer-kaufende-label': ''}"
Individueller Bungalow in Greßthal - Ihr Traumhaus zum Wohlfühlen,367.900 €,"97535 Wasserlosen, Schweinfurt (Kreis)
Die vollständige Adresse der Immobilie erhalten Sie vom Anbieter.",4,"116,37 m²",540 m²,3.161 €/m²,Bungalow,nil,nil,3,1,nil,Nein,"{'is24qa-gaeste-wc-label': '', 'is24qa-stufenloser-zugang-label': '', 'is24qa-provisionsfrei-fuer-kaufende-label': ''}"
Moderner Bungalow in Oberwerrn - Ihr Traumhaus nach Maß,406.300 €,"97464 Niederwerrn, Schweinfurt (Kreis)
Die vollständige Adresse der Immobilie erhalten Sie vom Anbieter.",3,"88,34 m²",540 m²,4.599 €/m²,Bungalow,nil,nil,2,1,nil,nil,{'is24qa-stufenloser-zugang-label': ''}
Modernes Einfamilienhaus in Schwebheim - Ihr Traumhaus nach Maß!,386.000 €,"97525 Schwebheim, Schweinfurt (Kreis)
Die vollständige Adresse der Immobilie erhalten Sie vom Anbieter.",6,191 m²,550 m²,2.021 €/m²,Einfamilienhaus (freistehend),nil,nil,5,1,nil,Nein,"{'is24qa-gaeste-wc-label': '', 'is24qa-provisionsfrei-fuer-kaufende-label': ''}"
komplettes Doppelhaus - doppelte KFN-Förderung möglich,552.999 €,"97469 Gochsheim, Schweinfurt (Kreis)
Die vollständige Adresse der Immobilie erhalten Sie vom Anbieter.",8,"239,85 m²",600 m²,2.306 €/m²,Mehrfamilienhaus,nil,nil,nil,nil,nil,Nein,"{'is24qa-einliegerwohnung-label': '', 'is24qa-provisionsfrei-fuer-kaufende-label': ''}"
komplettes Doppelhaus - doppelte KFN-Förderung möglich,484.345 €,"97535 Wasserlosen, Schweinfurt (Kreis)
Die vollständige Adresse der Immobilie erhalten Sie vom Anbieter.",8,"239,85 m²",660 m²,2.019 €/m²,Mehrfamilienhaus,nil,nil,nil,nil,nil,Nein,"{'is24qa-einliegerwohnung-label': '', 'is24qa-provisionsfrei-fuer-kaufende-label': ''}"
komplettes Doppelhaus - doppelte KFN-Förderung möglich,472.345 €,"97488 Stadtlauringen, Schweinfurt (Kreis)
Die vollständige Adresse der Immobilie erhalten Sie vom Anbieter.",8,"239,85 m²",660 m²,1.969 €/m²,Mehrfamilienhaus,nil,nil,nil,nil,nil,Nein,"{'is24qa-einliegerwohnung-label': '', 'is24qa-provisionsfrei-fuer-kaufende-label': ''}"
komplettes Doppelhaus - doppelte KFN-Förderung möglich,487.345 €,"97532 Üchtelhausen, Schweinfurt (Kreis)
Die vollständige Adresse der Immobilie erhalten Sie vom Anbieter.",8,"239,85 m²",600 m²,2.032 €/m²,Mehrfamilienhaus,nil,nil,nil,nil,nil,Nein,"{'is24qa-einliegerwohnung-label': '', 'is24qa-provisionsfrei-fuer-kaufende-label': ''}"
Eigenheim klein aber fein - was will man mehr?,290.000 €,"97762 Hammelburg, Bad Kissingen (Kreis)
Die vollständige Adresse der Immobilie erhalten Sie vom Anbieter.",2,"69,94 m²",470 m²,4.146 €/m²,Bungalow,nil,nil,1,1,nil,Nein,"{'is24qa-stufenloser-zugang-label': '', 'is24qa-provisionsfrei-fuer-kaufende-label': ''}"
Familienfreundlicher Bungalow: Raum für Entfaltung und Gemeinschaft,435.000 €,"97437 Haßfurt, Haßberge (Kreis)
Die vollständige Adresse der Immobilie erhalten Sie vom Anbieter.",4,"116,37 m²",540 m²,3.738 €/m²,Bungalow,nil,nil,3,1,nil,Nein,"{'is24qa-gaeste-wc-label': '', 'is24qa-stufenloser-zugang-label': '', 'is24qa-provisionsfrei-fuer-kaufende-label': ''}"
Das Eigenheim mit Einliegerwohnung leichter finanzieren - mit Energiesparbonus,465.000 €,"96106 Ebern, Haßberge (Kreis)
Die vollständige Adresse der Immobilie erhalten Sie vom Anbieter.",8,"184,18 m²",0 m²,2.525 €/m²,Mehrfamilienhaus,nil,nil,nil,nil,nil,nil,{'is24qa-einliegerwohnung-label': ''}
Familienfreundlicher Bungalow: Raum für Entfaltung und Gemeinschaft,445.000 €,"97688 Bad Kissingen, Bad Kissingen (Kreis)
Die vollständige Adresse der Immobilie erhalten Sie vom Anbieter.",4,"116,37 m²",540 m²,3.824 €/m²,Bungalow,nil,nil,3,1,nil,Nein,"{'is24qa-gaeste-wc-label': '', 'is24qa-stufenloser-zugang-label': '', 'is24qa-provisionsfrei-fuer-kaufende-label': ''}"
Leben wie im Urlaub: Komfortables Wohnen in Bestform!,370.000 €,"97762 Hammelburg, Bad Kissingen (Kreis)
Die vollständige Adresse der Immobilie erhalten Sie vom Anbieter.",4,"167,36 m²",550 m²,2.211 €/m²,Einfamilienhaus (freistehend),nil,nil,3,1,nil,Nein,"{'is24qa-gaeste-wc-label': '', 'is24qa-provisionsfrei-fuer-kaufende-label': ''}"
Eigenheim klein aber fein - was will man mehr?,285.000 €,"96106 Ebern, Haßberge (Kreis)
Die vollständige Adresse der Immobilie erhalten Sie vom Anbieter.",2,"69,94 m²",470 m²,4.075 €/m²,Bungalow,nil,nil,1,1,nil,Nein,"{'is24qa-stufenloser-zugang-label': '', 'is24qa-provisionsfrei-fuer-kaufende-label': ''}"
Mit diesem Einfamilienhaus bleiben keine Wünsche offen,345.000 €,"97762 Hammelburg, Bad Kissingen (Kreis)
Die vollständige Adresse der Immobilie erhalten Sie vom Anbieter.",4,"152,68 m²",550 m²,2.260 €/m²,Einfamilienhaus (freistehend),nil,nil,3,1,nil,Nein,"{'is24qa-gaeste-wc-label': '', 'is24qa-provisionsfrei-fuer-kaufende-label': ''}"
Mit diesem Einfamilienhaus bleiben keine Wünsche offen,335.000 €,"96106 Ebern, Haßberge (Kreis)
Die vollständige Adresse der Immobilie erhalten Sie vom Anbieter.",4,"152,68 m²",550 m²,2.194 €/m²,Einfamilienhaus (freistehend),nil,nil,3,1,nil,Nein,"{'is24qa-gaeste-wc-label': '', 'is24qa-provisionsfrei-fuer-kaufende-label': ''}"
Familienparadies in Premium-Qualität: Entdecken Sie Wohnkomfort neu!,410.000 €,"97437 Haßfurt, Haßberge (Kreis)
Die vollständige Adresse der Immobilie erhalten Sie vom Anbieter.",4,"133,72 m²",510 m²,3.066 €/m²,Einfamilienhaus (freistehend),nil,nil,3,1,nil,Nein,"{'is24qa-gaeste-wc-label': '', 'is24qa-provisionsfrei-fuer-kaufende-label': ''}"
2 kleine Wohnungen oder 1 große Wohnung - Sie entscheiden!,420.000 €,"97762 Hammelburg, Bad Kissingen (Kreis)
Die vollständige Adresse der Immobilie erhalten Sie vom Anbieter.",6,"192,87 m²",600 m²,2.178 €/m²,Mehrfamilienhaus,nil,nil,4,2,nil,nil,{'is24qa-einliegerwohnung-label': ''}
Familienparadies in Premium-Qualität: Entdecken Sie Wohnkomfort neu!,410.000 €,"97688 Bad Kissingen, Bad Kissingen (Kreis)
Die vollständige Adresse der Immobilie erhalten Sie vom Anbieter.",4,"133,72 m²",510 m²,3.066 €/m²,Einfamilienhaus (freistehend),nil,nil,3,1,nil,Nein,"{'is24qa-gaeste-wc-label': '', 'is24qa-provisionsfrei-fuer-kaufende-label': ''}"
die Doppelhaushälfte nach eigenen Wünschen gestalten,340.000 €,"97762 Hammelburg, Bad Kissingen (Kreis)
Die vollständige Adresse der Immobilie erhalten Sie vom Anbieter.",4,"124,95 m²",420 m²,2.721 €/m²,Doppelhaushälfte,nil,nil,3,1,nil,Nein,"{'is24qa-gaeste-wc-label': '', 'is24qa-stufenloser-zugang-label': '', 'is24qa-provisionsfrei-fuer-kaufende-label': ''}"
Das Traumhaus mit Einliegerwohnung: Entdecke die Möglichkeiten!,555.000 €,"97437 Haßfurt, Haßberge (Kreis)
Die vollständige Adresse der Immobilie erhalten Sie vom Anbieter.",8,"184,18 m²",575 m²,3.013 €/m²,Mehrfamilienhaus,nil,nil,nil,nil,nil,nil,{'is24qa-einliegerwohnung-label': ''}
2 kleine Wohnungen oder 1 große Wohnung - Sie entscheiden!,410.000 €,"96106 Ebern, Haßberge (Kreis)
Die vollständige Adresse der Immobilie erhalten Sie vom Anbieter.",6,"192,87 m²",600 m²,2.126 €/m²,Mehrfamilienhaus,nil,nil,4,2,nil,nil,{'is24qa-einliegerwohnung-label': ''}
Ihr Schloss der Wohnfreude: Komfortables Eigenheim zum Verlieben!,445.000 €,"97762 Hammelburg, Bad Kissingen (Kreis)
Die vollständige Adresse der Immobilie erhalten Sie vom Anbieter.",6,"195,5 m²",500 m²,2.276 €/m²,Villa,nil,nil,4,2,nil,Nein,"{'is24qa-gaeste-wc-label': '', 'is24qa-stufenloser-zugang-label': '', 'is24qa-provisionsfrei-fuer-kaufende-label': ''}"
Seniorengerecht und doch modern - Bungalow Lifestyle,253.230 €,"84232 Massing, Rottal-Inn (Kreis)
Die vollständige Adresse der Immobilie erhalten Sie vom Anbieter.",4,100 m²,0 m²,2.532 €/m²,Einfamilienhaus (freistehend),nil,nil,3,1,nil,Nein,"{'is24qa-stufenloser-zugang-label': '', 'is24qa-provisionsfrei-fuer-kaufende-label': ''}"
Platz für die Familie - Eigenheim ich Komme !!!,327.000 €,"84332 Hebertsfelden, Rottal-Inn (Kreis)
Die vollständige Adresse der Immobilie erhalten Sie vom Anbieter.",6,155 m²,0 m²,2.110 €/m²,Einfamilienhaus (freistehend),nil,nil,5,1,nil,Nein,"{'is24qa-gaeste-wc-label': '', 'is24qa-stufenloser-zugang-label': '', 'is24qa-provisionsfrei-fuer-kaufende-label': ''}"
Sonne und Licht in 6 Monaten gebaut,337.921 €,"84371 Triftern, Rottal-Inn (Kreis)
Die vollständige Adresse der Immobilie erhalten Sie vom Anbieter.",6,152 m²,0 m²,2.223 €/m²,Einfamilienhaus (freistehend),152 m²,nil,4,2,nil,Nein,"{'is24qa-gaeste-wc-label': '', 'is24qa-stufenloser-zugang-label': '', 'is24qa-provisionsfrei-fuer-kaufende-label': ''}"
Sonne und Licht in 6 Monaten gebaut,337.921 €,"84381 Dingolfing, Dingolfing-Landau (Kreis)
Die vollständige Adresse der Immobilie erhalten Sie vom Anbieter.",6,152 m²,400 m²,2.223 €/m²,Einfamilienhaus (freistehend),152 m²,nil,4,2,nil,Nein,"{'is24qa-gaeste-wc-label': '', 'is24qa-stufenloser-zugang-label': '', 'is24qa-provisionsfrei-fuer-kaufende-label': ''}"
Blick in die Natur - Grundstück mit Traumhaus,615.000 €,"84556 Kastl, Altötting (Kreis)
Die vollständige Adresse der Immobilie erhalten Sie vom Anbieter.",6,155 m²,770 m²,3.968 €/m²,Einfamilienhaus (freistehend),nil,nil,5,1,nil,Nein,"{'is24qa-gaeste-wc-label': '', 'is24qa-stufenloser-zugang-label': '', 'is24qa-provisionsfrei-fuer-kaufende-label': ''}"
Jetzt nachhaltig Ihre Zukunft sichern,361.740 €,"84337 Schönau, Rottal-Inn (Kreis)
Die vollständige Adresse der Immobilie erhalten Sie vom Anbieter.",6,112 m²,400 m²,3.230 €/m²,nil,112 m²,nil,3,2,nil,Nein,"{'is24qa-gaeste-wc-label': '', 'is24qa-keller-label': '', 'is24qa-stufenloser-zugang-label': '', 'is24qa-provisionsfrei-fuer-kaufende-label': ''}"
Großzügige Raumaufteilung In ihrer Stadtvilla,178.983 €,"94428 Eichendorf, Dingolfing-Landau (Kreis)
Die vollständige Adresse der Immobilie erhalten Sie vom Anbieter.",6,150 m²,400 m²,1.193 €/m²,Einfamilienhaus (freistehend),6 m²,nil,3,2,nil,Nein,"{'is24qa-gaeste-wc-label': '', 'is24qa-stufenloser-zugang-label': '', 'is24qa-provisionsfrei-fuer-kaufende-label': ''}"
Austragshaus - Bungalow,260.240 €,"84180 Loiching, Dingolfing-Landau (Kreis)
Die vollständige Adresse der Immobilie erhalten Sie vom Anbieter.",4,102 m²,400 m²,2.551 €/m²,Bungalow,102 m²,nil,2,1,nil,Nein,"{'is24qa-stufenloser-zugang-label': '', 'is24qa-provisionsfrei-fuer-kaufende-label': ''}"
129m² kaufen und 153m² erhalten im Bodensee 129,333.180 €,"94437 Mamming, Dingolfing-Landau (Kreis)
Die vollständige Adresse der Immobilie erhalten Sie vom Anbieter.",6,153 m²,400 m²,2.178 €/m²,Einfamilienhaus (freistehend),153 m²,nil,3,2,nil,Nein,"{'is24qa-gaeste-wc-label': '', 'is24qa-stufenloser-zugang-label': '', 'is24qa-provisionsfrei-fuer-kaufende-label': ''}"
