title,price,address,rooms,living_space,property_area,price_per_m2,type,usable_area,available_from,bedrooms,bathrooms,garage_parking,buyer_commission,criteriagroup_boolean_listing
"wunderschöner Bungalow mit Garten, Doppelgarage in Toplage",745.000 €,"71665 Vaihingen an der Enz, Ludwigsburg (Kreis)
Die vollständige Adresse der Immobilie erhalten Sie vom Anbieter.",7,170 m²,463 m²,4.382 €/m²,Bungalow,nil,sofort,5,1,2 Garagen,"2,5% vom Verkaufspreis inklusive MwSt.","{'is24qa-online-besichtigung-moeglich-label': '', 'is24qa-gaeste-wc-label': '', 'is24qa-keller-label': ''}"
"toller Winkelbungalow Traumgarten, viel Nutzfläche, Wohnen in einem einzigartigen 2-FH",598.000 €,"75417 Mühlacker, Enzkreis
Die vollständige Adresse der Immobilie erhalten Sie vom Anbieter.",8,200 m²,1.000 m²,2.990 €/m²,Einfamilienhaus (freistehend),nil,nach Absprache,6,3,1 Garage,3% vom Verkaufspreis inklusive MwSt.,"{'is24qa-online-besichtigung-moeglich-label': '', 'is24qa-gaeste-wc-label': '', 'is24qa-keller-label': ''}"
Großzügige Doppelhaushalte in Löffelstelzen,419.000 €,"97980 Bad Mergentheim, Main-Tauber-Kreis
Die vollständige Adresse der Immobilie erhalten Sie vom Anbieter.",7,160 m²,352 m²,2.619 €/m²,Doppelhaushälfte,80 m²,nil,4,1,1 Garage,"3,57","{'is24qa-gaeste-wc-label': '', 'is24qa-keller-label': '', 'is24qa-vermietet-label': ''}"
Großzügiges Anwesen mit 2.354 m² Grundstück in schöner Lage,750.000 €,"Tieringer Straße 58,
72336 Balingen, Zollernalbkreis",6,200 m²,2.354 m²,3.750 €/m²,Bungalow,313 m²,Sofort,4,1,3 Garagen,"3,57 %","{'is24qa-gaeste-wc-label': '', 'is24qa-keller-label': ''}"
"Neubauprojekt in Hochdorf, schöne DHH, 2 Terrassen, Balkon, Garten, KfW55, Carport und Stellplatz",779.000 €,"73269 Hochdorf, Esslingen (Kreis)
Die vollständige Adresse der Immobilie erhalten Sie vom Anbieter.",5,"150,3 m²",295 m²,5.183 €/m²,Doppelhaushälfte,nil,nil,3,1,nil,Nein,{'is24qa-provisionsfrei-fuer-kaufende-label': ''}
"Neubauprojekt in Hochdorf, schöne DHH, 2 Terrassen, Balkon, Garten, KfW55, Carport und Stellplatz",759.000 €,"73269 Hochdorf, Esslingen (Kreis)
Die vollständige Adresse der Immobilie erhalten Sie vom Anbieter.",5,"150,6 m²",295 m²,5.040 €/m²,Doppelhaushälfte,nil,nil,3,1,nil,Nein,{'is24qa-provisionsfrei-fuer-kaufende-label': ''}
"Neubauprojekt in Hochdorf, schöne DHH, 2 Terrassen, Balkon, Garten, KfW55, Carport und Stellplatz",759.000 €,"73269 Hochdorf, Esslingen (Kreis)
Die vollständige Adresse der Immobilie erhalten Sie vom Anbieter.",5,"150,3 m²",301 m²,5.050 €/m²,Doppelhaushälfte,nil,nil,3,1,nil,Nein,{'is24qa-provisionsfrei-fuer-kaufende-label': ''}
"Neubauprojekt in Hochdorf, schöne DHH, 2 Terrassen, Balkon, Garten, KfW55, Carport und Stellplatz",769.000 €,"73269 Hochdorf, Esslingen (Kreis)
Die vollständige Adresse der Immobilie erhalten Sie vom Anbieter.",5,"150,6 m²",308 m²,5.106 €/m²,Doppelhaushälfte,nil,nil,3,1,nil,Nein,{'is24qa-provisionsfrei-fuer-kaufende-label': ''}
"Zweifamilienhaus mit Garten, Garage und Co.",489.000 €,"73110 Hattenhofen, Göppingen (Kreis)
Die vollständige Adresse der Immobilie erhalten Sie vom Anbieter.",7,100 m²,477 m²,4.890 €/m²,Mehrfamilienhaus,nil,nach Absprache,4,2,1 Garage,"4,76 % inkl. ges. MwSt.","{'is24qa-gaeste-wc-label': '', 'is24qa-keller-label': ''}"
Zukunftsorientiert und modern. Massivhaus technikfertig in KFW 40 Bauweise,604.000 €,"72189 Vöhringen, Rottweil (Kreis)
Die vollständige Adresse der Immobilie erhalten Sie vom Anbieter.","3,5","134,36 m²",279 m²,4.495 €/m²,Einfamilienhaus (freistehend),"62,78 m²",nil,2,1,nil,Nein,"{'is24qa-gaeste-wc-label': '', 'is24qa-keller-label': '', 'is24qa-provisionsfrei-fuer-kaufende-label': ''}"
~Charmantes und kernsaniertes Reihenendhaus in guter Wohnlage~,335.000 €,"73312 Geislingen an der Steige, Göppingen (Kreis)
Die vollständige Adresse der Immobilie erhalten Sie vom Anbieter.",4,100 m²,176 m²,3.350 €/m²,Wohnimmobilie (sonstige),nil,nach Vereinbarung,3,1,Carport,"3,57% vom Kaufpreis (inkl. MwSt.)",{'is24qa-keller-label': ''}
"**HAUS im HAUS! EXCLUSIVE 6,5 Zimmer-Wohnung+++",299.000 €,"73054 Eislingen/Fils, Göppingen (Kreis)
Die vollständige Adresse der Immobilie erhalten Sie vom Anbieter.","6,5",170 m²,332 m²,1.759 €/m²,Doppelhaushälfte,nil,nach Vereinbarung,5,1,Außenstellplatz,3% vom Kaufpreis (inkl. MwSt.),{'is24qa-keller-label': ''}
* TEILSANIERTES EFH mit kleinen Gartenbereich *,170.000 €,"74855 Haßmersheim, Neckar-Odenwald-Kreis
Die vollständige Adresse der Immobilie erhalten Sie vom Anbieter.",5,92 m²,195 m²,1.848 €/m²,Doppelhaushälfte,nil,nil,4,2,Außenstellplatz,3% vom Kaufpreis (inkl. MwSt.),{'is24qa-keller-label': ''}
VBU Immobilien - ein Haus mit vielen Möglichkeiten,490.000 €,"74389 Cleebronn, Heilbronn (Kreis)
Die vollständige Adresse der Immobilie erhalten Sie vom Anbieter.",6,144 m²,323 m²,3.403 €/m²,Einfamilienhaus (freistehend),nil,sofort,nil,nil,2 Garagen,"3,57 % inkl. MwSt",{'is24qa-einliegerwohnung-label': ''}
Sonnenverwöhntes Familiendomizil mit separater Einliegerwohnung in Laichingen - Feldstetten,378.000 €,"89150 Laichingen, Alb-Donau-Kreis
Die vollständige Adresse der Immobilie erhalten Sie vom Anbieter.",7,214 m²,764 m²,1.766 €/m²,Mehrfamilienhaus,nil,01.06.2024,nil,3,6 Stellplätze,"3,57 % inkl. ges. MwSt.","{'is24qa-gaeste-wc-label': '', 'is24qa-keller-label': '', 'is24qa-einliegerwohnung-label': ''}"
Exklusives Einfamilienhaus mit Panoramablick in grüner Oase von Frauenkopf,2.750.000 €,"Frauenkopf, 70184 Stuttgart
Die vollständige Adresse der Immobilie erhalten Sie vom Anbieter.",9,219 m²,2.017 m²,12.557 €/m²,Einfamilienhaus (freistehend),nil,nach Absprache,nil,nil,Garage,"3,57 % vom Kaufpreis inkl. gesetzl. MwSt.","{'is24qa-gaeste-wc-label': '', 'is24qa-keller-label': ''}"
"Zweifamilienhaus mit Garage, Terrasse und Anbau in Lindach - Erwerb des Nachbarhauses auch möglich!",449.000 €,"73527 Schwäbisch Gmünd, Ostalbkreis
Die vollständige Adresse der Immobilie erhalten Sie vom Anbieter.",8,154 m²,227 m²,2.916 €/m²,Mehrfamilienhaus,nil,nil,5,2,nil,"3,57 % vom Kaufpreis inkl. 19 % MwSt.",{'is24qa-keller-label': ''}
"Schön gelegenes Zweifamilienhaus mit viel Potenzial, Sanierungsbedürftig !",179.000 €,"72362 Nusplingen, Zollernalbkreis
Die vollständige Adresse der Immobilie erhalten Sie vom Anbieter.",8,168 m²,652 m²,1.065 €/m²,Mehrfamilienhaus,nil,sofort,6,2,1 Stellplatz,"3,57 inkl. 19% MwSt.","{'is24qa-online-besichtigung-moeglich-label': '', 'is24qa-gaeste-wc-label': '', 'is24qa-keller-label': ''}"
Handwerkerhaus mit großzügiger Scheune in Friesenheim-Oberschopfheim,240.000 €,"77948 Friesenheim, Ortenaukreis
Die vollständige Adresse der Immobilie erhalten Sie vom Anbieter.",6,150 m²,449 m²,1.600 €/m²,Einfamilienhaus (freistehend),nil,07/2024,nil,1,3 Stellplätze,"3,57 %","{'is24qa-listonlyonis24-label': 'Nur hier gefunden', 'is24qa-keller-label': ''}"
Viel Platz für die ganze Familie,630.000 €,"Waldhof, 68305 Mannheim
Die vollständige Adresse der Immobilie erhalten Sie vom Anbieter.",10,270 m²,480 m²,2.333 €/m²,Doppelhaushälfte,nil,sofort,4,4,2 Stellplätze,"3,57 %","{'is24qa-gaeste-wc-label': '', 'is24qa-keller-label': ''}"
