title,price,address,rooms,living_space,property_area,price_per_m2,type,usable_area,available_from,bedrooms,bathrooms,garage_parking,buyer_commission,criteriagroup_boolean_listing
Mehrfamilienhaus mit 6 Wohneinheiten Vollvermietung im Güstrower Zentrum Nahe Rosengarten,485.000 €,"Rostocker Straße 52,
18273 Güstrow, Rostock (Kreis)",15,450 m²,872 m²,1.078 €/m²,Mehrfamilienhaus,500 m²,sofort,6,6,Außenstellplatz,"7,14 % vom Kaufpreis inkl 19 % MwSt. verdient und fällig bei Kaufvertragsabschluss","{'is24qa-online-besichtigung-moeglich-label': '', 'is24qa-keller-label': '', 'is24qa-vermietet-label': ''}"
"Neubau-7-Zimmer-Haus (Bungalow), 280qm, 2672qm Grundstück in Groß Plasten, Groß Plasten",1.400.000 €,"Parkallee 34b,
17192 Groß Plasten, Mecklenburgische Seenplatte (Kreis)",7,280 m²,2.672 m²,5.000 €/m²,Einfamilienhaus (freistehend),280 m²,24.3.2024,2,3,nil,Nein,"{'is24qa-gaeste-wc-label': '', 'is24qa-stufenloser-zugang-label': '', 'is24qa-einliegerwohnung-label': '', 'is24qa-provisionsfrei-fuer-kaufende-label': ''}"
"Umzugswagen bestellen, einziehen und sich wohlfühlen!",319.000 €,"23948 Damshagen, Nordwestmecklenburg (Kreis)
Die vollständige Adresse der Immobilie erhalten Sie vom Anbieter.",4,115 m²,485 m²,2.774 €/m²,Einfamilienhaus (freistehend),nil,01.11.2024,nil,nil,nil,"3,57 % inkl. ges. MwSt.",{}
"Familien-Idyll mit Platz für Hund, Katze und Pferd",798.000 €,"18211 Admannshagen-Bargeshagen, Rostock (Kreis)
Die vollständige Adresse der Immobilie erhalten Sie vom Anbieter.",9,205 m²,3.723 m²,3.893 €/m²,Bauernhaus,240 m²,nil,7,3,nil,18000 EUR,"{'is24qa-gaeste-wc-label': '', 'is24qa-einliegerwohnung-label': ''}"
Liebevolles Nest für die Familie!,490.000 €,"18239 Satow, Rostock (Kreis)
Die vollständige Adresse der Immobilie erhalten Sie vom Anbieter.",4,125 m²,1.186 m²,3.920 €/m²,Wohnimmobilie (sonstige),nil,nil,nil,nil,nil,Nein,"{'is24qa-gaeste-wc-label': '', 'is24qa-provisionsfrei-fuer-kaufende-label': ''}"
Idyllische Ruhe und Entspannung mitten in der Natur,425.680 €,"18209 Bartenshagen-Parkentin, Rostock (Kreis)
Die vollständige Adresse der Immobilie erhalten Sie vom Anbieter.",3,100 m²,1.179 m²,4.257 €/m²,Einfamilienhaus (freistehend),nil,sofort,2,2,2 Stellplätze,"3,57 % inkl. ges. MwSt.",{'is24qa-gaeste-wc-label': ''}
2 Häuser auf einem Grundstück in Ostseenähe,339.000 €,"23948 Damshagen, Nordwestmecklenburg (Kreis)
Die vollständige Adresse der Immobilie erhalten Sie vom Anbieter.",4,110 m²,1.100 m²,3.082 €/m²,Einfamilienhaus (freistehend),nil,01.10.2024,nil,nil,nil,"3,57 % inkl. ges. MwSt.",{}
Ihr romantisches Wochenendhaus am Strand,220.000 €,"18181 Graal-Müritz, Rostock (Kreis)
Die vollständige Adresse der Immobilie erhalten Sie vom Anbieter.",2,58 m²,288 m²,3.793 €/m²,Bungalow,nil,sofort,1,1,1 Außenstellplatz,"3,57 % inkl. ges. MwSt.",{}
Gepflegter Bungalow mit traumhaft schönem Garten,385.000 €,"18182 Mönchhagen, Rostock (Kreis)
Die vollständige Adresse der Immobilie erhalten Sie vom Anbieter.",3,85 m²,872 m²,4.529 €/m²,Einfamilienhaus (freistehend),nil,sofort,nil,1,nil,"3,57 % inkl. ges. MwSt.",{}
Naturnahes Wohnen: Einfamilienhaus mit großem Grundstück,399.900 €,"18233 Neubukow, Rostock (Kreis)
Die vollständige Adresse der Immobilie erhalten Sie vom Anbieter.",6,225 m²,1.559 m²,1.777 €/m²,Einfamilienhaus (freistehend),nil,sofort,nil,2,4 Stellplätze,"3,57 % inkl. ges. MwSt.","{'is24qa-gaeste-wc-label': '', 'is24qa-keller-label': ''}"
DHH mit 3 Wohneinheiten - renovierungsbedürftig,333.580 €,"18209 Bad Doberan, Rostock (Kreis)
Die vollständige Adresse der Immobilie erhalten Sie vom Anbieter.",8,250 m²,636 m²,1.334 €/m²,Mehrfamilienhaus,nil,sofort,5,3,nil,"3,57 % inkl. ges. MwSt.",{}
Familienparadies mit Charme und Möglichkeit!,425.000 €,"18230 Rerik, Rostock (Kreis)
Die vollständige Adresse der Immobilie erhalten Sie vom Anbieter.",6,174 m²,782 m²,2.443 €/m²,Einfamilienhaus (freistehend),nil,nil,nil,nil,nil,"3,57 % inkl. ges. MwSt.","{'is24qa-gaeste-wc-label': '', 'is24qa-keller-label': '', 'is24qa-einliegerwohnung-label': ''}"
Exklusive Perle im Herzen von Bad Doberan,665.880 €,"18209 Bad Doberan, Rostock (Kreis)
Die vollständige Adresse der Immobilie erhalten Sie vom Anbieter.",4,135 m²,758 m²,4.932 €/m²,Bungalow,nil,01.08.2024,nil,nil,nil,"3,57 % inkl. ges. MwSt.",{'is24qa-gaeste-wc-label': ''}
Gemütliches Zuhause für Ihr Familienglück,199.000 €,"19205 Mühlen Eichsen, Nordwestmecklenburg (Kreis)
Die vollständige Adresse der Immobilie erhalten Sie vom Anbieter.",4,120 m²,186 m²,1.658 €/m²,Reihenmittelhaus,nil,nach Vereinbarung,nil,nil,2 Carports,"4,76 % inkl. ges. MwSt.",{'is24qa-gaeste-wc-label': ''}
Renovierte Doppelhaushälfte zwischen Rostock und Güstrow!,195.000 €,"18276 Mistorf, Rostock (Kreis)
Die vollständige Adresse der Immobilie erhalten Sie vom Anbieter.",3,"75,5 m²",862 m²,2.583 €/m²,Doppelhaushälfte,nil,nach Vereinbarung,nil,1,1 Garage,"2,975 % inkl. ges. MwSt.",{'is24qa-keller-label': ''}
Mit guter Anbindung nach Güstrow!,260.000 €,"18276 Zehna, Rostock (Kreis)
Die vollständige Adresse der Immobilie erhalten Sie vom Anbieter.",5,130 m²,1.162 m²,2.000 €/m²,Einfamilienhaus (freistehend),nil,nach Vereinbarung,nil,1,2 Carports,"3,57 % inkl. ges. MwSt.","{'is24qa-gaeste-wc-label': '', 'is24qa-keller-label': ''}"
Nachhaltig erbaut nach KFN 40 mit QNG Siegel,309.857 €,"23948 Klütz, Nordwestmecklenburg (Kreis)
Die vollständige Adresse der Immobilie erhalten Sie vom Anbieter.",2,"74,44 m²",635 m²,4.163 €/m²,Bungalow,nil,nil,1,1,2 Stellplätze,Nein,{'is24qa-provisionsfrei-fuer-kaufende-label': ''}
Moderne Stadtvilla in Zentrumsnähe von Bad Doberan,598.000 €,"18209 Bad Doberan, Rostock (Kreis)
Die vollständige Adresse der Immobilie erhalten Sie vom Anbieter.",5,170 m²,1.301 m²,3.518 €/m²,Wohnimmobilie (sonstige),46 m²,nach Vereinbarung,4,2,3 Stellplätze,"2,21 % inkl. ges. MwSt.",{}
Tolles EFH in ruhiger Lage in Sievershagen mit großem Grundstück,488.775 €,"Evershagen, 18069 Rostock
Die vollständige Adresse der Immobilie erhalten Sie vom Anbieter.",4,113 m²,1.328 m²,4.325 €/m²,Einfamilienhaus (freistehend),nil,gem. Absprache,3,1,4 Stellplätze,"3,57 % inkl. ges. MwSt.",{'is24qa-gaeste-wc-label': ''}
Hier wird Gemeinschaft groß geschrieben!,289.000 €,"17168 Jördenstorf, Rostock (Kreis)
Die vollständige Adresse der Immobilie erhalten Sie vom Anbieter.",5,175 m²,11.026 m²,1.651 €/m²,Einfamilienhaus (freistehend),nil,01.05.2024,nil,2,nil,"3,57 % inkl. ges. MwSt.",{}
