title,price,address,rooms,living_space,property_area,price_per_m2,type,usable_area,available_from,bedrooms,bathrooms,garage_parking,buyer_commission,criteriagroup_boolean_listing
Klein aber fein auf Eigenland,225.000 €,"Kücknitz, 23569 Lübeck
Die vollständige Adresse der Immobilie erhalten Sie vom Anbieter.",3,65 m²,186 m²,3.462 €/m²,Reihenmittelhaus,nil,31.08.2024,2,1,nil,"3,57 % inkl. ges. MwSt.","{'is24qa-online-besichtigung-moeglich-label': '', 'is24qa-keller-label': ''}"
Ebenerdiges Wohnen möglich - Schnuckeliges Einfamilienhaus in Reher,175.000 €,"25593 Reher, Steinburg (Kreis)
Die vollständige Adresse der Immobilie erhalten Sie vom Anbieter.",6,"110,91 m²",600 m²,1.578 €/m²,Einfamilienhaus (freistehend),50 m²,nil,nil,2,2 Stellplätze,"3,57 %",{}
ENERGETISCH MODERNISIERT ZUM FAIREN PREIS,295.000 €,"24790 Schülldorf, Rendsburg-Eckernförde (Kreis)
Die vollständige Adresse der Immobilie erhalten Sie vom Anbieter.",6,121 m²,450 m²,2.438 €/m²,Doppelhaushälfte,nil,nil,nil,nil,2 Außenstellplätze,3.57% inkl. MwSt.,{}
Ihr neues Zuhause: Historisch & Energieeffizient!,295.000 €,"25548 Kellinghusen, Steinburg (Kreis)
Die vollständige Adresse der Immobilie erhalten Sie vom Anbieter.","5,5",114 m²,988 m²,2.588 €/m²,Einfamilienhaus (freistehend),nil,nach Absprache,4,1,2 Außenstellplätze,"3,25% inkl. MwSt.",{'is24qa-keller-label': ''}
Fantastisch gelegenes Ferienhaus mit Pool und Panoramablick auf die Ostsee,920.000 €,"Strandblick 27,
24398 Brodersby, Rendsburg-Eckernförde (Kreis)",7,195 m²,1.700 m²,4.718 €/m²,Einfamilienhaus (freistehend),nil,nach Vereinbarung,6,2,1 Außenstellplatz,"2,38%",{'is24qa-online-besichtigung-moeglich-label': ''}
Denkmalgeschütztes Kleinod in zurückgezogener Lage,4.950.000 €,"25980 Sylt (Gemeinde), Nordfriesland (Kreis)
Die vollständige Adresse der Immobilie erhalten Sie vom Anbieter.",6,200 m²,850 m²,24.750 €/m²,Einfamilienhaus (freistehend),nil,nil,3,3,2 Außenstellplätze,"3,57 % inkl. der gesetzl. MwSt.",{'is24qa-gaeste-wc-label': ''}
Hier wohnt der Sommer! EFH in Stapelfeld mit FERNWÄRME,495.000 €,"22145 Stapelfeld, Stormarn (Kreis)
Die vollständige Adresse der Immobilie erhalten Sie vom Anbieter.",5,125 m²,635 m²,3.960 €/m²,Einfamilienhaus (freistehend),nil,Sofort,3,1,2 Außenstellplätze,"2,98 % inkl. MwSt. des beurkundeten Kaufpreises. Die Provision ist vom Käufer zu zahlen. inkl. MwSt.","{'is24qa-gaeste-wc-label': '', 'is24qa-keller-label': ''}"
In bester Lage auf Nordstrand: Gepflegtes Wohnhaus mit Einliegerwohnung direkt am Deich.,349.000 €,"25845 Nordstrand, Nordfriesland (Kreis)
Die vollständige Adresse der Immobilie erhalten Sie vom Anbieter.",5,138 m²,1.071 m²,2.529 €/m²,nil,nil,nach Vereinbarung,3,2,1 Garage,"2,975% inkl. 19% MwSt. auf den Kaufpreis",{}
Einfamilienhaus in Schwentinental,330.000 €,"24223 Schwentinental, Plön (Kreis)
Die vollständige Adresse der Immobilie erhalten Sie vom Anbieter.",3,"81,8 m²",1.049 m²,4.034 €/m²,Einfamilienhaus (freistehend),nil,nach Absprache,nil,nil,nil,"3,57 % inkl. ges. MwSt.",{'is24qa-keller-label': ''}
"Einfamilienhaus mit großem, idyllischem Garten",450.000 €,"24222 Schwentinental, Plön (Kreis)
Die vollständige Adresse der Immobilie erhalten Sie vom Anbieter.",4,96 m²,4.306 m²,4.688 €/m²,Einfamilienhaus (freistehend),nil,nach Absprache,nil,nil,2 Garagen,"2,98 % inkl. ges. MwSt.","{'is24qa-gaeste-wc-label': '', 'is24qa-keller-label': ''}"
„Exklusives Grundstück in Wrohe mit unverbaubarem Blick auf den Westensee-Ruhe und Natur pur“,495.000 €,"24259 Westensee, Rendsburg-Eckernförde (Kreis)
Die vollständige Adresse der Immobilie erhalten Sie vom Anbieter.",4,128 m²,1.254 m²,3.867 €/m²,Einfamilienhaus (freistehend),nil,nil,3,1,2 Stellplätze,"2,38 % inklusive Mehrwertsteuer","{'is24qa-gaeste-wc-label': '', 'is24qa-keller-label': ''}"
"""Gepflegtes Reihenendhaus mit Pool: Großzügiges Grundstück, beheizbarer Wintergarten""",323.000 €,"24223 Schwentinental, Plön (Kreis)
Die vollständige Adresse der Immobilie erhalten Sie vom Anbieter.",4,90 m²,706 m²,3.589 €/m²,Reiheneckhaus,nil,nil,3,2,nil,"2,975 % inklusive Mehrwertsteuer",{}
Architektenhaus in Glücksburg - Sandwig unweit der Strandpromenade,789.000 €,"24960 Glücksburg (Ostsee), Schleswig-Flensburg (Kreis)
Die vollständige Adresse der Immobilie erhalten Sie vom Anbieter.",8,"182,18 m²",516 m²,4.331 €/m²,Mehrfamilienhaus,273 m²,Sofort,nil,4,4 Außenstellplätze,"3,57 inkl. MwSt.","{'is24qa-gaeste-wc-label': '', 'is24qa-keller-label': '', 'is24qa-als-ferienhaus-geeignet-label': ''}"
Perfekt um den Anker zu werfen! | Gemütliches Einfamilienhaus direkt am historischen Hafen,699.000 €,"25832 Tönning, Nordfriesland (Kreis)
Die vollständige Adresse der Immobilie erhalten Sie vom Anbieter.",5,160 m²,498 m²,4.369 €/m²,Einfamilienhaus (freistehend),nil,nil,nil,1,1 Garage,"3,57 % inkl. ges. MwSt. bezogen auf den Kaufpreis","{'is24qa-gaeste-wc-label': '', 'is24qa-keller-label': '', 'is24qa-als-ferienhaus-geeignet-label': ''}"
JEVENSTEDT: Gesundes Wohnen im Neubau - Niedrigenergie-Doppelhaushälfte in ruhiger Seitenstraße,419.000 €,"24808 Jevenstedt, Rendsburg-Eckernförde (Kreis)
Die vollständige Adresse der Immobilie erhalten Sie vom Anbieter.",4,130 m²,420 m²,3.223 €/m²,Doppelhaushälfte,nil,voraussichtlich Juni 2024,3,1,Außenstellplatz,"3,57% vom Kaufpreis (inkl. MwSt.)",{'is24qa-gaeste-wc-label': ''}
ASMUSSEN IMMOBILIEN - Modernisiertes Einfamilienhaus zwischen den Meeren,298.000 €,"24969 Lindewitt, Schleswig-Flensburg (Kreis)
Die vollständige Adresse der Immobilie erhalten Sie vom Anbieter.",4,100 m²,804 m²,2.980 €/m²,Wohnimmobilie (sonstige),nil,nil,nil,1,nil,"3,57 % inkl. MwSt.",{'is24qa-keller-label': ''}
"Moderne DHH in Halstenbek am Krupunder See, 5 Zimmer mit PV-Anlage",590.000 €,"25469 Halstenbek, Pinneberg (Kreis)
Die vollständige Adresse der Immobilie erhalten Sie vom Anbieter.",5,134 m²,343 m²,4.403 €/m²,Doppelhaushälfte,175 m²,nach Absprache,4,1,nil,Nein,"{'is24qa-gaeste-wc-label': '', 'is24qa-keller-label': '', 'is24qa-provisionsfrei-fuer-kaufende-label': ''}"
Zögern Sie nicht: Gepflegtes Reihenmittelhaus mit Garten und Carport in ruhiger Lage,327.000 €,"24558 Henstedt-Ulzburg, Segeberg (Kreis)
Die vollständige Adresse der Immobilie erhalten Sie vom Anbieter.",4,100 m²,300 m²,3.270 €/m²,Reihenmittelhaus,5 m²,nach Absprache,3,1,1 Carport,"3,57 %","{'is24qa-online-besichtigung-moeglich-label': '', 'is24qa-gaeste-wc-label': ''}"
"Ebenerdiges Wohnen möglich, ruhig gelegenes EFH in Sackgassenlage",598.000 €,"Osbek, 24944 Flensburg
Die vollständige Adresse der Immobilie erhalten Sie vom Anbieter.",5,167 m²,704 m²,3.581 €/m²,Einfamilienhaus (freistehend),nil,sofort,nil,2,2 Stellplätze,"3,57% inkl. gesetzl. MwSt",{'is24qa-gaeste-wc-label': ''}
"Traum-Bungalow mit ELW an der Elbe , 6-7 Zi, Solar, Photovoitaik ,Keller, Sauna/ RESERVIERT",485.000 €,"Friesestr. 7,
21481 Lauenburg/Elbe, Herzogtum Lauenburg (Kreis)",6,241 m²,684 m²,2.012 €/m²,Einfamilienhaus (freistehend),120 m²,nach Absprache,3,3,1 Garage,Nein,"{'is24qa-gaeste-wc-label': '', 'is24qa-keller-label': '', 'is24qa-provisionsfrei-fuer-kaufende-label': ''}"
