title,price,address,rooms,living_space,property_area,price_per_m2,type,usable_area,available_from,bedrooms,bathrooms,garage_parking,buyer_commission,criteriagroup_boolean_listing
*Einfamilienhaus in sehr ruhiger Lage - Kartons packen und einziehen*,279.000 €,"09394 Hohndorf, Erzgebirgskreis
Die vollständige Adresse der Immobilie erhalten Sie vom Anbieter.",4,120 m²,465 m²,2.325 €/m²,Einfamilienhaus (freistehend),18 m²,August 2024,2,2,2 Außenstellplätze,"3,57 % incl. der gesetzlichen Mehrwertsteuer. Verdient und fällig nach dem notariellen Kaufvertrag",{'is24qa-einliegerwohnung-label': ''}
143 QUADTRATMETER WOHNTRAUM MIT KAMIN,299.000 €,"Mittelbach, 09224 Chemnitz
Die vollständige Adresse der Immobilie erhalten Sie vom Anbieter.",7,143 m²,240 m²,2.091 €/m²,Doppelhaushälfte,61 m²,nil,3,1,nil,Die Courtage in Höhe von 5 % inkl. 19% MwSt. ist vom Käufer zu tragen.,{'is24qa-keller-label': ''}
Ortshistorisches Gebäude sucht Bauträger! Denkmal-AfA sichern!,150.000 €,"Leubsdorfer Straße 4+5,
09579 Borstendorf, Erzgebirgskreis",50,1.000 m²,3.810 m²,150 €/m²,Mehrfamilienhaus,nil,nil,nil,nil,Außenstellplatz,"4,76 % inkl. MwSt.","{'is24qa-listonlyonis24-label': 'Nur hier gefunden', 'is24qa-keller-label': ''}"
Ihr Wohlfühlzuhause in privater Siedlungslage in Borna Eula,549.000 €,"04552 Borna, Leipzig (Kreis)
Die vollständige Adresse der Immobilie erhalten Sie vom Anbieter.",4,150 m²,1.232 m²,3.660 €/m²,Einfamilienhaus (freistehend),178 m²,nil,3,1,Garage,"3,57% vom Kaufpreis (inkl. MwSt.)",{'is24qa-gaeste-wc-label': ''}
Idyllisches Einfamilienhaus in Großenhain: Perfektes Zuhause mit traumhaftem Garten,179.000 €,"01558 Großenhain, Meißen (Kreis)
Die vollständige Adresse der Immobilie erhalten Sie vom Anbieter.","2,5",70 m²,1.059 m²,2.557 €/m²,Einfamilienhaus (freistehend),nil,nach Kaufpreiszahlung,1,1,1 Carport,"3,57 % inkl. MwSt.",{'is24qa-keller-label': ''}
Charmantes Kleinod in Hanglage mit Blick über die Elbe sucht geschickten Bauherrn!,285.000 €,"Mobschatz, 01156 Dresden
Die vollständige Adresse der Immobilie erhalten Sie vom Anbieter.",6,160 m²,726 m²,1.781 €/m²,Einfamilienhaus (freistehend),224 m²,sofort,nil,2,1 Außenstellplatz,"3,00% des Kaufpreises zzgl. MwSt.",{'is24qa-gaeste-wc-label': ''}
"Facettenreiches Gutshaus, Scheune, Stallung und viel Land! Landleben genießen.",495.000 €,"02956 Rietschen, Görlitz (Kreis)
Die vollständige Adresse der Immobilie erhalten Sie vom Anbieter.",9,329 m²,16.054 m²,1.505 €/m²,Einfamilienhaus (freistehend),329 m²,nach Vereinbarung,nil,2,3 Garagen,"3,00% des Kaufpreises zzgl. MwSt.",{'is24qa-gaeste-wc-label': ''}
"Senken Sie Ihre Steuerlast, Revitalisierungsprojekt mit Denkmal-AFA!!",595.000 €,"09212 Limbach-Oberfrohna, Zwickau (Kreis)
Die vollständige Adresse der Immobilie erhalten Sie vom Anbieter.",108,3.600 m²,7.200 m²,165 €/m²,Mehrfamilienhaus,nil,sofort,nil,nil,nil,"3,57 % vom Kaufpreis inkl. der gesetzl. MwSt.",{'is24qa-keller-label': ''}
Doppelhaushälfte sucht neue Familie,155.000 €,"04889 Schildau, Nordsachsen (Kreis)
Die vollständige Adresse der Immobilie erhalten Sie vom Anbieter.",7,130 m²,531 m²,1.192 €/m²,Doppelhaushälfte,80 m²,nach Vereinbarung,5,2,2 Stellplätze,"3,57 % inkl. ges. MwSt.","{'is24qa-gaeste-wc-label': '', 'is24qa-keller-label': ''}"
Vielseitiges Dreifamilienhaus in Mülsen sucht Vision & Feinschliff!,129.500 €,"Dresdner Straße 26,
08132 Mülsen, Zwickau (Kreis)",13,200 m²,900 m²,648 €/m²,Mehrfamilienhaus,nil,sofort,3,3,1 Garage,"3,57% Käuferprovision vom Kaufpreis inkl. gesetzl. MwSt.","{'is24qa-gaeste-wc-label': '', 'is24qa-keller-label': ''}"
Wohntraum in Oelsnitz/Erzgeb. - Gepflegtes Mehrfamilienhaus als sichere Kapitalanlage,175.000 €,"Grenzstraße 10,
09376 Oelsnitz/Erzgebirge, Erzgebirgskreis",8,"202,1 m²",300 m²,866 €/m²,Mehrfamilienhaus,50 m²,sofort,3,3,nil,"3,57% Käuferprovision vom Kaufpreis inkl. gesetzl. MwSt.","{'is24qa-gaeste-wc-label': '', 'is24qa-keller-label': '', 'is24qa-vermietet-label': ''}"
Einfamilienhaus auf großzügigem Grundstück in gewachsener Siedlung in Leipzig-Lindenthal,295.000 €,"Schwedenstraße 9,
Lindenthal, 04158 Leipzig",4,96 m²,880 m²,3.073 €/m²,Einfamilienhaus (freistehend),120 m²,sofort,3,1,1 Garage,"10.531,50","{'is24qa-gaeste-wc-label': '', 'is24qa-keller-label': ''}"
"Zwei gepflegte Mehrfamilienhäuser mit 8,28 % Rendite (Faktor 12) vor den Toren Zwickaus",398.000 €,"08412 Werdau, Zwickau (Kreis)
Die vollständige Adresse der Immobilie erhalten Sie vom Anbieter.",20,524 m²,640 m²,760 €/m²,Mehrfamilienhaus,nil,nach Vereinbarung,nil,nil,nil,"3,57 % inkl. ges. MwSt.","{'is24qa-online-besichtigung-moeglich-label': '', 'is24qa-vermietet-label': ''}"
"*Privatverkauf* -modernes 200qm Haus mit 3 Bädern, Whirlpool, Sauna, Einlieger oder Gewerbe möglich",349.000 €,"Eulaer Hauptstrasse 26,
01683 Nossen, Meißen (Kreis)",7,197 m²,1.000 m²,1.772 €/m²,Einfamilienhaus (freistehend),197 m²,01.07.2024,4,3,2 Außenstellplätze,Nein,"{'is24qa-online-besichtigung-moeglich-label': '', 'is24qa-gaeste-wc-label': '', 'is24qa-keller-label': '', 'is24qa-einliegerwohnung-label': '', 'is24qa-provisionsfrei-fuer-kaufende-label': ''}"
Top-Rendite mit Garagen/Stellplätzen als Kapitalanlage,649.000 €,"Innenstadt, 02826 Görlitz
Die vollständige Adresse der Immobilie erhalten Sie vom Anbieter.",20,650 m²,3.160 m²,998 €/m²,nil,650 m²,nil,nil,nil,nil,"Käuferprovision beträgt 7,14 % (inkl. MwSt.) des beurkundeten Kaufpreises",{}
Stadtvilla mit großem Grundstück im Dresdner Südosten mit Potential für EFH in 2. Reihe,868.000 €,"Lockwitz, 01257 Dresden
Die vollständige Adresse der Immobilie erhalten Sie vom Anbieter.",6,198 m²,990 m²,4.384 €/m²,Einfamilienhaus (freistehend),nil,nil,5,1,2 Carports,"Käuferprovision beträgt 3,57 % (inkl. MwSt.) des beurkundeten Kaufpreises","{'is24qa-gaeste-wc-label': '', 'is24qa-keller-label': ''}"
Über 200m² zum Wohlfühlen - Luxus Immobilie auf 4 Ebenen exklusiv zur Eigennutzung,1.350.000 €,"04509 Krostitz, Nordsachsen (Kreis)
Die vollständige Adresse der Immobilie erhalten Sie vom Anbieter.",5,216 m²,2.486 m²,6.250 €/m²,Einfamilienhaus (freistehend),318 m²,nil,nil,2,2 Stellplätze,"3,27 %",{'is24qa-keller-label': ''}
Aufgepasst! Doppelhaushälfte mit Potential in ruhiger Lage von Röcknitz zu verkaufen!,180.000 €,"04808 Thallwitz, Leipzig (Kreis)
Die vollständige Adresse der Immobilie erhalten Sie vom Anbieter.",5,"120,39 m²",385 m²,1.495 €/m²,Einfamilienhaus (freistehend),nil,nil,nil,1,1 Stellplatz,"4,76 %","{'is24qa-gaeste-wc-label': '', 'is24qa-keller-label': ''}"
***Neubau- 9 WG´s für Senioren und 13 Eigentumswohnungen mit Balkonen u. Fahrstuhl.,450.000 €,"Gablenz, 09126 Chemnitz
Die vollständige Adresse der Immobilie erhalten Sie vom Anbieter.",46,1.661 m²,1.200 m²,271 €/m²,Mehrfamilienhaus,1.200 m²,nil,30,25,6 Außenstellplätze,"3,57 % vom Kaufpreis einschließlich gesetzlicher Umsatzsteuer","{'is24qa-keller-label': '', 'is24qa-stufenloser-zugang-label': ''}"
Dreiseitenhof mit viel Platz - 2 Wohneinheiten,450.000 €,"01623 Lommatzsch, Meißen (Kreis)
Die vollständige Adresse der Immobilie erhalten Sie vom Anbieter.",10,272 m²,4.609 m²,1.654 €/m²,nil,357 m²,nil,5,3,nil,"1,785%","{'is24qa-gaeste-wc-label': '', 'is24qa-stufenloser-zugang-label': '', 'is24qa-vermietet-label': ''}"
***Erstbezug: Tolles Einfamilienhaus direkt in Zwickau! Jetzt Besichtigunstermin vereinbaren!***,289.500 €,"Mitte-Nord, 08056 Zwickau
Die vollständige Adresse der Immobilie erhalten Sie vom Anbieter.",4,112 m²,940 m²,2.585 €/m²,Einfamilienhaus (freistehend),nil,nach Vereinbarung,3,1,nil,Nein,"{'is24qa-gaeste-wc-label': '', 'is24qa-provisionsfrei-fuer-kaufende-label': ''}"
