title,price,address,rooms,living_space,property_area,price_per_m2,type,usable_area,available_from,bedrooms,bathrooms,garage_parking,buyer_commission,criteriagroup_boolean_listing
Der Charme echter Gründerzeit - Wohnen und Kapitalanlage vereint!,395.000 €,"38364 Schöningen, Helmstedt (Kreis)
Die vollständige Adresse der Immobilie erhalten Sie vom Anbieter.",11,326 m²,1.097 m²,1.212 €/m²,Mehrfamilienhaus,nil,sofort,5,3,nil,"3,57 %","{'is24qa-gaeste-wc-label': '', 'is24qa-keller-label': ''}"
Emden! Emden! Gemütliches Einfamilienhaus in begehrter Sackgassenlage,259.900 €,"Larrelt, 26723 Emden
Die vollständige Adresse der Immobilie erhalten Sie vom Anbieter.",5,160 m²,335 m²,1.624 €/m²,Einfamilienhaus (freistehend),nil,nil,4,1,nil,"Die Käuferprovision beträgt 3,57 % (inkl. MwSt.) des beurkundeten Kaufpreises.",{}
### Am Ende einer Sackgasse - Ideal für die kleine Familie ###,215.000 €,"26345 Bockhorn, Friesland (Kreis)
Die vollständige Adresse der Immobilie erhalten Sie vom Anbieter.",4,"116,4 m²",645 m²,1.847 €/m²,Einfamilienhaus (freistehend),"51,76 m²",Sofort bezugsfrei.,3,1,4 Stellplätze,"3,59 inkl. 19% MwSt.",{}
Ebenerdiges Wohnen - Bungalow nur wenige Minuten von der Nordseeküste,329.000 €,"26506 Norden, Aurich (Kreis)
Die vollständige Adresse der Immobilie erhalten Sie vom Anbieter.",3,"80,32 m²",241 m²,4.096 €/m²,Bungalow,nil,12.2024,2,1,1 Außenstellplatz,Nein,"{'is24qa-online-besichtigung-moeglich-label': '', 'is24qa-gaeste-wc-label': '', 'is24qa-stufenloser-zugang-label': '', 'is24qa-provisionsfrei-fuer-kaufende-label': ''}"
"Familienfreundliches, energiesparendes, modernes Smart-Home in Appel zu verkaufen",725.500 €,"21279 Appel, Harburg (Kreis)
Die vollständige Adresse der Immobilie erhalten Sie vom Anbieter.",5,143 m²,980 m²,5.073 €/m²,Einfamilienhaus (freistehend),143 m²,nil,4,2,3 Garagen,Nein,"{'is24qa-gaeste-wc-label': '', 'is24qa-stufenloser-zugang-label': '', 'is24qa-provisionsfrei-fuer-kaufende-label': ''}"
Einladendes Einfamilienhaus in der Nähe der Nordseeküste,349.000 €,"26409 Wittmund, Wittmund (Kreis)
Die vollständige Adresse der Immobilie erhalten Sie vom Anbieter.",6,160 m²,674 m²,2.181 €/m²,Einfamilienhaus (freistehend),80 m²,nil,4,1,1 Garage,"Beträgt 3,57% (inkl. MwSt.) des beurkundeten Kaufpreises.","{'is24qa-online-besichtigung-moeglich-label': '', 'is24qa-gaeste-wc-label': ''}"
Schöner Bungalow nur wenige Minuten von der Nordseeküste entfernt.,259.000 €,"26506 Norden, Aurich (Kreis)
Die vollständige Adresse der Immobilie erhalten Sie vom Anbieter.",4,133 m²,825 m²,1.947 €/m²,Bungalow,100 m²,Sofort,3,1,1 Garage,"Beträgt 3,57% (inkl. MwSt.) des beurkundeten Kaufpreises.","{'is24qa-online-besichtigung-moeglich-label': '', 'is24qa-gaeste-wc-label': '', 'is24qa-keller-label': ''}"
"Stilvolles, großes und gepflegtes Haus mit sieben Zimmern im Zentrum von Spelle",495.000 €,"Am Wöhle-Hof 19,
48480 Spelle, Emsland (Kreis)",7,174 m²,871 m²,2.845 €/m²,Einfamilienhaus (freistehend),nil,1.3.2025,nil,2,2 Garagen,Nein,"{'is24qa-gaeste-wc-label': '', 'is24qa-keller-label': '', 'is24qa-provisionsfrei-fuer-kaufende-label': ''}"
Großes 6-Parteien-Mehrfamilienhaus in Dettum,640.000 €,"An der Windmühle 10,
38173 Dettum, Wolfenbüttel (Kreis)",14,417 m²,699 m²,1.535 €/m²,Mehrfamilienhaus,nil,nil,nil,6,6 Außenstellplätze,Nein,"{'is24qa-keller-label': '', 'is24qa-vermietet-label': '', 'is24qa-provisionsfrei-fuer-kaufende-label': ''}"
Großzügig Saniertes Einfamilien / Zweifamilienhaus,455.000 €,"21357 Wittorf, Lüneburg (Kreis)
Die vollständige Adresse der Immobilie erhalten Sie vom Anbieter.",5,120 m²,650 m²,3.792 €/m²,Einfamilienhaus (freistehend),70 m²,sofort,3,2,4 Außenstellplätze,"3,57 % Käuferprovision inkl. 19 % MwSt.",{'is24qa-keller-label': ''}
Provisionsfrei! - Gepflegte Familienvilla in traumhafter Lage mit Fernblick. Vollständig saniert.,390.000 €,"37441 Bad Sachsa, Osterode am Harz (Kreis)
Die vollständige Adresse der Immobilie erhalten Sie vom Anbieter.",6,221 m²,728 m²,1.765 €/m²,Villa,221 m²,1.7.2024,5,3,1 Garage,Nein,"{'is24qa-gaeste-wc-label': '', 'is24qa-keller-label': '', 'is24qa-als-ferienhaus-geeignet-label': '', 'is24qa-einliegerwohnung-label': '', 'is24qa-provisionsfrei-fuer-kaufende-label': ''}"
Familientraum! Einfamilienhaus mit separater Einliegerwohnung & großem Garten in Winsen (Aller),257.000 €,"29308 Winsen (Aller), Celle (Kreis)
Die vollständige Adresse der Immobilie erhalten Sie vom Anbieter.",8,"172,78 m²","1.057,05 m²",1.487 €/m²,Einfamilienhaus (freistehend),nil,nach Absprache,5,2,3 Garagen,"3,57 %","{'is24qa-online-besichtigung-moeglich-label': '', 'is24qa-gaeste-wc-label': '', 'is24qa-keller-label': '', 'is24qa-einliegerwohnung-label': ''}"
"Turmzauber: Doppelhaushälfte mit Wintergarten, Garage, Keller und mehr!",234.999 €,"31224 Peine, Peine (Kreis)
Die vollständige Adresse der Immobilie erhalten Sie vom Anbieter.",8,200 m²,469 m²,1.175 €/m²,Doppelhaushälfte,"315,51 m²",sofort,6,3,1 Garage,"3,57 % inkl. MwSt.","{'is24qa-gaeste-wc-label': '', 'is24qa-keller-label': '', 'is24qa-einliegerwohnung-label': ''}"
TOPANGEBOT - RH-ENDHAUS als ATRIUMHAUS,480.000 €,"Espenhof 69,
Bothfeld, 30659 Hannover","4,5","130,6 m²",393 m²,3.675 €/m²,Reiheneckhaus,"15,01 m²",1.7.2024,3,2,1 Garage,Nein,"{'is24qa-gaeste-wc-label': '', 'is24qa-stufenloser-zugang-label': '', 'is24qa-provisionsfrei-fuer-kaufende-label': ''}"
Schönes 5-Zimmer-Reihenhaus in Garbsen,350.000 €,"30823 Garbsen, Hannover (Kreis)
Die vollständige Adresse der Immobilie erhalten Sie vom Anbieter.",5,127 m²,300 m²,2.756 €/m²,Reihenmittelhaus,140 m²,5.5.2024,3,2,1 Garage,Nein,"{'is24qa-gaeste-wc-label': '', 'is24qa-stufenloser-zugang-label': '', 'is24qa-provisionsfrei-fuer-kaufende-label': ''}"
"Geräumiges, günstiges und modernisiertes 8-Raum-Einfamilienhaus mit geh. Innenausstattung",1.199.500 €,"Bredenbecker Str. 9E,
30974 Wennigsen (Deister), Hannover (Kreis)",8,280 m²,723 m²,4.284 €/m²,Einfamilienhaus (freistehend),50 m²,1.6.2024,4,2,nil,Nein,"{'is24qa-gaeste-wc-label': '', 'is24qa-provisionsfrei-fuer-kaufende-label': ''}"
Gepflegtes Einfamilienhaus mit großem Garten in Wienhausen für Sie und Ihre Familie,355.000 €,"29342 Wienhausen, Celle (Kreis)
Die vollständige Adresse der Immobilie erhalten Sie vom Anbieter.",8,200 m²,1.000 m²,1.775 €/m²,Einfamilienhaus (freistehend),120 m²,28.4.2024,3,2,2 Garagen,Nein,"{'is24qa-gaeste-wc-label': '', 'is24qa-keller-label': '', 'is24qa-provisionsfrei-fuer-kaufende-label': ''}"
Familienfreundliches Mehrfamilienhaus mit großem Garten,398.000 €,"31832 Springe, Hannover (Kreis)
Die vollständige Adresse der Immobilie erhalten Sie vom Anbieter.",11,220 m²,1.345 m²,1.809 €/m²,Mehrfamilienhaus,65 m²,1.9.2024,5,5,3 Stellplätze,Nein,"{'is24qa-gaeste-wc-label': '', 'is24qa-keller-label': '', 'is24qa-einliegerwohnung-label': '', 'is24qa-provisionsfrei-fuer-kaufende-label': ''}"
"Für Ihre Privatsphäre: Eigene Wellness-Oase in exklusiver Villa, modern möbliert mit EinliegerWHG",Auf Anfrage,"28816 Stuhr, Diepholz (Kreis)
Die vollständige Adresse der Immobilie erhalten Sie vom Anbieter.",8,350 m²,2.400 m²,nil,Villa,460 m²,nil,3,4,3 Garagen,Nein,"{'is24qa-gaeste-wc-label': '', 'is24qa-keller-label': '', 'is24qa-einliegerwohnung-label': '', 'is24qa-provisionsfrei-fuer-kaufende-label': ''}"
Einfamilienhaus (Landhausstil) in Jerxheim,250.000 €,"Schöninger Stieg 12,
38381 Jerxheim, Helmstedt (Kreis)",4,"140,35 m²",856 m²,1.781 €/m²,Einfamilienhaus (freistehend),nil,nil,1,1,nil,Nein,"{'is24qa-gaeste-wc-label': '', 'is24qa-keller-label': '', 'is24qa-provisionsfrei-fuer-kaufende-label': ''}"
