title,price,address,rooms,living_space,property_area,price_per_m2,type,usable_area,available_from,bedrooms,bathrooms,garage_parking,buyer_commission,criteriagroup_boolean_listing
** Modernisierter und gepflegter Walmdachbungalow in Premium-Lage von Husum **,437.000 €,"25813 Husum, Nordfriesland (Kreis)
Die vollständige Adresse der Immobilie erhalten Sie vom Anbieter.",5,162 m²,706 m²,2.698 €/m²,Bungalow,"21,95 m²",nach Vereinbarung,4,3,4 Garagen,"2,38 inkl. MwSt.","{'is24qa-gaeste-wc-label': '', 'is24qa-als-ferienhaus-geeignet-label': ''}"
"Toplage auf Sylt - denkmalgeschütztes, entkerntes reetgedecktes Einfamilienhaus!",2.550.000 €,"25996 Wenningstedt-Braderup (Sylt), Nordfriesland (Kreis)
Die vollständige Adresse der Immobilie erhalten Sie vom Anbieter.",8,229 m²,1.480 m²,11.135 €/m²,Einfamilienhaus (freistehend),121 m²,nil,nil,nil,1 Garage,Nein,"{'is24qa-keller-label': '', 'is24qa-provisionsfrei-fuer-kaufende-label': ''}"
Neubau: Energieeffiziente Doppelhaushälfte am Stolper See,390.000 €,"Am Kräuterpark 16,
24601 Stolpe, Plön (Kreis)",4,125 m²,360 m²,3.120 €/m²,Doppelhaushälfte,nil,nach Absprache,3,2,2 Außenstellplätze,Nein,{'is24qa-provisionsfrei-fuer-kaufende-label': ''}
EIGENNUTZEROBJEKT mit Teilungsoption: 3-Familienhaus -sanierter Altbau- mit 2 bezugsfreien Wohnungen,1.250.000 €,"Oelmannsallee 7,
23909 Ratzeburg, Herzogtum Lauenburg (Kreis)",10,314 m²,1.750 m²,3.981 €/m²,Mehrfamilienhaus,140 m²,nil,nil,nil,3 Garagen,"5,95 % vom Kaufpreis",{'is24qa-keller-label': ''}
"Wohlfühloase, Reihenhaus in Preetz - ca. 100 m² Wohnfläche, mit Garage und Stellplatz",235.000 €,"24211 Preetz, Plön (Kreis)
Die vollständige Adresse der Immobilie erhalten Sie vom Anbieter.",5,108 m²,199 m²,2.176 €/m²,Reihenmittelhaus,nil,nach Vereinbarung,nil,nil,nil,"3,57 % inkl. ges. MwSt.",{}
Zweifamilienhaus mit großem Garten,330.000 €,"24852 Eggebek, Schleswig-Flensburg (Kreis)
Die vollständige Adresse der Immobilie erhalten Sie vom Anbieter.",6,180 m²,990 m²,1.833 €/m²,Mehrfamilienhaus,nil,nil,4,2,2 Außenstellplätze,"4,76 % inkl. Ustr","{'is24qa-gaeste-wc-label': '', 'is24qa-keller-label': ''}"
DORFIDYLLE MIT VIEL AUSBAUPOTENZIAL,380.000 €,"25788 Hollingstedt, Dithmarschen (Kreis)
Die vollständige Adresse der Immobilie erhalten Sie vom Anbieter.",7,200 m²,1.000 m²,1.900 €/m²,Mehrfamilienhaus,nil,nil,nil,nil,1 Außenstellplatz,5.95% inkl. MwSt.,{}
Modernes Traumhaus mit bester Energieeffizienz,Auf Anfrage,"23845 Seth, Segeberg (Kreis)
Die vollständige Adresse der Immobilie erhalten Sie vom Anbieter.",5,150 m²,660 m²,nil,nil,nil,nil,nil,2,2 Außenstellplätze,3.57%,{'is24qa-gaeste-wc-label': ''}
Wohnhaus und Bürofläche in Rendsburg zu verkaufen!,290.000 €,"24768 Rendsburg, Rendsburg-Eckernförde (Kreis)
Die vollständige Adresse der Immobilie erhalten Sie vom Anbieter.",13,258 m²,203 m²,1.124 €/m²,Wohnimmobilie (sonstige),298 m²,1.7.2023,2,2,nil,10.710,"{'is24qa-keller-label': '', 'is24qa-einliegerwohnung-label': ''}"
Geräumiges Familien-Reihenhaus,435.000 €,"22844 Norderstedt, Segeberg (Kreis)
Die vollständige Adresse der Immobilie erhalten Sie vom Anbieter.",4,127 m²,141 m²,3.425 €/m²,Reihenmittelhaus,"38,47 m²",sofort,3,2,1 Garage,"2,975 %","{'is24qa-gaeste-wc-label': '', 'is24qa-keller-label': ''}"
Einfamilienhaus mit viel Platz in ruhiger Lage - renovierungsbedürftig,195.000 €,"Jürgen-Sohrt-Str. 5,
24803 Erfde, Schleswig-Flensburg (Kreis)",5,160 m²,757 m²,1.219 €/m²,Einfamilienhaus (freistehend),nil,sofort,4,2,3 Garagen,3% inc. MwSt.,{}
"Schönes EFH mit tollem Grundstück und Potential, nahe LUV-Shopping-Center in Dänischburg",285.000 €,"Kücknitz, 23569 Lübeck
Die vollständige Adresse der Immobilie erhalten Sie vom Anbieter.",4,130 m²,783 m²,2.192 €/m²,Einfamilienhaus (freistehend),nil,ab sofort,2,2,2 Garagen,"3,57 %","{'is24qa-online-besichtigung-moeglich-label': '', 'is24qa-keller-label': ''}"
"""Willkommen zu Hause"" Reihenmittelhaus in familienfreundlicher Wohnlage",429.000 €,"25421 Pinneberg, Pinneberg (Kreis)
Die vollständige Adresse der Immobilie erhalten Sie vom Anbieter.",5,110 m²,132 m²,3.900 €/m²,Reihenmittelhaus,"46,97 m²",01.08.2024,4,1,1 Außenstellplatz,"3,5 % inkl. MwSt.",{}
"Charmante Doppelhaushälfte mit Terrasse, Garten und Balkon in Altstadtnähe",469.000 €,"22880 Wedel, Pinneberg (Kreis)
Die vollständige Adresse der Immobilie erhalten Sie vom Anbieter.",4,120 m²,262 m²,3.908 €/m²,Doppelhaushälfte,60 m²,sofort,3,1,1 Garage,"3,5 % inkl. MwSt.",{}
gepflegtes Wohnhaus mit 3 WE + Lagerfläche in begehrter Lage von Rellingen Nähe Hamburg,499.000 €,"25462 Rellingen, Pinneberg (Kreis)
Die vollständige Adresse der Immobilie erhalten Sie vom Anbieter.",6,165 m²,1.045 m²,3.024 €/m²,Besondere Immobilie,90 m²,nach Absprache,nil,nil,4 Außenstellplätze,"3,57% inkl. MwSt. vom Käufer zu zahlen","{'is24qa-listonlyonis24-label': 'Nur hier gefunden', 'is24qa-keller-label': '', 'is24qa-vermietet-label': ''}"
Ihr neues Zuhause! Familientraum mit modernem Grundriss und Außenoase,365.000 €,"23847 Pölitz, Stormarn (Kreis)
Die vollständige Adresse der Immobilie erhalten Sie vom Anbieter.",5,"140,01 m²","944,01 m²",2.607 €/m²,Einfamilienhaus (freistehend),nil,nach Absprache,4,2,1 Garage,"3,57 %","{'is24qa-online-besichtigung-moeglich-label': '', 'is24qa-keller-label': ''}"
Neuwertige DHH mit Designausstattung,649.000 €,"21502 Geesthacht, Herzogtum Lauenburg (Kreis)
Die vollständige Adresse der Immobilie erhalten Sie vom Anbieter.",5,"127,02 m²",389 m²,5.109 €/m²,Doppelhaushälfte,nil,nach Vereinbarung,nil,nil,1 Außenstellplatz,"3,57 % inkl. MwSt.",{}
Stadtnahe Neubau-Doppelhaushälfte umgeben von Grünanlagen in Kiel-Moorsee,469.000 €,"Moorsee, 24145 Kiel
Die vollständige Adresse der Immobilie erhalten Sie vom Anbieter.",4,109 m²,264 m²,4.303 €/m²,Doppelhaushälfte,nil,nil,3,1,nil,"3,75 %",{'is24qa-gaeste-wc-label': ''}
Ehemaliger Resthof inkl. ausbaubarer Scheune und vermieteter ELW mit Garten in Stolk,299.000 €,"24890 Stolk, Schleswig-Flensburg (Kreis)
Die vollständige Adresse der Immobilie erhalten Sie vom Anbieter.",5,"200,75 m²","1.410,3 m²",1.489 €/m²,Einfamilienhaus (freistehend),nil,nach Absprache,2,2,6 Außenstellplätze,"3,57 %","{'is24qa-online-besichtigung-moeglich-label': '', 'is24qa-keller-label': '', 'is24qa-einliegerwohnung-label': ''}"
Großes Potential: Das Aktionshaus Save 7 - Ein Doppelhaus mit vielfältigen Vorzügen,274.900 €,"24790 Schacht-Audorf, Rendsburg-Eckernförde (Kreis)
Die vollständige Adresse der Immobilie erhalten Sie vom Anbieter.",4,120 m²,300 m²,2.291 €/m²,Mehrfamilienhaus,nil,nil,8,2,nil,Nein,"{'is24qa-gaeste-wc-label': '', 'is24qa-einliegerwohnung-label': '', 'is24qa-provisionsfrei-fuer-kaufende-label': ''}"
Das ideale Zuhause für dich und deine Familie - die perfekte Kombination aus Komfort und Effizienz,441.900 €,"23714 Malente, Ostholstein (Kreis)
Die vollständige Adresse der Immobilie erhalten Sie vom Anbieter.",4,"143,7 m²",660 m²,3.075 €/m²,Einfamilienhaus (freistehend),nil,nil,3,1,nil,Nein,"{'is24qa-gaeste-wc-label': '', 'is24qa-provisionsfrei-fuer-kaufende-label': ''}"
Großes Potential: Das Aktionshaus Save 7 - Ein Doppelhaus mit vielfältigen Vorzügen,249.900 €,"24361 Groß Wittensee, Rendsburg-Eckernförde (Kreis)
Die vollständige Adresse der Immobilie erhalten Sie vom Anbieter.",4,120 m²,300 m²,2.083 €/m²,Mehrfamilienhaus,nil,nil,8,2,nil,Nein,"{'is24qa-gaeste-wc-label': '', 'is24qa-einliegerwohnung-label': '', 'is24qa-provisionsfrei-fuer-kaufende-label': ''}"
Geräumiges Haus mit viel Platz für die ganze Familie,397.900 €,"24361 Groß Wittensee, Rendsburg-Eckernförde (Kreis)
Die vollständige Adresse der Immobilie erhalten Sie vom Anbieter.",6,"181,77 m²",505 m²,2.189 €/m²,Einfamilienhaus (freistehend),nil,nil,5,1,nil,Nein,"{'is24qa-gaeste-wc-label': '', 'is24qa-provisionsfrei-fuer-kaufende-label': ''}"
Das ideale Zuhause für dich und deine Familie - die perfekte Kombination aus Komfort und Effizienz,379.900 €,"24361 Groß Wittensee, Rendsburg-Eckernförde (Kreis)
Die vollständige Adresse der Immobilie erhalten Sie vom Anbieter.",4,"143,7 m²",505 m²,2.644 €/m²,Einfamilienhaus (freistehend),nil,nil,3,1,nil,Nein,"{'is24qa-gaeste-wc-label': '', 'is24qa-provisionsfrei-fuer-kaufende-label': ''}"
Großzügiges und durchdachtes Zuhause mit viel Raum für Individualität,435.900 €,"24361 Groß Wittensee, Rendsburg-Eckernförde (Kreis)
Die vollständige Adresse der Immobilie erhalten Sie vom Anbieter.",4,"142,23 m²",505 m²,3.065 €/m²,Einfamilienhaus (freistehend),nil,nil,3,1,nil,Nein,"{'is24qa-gaeste-wc-label': '', 'is24qa-provisionsfrei-fuer-kaufende-label': ''}"
Modernes Wohnen für verschiedene Generationen,435.900 €,"24361 Groß Wittensee, Rendsburg-Eckernförde (Kreis)
Die vollständige Adresse der Immobilie erhalten Sie vom Anbieter.",7,"192,54 m²",505 m²,2.264 €/m²,Mehrfamilienhaus,nil,nil,5,2,nil,Nein,"{'is24qa-einliegerwohnung-label': '', 'is24qa-provisionsfrei-fuer-kaufende-label': ''}"
Modernes Einfamilienhaus mit großzügigem Raumkonzept,379.900 €,"24894 Tolk, Schleswig-Flensburg (Kreis)
Die vollständige Adresse der Immobilie erhalten Sie vom Anbieter.",5,"181,79 m²",750 m²,2.090 €/m²,Einfamilienhaus (freistehend),nil,nil,3,2,nil,Nein,"{'is24qa-gaeste-wc-label': '', 'is24qa-provisionsfrei-fuer-kaufende-label': ''}"
Großzügiges und durchdachtes Zuhause mit viel Raum für Individualität,393.900 €,"24594 Nindorf, Rendsburg-Eckernförde (Kreis)
Die vollständige Adresse der Immobilie erhalten Sie vom Anbieter.",4,"142,23 m²",750 m²,2.769 €/m²,Einfamilienhaus (freistehend),nil,nil,3,1,nil,Nein,"{'is24qa-gaeste-wc-label': '', 'is24qa-provisionsfrei-fuer-kaufende-label': ''}"
Fantastisches Wohnhaus mit großzügiger Raumaufteilung und stilvollem Design,729.900 €,"24340 Eckernförde, Rendsburg-Eckernförde (Kreis)
Die vollständige Adresse der Immobilie erhalten Sie vom Anbieter.",5,"173,12 m²",410 m²,4.216 €/m²,Einfamilienhaus (freistehend),nil,nil,4,1,nil,Nein,"{'is24qa-gaeste-wc-label': '', 'is24qa-provisionsfrei-fuer-kaufende-label': ''}"
Großes Potential: Das Aktionshaus Save 7 - Ein Doppelhaus mit vielfältigen Vorzügen,399.900 €,"24340 Eckernförde, Rendsburg-Eckernförde (Kreis)
Die vollständige Adresse der Immobilie erhalten Sie vom Anbieter.",4,120 m²,250 m²,3.333 €/m²,Mehrfamilienhaus,nil,nil,8,2,nil,Nein,"{'is24qa-gaeste-wc-label': '', 'is24qa-einliegerwohnung-label': '', 'is24qa-provisionsfrei-fuer-kaufende-label': ''}"
Geräumiges Haus mit viel Platz für die ganze Familie,695.900 €,"24340 Eckernförde, Rendsburg-Eckernförde (Kreis)
Die vollständige Adresse der Immobilie erhalten Sie vom Anbieter.",6,"181,77 m²",410 m²,3.828 €/m²,Einfamilienhaus (freistehend),nil,nil,5,1,nil,Nein,"{'is24qa-gaeste-wc-label': '', 'is24qa-provisionsfrei-fuer-kaufende-label': ''}"
Großzügiges und durchdachtes Zuhause mit viel Raum für Individualität,658.900 €,"24340 Eckernförde, Rendsburg-Eckernförde (Kreis)
Die vollständige Adresse der Immobilie erhalten Sie vom Anbieter.",4,"142,23 m²",410 m²,4.633 €/m²,Einfamilienhaus (freistehend),nil,nil,3,1,nil,Nein,"{'is24qa-gaeste-wc-label': '', 'is24qa-provisionsfrei-fuer-kaufende-label': ''}"
Modernes Wohnen für verschiedene Generationen,733.900 €,"24340 Eckernförde, Rendsburg-Eckernförde (Kreis)
Die vollständige Adresse der Immobilie erhalten Sie vom Anbieter.",7,"192,54 m²",410 m²,3.812 €/m²,Mehrfamilienhaus,nil,nil,5,2,nil,Nein,"{'is24qa-einliegerwohnung-label': '', 'is24qa-provisionsfrei-fuer-kaufende-label': ''}"
Großes Potential: Das Aktionshaus Save 7 - Ein Doppelhaus mit vielfältigen Vorzügen,274.900 €,"25764 Wesselburen, Dithmarschen (Kreis)
Die vollständige Adresse der Immobilie erhalten Sie vom Anbieter.",4,120 m²,385 m²,2.291 €/m²,Mehrfamilienhaus,nil,nil,8,2,nil,Nein,"{'is24qa-gaeste-wc-label': '', 'is24qa-einliegerwohnung-label': '', 'is24qa-provisionsfrei-fuer-kaufende-label': ''}"
Geräumiges Haus mit viel Platz für die ganze Familie,445.900 €,"25764 Wesselburen, Dithmarschen (Kreis)
Die vollständige Adresse der Immobilie erhalten Sie vom Anbieter.",6,"181,77 m²",770 m²,2.453 €/m²,Einfamilienhaus (freistehend),nil,nil,5,1,nil,Nein,"{'is24qa-gaeste-wc-label': '', 'is24qa-provisionsfrei-fuer-kaufende-label': ''}"
Geräumiges Haus mit viel Platz für die ganze Familie,445.900 €,"25764 Wesselburen, Dithmarschen (Kreis)
Die vollständige Adresse der Immobilie erhalten Sie vom Anbieter.",6,"181,77 m²",770 m²,2.453 €/m²,Einfamilienhaus (freistehend),nil,nil,5,1,nil,Nein,"{'is24qa-gaeste-wc-label': '', 'is24qa-provisionsfrei-fuer-kaufende-label': ''}"
Großzügiges und durchdachtes Zuhause mit viel Raum für Individualität,408.900 €,"25764 Wesselburen, Dithmarschen (Kreis)
Die vollständige Adresse der Immobilie erhalten Sie vom Anbieter.",4,"142,23 m²",770 m²,2.875 €/m²,Einfamilienhaus (freistehend),nil,nil,3,1,nil,Nein,"{'is24qa-gaeste-wc-label': '', 'is24qa-provisionsfrei-fuer-kaufende-label': ''}"
Modernes Wohnen für verschiedene Generationen,483.900 €,"25764 Wesselburen, Dithmarschen (Kreis)
Die vollständige Adresse der Immobilie erhalten Sie vom Anbieter.",7,"192,54 m²",770 m²,2.513 €/m²,Mehrfamilienhaus,nil,nil,5,2,nil,Nein,"{'is24qa-einliegerwohnung-label': '', 'is24qa-provisionsfrei-fuer-kaufende-label': ''}"
Großes Potential: Das Aktionshaus Save 7 - Ein Doppelhaus mit vielfältigen Vorzügen,249.900 €,"25693 Sankt Michaelisdonn, Dithmarschen (Kreis)
Die vollständige Adresse der Immobilie erhalten Sie vom Anbieter.",4,120 m²,380 m²,2.083 €/m²,Mehrfamilienhaus,nil,nil,8,2,nil,Nein,"{'is24qa-gaeste-wc-label': '', 'is24qa-einliegerwohnung-label': '', 'is24qa-provisionsfrei-fuer-kaufende-label': ''}"
Geräumiges Haus mit viel Platz für die ganze Familie,399.900 €,"25693 Sankt Michaelisdonn, Dithmarschen (Kreis)
Die vollständige Adresse der Immobilie erhalten Sie vom Anbieter.",6,"181,77 m²",760 m²,2.200 €/m²,Einfamilienhaus (freistehend),nil,nil,5,1,nil,Nein,"{'is24qa-gaeste-wc-label': '', 'is24qa-provisionsfrei-fuer-kaufende-label': ''}"
Das ideale Zuhause für dich und deine Familie - die perfekte Kombination aus Komfort und Effizienz,384.900 €,"25693 Sankt Michaelisdonn, Dithmarschen (Kreis)
Die vollständige Adresse der Immobilie erhalten Sie vom Anbieter.",4,"143,7 m²",760 m²,2.678 €/m²,Einfamilienhaus (freistehend),nil,nil,3,1,nil,Nein,"{'is24qa-gaeste-wc-label': '', 'is24qa-provisionsfrei-fuer-kaufende-label': ''}"
Großzügiges und durchdachtes Zuhause mit viel Raum für Individualität,363.900 €,"25693 Sankt Michaelisdonn, Dithmarschen (Kreis)
Die vollständige Adresse der Immobilie erhalten Sie vom Anbieter.",4,"142,23 m²",760 m²,2.559 €/m²,Einfamilienhaus (freistehend),nil,nil,3,1,nil,Nein,"{'is24qa-gaeste-wc-label': '', 'is24qa-provisionsfrei-fuer-kaufende-label': ''}"
Modernes Wohnen für verschiedene Generationen,438.900 €,"25693 Sankt Michaelisdonn, Dithmarschen (Kreis)
Die vollständige Adresse der Immobilie erhalten Sie vom Anbieter.",7,"192,54 m²",760 m²,2.280 €/m²,Mehrfamilienhaus,nil,nil,5,2,nil,Nein,"{'is24qa-einliegerwohnung-label': '', 'is24qa-provisionsfrei-fuer-kaufende-label': ''}"
Großes Potential: Das Aktionshaus Save 7 - Ein Doppelhaus mit vielfältigen Vorzügen,2.239.000 €,"25782 Schalkholz, Dithmarschen (Kreis)
Die vollständige Adresse der Immobilie erhalten Sie vom Anbieter.",4,120 m²,375 m²,18.658 €/m²,Mehrfamilienhaus,nil,nil,8,2,nil,Nein,"{'is24qa-gaeste-wc-label': '', 'is24qa-einliegerwohnung-label': '', 'is24qa-provisionsfrei-fuer-kaufende-label': ''}"
Geräumiges Aktionshaus Move 2 - Platz für die ganze Familie,299.900 €,"25782 Schalkholz, Dithmarschen (Kreis)
Die vollständige Adresse der Immobilie erhalten Sie vom Anbieter.",4,"140,25 m²",750 m²,2.138 €/m²,Einfamilienhaus (freistehend),nil,nil,3,1,nil,Nein,"{'is24qa-gaeste-wc-label': '', 'is24qa-provisionsfrei-fuer-kaufende-label': ''}"
Geräumiges Haus mit viel Platz für die ganze Familie,345.900 €,"25782 Schalkholz, Dithmarschen (Kreis)
Die vollständige Adresse der Immobilie erhalten Sie vom Anbieter.",6,"181,77 m²",750 m²,1.903 €/m²,Einfamilienhaus (freistehend),nil,nil,5,1,nil,Nein,"{'is24qa-gaeste-wc-label': '', 'is24qa-provisionsfrei-fuer-kaufende-label': ''}"
Großzügiges und durchdachtes Zuhause mit viel Raum für Individualität,307.900 €,"25782 Schalkholz, Dithmarschen (Kreis)
Die vollständige Adresse der Immobilie erhalten Sie vom Anbieter.",4,"142,23 m²",750 m²,2.165 €/m²,Einfamilienhaus (freistehend),nil,nil,3,1,nil,Nein,"{'is24qa-gaeste-wc-label': '', 'is24qa-provisionsfrei-fuer-kaufende-label': ''}"
Modernes Wohnen für verschiedene Generationen,383.900 €,"25782 Schalkholz, Dithmarschen (Kreis)
Die vollständige Adresse der Immobilie erhalten Sie vom Anbieter.",7,"192,54 m²",750 m²,1.994 €/m²,Mehrfamilienhaus,nil,nil,5,2,nil,Nein,"{'is24qa-einliegerwohnung-label': '', 'is24qa-provisionsfrei-fuer-kaufende-label': ''}"
Großes Potential: Das Aktionshaus Save 7 - Ein Doppelhaus mit vielfältigen Vorzügen,274.900 €,"24790 Schacht-Audorf, Rendsburg-Eckernförde (Kreis)
Die vollständige Adresse der Immobilie erhalten Sie vom Anbieter.",4,120 m²,300 m²,2.291 €/m²,Mehrfamilienhaus,nil,nil,8,2,nil,Nein,"{'is24qa-gaeste-wc-label': '', 'is24qa-einliegerwohnung-label': '', 'is24qa-provisionsfrei-fuer-kaufende-label': ''}"
Geräumiges Aktionshaus Move 2 - Platz für die ganze Familie,399.900 €,"24790 Schacht-Audorf, Rendsburg-Eckernförde (Kreis)
Die vollständige Adresse der Immobilie erhalten Sie vom Anbieter.",4,"140,25 m²",450 m²,2.851 €/m²,Einfamilienhaus (freistehend),nil,nil,3,1,nil,Nein,"{'is24qa-gaeste-wc-label': '', 'is24qa-provisionsfrei-fuer-kaufende-label': ''}"
Geräumiges Haus mit viel Platz für die ganze Familie,446.900 €,"24790 Schacht-Audorf, Rendsburg-Eckernförde (Kreis)
Die vollständige Adresse der Immobilie erhalten Sie vom Anbieter.",6,"181,77 m²",450 m²,2.459 €/m²,Einfamilienhaus (freistehend),nil,nil,5,1,nil,Nein,"{'is24qa-gaeste-wc-label': '', 'is24qa-provisionsfrei-fuer-kaufende-label': ''}"
Großzügiges und durchdachtes Zuhause mit viel Raum für Individualität,408.900 €,"24790 Schacht-Audorf, Rendsburg-Eckernförde (Kreis)
Die vollständige Adresse der Immobilie erhalten Sie vom Anbieter.",4,"142,23 m²",450 m²,2.875 €/m²,Einfamilienhaus (freistehend),nil,nil,3,1,nil,Nein,"{'is24qa-gaeste-wc-label': '', 'is24qa-provisionsfrei-fuer-kaufende-label': ''}"
Modernes Wohnen für verschiedene Generationen,484.900 €,"24790 Schacht-Audorf, Rendsburg-Eckernförde (Kreis)
Die vollständige Adresse der Immobilie erhalten Sie vom Anbieter.",7,"192,54 m²",450 m²,2.518 €/m²,Mehrfamilienhaus,nil,nil,5,2,nil,Nein,"{'is24qa-einliegerwohnung-label': '', 'is24qa-provisionsfrei-fuer-kaufende-label': ''}"
Großes Potential: Das Aktionshaus Save 7 - Ein Doppelhaus mit vielfältigen Vorzügen,275.900 €,"24354 Rieseby, Rendsburg-Eckernförde (Kreis)
Die vollständige Adresse der Immobilie erhalten Sie vom Anbieter.",4,120 m²,675 m²,2.299 €/m²,Mehrfamilienhaus,nil,nil,8,2,nil,Nein,"{'is24qa-gaeste-wc-label': '', 'is24qa-einliegerwohnung-label': '', 'is24qa-provisionsfrei-fuer-kaufende-label': ''}"
Geräumiges Haus mit viel Platz für die ganze Familie,448.900 €,"24354 Rieseby, Rendsburg-Eckernförde (Kreis)
Die vollständige Adresse der Immobilie erhalten Sie vom Anbieter.",6,"181,77 m²",1.350 m²,2.470 €/m²,Einfamilienhaus (freistehend),nil,nil,5,1,nil,Nein,"{'is24qa-gaeste-wc-label': '', 'is24qa-provisionsfrei-fuer-kaufende-label': ''}"
Das ideale Zuhause für dich und deine Familie - die perfekte Kombination aus Komfort und Effizienz,429.900 €,"24354 Rieseby, Rendsburg-Eckernförde (Kreis)
Die vollständige Adresse der Immobilie erhalten Sie vom Anbieter.",4,"143,7 m²",1.350 m²,2.992 €/m²,Einfamilienhaus (freistehend),nil,nil,3,1,nil,Nein,"{'is24qa-gaeste-wc-label': '', 'is24qa-provisionsfrei-fuer-kaufende-label': ''}"
Großzügiges und durchdachtes Zuhause mit viel Raum für Individualität,409.900 €,"24354 Rieseby, Rendsburg-Eckernförde (Kreis)
Die vollständige Adresse der Immobilie erhalten Sie vom Anbieter.",4,"142,23 m²",1.350 m²,2.882 €/m²,Einfamilienhaus (freistehend),nil,nil,3,1,nil,Nein,"{'is24qa-gaeste-wc-label': '', 'is24qa-provisionsfrei-fuer-kaufende-label': ''}"
Modernes Wohnen für verschiedene Generationen,486.900 €,"24354 Rieseby, Rendsburg-Eckernförde (Kreis)
Die vollständige Adresse der Immobilie erhalten Sie vom Anbieter.",7,"192,54 m²",1.350 m²,2.529 €/m²,Mehrfamilienhaus,nil,nil,5,2,nil,Nein,"{'is24qa-einliegerwohnung-label': '', 'is24qa-provisionsfrei-fuer-kaufende-label': ''}"
Großes Potential: Das Aktionshaus Save 7 - Ein Doppelhaus mit vielfältigen Vorzügen,259.900 €,"24811 Owschlag, Rendsburg-Eckernförde (Kreis)
Die vollständige Adresse der Immobilie erhalten Sie vom Anbieter.",4,120 m²,300 m²,2.166 €/m²,Mehrfamilienhaus,nil,nil,8,2,nil,Nein,"{'is24qa-gaeste-wc-label': '', 'is24qa-einliegerwohnung-label': '', 'is24qa-provisionsfrei-fuer-kaufende-label': ''}"
Geräumiges Haus mit viel Platz für die ganze Familie,417.900 €,"24811 Owschlag, Rendsburg-Eckernförde (Kreis)
Die vollständige Adresse der Immobilie erhalten Sie vom Anbieter.",6,"181,77 m²",580 m²,2.299 €/m²,Einfamilienhaus (freistehend),nil,nil,5,1,nil,Nein,"{'is24qa-gaeste-wc-label': '', 'is24qa-provisionsfrei-fuer-kaufende-label': ''}"
Das ideale Zuhause für dich und deine Familie - die perfekte Kombination aus Komfort und Effizienz,399.900 €,"24811 Owschlag, Rendsburg-Eckernförde (Kreis)
Die vollständige Adresse der Immobilie erhalten Sie vom Anbieter.",4,"143,7 m²",580 m²,2.783 €/m²,Einfamilienhaus (freistehend),nil,nil,3,1,nil,Nein,"{'is24qa-gaeste-wc-label': '', 'is24qa-provisionsfrei-fuer-kaufende-label': ''}"
Großzügiges und durchdachtes Zuhause mit viel Raum für Individualität,379.900 €,"24811 Owschlag, Rendsburg-Eckernförde (Kreis)
Die vollständige Adresse der Immobilie erhalten Sie vom Anbieter.",4,"142,23 m²",580 m²,2.671 €/m²,Einfamilienhaus (freistehend),nil,nil,3,1,nil,Nein,"{'is24qa-gaeste-wc-label': '', 'is24qa-provisionsfrei-fuer-kaufende-label': ''}"
Modernes Wohnen für verschiedene Generationen,455.900 €,"24811 Owschlag, Rendsburg-Eckernförde (Kreis)
Die vollständige Adresse der Immobilie erhalten Sie vom Anbieter.",7,"192,54 m²",580 m²,2.368 €/m²,Mehrfamilienhaus,nil,nil,5,2,nil,Nein,"{'is24qa-einliegerwohnung-label': '', 'is24qa-provisionsfrei-fuer-kaufende-label': ''}"
Großes Potential: Das Aktionshaus Save 7 - Ein Doppelhaus mit vielfältigen Vorzügen,269.900 €,"24589 Nortorf, Rendsburg-Eckernförde (Kreis)
Die vollständige Adresse der Immobilie erhalten Sie vom Anbieter.",4,120 m²,350 m²,2.249 €/m²,Mehrfamilienhaus,nil,nil,8,2,nil,Nein,"{'is24qa-gaeste-wc-label': '', 'is24qa-einliegerwohnung-label': '', 'is24qa-provisionsfrei-fuer-kaufende-label': ''}"
Geräumiges Haus mit viel Platz für die ganze Familie,435.900 €,"24589 Nortorf, Rendsburg-Eckernförde (Kreis)
Die vollständige Adresse der Immobilie erhalten Sie vom Anbieter.",6,"181,77 m²",700 m²,2.398 €/m²,Einfamilienhaus (freistehend),nil,nil,5,1,nil,Nein,"{'is24qa-gaeste-wc-label': '', 'is24qa-provisionsfrei-fuer-kaufende-label': ''}"
Das ideale Zuhause für dich und deine Familie - die perfekte Kombination aus Komfort und Effizienz,419.900 €,"24589 Nortorf, Rendsburg-Eckernförde (Kreis)
Die vollständige Adresse der Immobilie erhalten Sie vom Anbieter.",4,"143,7 m²",700 m²,2.922 €/m²,Einfamilienhaus (freistehend),nil,nil,3,1,nil,Nein,"{'is24qa-gaeste-wc-label': '', 'is24qa-provisionsfrei-fuer-kaufende-label': ''}"
Großzügiges und durchdachtes Zuhause mit viel Raum für Individualität,398.900 €,"24589 Nortorf, Rendsburg-Eckernförde (Kreis)
Die vollständige Adresse der Immobilie erhalten Sie vom Anbieter.",4,"142,23 m²",700 m²,2.805 €/m²,Einfamilienhaus (freistehend),nil,nil,3,1,nil,Nein,"{'is24qa-gaeste-wc-label': '', 'is24qa-provisionsfrei-fuer-kaufende-label': ''}"
Modernes Wohnen für verschiedene Generationen,473.900 €,"24589 Nortorf, Rendsburg-Eckernförde (Kreis)
Die vollständige Adresse der Immobilie erhalten Sie vom Anbieter.",7,"192,54 m²",700 m²,2.461 €/m²,Mehrfamilienhaus,nil,nil,5,2,nil,Nein,"{'is24qa-einliegerwohnung-label': '', 'is24qa-provisionsfrei-fuer-kaufende-label': ''}"
Großes Potential: Das Aktionshaus Save 7 - Ein Doppelhaus mit vielfältigen Vorzügen,266.900 €,"24594 Nindorf, Rendsburg-Eckernförde (Kreis)
Die vollständige Adresse der Immobilie erhalten Sie vom Anbieter.",4,120 m²,375 m²,2.224 €/m²,Mehrfamilienhaus,nil,nil,8,2,nil,Nein,"{'is24qa-gaeste-wc-label': '', 'is24qa-einliegerwohnung-label': '', 'is24qa-provisionsfrei-fuer-kaufende-label': ''}"
Geräumiges Aktionshaus Move 2 - Platz für die ganze Familie,385.900 €,"24594 Nindorf, Rendsburg-Eckernförde (Kreis)
Die vollständige Adresse der Immobilie erhalten Sie vom Anbieter.",4,"140,25 m²",750 m²,2.752 €/m²,Einfamilienhaus (freistehend),nil,nil,3,1,nil,Nein,"{'is24qa-gaeste-wc-label': '', 'is24qa-provisionsfrei-fuer-kaufende-label': ''}"
Geräumiges Haus mit viel Platz für die ganze Familie,429.900 €,"24594 Nindorf, Rendsburg-Eckernförde (Kreis)
Die vollständige Adresse der Immobilie erhalten Sie vom Anbieter.",6,"181,77 m²",750 m²,2.365 €/m²,Einfamilienhaus (freistehend),nil,nil,5,1,nil,Nein,"{'is24qa-gaeste-wc-label': '', 'is24qa-provisionsfrei-fuer-kaufende-label': ''}"
Modernes Wohnen für verschiedene Generationen,468.900 €,"24594 Nindorf, Rendsburg-Eckernförde (Kreis)
Die vollständige Adresse der Immobilie erhalten Sie vom Anbieter.",7,"192,54 m²",750 m²,2.435 €/m²,Mehrfamilienhaus,nil,nil,5,2,nil,Nein,"{'is24qa-einliegerwohnung-label': '', 'is24qa-provisionsfrei-fuer-kaufende-label': ''}"
Geräumiges Haus mit viel Platz für die ganze Familie,429.900 €,"24214 Neuwittenbek, Rendsburg-Eckernförde (Kreis)
Die vollständige Adresse der Immobilie erhalten Sie vom Anbieter.",6,"181,77 m²",703 m²,2.365 €/m²,Einfamilienhaus (freistehend),nil,nil,5,1,nil,Nein,"{'is24qa-gaeste-wc-label': '', 'is24qa-provisionsfrei-fuer-kaufende-label': ''}"
Das ideale Zuhause für dich und deine Familie - die perfekte Kombination aus Komfort und Effizienz,415.900 €,"24214 Neuwittenbek, Rendsburg-Eckernförde (Kreis)
Die vollständige Adresse der Immobilie erhalten Sie vom Anbieter.",4,"143,7 m²",703 m²,2.894 €/m²,Einfamilienhaus (freistehend),nil,nil,3,1,nil,Nein,"{'is24qa-gaeste-wc-label': '', 'is24qa-provisionsfrei-fuer-kaufende-label': ''}"
Großzügiges und durchdachtes Zuhause mit viel Raum für Individualität,394.900 €,"24214 Neuwittenbek, Rendsburg-Eckernförde (Kreis)
Die vollständige Adresse der Immobilie erhalten Sie vom Anbieter.",4,"142,23 m²",703 m²,2.776 €/m²,Einfamilienhaus (freistehend),nil,nil,3,1,nil,Nein,"{'is24qa-gaeste-wc-label': '', 'is24qa-provisionsfrei-fuer-kaufende-label': ''}"
Modernes Wohnen für verschiedene Generationen,469.900 €,"24214 Neuwittenbek, Rendsburg-Eckernförde (Kreis)
Die vollständige Adresse der Immobilie erhalten Sie vom Anbieter.",7,"192,54 m²",703 m²,2.441 €/m²,Mehrfamilienhaus,nil,nil,5,2,nil,Nein,"{'is24qa-einliegerwohnung-label': '', 'is24qa-provisionsfrei-fuer-kaufende-label': ''}"
Großes Potential: Das Aktionshaus Save 7 - Ein Doppelhaus mit vielfältigen Vorzügen,262.900 €,"25704 Meldorf, Dithmarschen (Kreis)
Die vollständige Adresse der Immobilie erhalten Sie vom Anbieter.",4,120 m²,400 m²,2.191 €/m²,Mehrfamilienhaus,nil,nil,8,2,nil,Nein,"{'is24qa-gaeste-wc-label': '', 'is24qa-einliegerwohnung-label': '', 'is24qa-provisionsfrei-fuer-kaufende-label': ''}"
Geräumiges Haus mit viel Platz für die ganze Familie,422.900 €,"25704 Meldorf, Dithmarschen (Kreis)
Die vollständige Adresse der Immobilie erhalten Sie vom Anbieter.",6,"181,77 m²",800 m²,2.327 €/m²,Einfamilienhaus (freistehend),nil,nil,5,1,nil,Nein,"{'is24qa-gaeste-wc-label': '', 'is24qa-provisionsfrei-fuer-kaufende-label': ''}"
Das ideale Zuhause für dich und deine Familie - die perfekte Kombination aus Komfort und Effizienz,399.900 €,"25704 Meldorf, Dithmarschen (Kreis)
Die vollständige Adresse der Immobilie erhalten Sie vom Anbieter.",4,"143,7 m²",800 m²,2.783 €/m²,Einfamilienhaus (freistehend),nil,nil,3,1,nil,Nein,"{'is24qa-gaeste-wc-label': '', 'is24qa-provisionsfrei-fuer-kaufende-label': ''}"
Großzügiges und durchdachtes Zuhause mit viel Raum für Individualität,385.900 €,"25704 Meldorf, Dithmarschen (Kreis)
Die vollständige Adresse der Immobilie erhalten Sie vom Anbieter.",4,"142,23 m²",800 m²,2.713 €/m²,Einfamilienhaus (freistehend),nil,nil,3,1,nil,Nein,"{'is24qa-gaeste-wc-label': '', 'is24qa-provisionsfrei-fuer-kaufende-label': ''}"
Modernes Wohnen für verschiedene Generationen,459.900 €,"25704 Meldorf, Dithmarschen (Kreis)
Die vollständige Adresse der Immobilie erhalten Sie vom Anbieter.",7,"192,54 m²",800 m²,2.389 €/m²,Mehrfamilienhaus,nil,nil,5,2,nil,Nein,"{'is24qa-einliegerwohnung-label': '', 'is24qa-provisionsfrei-fuer-kaufende-label': ''}"
Großes Potential: Das Aktionshaus Save 7 - Ein Doppelhaus mit vielfältigen Vorzügen,249.900 €,"25709 Marne, Dithmarschen (Kreis)
Die vollständige Adresse der Immobilie erhalten Sie vom Anbieter.",4,120 m²,375 m²,2.083 €/m²,Mehrfamilienhaus,nil,nil,8,2,nil,Nein,"{'is24qa-gaeste-wc-label': '', 'is24qa-einliegerwohnung-label': '', 'is24qa-provisionsfrei-fuer-kaufende-label': ''}"
Geräumiges Haus mit viel Platz für die ganze Familie,399.900 €,"25709 Marne, Dithmarschen (Kreis)
Die vollständige Adresse der Immobilie erhalten Sie vom Anbieter.",6,"181,77 m²",750 m²,2.200 €/m²,Einfamilienhaus (freistehend),nil,nil,5,1,nil,Nein,"{'is24qa-gaeste-wc-label': '', 'is24qa-provisionsfrei-fuer-kaufende-label': ''}"
Das ideale Zuhause für dich und deine Familie - die perfekte Kombination aus Komfort und Effizienz,382.900 €,"25709 Marne, Dithmarschen (Kreis)
Die vollständige Adresse der Immobilie erhalten Sie vom Anbieter.",4,"143,7 m²",750 m²,2.665 €/m²,Einfamilienhaus (freistehend),nil,nil,3,1,nil,Nein,"{'is24qa-gaeste-wc-label': '', 'is24qa-provisionsfrei-fuer-kaufende-label': ''}"
Großzügiges und durchdachtes Zuhause mit viel Raum für Individualität,359.900 €,"25709 Marne, Dithmarschen (Kreis)
Die vollständige Adresse der Immobilie erhalten Sie vom Anbieter.",4,"142,23 m²",750 m²,2.530 €/m²,Einfamilienhaus (freistehend),nil,nil,3,1,nil,Nein,"{'is24qa-gaeste-wc-label': '', 'is24qa-provisionsfrei-fuer-kaufende-label': ''}"
Modernes Wohnen für verschiedene Generationen,437.900 €,"25709 Marne, Dithmarschen (Kreis)
Die vollständige Adresse der Immobilie erhalten Sie vom Anbieter.",7,"192,54 m²",750 m²,2.274 €/m²,Mehrfamilienhaus,nil,nil,5,2,nil,Nein,"{'is24qa-einliegerwohnung-label': '', 'is24qa-provisionsfrei-fuer-kaufende-label': ''}"
Großes Potential: Das Aktionshaus Save 7 - Ein Doppelhaus mit vielfältigen Vorzügen,249.900 €,"25774 Lunden, Dithmarschen (Kreis)
Die vollständige Adresse der Immobilie erhalten Sie vom Anbieter.",4,120 m²,415 m²,2.083 €/m²,Mehrfamilienhaus,nil,nil,8,2,nil,Nein,"{'is24qa-gaeste-wc-label': '', 'is24qa-einliegerwohnung-label': '', 'is24qa-provisionsfrei-fuer-kaufende-label': ''}"
Geräumiges Aktionshaus Move 2 - Platz für die ganze Familie,353.900 €,"25774 Lunden, Dithmarschen (Kreis)
Die vollständige Adresse der Immobilie erhalten Sie vom Anbieter.",4,"140,25 m²",830 m²,2.523 €/m²,Einfamilienhaus (freistehend),nil,nil,3,1,nil,Nein,"{'is24qa-gaeste-wc-label': '', 'is24qa-provisionsfrei-fuer-kaufende-label': ''}"
Geräumiges Haus mit viel Platz für die ganze Familie,398.900 €,"25774 Lunden, Dithmarschen (Kreis)
Die vollständige Adresse der Immobilie erhalten Sie vom Anbieter.",6,"181,77 m²",830 m²,2.195 €/m²,Einfamilienhaus (freistehend),nil,nil,5,1,nil,Nein,"{'is24qa-gaeste-wc-label': '', 'is24qa-provisionsfrei-fuer-kaufende-label': ''}"
Großzügiges und durchdachtes Zuhause mit viel Raum für Individualität,359.900 €,"25774 Lunden, Dithmarschen (Kreis)
Die vollständige Adresse der Immobilie erhalten Sie vom Anbieter.",4,"142,23 m²",830 m²,2.530 €/m²,Einfamilienhaus (freistehend),nil,nil,3,1,nil,Nein,"{'is24qa-gaeste-wc-label': '', 'is24qa-provisionsfrei-fuer-kaufende-label': ''}"
Modernes Wohnen für verschiedene Generationen,436.900 €,"25774 Lunden, Dithmarschen (Kreis)
Die vollständige Adresse der Immobilie erhalten Sie vom Anbieter.",7,"192,54 m²",830 m²,2.269 €/m²,Mehrfamilienhaus,nil,nil,5,2,nil,Nein,"{'is24qa-einliegerwohnung-label': '', 'is24qa-provisionsfrei-fuer-kaufende-label': ''}"
Großes Potential: Das Aktionshaus Save 7 - Ein Doppelhaus mit vielfältigen Vorzügen,272.900 €,"24398 Karby, Rendsburg-Eckernförde (Kreis)
Die vollständige Adresse der Immobilie erhalten Sie vom Anbieter.",4,120 m²,425 m²,2.274 €/m²,Mehrfamilienhaus,nil,nil,8,2,nil,Nein,"{'is24qa-gaeste-wc-label': '', 'is24qa-einliegerwohnung-label': '', 'is24qa-provisionsfrei-fuer-kaufende-label': ''}"
Geräumiges Haus mit viel Platz für die ganze Familie,443.900 €,"24398 Karby, Rendsburg-Eckernförde (Kreis)
Die vollständige Adresse der Immobilie erhalten Sie vom Anbieter.",6,"181,77 m²",850 m²,2.442 €/m²,Einfamilienhaus (freistehend),nil,nil,5,1,nil,Nein,"{'is24qa-gaeste-wc-label': '', 'is24qa-provisionsfrei-fuer-kaufende-label': ''}"
Das ideale Zuhause für dich und deine Familie - die perfekte Kombination aus Komfort und Effizienz,426.900 €,"24398 Karby, Rendsburg-Eckernförde (Kreis)
Die vollständige Adresse der Immobilie erhalten Sie vom Anbieter.",4,"143,7 m²",850 m²,2.971 €/m²,Einfamilienhaus (freistehend),nil,nil,3,1,nil,Nein,"{'is24qa-gaeste-wc-label': '', 'is24qa-provisionsfrei-fuer-kaufende-label': ''}"
Großzügiges und durchdachtes Zuhause mit viel Raum für Individualität,405.900 €,"24398 Karby, Rendsburg-Eckernförde (Kreis)
Die vollständige Adresse der Immobilie erhalten Sie vom Anbieter.",4,"142,23 m²",850 m²,2.854 €/m²,Einfamilienhaus (freistehend),nil,nil,3,1,nil,Nein,"{'is24qa-gaeste-wc-label': '', 'is24qa-provisionsfrei-fuer-kaufende-label': ''}"
Modernes Wohnen für verschiedene Generationen,479.900 €,"24398 Karby, Rendsburg-Eckernförde (Kreis)
Die vollständige Adresse der Immobilie erhalten Sie vom Anbieter.",7,"192,54 m²",850 m²,2.492 €/m²,Mehrfamilienhaus,nil,nil,5,2,nil,Nein,"{'is24qa-einliegerwohnung-label': '', 'is24qa-provisionsfrei-fuer-kaufende-label': ''}"
Großes Potential: Das Aktionshaus Save 7 - Ein Doppelhaus mit vielfältigen Vorzügen,254.900 €,"25779 Hennstedt, Dithmarschen (Kreis)
Die vollständige Adresse der Immobilie erhalten Sie vom Anbieter.",4,120 m²,400 m²,2.124 €/m²,Mehrfamilienhaus,nil,nil,8,2,nil,Nein,"{'is24qa-gaeste-wc-label': '', 'is24qa-einliegerwohnung-label': '', 'is24qa-provisionsfrei-fuer-kaufende-label': ''}"
Geräumiges Aktionshaus Move 2 - Platz für die ganze Familie,359.900 €,"25779 Hennstedt, Dithmarschen (Kreis)
Die vollständige Adresse der Immobilie erhalten Sie vom Anbieter.",4,"140,25 m²",800 m²,2.566 €/m²,Einfamilienhaus (freistehend),nil,nil,3,1,nil,Nein,"{'is24qa-gaeste-wc-label': '', 'is24qa-provisionsfrei-fuer-kaufende-label': ''}"
Geräumiges Haus mit viel Platz für die ganze Familie,406.900 €,"25779 Hennstedt, Dithmarschen (Kreis)
Die vollständige Adresse der Immobilie erhalten Sie vom Anbieter.",6,"181,77 m²",800 m²,2.239 €/m²,Einfamilienhaus (freistehend),nil,nil,5,1,nil,Nein,"{'is24qa-gaeste-wc-label': '', 'is24qa-provisionsfrei-fuer-kaufende-label': ''}"
Großzügiges und durchdachtes Zuhause mit viel Raum für Individualität,369.900 €,"25779 Hennstedt, Dithmarschen (Kreis)
Die vollständige Adresse der Immobilie erhalten Sie vom Anbieter.",4,"142,23 m²",800 m²,2.601 €/m²,Einfamilienhaus (freistehend),nil,nil,3,1,nil,Nein,"{'is24qa-gaeste-wc-label': '', 'is24qa-provisionsfrei-fuer-kaufende-label': ''}"
Modernes Wohnen für verschiedene Generationen,444.900 €,"25779 Hennstedt, Dithmarschen (Kreis)
Die vollständige Adresse der Immobilie erhalten Sie vom Anbieter.",7,"192,54 m²",800 m²,2.311 €/m²,Mehrfamilienhaus,nil,nil,5,2,nil,Nein,"{'is24qa-einliegerwohnung-label': '', 'is24qa-provisionsfrei-fuer-kaufende-label': ''}"
Großes Potential: Das Aktionshaus Save 7 - Ein Doppelhaus mit vielfältigen Vorzügen,259.900 €,"25746 Norderwöhrden, Dithmarschen (Kreis)
Die vollständige Adresse der Immobilie erhalten Sie vom Anbieter.",4,120 m²,300 m²,2.166 €/m²,Mehrfamilienhaus,nil,nil,8,2,nil,Nein,"{'is24qa-gaeste-wc-label': '', 'is24qa-einliegerwohnung-label': '', 'is24qa-provisionsfrei-fuer-kaufende-label': ''}"
Geräumiges Haus mit viel Platz für die ganze Familie,418.900 €,"25746 Norderwöhrden, Dithmarschen (Kreis)
Die vollständige Adresse der Immobilie erhalten Sie vom Anbieter.",6,"181,77 m²",600 m²,2.305 €/m²,Einfamilienhaus (freistehend),nil,nil,5,1,nil,Nein,"{'is24qa-gaeste-wc-label': '', 'is24qa-provisionsfrei-fuer-kaufende-label': ''}"
Das ideale Zuhause für dich und deine Familie - die perfekte Kombination aus Komfort und Effizienz,399.900 €,"25746 Norderwöhrden, Dithmarschen (Kreis)
Die vollständige Adresse der Immobilie erhalten Sie vom Anbieter.",4,"143,7 m²",600 m²,2.783 €/m²,Einfamilienhaus (freistehend),nil,nil,3,1,nil,Nein,"{'is24qa-gaeste-wc-label': '', 'is24qa-provisionsfrei-fuer-kaufende-label': ''}"
Großzügiges und durchdachtes Zuhause mit viel Raum für Individualität,379.900 €,"25746 Norderwöhrden, Dithmarschen (Kreis)
Die vollständige Adresse der Immobilie erhalten Sie vom Anbieter.",4,"142,23 m²",600 m²,2.671 €/m²,Einfamilienhaus (freistehend),nil,nil,3,1,nil,Nein,"{'is24qa-gaeste-wc-label': '', 'is24qa-provisionsfrei-fuer-kaufende-label': ''}"
Modernes Wohnen für verschiedene Generationen,456.900 €,"25746 Norderwöhrden, Dithmarschen (Kreis)
Die vollständige Adresse der Immobilie erhalten Sie vom Anbieter.",7,"192,54 m²",600 m²,2.373 €/m²,Mehrfamilienhaus,nil,nil,5,2,nil,Nein,"{'is24qa-einliegerwohnung-label': '', 'is24qa-provisionsfrei-fuer-kaufende-label': ''}"
Großes Potential: Das Aktionshaus Save 7 - Ein Doppelhaus mit vielfältigen Vorzügen,242.900 €,"25557 Hanerau-Hademarschen, Rendsburg-Eckernförde (Kreis)
Die vollständige Adresse der Immobilie erhalten Sie vom Anbieter.",4,120 m²,345 m²,2.024 €/m²,Mehrfamilienhaus,nil,nil,8,2,nil,Nein,"{'is24qa-gaeste-wc-label': '', 'is24qa-einliegerwohnung-label': '', 'is24qa-provisionsfrei-fuer-kaufende-label': ''}"
Geräumiges Aktionshaus Move 2 - Platz für die ganze Familie,336.900 €,"25557 Hanerau-Hademarschen, Rendsburg-Eckernförde (Kreis)
Die vollständige Adresse der Immobilie erhalten Sie vom Anbieter.",4,"140,25 m²",690 m²,2.402 €/m²,Einfamilienhaus (freistehend),nil,nil,3,1,nil,Nein,"{'is24qa-gaeste-wc-label': '', 'is24qa-provisionsfrei-fuer-kaufende-label': ''}"
Geräumiges Haus mit viel Platz für die ganze Familie,382.900 €,"25557 Hanerau-Hademarschen, Rendsburg-Eckernförde (Kreis)
Die vollständige Adresse der Immobilie erhalten Sie vom Anbieter.",6,"181,77 m²",690 m²,2.107 €/m²,Einfamilienhaus (freistehend),nil,nil,5,1,nil,Nein,"{'is24qa-gaeste-wc-label': '', 'is24qa-provisionsfrei-fuer-kaufende-label': ''}"
Großzügiges und durchdachtes Zuhause mit viel Raum für Individualität,344.900 €,"25557 Hanerau-Hademarschen, Rendsburg-Eckernförde (Kreis)
Die vollständige Adresse der Immobilie erhalten Sie vom Anbieter.",4,"142,23 m²",690 m²,2.425 €/m²,Einfamilienhaus (freistehend),nil,nil,3,1,nil,Nein,"{'is24qa-gaeste-wc-label': '', 'is24qa-provisionsfrei-fuer-kaufende-label': ''}"
Modernes Wohnen für verschiedene Generationen,419.900 €,"25557 Hanerau-Hademarschen, Rendsburg-Eckernförde (Kreis)
Die vollständige Adresse der Immobilie erhalten Sie vom Anbieter.",7,"192,54 m²",690 m²,2.181 €/m²,Mehrfamilienhaus,nil,nil,5,2,nil,Nein,"{'is24qa-einliegerwohnung-label': '', 'is24qa-provisionsfrei-fuer-kaufende-label': ''}"
Großes Potential: Das Aktionshaus Save 7 - Ein Doppelhaus mit vielfältigen Vorzügen,264.900 €,"24805 Hamdorf, Rendsburg-Eckernförde (Kreis)
Die vollständige Adresse der Immobilie erhalten Sie vom Anbieter.",4,120 m²,450 m²,2.208 €/m²,Mehrfamilienhaus,nil,nil,8,2,nil,Nein,"{'is24qa-gaeste-wc-label': '', 'is24qa-einliegerwohnung-label': '', 'is24qa-provisionsfrei-fuer-kaufende-label': ''}"
Geräumiges Haus mit viel Platz für die ganze Familie,425.900 €,"24805 Hamdorf, Rendsburg-Eckernförde (Kreis)
Die vollständige Adresse der Immobilie erhalten Sie vom Anbieter.",6,"181,77 m²",900 m²,2.343 €/m²,Einfamilienhaus (freistehend),nil,nil,5,1,nil,Nein,"{'is24qa-gaeste-wc-label': '', 'is24qa-provisionsfrei-fuer-kaufende-label': ''}"
Das ideale Zuhause für dich und deine Familie - die perfekte Kombination aus Komfort und Effizienz,409.900 €,"24805 Hamdorf, Rendsburg-Eckernförde (Kreis)
Die vollständige Adresse der Immobilie erhalten Sie vom Anbieter.",4,"143,7 m²",900 m²,2.852 €/m²,Einfamilienhaus (freistehend),nil,nil,3,1,nil,Nein,"{'is24qa-gaeste-wc-label': '', 'is24qa-provisionsfrei-fuer-kaufende-label': ''}"
Großzügiges und durchdachtes Zuhause mit viel Raum für Individualität,388.900 €,"24805 Hamdorf, Rendsburg-Eckernförde (Kreis)
Die vollständige Adresse der Immobilie erhalten Sie vom Anbieter.",4,"142,23 m²",900 m²,2.734 €/m²,Einfamilienhaus (freistehend),nil,nil,3,1,nil,Nein,"{'is24qa-gaeste-wc-label': '', 'is24qa-provisionsfrei-fuer-kaufende-label': ''}"
Modernes Wohnen für verschiedene Generationen,463.900 €,"24805 Hamdorf, Rendsburg-Eckernförde (Kreis)
Die vollständige Adresse der Immobilie erhalten Sie vom Anbieter.",7,"192,54 m²",900 m²,2.409 €/m²,Mehrfamilienhaus,nil,nil,5,2,nil,Nein,"{'is24qa-einliegerwohnung-label': '', 'is24qa-provisionsfrei-fuer-kaufende-label': ''}"
Fantastisches Wohnhaus mit großzügiger Raumaufteilung und stilvollem Design,489.900 €,"24787 Fockbek, Rendsburg-Eckernförde (Kreis)
Die vollständige Adresse der Immobilie erhalten Sie vom Anbieter.",5,"173,12 m²",900 m²,2.830 €/m²,Einfamilienhaus (freistehend),nil,nil,4,1,nil,Nein,"{'is24qa-gaeste-wc-label': '', 'is24qa-provisionsfrei-fuer-kaufende-label': ''}"
Großes Potential: Das Aktionshaus Save 7 - Ein Doppelhaus mit vielfältigen Vorzügen,278.900 €,"24787 Fockbek, Rendsburg-Eckernförde (Kreis)
Die vollständige Adresse der Immobilie erhalten Sie vom Anbieter.",4,120 m²,450 m²,2.324 €/m²,Mehrfamilienhaus,nil,nil,8,2,nil,Nein,"{'is24qa-gaeste-wc-label': '', 'is24qa-einliegerwohnung-label': '', 'is24qa-provisionsfrei-fuer-kaufende-label': ''}"
Geräumiges Haus mit viel Platz für die ganze Familie,455.900 €,"24787 Fockbek, Rendsburg-Eckernförde (Kreis)
Die vollständige Adresse der Immobilie erhalten Sie vom Anbieter.",6,"181,77 m²",900 m²,2.508 €/m²,Einfamilienhaus (freistehend),nil,nil,5,1,nil,Nein,"{'is24qa-gaeste-wc-label': '', 'is24qa-provisionsfrei-fuer-kaufende-label': ''}"
Großzügiges und durchdachtes Zuhause mit viel Raum für Individualität,417.900 €,"24787 Fockbek, Rendsburg-Eckernförde (Kreis)
Die vollständige Adresse der Immobilie erhalten Sie vom Anbieter.",4,"142,23 m²",900 m²,2.938 €/m²,Einfamilienhaus (freistehend),nil,nil,3,1,nil,Nein,"{'is24qa-gaeste-wc-label': '', 'is24qa-provisionsfrei-fuer-kaufende-label': ''}"
