title,price,address,rooms,living_space,property_area,price_per_m2,type,usable_area,available_from,bedrooms,bathrooms,garage_parking,buyer_commission,criteriagroup_boolean_listing
Renditestarkes Mehrfamilienhaus mit Potenzial im Zentrum von Krefeld,360.000 €,"Stadtmitte, 47798 Krefeld
Die vollständige Adresse der Immobilie erhalten Sie vom Anbieter.",12,275 m²,223 m²,1.309 €/m²,Mehrfamilienhaus,"287,64 m²",nil,nil,7,nil,"3,57 %","{'is24qa-keller-label': '', 'is24qa-vermietet-label': ''}"
Raumwunder in gewachsener Dorflage! Von wegen abgelegen...,329.000 €,"53902 Bad Münstereifel, Euskirchen (Kreis)
Die vollständige Adresse der Immobilie erhalten Sie vom Anbieter.",8,"184,82 m²",556 m²,1.780 €/m²,Einfamilienhaus (freistehend),nil,nach Vereinbarung,nil,nil,4 Stellplätze,"3,57 %",{}
Attraktives EFH in begehrter Lage Düsseldorf-Eller mit Garten und viel Platz,604.900 €,"Wersten, 40591 Düsseldorf
Die vollständige Adresse der Immobilie erhalten Sie vom Anbieter.",4,132 m²,333 m²,4.583 €/m²,Einfamilienhaus (freistehend),156 m²,nil,nil,nil,Garage,"3,57% inkl. MwSt.",{}
+++ EINFAMILIENHAUS MIT SCHÖNEM GRUNDSTÜCK IN FERNDORF +++,249.000 €,"57223 Kreuztal, Siegen-Wittgenstein (Kreis)
Die vollständige Adresse der Immobilie erhalten Sie vom Anbieter.",4,"116,25 m²",649 m²,2.142 €/m²,Einfamilienhaus (freistehend),nil,nil,2,2,4 Stellplätze,"3,57 % inkl. ges. MwSt.","{'is24qa-gaeste-wc-label': '', 'is24qa-keller-label': ''}"
Zweifamilienhaus Genussversprechen!,799.000 €,"Bergerhausen, 45136 Essen
Die vollständige Adresse der Immobilie erhalten Sie vom Anbieter.",9,200 m²,196 m²,3.995 €/m²,Mehrfamilienhaus,40 m²,nil,4,2,nil,"3,57 % inkl. MwSt.","{'is24qa-online-besichtigung-moeglich-label': '', 'is24qa-gaeste-wc-label': '', 'is24qa-keller-label': ''}"
Idyllisches Domizil - zentral und dennoch ruhig,580.000 €,"41540 Dormagen, Neuss (Rhein-Kreis)
Die vollständige Adresse der Immobilie erhalten Sie vom Anbieter.",3,144 m²,671 m²,4.028 €/m²,Einfamilienhaus (freistehend),125 m²,sofort,2,1,1 Garage,"3,57 %","{'is24qa-gaeste-wc-label': '', 'is24qa-keller-label': ''}"
DHH + Einliegerwohnung in guter Lage von Roetgen,340.000 €,"52159 Roetgen, Aachen (Kreis)
Die vollständige Adresse der Immobilie erhalten Sie vom Anbieter.",6,151 m²,368 m²,2.252 €/m²,Doppelhaushälfte,nil,nil,nil,nil,nil,"Je 3,57 % vom Kaufpreis inkl. MwSt. Käufer- und Verkäuferprovision",{'is24qa-einliegerwohnung-label': ''}
Individuelle Fachwerkhaushälfte mit Potential bei Dabringhausen,289.000 €,"42929 Wermelskirchen, Rheinisch-Bergischer Kreis
Die vollständige Adresse der Immobilie erhalten Sie vom Anbieter.",5,"116,5 m²",739 m²,2.481 €/m²,Doppelhaushälfte,80 m²,nil,nil,1,2 Garagen,"2,38 % inkl. MwSt.",{'is24qa-keller-label': ''}
"Mehrfamilienhaus mit 4 Wohnungen, 5 Stellplätzen und Garten",1.250.000 €,"Stadtmitte, 51465 Bergisch Gladbach
Die vollständige Adresse der Immobilie erhalten Sie vom Anbieter.",10,"419,9 m²",1.134 m²,2.977 €/m²,Mehrfamilienhaus,nil,nil,5,5,5 Außenstellplätze,"3,57% des Kaufpreises inkl. ges. MwSt.","{'is24qa-gaeste-wc-label': '', 'is24qa-keller-label': '', 'is24qa-vermietet-label': ''}"
Bungalow mit Charme,265.000 €,"51645 Gummersbach, Oberbergischer Kreis
Die vollständige Adresse der Immobilie erhalten Sie vom Anbieter.",4,120 m²,377 m²,2.208 €/m²,Einfamilienhaus (freistehend),nil,nil,2,2,nil,"3,57% inkl. MwSt.",{}
Junges Einfamilienhaus in guter Wohnlage !,335.000 €,"49479 Ibbenbüren, Steinfurt (Kreis)
Die vollständige Adresse der Immobilie erhalten Sie vom Anbieter.",4,100 m²,434 m²,3.350 €/m²,Einfamilienhaus (freistehend),nil,nil,nil,nil,nil,"3,57 % inkl. ges. MwSt.","{'is24qa-gaeste-wc-label': '', 'is24qa-keller-label': '', 'is24qa-vermietet-label': ''}"
++ DOPPELHAUS-HÄLFTE AM VORSTER WALD ... gut 111m² Wohnen auf 283m² Grund ++ SCHWIMMBAD & SAUNA,440.000 €,"41564 Kaarst, Neuss (Rhein-Kreis)
Die vollständige Adresse der Immobilie erhalten Sie vom Anbieter.",4,111 m²,283 m²,3.964 €/m²,Doppelhaushälfte,nil,nach Vereinbarung,2,1,2 Garagen,"zzgl.3,57% m.courtage inkl. derzeit 19% MwSt.","{'is24qa-gaeste-wc-label': '', 'is24qa-keller-label': ''}"
Großzügiges Jugendstilhaus als Wohn-und Geschäftshaus mit Lagerhalle!,350.000 €,"Wald, 42719 Solingen
Die vollständige Adresse der Immobilie erhalten Sie vom Anbieter.",11,190 m²,421 m²,1.842 €/m²,Mehrfamilienhaus,95 m²,n.V.,nil,2,1 Stellplatz,"3,57 inkl. MwSt.",{'is24qa-keller-label': ''}
Charmantes Ein-/Zweifamilienhaus im Herzen von Brühl Badorf!,599.000 €,"50321 Brühl, Rhein-Erft-Kreis
Die vollständige Adresse der Immobilie erhalten Sie vom Anbieter.",7,"185,45 m²",543 m²,3.230 €/m²,Einfamilienhaus (freistehend),100 m²,nach Vereinbarung,4,2,2 Garagen,"3,57 % inkl. ges. MwSt.","{'is24qa-keller-label': '', 'is24qa-einliegerwohnung-label': ''}"
2 Doppelhaushälften auf den Höhen von Wuppertal,795.000 €,"Hans-Böckler-Straße 96 & 98,
Uellendahl-Katernberg, 42111 Wuppertal",10,"282,97 m²",572 m²,2.809 €/m²,Doppelhaushälfte,"124,34 m²",sofort,5,4,3 Garagen,"3,57 % inklusive der gesetzlichen Mehrwertsteuer","{'is24qa-gaeste-wc-label': '', 'is24qa-keller-label': ''}"
Attraktives Reihenmittelhaus in Rheindorf *provisionsfrei,459.000 €,"Rheindorf, 51371 Leverkusen
Die vollständige Adresse der Immobilie erhalten Sie vom Anbieter.",5,136 m²,240 m²,3.375 €/m²,Reihenmittelhaus,nil,nil,3,1,nil,Nein,{'is24qa-provisionsfrei-fuer-kaufende-label': ''}
Attraktives Reihenmittelhaus mit schönem Garten*provisionsfrei,480.000 €,"Rheindorf, 51371 Leverkusen
Die vollständige Adresse der Immobilie erhalten Sie vom Anbieter.",5,150 m²,415 m²,3.200 €/m²,Reihenmittelhaus,nil,nil,3,1,2 Außenstellplätze,Nein,{'is24qa-provisionsfrei-fuer-kaufende-label': ''}
Fernblick über das Ruhrtal,639.000 €,"Stiepel, 44797 Bochum
Die vollständige Adresse der Immobilie erhalten Sie vom Anbieter.","4,5",189 m²,536 m²,3.381 €/m²,nil,nil,nach Vereinbarung,2,2,1 Garage,"3,57%","{'is24qa-gaeste-wc-label': '', 'is24qa-keller-label': ''}"
Modernes Traumhaus für die ganze Familie,530.000 €,"57334 Bad Laasphe, Siegen-Wittgenstein (Kreis)
Die vollständige Adresse der Immobilie erhalten Sie vom Anbieter.",7,270 m²,1.000 m²,1.963 €/m²,nil,nil,31.10.2023,nil,3,2 Stellplätze,3.57%,"{'is24qa-gaeste-wc-label': '', 'is24qa-keller-label': ''}"
Zeitlose Eleganz: Das moderne Design eines Traumhauses,350.000 €,"Eiserfeld, 57080 Siegen
Die vollständige Adresse der Immobilie erhalten Sie vom Anbieter.",4,109 m²,440 m²,3.211 €/m²,nil,nil,nil,nil,1,2 Außenstellplätze,3.57%,{}
