title,price,address,rooms,living_space,property_area,price_per_m2,type,usable_area,available_from,bedrooms,bathrooms,garage_parking,buyer_commission,criteriagroup_boolean_listing
4-Familienhaus mit attraktiver Rendite in Innenstadtlage,245.000 €,"32105 Bad Salzuflen, Lippe (Kreis)
Die vollständige Adresse der Immobilie erhalten Sie vom Anbieter.",7,197 m²,298 m²,1.244 €/m²,Mehrfamilienhaus,nil,nil,nil,nil,nil,"3,57 % inkl. ges. MwSt.",{}
Ein Paradies für die Familie - Großes Einfamilienhaus am Ende einer Sackgasse mit herrlichem Garten!,469.000 €,"Senne, 33659 Bielefeld
Die vollständige Adresse der Immobilie erhalten Sie vom Anbieter.",5,103 m²,768 m²,4.553 €/m²,Einfamilienhaus (freistehend),nil,nil,3,3,2 Carports,Nein,"{'is24qa-gaeste-wc-label': '', 'is24qa-keller-label': '', 'is24qa-provisionsfrei-fuer-kaufende-label': ''}"
Sanierungsobjekt in sehr guter Lage in Düsseldorf-Holthausen,595.000 €,"Holthausen, 40589 Düsseldorf
Die vollständige Adresse der Immobilie erhalten Sie vom Anbieter.",6,200 m²,467 m²,2.975 €/m²,Reihenmittelhaus,276 m²,nach Kauf,3,2,1 Außenstellplatz,"3,57 % vom Kaufpreis incl. MwSt.","{'is24qa-gaeste-wc-label': '', 'is24qa-keller-label': ''}"
... eine großzügige Immobilie mit viel Potential!!,449.000 €,"49497 Mettingen, Steinfurt (Kreis)
Die vollständige Adresse der Immobilie erhalten Sie vom Anbieter.",8,241 m²,1.136 m²,1.863 €/m²,Einfamilienhaus (freistehend),176 m²,nach Vereinbarung,5,2,4 Stellplätze,"3,57 % inkl. ges. MwSt.",{'is24qa-einliegerwohnung-label': ''}
Spannende Kapitalanlage mit acht Wohneinheiten im Grünen!,995.000 €,"51766 Engelskirchen, Oberbergischer Kreis
Die vollständige Adresse der Immobilie erhalten Sie vom Anbieter.",23,610 m²,1.088 m²,1.631 €/m²,Mehrfamilienhaus,100 m²,nil,11,9,12 Stellplätze,"3,57 % inkl. ges. MwSt.",{'is24qa-vermietet-label': ''}
Traum Grundstück in Bestlage von Neuss - Selikum,1.490.000 €,"Reuschenberg, 41466 Neuss
Die vollständige Adresse der Immobilie erhalten Sie vom Anbieter.",5,180 m²,2.312 m²,8.278 €/m²,Einfamilienhaus (freistehend),nil,nil,nil,nil,2 Garagen,"3,57 % inkl. ges. MwSt.",{}
Exklusives KFW40 Einfamilienhaus in Paderborn-Stadtheide,771.017 €,"Kernstadt, 33102 Paderborn
Die vollständige Adresse der Immobilie erhalten Sie vom Anbieter.",5,"153,49 m²","649,5 m²",5.023 €/m²,Einfamilienhaus (freistehend),nil,nil,4,2,nil,Nein,{'is24qa-provisionsfrei-fuer-kaufende-label': ''}
Entdecken Sie Ihr saniertes Traumhaus mit grenzenlosen Möglichkeiten!,358.500 €,"51766 Engelskirchen, Oberbergischer Kreis
Die vollständige Adresse der Immobilie erhalten Sie vom Anbieter.",7,205 m²,1.104 m²,1.749 €/m²,Einfamilienhaus (freistehend),nil,nil,nil,2,4 Garagen,"3,57 % inkl. ges. MwSt.","{'is24qa-keller-label': '', 'is24qa-einliegerwohnung-label': ''}"
"Wenn nicht jetzt, wann.. ? Stadt Bad Münstereifel",349.000 €,"53902 Bad Münstereifel, Euskirchen (Kreis)
Die vollständige Adresse der Immobilie erhalten Sie vom Anbieter.",3,150 m²,750 m²,2.327 €/m²,Einfamilienhaus (freistehend),nil,nach Vereinbarung,2,2,nil,"3,57 % inkl. ges. MwSt.","{'is24qa-gaeste-wc-label': '', 'is24qa-keller-label': ''}"
Sanierter Bauernhof mit großem Pferdestall und Reitplatz,815.000 €,"41836 Hückelhoven, Heinsberg (Kreis)
Die vollständige Adresse der Immobilie erhalten Sie vom Anbieter.",8,170 m²,1.952 m²,4.794 €/m²,Bauernhaus,nil,nil,nil,nil,nil,"2,975 % inkl. ges. MwSt.",{}
Bungalow in Fröndenberg/Ruhr,395.000 €,"58730 Fröndenberg/Ruhr, Unna (Kreis)
Die vollständige Adresse der Immobilie erhalten Sie vom Anbieter.",5,140 m²,860 m²,2.821 €/m²,Bungalow,125 m²,30.07.2024,nil,nil,2 Stellplätze,"3,57 % inkl. ges. MwSt.","{'is24qa-gaeste-wc-label': '', 'is24qa-keller-label': ''}"
Großzügiger Bungalow mit eingewachsenem Garten,430.000 €,"53359 Rheinbach, Rhein-Sieg-Kreis
Die vollständige Adresse der Immobilie erhalten Sie vom Anbieter.",4,122 m²,455 m²,3.525 €/m²,Einfamilienhaus (freistehend),nil,Nach Vereinbarung,3,1,4 Stellplätze,"3,57 % inkl. ges. MwSt.","{'is24qa-gaeste-wc-label': '', 'is24qa-keller-label': ''}"
Gemütliche Doppelhaushälfte in Marl-Brassert,179.000 €,"Brassert, 45768 Marl
Die vollständige Adresse der Immobilie erhalten Sie vom Anbieter.","3,5",73 m²,282 m²,2.452 €/m²,Doppelhaushälfte,35 m²,nil,2,1,1 Außenstellplatz,"4,76 % inkl. ges. MwSt.",{}
Eine Immobilie die sich rechnet !,750.000 €,"Alt-Homberg, 47198 Duisburg
Die vollständige Adresse der Immobilie erhalten Sie vom Anbieter.",20,589 m²,895 m²,1.273 €/m²,Mehrfamilienhaus,nil,nach Vereinbarung,10,10,nil,"3,57 % inkl. ges. MwSt.",{'is24qa-vermietet-label': ''}
Zwei Wohneinheiten,199.000 €,"48432 Rheine, Steinfurt (Kreis)
Die vollständige Adresse der Immobilie erhalten Sie vom Anbieter.",5,"170,75 m²",645 m²,1.165 €/m²,Mehrfamilienhaus,nil,nach Absprache,nil,nil,nil,"3,57 % inkl. ges. MwSt.",{}
Stilvolles Bungalow auf dem Brüser Berg!,575.000 €,"Brüser Berg, 53125 Bonn
Die vollständige Adresse der Immobilie erhalten Sie vom Anbieter.",6,"140,41 m²",327 m²,4.095 €/m²,Reihenmittelhaus,nil,nach Vereinbarung,3,1,1 Garage,"3,57 % inkl. ges. MwSt.","{'is24qa-gaeste-wc-label': '', 'is24qa-keller-label': ''}"
"Drei Häuser, ein Grundstück -attraktive Anlagemöglichkeit!",550.000 €,"57368 Lennestadt, Olpe (Kreis)
Die vollständige Adresse der Immobilie erhalten Sie vom Anbieter.",18,345 m²,898 m²,1.594 €/m²,Mehrfamilienhaus,nil,nil,15,3,5 Außenstellplätze,"3,57 % inkl. ges. MwSt.",{'is24qa-vermietet-label': ''}
Außergewöhnliches freistehendes Einfamilienhaus mit luxuriöser Innenausstattung in Übach-Palenberg,650.000 €,"52531 Übach-Palenberg, Heinsberg (Kreis)
Die vollständige Adresse der Immobilie erhalten Sie vom Anbieter.","4,5",200 m²,679 m²,3.250 €/m²,Einfamilienhaus (freistehend),50 m²,1.5.2024,3,3,2 Garagen,Nein,"{'is24qa-gaeste-wc-label': '', 'is24qa-provisionsfrei-fuer-kaufende-label': ''}"
4-Raum-Doppelhaushälfte - Stadtvilla mit gehobener Innenausstattung in Rheinbach,482.000 €,"Brückenacker 6,
53359 Rheinbach, Rhein-Sieg-Kreis",4,137 m²,280 m²,3.518 €/m²,Doppelhaushälfte,nil,nil,3,1,2 Außenstellplätze,Nein,"{'is24qa-gaeste-wc-label': '', 'is24qa-vermietet-label': '', 'is24qa-provisionsfrei-fuer-kaufende-label': ''}"
NEUBAU OHNE EIGENKAPITAL AB 1300EUR MONATLICHER RATE! DANK HOHEN SUBVENTIONEN!,524.900 €,"46459 Rees, Kleve (Kreis)
Die vollständige Adresse der Immobilie erhalten Sie vom Anbieter.",4,130 m²,304 m²,4.038 €/m²,Einfamilienhaus (freistehend),nil,nil,3,1,nil,nil,{'is24qa-gaeste-wc-label': ''}
"Großes, einzugsfertiges Traumhaus mit reichlich Platz für Ihre Familie! inkl. KfW Förderung!",454.900 €,"41366 Schwalmtal, Viersen (Kreis)
Die vollständige Adresse der Immobilie erhalten Sie vom Anbieter.",6,185 m²,0 m²,2.459 €/m²,Einfamilienhaus (freistehend),nil,nil,4,2,nil,Nein,"{'is24qa-gaeste-wc-label': '', 'is24qa-provisionsfrei-fuer-kaufende-label': ''}"
"Großes, einzugsfertiges Traumhaus mit reichlich Platz für Ihre Familie! inkl. KfW Förderung!",454.900 €,"46535 Dinslaken, Wesel (Kreis)
Die vollständige Adresse der Immobilie erhalten Sie vom Anbieter.",6,185 m²,0 m²,2.459 €/m²,Einfamilienhaus (freistehend),nil,nil,4,2,nil,Nein,"{'is24qa-gaeste-wc-label': '', 'is24qa-provisionsfrei-fuer-kaufende-label': ''}"
***Ein Haus - so außergewöhnlich wie Sie!***,649.900 €,"41515 Grevenbroich, Neuss (Rhein-Kreis)
Die vollständige Adresse der Immobilie erhalten Sie vom Anbieter.",6,221 m²,421 m²,2.941 €/m²,Einfamilienhaus (freistehend),nil,nil,4,2,nil,Nein,"{'is24qa-gaeste-wc-label': '', 'is24qa-provisionsfrei-fuer-kaufende-label': ''}"
*** Bauen Sie mit uns Ihr Traumhaus ***,650.900 €,"41515 Grevenbroich, Neuss (Rhein-Kreis)
Die vollständige Adresse der Immobilie erhalten Sie vom Anbieter.",4,188 m²,421 m²,3.462 €/m²,Einfamilienhaus (freistehend),nil,nil,2,1,nil,Nein,"{'is24qa-gaeste-wc-label': '', 'is24qa-provisionsfrei-fuer-kaufende-label': ''}"
***Ein Haus für die ganze Familie***,739.900 €,"Velbert-Mitte, 42551 Velbert
Die vollständige Adresse der Immobilie erhalten Sie vom Anbieter.",3,238 m²,519 m²,3.109 €/m²,Einfamilienhaus (freistehend),nil,nil,3,1,nil,nil,{}
HOCHWERTIGE & INDIVIDUELLE Planung mit OKAL HAUS! Exklusives Baugrundstück!,479.900 €,"41844 Wegberg, Heinsberg (Kreis)
Die vollständige Adresse der Immobilie erhalten Sie vom Anbieter.",5,154 m²,389 m²,3.116 €/m²,Einfamilienhaus (freistehend),nil,nil,3,2,nil,Nein,{'is24qa-provisionsfrei-fuer-kaufende-label': ''}
***Ihr Eigenheim ganz nach Ihren Wünschen***,499.900 €,"41849 Wassenberg, Heinsberg (Kreis)
Die vollständige Adresse der Immobilie erhalten Sie vom Anbieter.",6,172 m²,368 m²,2.906 €/m²,Einfamilienhaus (freistehend),nil,nil,3,1,nil,Nein,"{'is24qa-gaeste-wc-label': '', 'is24qa-provisionsfrei-fuer-kaufende-label': ''}"
***Ihr Eigenheim ganz nach Ihren Wünschen***,479.900 €,"41372 Niederkrüchten, Viersen (Kreis)
Die vollständige Adresse der Immobilie erhalten Sie vom Anbieter.",6,172 m²,397 m²,2.790 €/m²,Einfamilienhaus (freistehend),nil,nil,3,1,nil,Nein,"{'is24qa-gaeste-wc-label': '', 'is24qa-provisionsfrei-fuer-kaufende-label': ''}"
***Ihr Eigenheim ganz nach Ihren Wünschen***,559.900 €,"41363 Jüchen, Neuss (Rhein-Kreis)
Die vollständige Adresse der Immobilie erhalten Sie vom Anbieter.",6,172 m²,397 m²,3.255 €/m²,Einfamilienhaus (freistehend),nil,nil,3,1,nil,Nein,"{'is24qa-gaeste-wc-label': '', 'is24qa-provisionsfrei-fuer-kaufende-label': ''}"
***Ein Haus für die ganze Familie***,945.960 €,"40723 Hilden, Mettmann (Kreis)
Die vollständige Adresse der Immobilie erhalten Sie vom Anbieter.",6,250 m²,630 m²,3.784 €/m²,Einfamilienhaus (freistehend),nil,nil,5,2,nil,nil,{}
***Ein Haus für die ganze Familie***,699.900 €,"47906 Kempen, Viersen (Kreis)
Die vollständige Adresse der Immobilie erhalten Sie vom Anbieter.",6,231 m²,478 m²,3.030 €/m²,Einfamilienhaus (freistehend),nil,nil,6,2,nil,nil,{}
***Ein Haus für die ganze Familie***,679.900 €,"47906 Kempen, Viersen (Kreis)
Die vollständige Adresse der Immobilie erhalten Sie vom Anbieter.",7,232 m²,524 m²,2.931 €/m²,Einfamilienhaus (freistehend),nil,nil,6,2,nil,nil,{}
***Ein Haus für die ganze Familie***,681.540 €,"47906 Kempen, Viersen (Kreis)
Die vollständige Adresse der Immobilie erhalten Sie vom Anbieter.",6,238 m²,448 m²,2.864 €/m²,Einfamilienhaus (freistehend),nil,nil,6,2,nil,nil,{}
*** Bauen Sie mit uns Ihr Traumhaus ***,609.900 €,"41344 Nettetal, Viersen (Kreis)
Die vollständige Adresse der Immobilie erhalten Sie vom Anbieter.",5,221 m²,445 m²,2.760 €/m²,Einfamilienhaus (freistehend),nil,nil,4,2,nil,nil,{}
*** Bauen Sie mit uns Ihr Traumhaus ***,579.900 €,"41344 Nettetal, Viersen (Kreis)
Die vollständige Adresse der Immobilie erhalten Sie vom Anbieter.",5,182 m²,488 m²,3.186 €/m²,Einfamilienhaus (freistehend),nil,nil,4,2,nil,nil,{}
*** Bauen Sie mit uns Ihr Traumhaus ***,599.900 €,"52525 Heinsberg, Heinsberg (Kreis)
Die vollständige Adresse der Immobilie erhalten Sie vom Anbieter.",5,182 m²,515 m²,3.296 €/m²,Einfamilienhaus (freistehend),nil,nil,4,2,nil,nil,{}
*** Bauen Sie mit uns Ihr Traumhaus ***,559.900 €,"52525 Heinsberg, Heinsberg (Kreis)
Die vollständige Adresse der Immobilie erhalten Sie vom Anbieter.",5,182 m²,515 m²,3.076 €/m²,Einfamilienhaus (freistehend),nil,nil,4,2,nil,nil,{}
***Tolles Stadthaus ganz nach Ihren Wünschen***,692.900 €,"52525 Heinsberg, Heinsberg (Kreis)
Die vollständige Adresse der Immobilie erhalten Sie vom Anbieter.",6,257 m²,515 m²,2.696 €/m²,Einfamilienhaus (freistehend),nil,nil,3,2,nil,nil,{}
***Tolles Stadthaus ganz nach Ihren Wünschen***,667.900 €,"41366 Schwalmtal, Viersen (Kreis)
Die vollständige Adresse der Immobilie erhalten Sie vom Anbieter.",6,257 m²,450 m²,2.599 €/m²,Einfamilienhaus (freistehend),nil,nil,3,2,nil,nil,{}
***Tolles Stadthaus ganz nach Ihren Wünschen***,702.900 €,"41363 Jüchen, Neuss (Rhein-Kreis)
Die vollständige Adresse der Immobilie erhalten Sie vom Anbieter.",6,257 m²,514 m²,2.735 €/m²,Einfamilienhaus (freistehend),nil,nil,3,3,nil,nil,{}
***Tolles Stadthaus ganz nach Ihren Wünschen***,682.900 €,"41363 Jüchen, Neuss (Rhein-Kreis)
Die vollständige Adresse der Immobilie erhalten Sie vom Anbieter.",6,249 m²,514 m²,2.743 €/m²,Einfamilienhaus (freistehend),nil,nil,3,3,nil,nil,{}
***Mehr Stil - mehr Ambiente - OKAL***,691.900 €,"41363 Jüchen, Neuss (Rhein-Kreis)
Die vollständige Adresse der Immobilie erhalten Sie vom Anbieter.",6,256 m²,514 m²,2.703 €/m²,Einfamilienhaus (freistehend),nil,nil,3,3,nil,nil,{}
"Großes, einzugsfertiges Traumhaus im Bauhausstil! inkl. KfW Förderung!",489.900 €,"46562 Voerde (Niederrhein), Wesel (Kreis)
Die vollständige Adresse der Immobilie erhalten Sie vom Anbieter.",5,183 m²,0 m²,2.677 €/m²,Einfamilienhaus (freistehend),nil,nil,4,1,nil,Nein,"{'is24qa-gaeste-wc-label': '', 'is24qa-provisionsfrei-fuer-kaufende-label': ''}"
***Traumhaftes Haus sucht Familie zum alt werden***inklusive Baugrundstück!,529.900 €,"42489 Wülfrath, Mettmann (Kreis)
Die vollständige Adresse der Immobilie erhalten Sie vom Anbieter.",5,144 m²,480 m²,3.680 €/m²,Einfamilienhaus (freistehend),nil,nil,3,1,nil,nil,{'is24qa-gaeste-wc-label': ''}
Ihr Traumhaus! Ihre Freunde werden Sie beneiden!,638.900 €,"42489 Wülfrath, Mettmann (Kreis)
Die vollständige Adresse der Immobilie erhalten Sie vom Anbieter.",6,187 m²,480 m²,3.417 €/m²,Einfamilienhaus (freistehend),nil,nil,5,2,nil,nil,{}
***Mehr Stil - mehr Ambiente - OKAL***Inklusive Baugrundstück,620.900 €,"42489 Wülfrath, Mettmann (Kreis)
Die vollständige Adresse der Immobilie erhalten Sie vom Anbieter.",5,187 m²,0 m²,3.320 €/m²,Einfamilienhaus (freistehend),nil,nil,3,2,nil,nil,{'is24qa-gaeste-wc-label': ''}
Schön leben Ihre Tolle Stadtvilla - Ganz individuell nach Ihren Bedürfnissen***,589.900 €,"Velbert-Mitte, 42555 Velbert
Die vollständige Adresse der Immobilie erhalten Sie vom Anbieter.",5,154 m²,500 m²,3.831 €/m²,Einfamilienhaus (freistehend),nil,nil,3,2,nil,nil,{}
***Mehr Stil - mehr Ambiente - OKAL***,539.900 €,"46499 Hamminkeln, Wesel (Kreis)
Die vollständige Adresse der Immobilie erhalten Sie vom Anbieter.",5,201 m²,757 m²,2.686 €/m²,Einfamilienhaus (freistehend),nil,nil,3,1,nil,nil,{}
***Traumhaftes Haus sucht Familie zum alt werden***,489.900 €,"46499 Hamminkeln, Wesel (Kreis)
Die vollständige Adresse der Immobilie erhalten Sie vom Anbieter.",5,144 m²,378 m²,3.402 €/m²,Einfamilienhaus (freistehend),nil,nil,3,1,nil,nil,{'is24qa-gaeste-wc-label': ''}
***Mit OKAL zum Traumhaus***,490.900 €,"46499 Hamminkeln, Wesel (Kreis)
Die vollständige Adresse der Immobilie erhalten Sie vom Anbieter.",4,106 m²,378 m²,4.631 €/m²,Einfamilienhaus (freistehend),nil,nil,3,1,nil,nil,{'is24qa-gaeste-wc-label': ''}
***Tolle Stadtvilla - Ganz individuell nach Ihren Bedürfnissen***,638.900 €,"46499 Hamminkeln, Wesel (Kreis)
Die vollständige Adresse der Immobilie erhalten Sie vom Anbieter.",7,203 m²,757 m²,3.147 €/m²,Einfamilienhaus (freistehend),nil,nil,5,2,nil,nil,{}
***Tolle Stadtvilla - Ganz individuell nach Ihren Bedürfnissen***,633.800 €,"46499 Hamminkeln, Wesel (Kreis)
Die vollständige Adresse der Immobilie erhalten Sie vom Anbieter.",7,203 m²,757 m²,3.122 €/m²,Einfamilienhaus (freistehend),nil,nil,5,2,nil,nil,{}
***Ihre Freunde werden Sie beneiden!***,594.300 €,"46499 Hamminkeln, Wesel (Kreis)
Die vollständige Adresse der Immobilie erhalten Sie vom Anbieter.",6,187 m²,757 m²,3.178 €/m²,Einfamilienhaus (freistehend),nil,nil,5,2,nil,nil,{}
Ihr Bungalow: Altersgerecht wohnen auf einer Ebene!,564.900 €,"47638 Straelen, Kleve (Kreis)
Die vollständige Adresse der Immobilie erhalten Sie vom Anbieter.",3,118 m²,524 m²,4.787 €/m²,Einfamilienhaus (freistehend),nil,nil,2,1,nil,nil,{'is24qa-gaeste-wc-label': ''}
Ihr Bungalow: Altersgerecht wohnen auf einer Ebene!,649.900 €,"42579 Heiligenhaus, Mettmann (Kreis)
Die vollständige Adresse der Immobilie erhalten Sie vom Anbieter.",4,168 m²,656 m²,3.868 €/m²,Einfamilienhaus (freistehend),nil,nil,3,2,nil,nil,{'is24qa-gaeste-wc-label': ''}
***Haus sucht Familie zum Altwerden!***,629.900 €,"47623 Kevelaer, Kleve (Kreis)
Die vollständige Adresse der Immobilie erhalten Sie vom Anbieter.",4,178 m²,423 m²,3.539 €/m²,Einfamilienhaus (freistehend),nil,nil,3,1,nil,nil,{'is24qa-gaeste-wc-label': ''}
***Mehr Stil - mehr Ambiente - OKAL***,538.900 €,"47608 Geldern, Kleve (Kreis)
Die vollständige Adresse der Immobilie erhalten Sie vom Anbieter.",6,187 m²,0 m²,2.882 €/m²,Einfamilienhaus (freistehend),nil,nil,5,2,nil,nil,{}
***Mehr Stil - mehr Ambiente - OKAL***,599.900 €,"47608 Geldern, Kleve (Kreis)
Die vollständige Adresse der Immobilie erhalten Sie vom Anbieter.",5,177 m²,467 m²,3.389 €/m²,Einfamilienhaus (freistehend),nil,nil,3,1,nil,nil,{}
***Traumhaftes Haus sucht Familie zum alt werden***,459.900 €,"47608 Geldern, Kleve (Kreis)
Die vollständige Adresse der Immobilie erhalten Sie vom Anbieter.",5,144 m²,468 m²,3.194 €/m²,Einfamilienhaus (freistehend),nil,nil,3,1,nil,nil,{'is24qa-gaeste-wc-label': ''}
***Tolle Stadtvilla - Ganz individuell nach Ihren Bedürfnissen***,604.900 €,"47509 Rheurdt, Kleve (Kreis)
Die vollständige Adresse der Immobilie erhalten Sie vom Anbieter.",5,201 m²,470 m²,3.009 €/m²,Einfamilienhaus (freistehend),nil,nil,3,2,nil,nil,{}
***Hier ist Platz für 2 Familien!***Inklusive Baugrundstück!,504.450 €,"Velbert-Mitte, 42551 Velbert
Die vollständige Adresse der Immobilie erhalten Sie vom Anbieter.",4,139 m²,821 m²,3.629 €/m²,Mehrfamilienhaus,nil,nil,3,1,nil,nil,{'is24qa-gaeste-wc-label': ''}
"Großes, einzugsfertiges Traumhaus im Bauhausstil! inkl. KfW Förderung!",489.900 €,"47475 Kamp-Lintfort, Wesel (Kreis)
Die vollständige Adresse der Immobilie erhalten Sie vom Anbieter.",5,183 m²,0 m²,2.677 €/m²,Einfamilienhaus (freistehend),nil,nil,4,1,nil,Nein,"{'is24qa-gaeste-wc-label': '', 'is24qa-provisionsfrei-fuer-kaufende-label': ''}"
***Tolle Stadtvilla - Ganz individuell nach Ihren Bedürfnissen***,469.900 €,"47509 Rheurdt, Kleve (Kreis)
Die vollständige Adresse der Immobilie erhalten Sie vom Anbieter.",5,124 m²,0 m²,3.790 €/m²,Einfamilienhaus (freistehend),nil,nil,3,1,nil,nil,{}
***Planen Sie noch oder bauen Sie schon?***,920.900 €,"Zentrum, 40878 Ratingen
Die vollständige Adresse der Immobilie erhalten Sie vom Anbieter.",5,183 m²,478 m²,5.032 €/m²,Einfamilienhaus (freistehend),nil,nil,3,1,nil,nil,{'is24qa-gaeste-wc-label': ''}
***Planen Sie noch oder bauen Sie schon?***,840.000 €,"Zentrum, 40878 Ratingen
Die vollständige Adresse der Immobilie erhalten Sie vom Anbieter.",4,147 m²,489 m²,5.714 €/m²,Einfamilienhaus (freistehend),nil,nil,3,1,nil,nil,{'is24qa-gaeste-wc-label': ''}
***Tolle Stadtvilla - Ganz individuell nach Ihren Bedürfnissen***,519.900 €,"47509 Rheurdt, Kleve (Kreis)
Die vollständige Adresse der Immobilie erhalten Sie vom Anbieter.",5,154 m²,470 m²,3.376 €/m²,Einfamilienhaus (freistehend),nil,nil,3,2,nil,nil,{}
***Wohlfühlhaus mit Aussicht - Sitzfenster inklusive!***,760.900 €,"Huckingen, 47259 Duisburg
Die vollständige Adresse der Immobilie erhalten Sie vom Anbieter.",5,181 m²,438 m²,4.204 €/m²,Einfamilienhaus (freistehend),nil,nil,3,1,nil,nil,{'is24qa-gaeste-wc-label': ''}
***Ihr Eigenheim ganz nach Ihren Wünschen***,743.100 €,"Huckingen, 47259 Duisburg
Die vollständige Adresse der Immobilie erhalten Sie vom Anbieter.",7,235 m²,633 m²,3.162 €/m²,Einfamilienhaus (freistehend),nil,nil,4,3,nil,nil,{'is24qa-gaeste-wc-label': ''}
***Ihr Eigenheim ganz nach Ihren Wünschen***,791.900 €,"Huckingen, 47259 Duisburg
Die vollständige Adresse der Immobilie erhalten Sie vom Anbieter.",7,235 m²,544 m²,3.370 €/m²,Einfamilienhaus (freistehend),nil,nil,4,3,nil,nil,{'is24qa-gaeste-wc-label': ''}
***Ihr Eigenheim ganz nach Ihren Wünschen***,529.900 €,"46562 Voerde (Niederrhein), Wesel (Kreis)
Die vollständige Adresse der Immobilie erhalten Sie vom Anbieter.",6,177 m²,544 m²,2.994 €/m²,Einfamilienhaus (freistehend),nil,nil,3,2,nil,nil,{'is24qa-gaeste-wc-label': ''}
Noch 2024 einziehen !! mit OKAL Förderung von 24000.00 Euro !!,518.900 €,"46562 Voerde (Niederrhein), Wesel (Kreis)
Die vollständige Adresse der Immobilie erhalten Sie vom Anbieter.",5,158 m²,399 m²,3.284 €/m²,Einfamilienhaus (freistehend),nil,nil,3,2,nil,nil,{'is24qa-gaeste-wc-label': ''}
***Mehr Stil - mehr Ambiente - OKAL***,559.900 €,"46483 Wesel, Wesel (Kreis)
Die vollständige Adresse der Immobilie erhalten Sie vom Anbieter.",5,174 m²,478 m²,3.218 €/m²,Einfamilienhaus (freistehend),nil,nil,4,1,nil,nil,{'is24qa-gaeste-wc-label': ''}
***Tolles Haus am Berg***,683.900 €,"41352 Korschenbroich, Neuss (Rhein-Kreis)
Die vollständige Adresse der Immobilie erhalten Sie vom Anbieter.",6,184 m²,425 m²,3.717 €/m²,Einfamilienhaus (freistehend),nil,nil,3,1,nil,nil,{'is24qa-gaeste-wc-label': ''}
***Mehr Stil - mehr Ambiente - OKAL***,588.900 €,"46446 Emmerich am Rhein, Kleve (Kreis)
Die vollständige Adresse der Immobilie erhalten Sie vom Anbieter.",6,187 m²,478 m²,3.149 €/m²,Einfamilienhaus (freistehend),nil,nil,5,2,nil,nil,{}
Gut geschnitten. BAUGRUNDSTÜCK Provisionsfrei! Energieeffiziente Häuser OKAL!,521.900 €,"41749 Viersen, Viersen (Kreis)
Die vollständige Adresse der Immobilie erhalten Sie vom Anbieter.",5,173 m²,549 m²,3.017 €/m²,Einfamilienhaus (freistehend),nil,nil,3,1,nil,nil,{'is24qa-gaeste-wc-label': ''}
396m² Baugrundstück in Nettetal-Kaldenkirchen! Moderne Gemütlichkeit und Individuelle Planung!,587.900 €,"41334 Nettetal, Viersen (Kreis)
Die vollständige Adresse der Immobilie erhalten Sie vom Anbieter.",5,183 m²,396 m²,3.213 €/m²,Einfamilienhaus (freistehend),nil,nil,4,2,nil,Nein,"{'is24qa-gaeste-wc-label': '', 'is24qa-provisionsfrei-fuer-kaufende-label': ''}"
"Großes, einzugsfertiges Traumhaus mit reichlich Platz für Ihre Familie! inkl. KfW Förderung!",454.900 €,"47906 Kempen, Viersen (Kreis)
Die vollständige Adresse der Immobilie erhalten Sie vom Anbieter.",6,185 m²,0 m²,2.459 €/m²,Einfamilienhaus (freistehend),nil,nil,4,2,nil,Nein,"{'is24qa-gaeste-wc-label': '', 'is24qa-provisionsfrei-fuer-kaufende-label': ''}"
"Hochmoderne Stadtvilla, inklusive Grundstück, einzugsfertig, Planung komplett nach Ihren Wünschen!",529.900 €,"41836 Hückelhoven, Heinsberg (Kreis)
Die vollständige Adresse der Immobilie erhalten Sie vom Anbieter.",5,154 m²,579 m²,3.441 €/m²,Einfamilienhaus (freistehend),nil,nil,4,2,nil,Nein,{'is24qa-provisionsfrei-fuer-kaufende-label': ''}
***Mehr Stil - mehr Ambiente - OKAL***,779.900 €,"47574 Goch, Kleve (Kreis)
Die vollständige Adresse der Immobilie erhalten Sie vom Anbieter.",5,192 m²,622 m²,4.062 €/m²,Einfamilienhaus (freistehend),nil,nil,3,2,nil,nil,{'is24qa-gaeste-wc-label': ''}
***Mit OKAL zum Traumhaus***,419.900 €,"41844 Wegberg, Heinsberg (Kreis)
Die vollständige Adresse der Immobilie erhalten Sie vom Anbieter.",5,154 m²,455 m²,2.727 €/m²,Einfamilienhaus (freistehend),nil,nil,3,1,nil,Nein,"{'is24qa-gaeste-wc-label': '', 'is24qa-provisionsfrei-fuer-kaufende-label': ''}"
*** Bauen Sie mit uns Ihr Traumhaus ***,599.900 €,"47877 Willich, Viersen (Kreis)
Die vollständige Adresse der Immobilie erhalten Sie vom Anbieter.",4,188 m²,569 m²,3.191 €/m²,Einfamilienhaus (freistehend),nil,nil,2,1,nil,Nein,"{'is24qa-gaeste-wc-label': '', 'is24qa-provisionsfrei-fuer-kaufende-label': ''}"
***Ein Haus mit echtem Mehrwert!***,578.900 €,"41751 Viersen, Viersen (Kreis)
Die vollständige Adresse der Immobilie erhalten Sie vom Anbieter.",6,172 m²,463 m²,3.366 €/m²,Einfamilienhaus (freistehend),nil,nil,3,1,nil,Nein,"{'is24qa-gaeste-wc-label': '', 'is24qa-provisionsfrei-fuer-kaufende-label': ''}"
Noch 2024 einziehen !! mit OKAL Förderung von 24000.00 Euro !!,529.900 €,"47509 Rheurdt, Kleve (Kreis)
Die vollständige Adresse der Immobilie erhalten Sie vom Anbieter.",5,158 m²,399 m²,3.354 €/m²,Einfamilienhaus (freistehend),nil,nil,3,2,nil,Nein,"{'is24qa-gaeste-wc-label': '', 'is24qa-provisionsfrei-fuer-kaufende-label': ''}"
***Ein Haus - so außergewöhnlich wie Sie!***,609.900 €,"46562 Voerde (Niederrhein), Wesel (Kreis)
Die vollständige Adresse der Immobilie erhalten Sie vom Anbieter.",6,221 m²,650 m²,2.760 €/m²,Einfamilienhaus (freistehend),nil,nil,4,2,nil,Nein,"{'is24qa-gaeste-wc-label': '', 'is24qa-provisionsfrei-fuer-kaufende-label': ''}"
Ihr Bungalow altersgerecht wohnen auf einer Ebene!,484.900 €,"47638 Straelen, Kleve (Kreis)
Die vollständige Adresse der Immobilie erhalten Sie vom Anbieter.",4,106 m²,510 m²,4.575 €/m²,Einfamilienhaus (freistehend),nil,nil,2,1,nil,nil,{'is24qa-gaeste-wc-label': ''}
***Ihr Eigenheim ganz nach Ihren Wünschen***,579.900 €,"47533 Kleve, Kleve (Kreis)
Die vollständige Adresse der Immobilie erhalten Sie vom Anbieter.",6,172 m²,410 m²,3.372 €/m²,Einfamilienhaus (freistehend),nil,nil,3,1,nil,nil,{'is24qa-gaeste-wc-label': ''}
***Mehr Stil - mehr Ambiente - OKAL***,492.900 €,"46459 Rees, Kleve (Kreis)
Die vollständige Adresse der Immobilie erhalten Sie vom Anbieter.",5,187 m²,403 m²,2.636 €/m²,Einfamilienhaus (freistehend),nil,nil,3,2,nil,Nein,"{'is24qa-gaeste-wc-label': '', 'is24qa-provisionsfrei-fuer-kaufende-label': ''}"
***Mehr Stil - mehr Ambiente - OKAL***,639.900 €,"47608 Geldern, Kleve (Kreis)
Die vollständige Adresse der Immobilie erhalten Sie vom Anbieter.",5,201 m²,477 m²,3.184 €/m²,Einfamilienhaus (freistehend),nil,nil,3,1,nil,nil,{}
***Tolle Stadtvilla - Ganz nach Ihren Wünschen***,530.900 €,"47509 Rheurdt, Kleve (Kreis)
Die vollständige Adresse der Immobilie erhalten Sie vom Anbieter.",5,154 m²,470 m²,3.447 €/m²,Einfamilienhaus (freistehend),nil,nil,3,1,nil,nil,{'is24qa-gaeste-wc-label': ''}
IHRE AUßERGEWÖHNLICHE TRAUMVILLA IM FORSTWALD! KOMPLETT NACH IHREN WÜNSCHEN!,1.240.000 €,"Forstwald, 47804 Krefeld
Die vollständige Adresse der Immobilie erhalten Sie vom Anbieter.",8,379 m²,763 m²,3.272 €/m²,Villa,nil,nil,3,1,nil,Nein,"{'is24qa-gaeste-wc-label': '', 'is24qa-provisionsfrei-fuer-kaufende-label': ''}"
***Ihr Eigenheim ganz nach Ihren Wünschen***,639.900 €,"47669 Wachtendonk, Kleve (Kreis)
Die vollständige Adresse der Immobilie erhalten Sie vom Anbieter.",7,235 m²,566 m²,2.723 €/m²,Einfamilienhaus (freistehend),nil,nil,4,3,nil,nil,{'is24qa-gaeste-wc-label': ''}
***Wohlfühlhaus mit Aussicht - Sitzfenster inklusive!***,580.900 €,"47669 Wachtendonk, Kleve (Kreis)
Die vollständige Adresse der Immobilie erhalten Sie vom Anbieter.",5,181 m²,475 m²,3.209 €/m²,Einfamilienhaus (freistehend),nil,nil,3,1,nil,nil,{'is24qa-gaeste-wc-label': ''}
***Mehr Stil - mehr Ambiente - OKAL***,500.900 €,"47769 Wachtendonk, Kleve (Kreis)
Die vollständige Adresse der Immobilie erhalten Sie vom Anbieter.",5,174 m²,0 m²,2.879 €/m²,Einfamilienhaus (freistehend),nil,nil,4,1,nil,nil,{'is24qa-gaeste-wc-label': ''}
"Ihr schöner Tiny Bungalow für ein guten Preis, inklusive Grundstück, bauen Sie mit OKAL.",490.000 €,"41379 Brüggen, Viersen (Kreis)
Die vollständige Adresse der Immobilie erhalten Sie vom Anbieter.",1,"73,02 m²",569 m²,6.710 €/m²,Bungalow,nil,nil,nil,1,nil,Nein,{'is24qa-provisionsfrei-fuer-kaufende-label': ''}
***Ihr sicheres Haus für Sie und Ihre Familie!***,559.900 €,"Hardterbroich-Pesch, 41065 Mönchengladbach
Die vollständige Adresse der Immobilie erhalten Sie vom Anbieter.",5,210 m²,528 m²,2.666 €/m²,Einfamilienhaus (freistehend),nil,nil,5,2,nil,nil,{'is24qa-gaeste-wc-label': ''}
***Hier ist Platz für 2 Familien!***,514.900 €,"47574 Goch, Kleve (Kreis)
Die vollständige Adresse der Immobilie erhalten Sie vom Anbieter.",5,189 m²,311 m²,2.724 €/m²,Einfamilienhaus (freistehend),nil,nil,3,2,nil,nil,{'is24qa-gaeste-wc-label': ''}
***Tolle Stadtvilla - Ganz individuell nach Ihren Bedürfnissen***,519.900 €,"Mitte, 47441 Moers
Die vollständige Adresse der Immobilie erhalten Sie vom Anbieter.",5,154 m²,463 m²,3.376 €/m²,Einfamilienhaus (freistehend),nil,nil,3,2,nil,nil,{}
845m² Baugrundstück in Mönchengladbach! Moderne Gemütlichkeit und Individuelle Planung!,549.000 €,"Hardterbroich-Pesch, 41065 Mönchengladbach
Die vollständige Adresse der Immobilie erhalten Sie vom Anbieter.",5,183 m²,845 m²,3.000 €/m²,Einfamilienhaus (freistehend),nil,nil,4,2,nil,Nein,"{'is24qa-gaeste-wc-label': '', 'is24qa-provisionsfrei-fuer-kaufende-label': ''}"
***Ein Haus für die ganze Familie***,998.900 €,"40723 Hilden, Mettmann (Kreis)
Die vollständige Adresse der Immobilie erhalten Sie vom Anbieter.",6,242 m²,630 m²,4.128 €/m²,Einfamilienhaus (freistehend),nil,nil,5,2,nil,nil,{}
***Ihr Eigenheim ganz nach Ihren Wünschen***,579.900 €,"47623 Kevelaer, Kleve (Kreis)
Die vollständige Adresse der Immobilie erhalten Sie vom Anbieter.",6,172 m²,475 m²,3.372 €/m²,Einfamilienhaus (freistehend),nil,nil,3,1,nil,nil,{'is24qa-gaeste-wc-label': ''}
***Mehr Stil - mehr Ambiente - OKAL***,669.700 €,"Velbert-Mitte, 42549 Velbert
Die vollständige Adresse der Immobilie erhalten Sie vom Anbieter.",5,152 m²,545 m²,4.406 €/m²,Einfamilienhaus (freistehend),nil,nil,2,1,nil,nil,{'is24qa-gaeste-wc-label': ''}
***Mehr Stil - mehr Ambiente - OKAL***,799.900 €,"Velbert-Mitte, 42549 Velbert
Die vollständige Adresse der Immobilie erhalten Sie vom Anbieter.",7,250 m²,500 m²,3.200 €/m²,Einfamilienhaus (freistehend),nil,nil,3,3,nil,nil,{}
***Hier ist Platz für 2 Familien!***,749.500 €,"Menden-Holthausen, 45470 Mülheim an der Ruhr
Die vollständige Adresse der Immobilie erhalten Sie vom Anbieter.",4,162 m²,620 m²,4.627 €/m²,Einfamilienhaus (freistehend),nil,nil,3,1,nil,nil,{'is24qa-gaeste-wc-label': ''}
***Alles aus einer Hand mit OKAL***,638.900 €,"40764 Langenfeld (Rheinland), Mettmann (Kreis)
Die vollständige Adresse der Immobilie erhalten Sie vom Anbieter.",4,156 m²,433 m²,4.096 €/m²,Einfamilienhaus (freistehend),nil,nil,3,1,nil,nil,{'is24qa-gaeste-wc-label': ''}
***Ihr Eigenheim ganz nach Ihren Wünschen***,519.900 €,"46562 Voerde (Niederrhein), Wesel (Kreis)
Die vollständige Adresse der Immobilie erhalten Sie vom Anbieter.",6,177 m²,446 m²,2.937 €/m²,Einfamilienhaus (freistehend),nil,nil,3,2,nil,nil,{'is24qa-gaeste-wc-label': ''}
Noch 2025 einziehen !! OKAL fördert 10 Jahre ihre Energiekosten!,545.900 €,"46562 Voerde (Niederrhein), Wesel (Kreis)
Die vollständige Adresse der Immobilie erhalten Sie vom Anbieter.",6,177 m²,0 m²,3.084 €/m²,Einfamilienhaus (freistehend),nil,nil,3,2,nil,nil,{'is24qa-gaeste-wc-label': ''}
***Mehr Stil - mehr Ambiente - OKAL***,559.900 €,"46483 Wesel, Wesel (Kreis)
Die vollständige Adresse der Immobilie erhalten Sie vom Anbieter.",5,174 m²,488 m²,3.218 €/m²,Einfamilienhaus (freistehend),nil,nil,4,1,nil,nil,{'is24qa-gaeste-wc-label': ''}
***Mehr Stil - mehr Ambiente - OKAL***,559.900 €,"47574 Goch, Kleve (Kreis)
Die vollständige Adresse der Immobilie erhalten Sie vom Anbieter.",5,209 m²,622 m²,2.679 €/m²,Einfamilienhaus (freistehend),nil,nil,3,1,nil,nil,{'is24qa-gaeste-wc-label': ''}
Erleben Sie nah am Südpark Kevelaer außergewöhnlichen Charme in einer modernen Villenhälfte!,396.900 €,"47623 Kevelaer, Kleve (Kreis)
Die vollständige Adresse der Immobilie erhalten Sie vom Anbieter.",5,150 m²,360 m²,2.646 €/m²,Einfamilienhaus (freistehend),nil,nil,4,2,nil,Nein,{'is24qa-provisionsfrei-fuer-kaufende-label': ''}
Erleben Sie in Kaarst außergewöhnlichen Charme in einer modernen Villenhälfte!,528.900 €,"41564 Kaarst, Neuss (Rhein-Kreis)
Die vollständige Adresse der Immobilie erhalten Sie vom Anbieter.",5,150 m²,306 m²,3.526 €/m²,Doppelhaushälfte,nil,nil,4,2,nil,Nein,{'is24qa-provisionsfrei-fuer-kaufende-label': ''}
"Stilvoll und citynah Leben und Wohnen, was kann schöner sein?",672.900 €,"52525 Heinsberg, Heinsberg (Kreis)
Die vollständige Adresse der Immobilie erhalten Sie vom Anbieter.",8,250 m²,515 m²,2.692 €/m²,Einfamilienhaus (freistehend),nil,nil,3,1,nil,nil,{'is24qa-gaeste-wc-label': ''}
***Mehr Stil - mehr Ambiente - OKAL***,737.900 €,"47877 Willich, Viersen (Kreis)
Die vollständige Adresse der Immobilie erhalten Sie vom Anbieter.",6,257 m²,650 m²,2.871 €/m²,Einfamilienhaus (freistehend),nil,nil,3,3,nil,nil,{}
***Ein Haus - so außergewöhnlich wie Sie!***,789.400 €,"47877 Willich, Viersen (Kreis)
Die vollständige Adresse der Immobilie erhalten Sie vom Anbieter.",5,222 m²,640 m²,3.556 €/m²,Einfamilienhaus (freistehend),nil,nil,3,1,nil,nil,{'is24qa-gaeste-wc-label': ''}
***Haus sucht Familie zum Altwerden!***,767.100 €,"Zentrum, 40878 Ratingen
Die vollständige Adresse der Immobilie erhalten Sie vom Anbieter.",4,134 m²,408 m²,5.725 €/m²,Einfamilienhaus (freistehend),nil,nil,3,1,nil,nil,{'is24qa-gaeste-wc-label': ''}
***Außergewöhnliches Haus mit tollem Ambiente***,996.380 €,"42781 Haan, Mettmann (Kreis)
Die vollständige Adresse der Immobilie erhalten Sie vom Anbieter.",8,226 m²,634 m²,4.409 €/m²,Einfamilienhaus (freistehend),nil,nil,6,2,nil,nil,{'is24qa-gaeste-wc-label': ''}
***Außergewöhnliches Haus mit tollem Ambiente***,849.900 €,"42781 Haan, Mettmann (Kreis)
Die vollständige Adresse der Immobilie erhalten Sie vom Anbieter.",8,226 m²,485 m²,3.761 €/m²,Einfamilienhaus (freistehend),nil,nil,6,2,nil,nil,{'is24qa-gaeste-wc-label': ''}
***Hier ist Platz für 2 Familien!***,722.300 €,"42781 Haan, Mettmann (Kreis)
Die vollständige Adresse der Immobilie erhalten Sie vom Anbieter.",5,193 m²,420 m²,3.742 €/m²,Einfamilienhaus (freistehend),nil,nil,3,2,nil,nil,{'is24qa-gaeste-wc-label': ''}
***Hier ist Platz für 2 Familien!***,586.980 €,"Menden-Holthausen, 45470 Mülheim an der Ruhr
Die vollständige Adresse der Immobilie erhalten Sie vom Anbieter.",4,143 m²,426 m²,4.105 €/m²,Einfamilienhaus (freistehend),nil,nil,3,1,nil,nil,{'is24qa-gaeste-wc-label': ''}
***Hier ist Platz für 2 Familien!***,693.240 €,"Menden-Holthausen, 45470 Mülheim an der Ruhr
Die vollständige Adresse der Immobilie erhalten Sie vom Anbieter.",4,162 m²,523 m²,4.279 €/m²,Einfamilienhaus (freistehend),nil,nil,3,1,nil,nil,{'is24qa-gaeste-wc-label': ''}
***Alles aus einer Hand mit OKAL***,651.900 €,"40764 Langenfeld (Rheinland), Mettmann (Kreis)
Die vollständige Adresse der Immobilie erhalten Sie vom Anbieter.",4,156 m²,433 m²,4.179 €/m²,Einfamilienhaus (freistehend),nil,nil,3,1,nil,nil,{'is24qa-gaeste-wc-label': ''}
