title,price,address,rooms,living_space,property_area,price_per_m2,type,usable_area,available_from,bedrooms,bathrooms,garage_parking,buyer_commission,criteriagroup_boolean_listing
Design-Villa in Bestlage München/Solln-Prinz-Ludwigs-Höhe,4.000.000 €,"Thalkirchen, 81479 München
Die vollständige Adresse der Immobilie erhalten Sie vom Anbieter.",6,277 m²,300 m²,14.440 €/m²,Villa,41 m²,nach Vereinbarung,nil,3,4 Tiefgaragen-Stellplätze,"2,38 % inkl. 19 % MwSt.","{'is24qa-gaeste-wc-label': '', 'is24qa-keller-label': '', 'is24qa-einliegerwohnung-label': ''}"
"Garten perfekt, Haus optimal, Aussicht erstklassig!! Ausgezeichnetes Einfamilienhaus in Pfettrach!!",1.195.000 €,"84032 Altdorf, Landshut (Kreis)
Die vollständige Adresse der Immobilie erhalten Sie vom Anbieter.",7,214 m²,1.092 m²,5.584 €/m²,Einfamilienhaus (freistehend),130 m²,nil,5,2,2 Garagen,"Käuferprovision beträgt 2,6775 % (inkl. MwSt.) des beurkundeten Kaufpreises","{'is24qa-gaeste-wc-label': '', 'is24qa-keller-label': ''}"
* Exklusiver Familiensitz am Starnberger See mit einzigartigem Alpen- und Seeblick von jeder Ebene *,Auf Anfrage,"82340 Feldafing, Starnberg (Kreis)
Die vollständige Adresse der Immobilie erhalten Sie vom Anbieter.",9,470 m²,2.204 m²,nil,Villa,120 m²,sofort,5,4,4 Garagen,"2,38%","{'is24qa-gaeste-wc-label': '', 'is24qa-keller-label': '', 'is24qa-stufenloser-zugang-label': '', 'is24qa-einliegerwohnung-label': ''}"
"Einfach Mehr: Einfamilienhaus, Top-Zustand-Ausstattung, ruhige Zentrums-Lage, FBH, EBK, Garten u. a.",645.000 €,"84048 Mainburg, Kelheim (Kreis)
Die vollständige Adresse der Immobilie erhalten Sie vom Anbieter.",5,130 m²,500 m²,4.962 €/m²,Einfamilienhaus (freistehend),60 m²,Nach Vereinbarung,4,1,4 Garagen,Nein,"{'is24qa-gaeste-wc-label': '', 'is24qa-keller-label': '', 'is24qa-provisionsfrei-fuer-kaufende-label': ''}"
FREI - Top-modernisiertes 2-Familien-Haus mit DoGa,589.000 €,"93107 Thalmassing, Regensburg (Kreis)
Die vollständige Adresse der Immobilie erhalten Sie vom Anbieter.",8,270 m²,830 m²,2.181 €/m²,Mehrfamilienhaus,nil,nach Vereinbarung,6,2,2 Garagen,"3,57 % aus dem Kaupfreis inkl. gesetzl. MwSt.","{'is24qa-gaeste-wc-label': '', 'is24qa-keller-label': ''}"
Hohenpeißenberg/Idyllische Ortsrandlage - Familienfreundliche DHH mit sonnigem Wohlfühlgarten,549.000 €,"82383 Hohenpeißenberg, Weilheim-Schongau (Kreis)
Die vollständige Adresse der Immobilie erhalten Sie vom Anbieter.",4,"115,71 m²","324,04 m²",4.745 €/m²,Doppelhaushälfte,nil,nil,3,nil,1 Garage,"2,98% Käuferprov. aus dem KP. inkl. 19% MwSt.","{'is24qa-gaeste-wc-label': '', 'is24qa-vermietet-label': ''}"
Denkmalgeschütztes Bauernhaus im Ortskern,980.000 €,"83559 Gars am Inn, Mühldorf am Inn (Kreis)
Die vollständige Adresse der Immobilie erhalten Sie vom Anbieter.",7,"380,01 m²","2.277,01 m²",2.579 €/m²,Bauernhaus,"510,01 m²",sofort,5,2,Garage,"2,38% inkl. MwSt.",{'is24qa-gaeste-wc-label': ''}
TOP gepflegtes 3 Familienhaus Nürnberg - Eberhardshof / Haus kaufen,699.000 €,"Eberhardshof, 90431 Nürnberg
Die vollständige Adresse der Immobilie erhalten Sie vom Anbieter.",9,206 m²,254 m²,3.393 €/m²,Mehrfamilienhaus,nil,* Vermietet,nil,nil,nil,"4,76 % (inkl. Umsatzsteuer), berechnet vom beurkundeten Kaufpreis",{}
Wohnhaus mit Einliegerwohnung in ruhiger Lage im Stadtbereich von Deggendorf; Neubeplanung möglich,475.000 €,"94469 Deggendorf, Deggendorf (Kreis)
Die vollständige Adresse der Immobilie erhalten Sie vom Anbieter.",5,155 m²,2.270 m²,3.065 €/m²,Einfamilienhaus (freistehend),40 m²,sofort,4,2,2 Garagen,"Käuferprovision beträgt 3,57 % (inkl. MwSt.) des beurkundeten Kaufpreises","{'is24qa-keller-label': '', 'is24qa-einliegerwohnung-label': ''}"
"Wohn- und Geschäftshaus mit Ausbaupotenzial in Bestlage von Arnbach, sonniger Balkon, Stellplätze",590.000 €,"85247 Schwabhausen, Dachau (Kreis)
Die vollständige Adresse der Immobilie erhalten Sie vom Anbieter.","5,5",0 m²,1.224 m²,nil,Mehrfamilienhaus,450 m²,nach Vereinbarung,3,2,nil,"4,76 % inkl. MwSt.",{'is24qa-gaeste-wc-label': ''}
Ihre Erholungsoase zum Entspannen und Kraft tanken,249.000 €,"97274 Leinach, Würzburg (Kreis)
Die vollständige Adresse der Immobilie erhalten Sie vom Anbieter.",3,80 m²,1.000 m²,3.113 €/m²,nil,nil,nil,nil,1,4 Stellplätze,3.57% inkl. 19% MwSt.,{'is24qa-keller-label': ''}
Highlight der gehobenen Klasse,940.000 €,"89346 Bibertal, Günzburg (Kreis)
Die vollständige Adresse der Immobilie erhalten Sie vom Anbieter.",7,"235,25 m²",876 m²,3.996 €/m²,Einfamilienhaus (freistehend),"122,65 m²",nil,6,2,2 Stellplätze,"3,57 % inkl. MwSt.","{'is24qa-gaeste-wc-label': '', 'is24qa-keller-label': ''}"
Grundsolides 3 Parteienhaus mit weiterem Potenzial,369.000 €,"97907 Hasloch, Main-Spessart (Kreis)
Die vollständige Adresse der Immobilie erhalten Sie vom Anbieter.",10,254 m²,0 m²,1.453 €/m²,nil,nil,nil,nil,nil,1 Stellplatz,3.57% inkl. 19% MwSt.,{'is24qa-keller-label': ''}
Hier lässt es sich gut leben!,690.000 €,"83395 Freilassing, Berchtesgadener Land (Kreis)
Die vollständige Adresse der Immobilie erhalten Sie vom Anbieter.",4,102 m²,356 m²,6.765 €/m²,Einfamilienhaus (freistehend),nil,nach Vereinbarung,4,2,2 Außenstellplätze,"3,57 % inkl. ges. MwSt.","{'is24qa-gaeste-wc-label': '', 'is24qa-keller-label': ''}"
"Mitten in Miesbach- sonnig, zentral, ruhig",1.300.000 €,"83714 Miesbach, Miesbach (Kreis)
Die vollständige Adresse der Immobilie erhalten Sie vom Anbieter.",6,160 m²,1.086 m²,8.125 €/m²,Einfamilienhaus (freistehend),15 m²,nil,4,2,4 Außenstellplätze,"2,98 % inkl. ges. MwSt.","{'is24qa-gaeste-wc-label': '', 'is24qa-keller-label': ''}"
Außergewönliches Schmankerl am Ammerseer Immobilienmarkt,2.950.000 €,"86938 Schondorf am Ammersee, Landsberg am Lech (Kreis)
Die vollständige Adresse der Immobilie erhalten Sie vom Anbieter.",12,500 m²,1.000 m²,5.900 €/m²,Wohnimmobilie (sonstige),150 m²,nach Vereinbarung,7,5,6 Garagen,"1,785%","{'is24qa-gaeste-wc-label': '', 'is24qa-keller-label': '', 'is24qa-stufenloser-zugang-label': '', 'is24qa-als-ferienhaus-geeignet-label': '', 'is24qa-einliegerwohnung-label': ''}"
Reihenmittelhaus in Nürnberg-Pillenreuth,390.000 €,"Kornburg, Worzeldorf, 90455 Nürnberg
Die vollständige Adresse der Immobilie erhalten Sie vom Anbieter.",5,122 m²,131 m²,3.197 €/m²,Reihenmittelhaus,nil,nil,nil,nil,1 Garage,"3,57 % inkl. ges. MwSt.","{'is24qa-gaeste-wc-label': '', 'is24qa-keller-label': ''}"
Schmuckstück in der Friedberger Altstadt,779.000 €,"86316 Friedberg, Aichach-Friedberg (Kreis)
Die vollständige Adresse der Immobilie erhalten Sie vom Anbieter.",7,260 m²,197 m²,2.996 €/m²,Einfamilienhaus (freistehend),nil,sofort,nil,nil,nil,"3,57 % inkl. ges. MwSt.","{'is24qa-gaeste-wc-label': '', 'is24qa-keller-label': ''}"
++CHARMANT-ELEGANT-MODERN++ Traumhaus in zentraler Lage von Moosach!,1.850.000 €,"Moosach-Bahnhof, 80992 München
Die vollständige Adresse der Immobilie erhalten Sie vom Anbieter.","5,5","170,76 m²",449 m²,10.834 €/m²,Doppelhaushälfte,"35,79 m²",Anfang 2025,4,3,1 Garage,Nein,"{'is24qa-keller-label': '', 'is24qa-provisionsfrei-fuer-kaufende-label': ''}"
DAS KLASSISCHE EINFAMILIENHAUS MIT OFFENER BAUWEISE,795.000 €,"86554 Pöttmes, Aichach-Friedberg (Kreis)
Die vollständige Adresse der Immobilie erhalten Sie vom Anbieter.",5,155 m²,610 m²,5.129 €/m²,Einfamilienhaus (freistehend),nil,nil,3,1,nil,Nein,"{'is24qa-gaeste-wc-label': '', 'is24qa-provisionsfrei-fuer-kaufende-label': ''}"
"DESIGN-HIGHLIGHT FÜR ALLE, DIE ES AUSSERGEWÖHNLICH LIEBE",1.495.900 €,"86494 Emersacker, Augsburg (Kreis)
Die vollständige Adresse der Immobilie erhalten Sie vom Anbieter.",6,320 m²,600 m²,4.675 €/m²,nil,nil,nil,4,3,nil,nil,{'is24qa-gaeste-wc-label': ''}
weitläufiger Bungalow - exklusives Wohnen auf einer Ebene,1.059.000 €,"86316 Friedberg, Aichach-Friedberg (Kreis)
Die vollständige Adresse der Immobilie erhalten Sie vom Anbieter.",6,"161,69 m²",900 m²,6.550 €/m²,Bungalow,nil,nil,3,2,nil,nil,"{'is24qa-gaeste-wc-label': '', 'is24qa-stufenloser-zugang-label': ''}"
Bungalow - Tiny Single Bungalow -,625.000 €,"86316 Friedberg, Aichach-Friedberg (Kreis)
Die vollständige Adresse der Immobilie erhalten Sie vom Anbieter.",1,"73,02 m²",220 m²,8.559 €/m²,Bungalow,nil,nil,1,1,nil,nil,{}
Optischer Blickfang mit echtem Mehrwert,855.000 €,"86576 Schiltberg, Aichach-Friedberg (Kreis)
Die vollständige Adresse der Immobilie erhalten Sie vom Anbieter.",4,"120,31 m²",800 m²,7.107 €/m²,Bungalow,nil,nil,2,1,nil,nil,{'is24qa-gaeste-wc-label': ''}
Maximaler Wohnkomfort auf einer Ebene,1.300.000 €,"86316 Friedberg, Aichach-Friedberg (Kreis)
Die vollständige Adresse der Immobilie erhalten Sie vom Anbieter.",5,"168,22 m²",0 m²,7.728 €/m²,Bungalow,nil,nil,3,2,nil,nil,{'is24qa-einliegerwohnung-label': ''}
Maximaler Wohnkomfort auf einer Ebene,1.350.000 €,"86551 Aichach, Aichach-Friedberg (Kreis)
Die vollständige Adresse der Immobilie erhalten Sie vom Anbieter.",5,"168,22 m²",1.400 m²,8.025 €/m²,Bungalow,nil,nil,3,2,nil,nil,"{'is24qa-gaeste-wc-label': '', 'is24qa-einliegerwohnung-label': ''}"
Raumwunder der Extraklasse,1.100.000 €,"86447 Aindling, Aichach-Friedberg (Kreis)
Die vollständige Adresse der Immobilie erhalten Sie vom Anbieter.",5,"149,86 m²",950 m²,7.340 €/m²,Bungalow,nil,nil,3,2,nil,nil,{'is24qa-gaeste-wc-label': ''}
MODERNER BUNGALOW ZUR FREIEN ENTFALTUNG,1.159.000 €,"86316 Friedberg, Aichach-Friedberg (Kreis)
Die vollständige Adresse der Immobilie erhalten Sie vom Anbieter.",3,149 m²,600 m²,7.779 €/m²,Bungalow,nil,nil,4,2,nil,nil,"{'is24qa-gaeste-wc-label': '', 'is24qa-stufenloser-zugang-label': ''}"
KLASSISCH - PRAKTISCH - BUNGALOW,825.000 €,"86576 Schiltberg, Aichach-Friedberg (Kreis)
Die vollständige Adresse der Immobilie erhalten Sie vom Anbieter.",3,118 m²,800 m²,6.992 €/m²,Bungalow,nil,nil,2,1,nil,nil,{'is24qa-gaeste-wc-label': ''}
KLASSISCH - PRAKTISCH - BUNGALOW,900.000 €,"86316 Friedberg, Aichach-Friedberg (Kreis)
Die vollständige Adresse der Immobilie erhalten Sie vom Anbieter.",3,118 m²,925 m²,7.627 €/m²,Bungalow,nil,nil,2,1,nil,nil,"{'is24qa-gaeste-wc-label': '', 'is24qa-stufenloser-zugang-label': ''}"
WALMDACH MEETS BUNGALOW,865.000 €,"86551 Aichach, Aichach-Friedberg (Kreis)
Die vollständige Adresse der Immobilie erhalten Sie vom Anbieter.",3,106 m²,600 m²,8.160 €/m²,Bungalow,nil,nil,2,1,nil,nil,"{'is24qa-gaeste-wc-label': '', 'is24qa-stufenloser-zugang-label': ''}"
KLASSISCHER BUNGALOW - NEU INTERPRETIERT,850.000 €,"86551 Aichach, Aichach-Friedberg (Kreis)
Die vollständige Adresse der Immobilie erhalten Sie vom Anbieter.",3,106 m²,700 m²,8.019 €/m²,Bungalow,nil,nil,2,1,nil,nil,"{'is24qa-gaeste-wc-label': '', 'is24qa-stufenloser-zugang-label': ''}"
"DESIGN-HIGHLIGHT FÜR ALLE, DIE ES AUSSERGEWÖHNLICH LIEBE",3.300.000 €,"86559 Adelzhausen, Aichach-Friedberg (Kreis)
Die vollständige Adresse der Immobilie erhalten Sie vom Anbieter.",6,320 m²,2.500 m²,10.313 €/m²,nil,nil,nil,4,3,2 Carports,nil,{'is24qa-gaeste-wc-label': ''}
EIN STATTLICHES BAUHAUS MIT PERSPEKTIVE,1.190.000 €,"86559 Adelzhausen, Aichach-Friedberg (Kreis)
Die vollständige Adresse der Immobilie erhalten Sie vom Anbieter.",6,172 m²,600 m²,6.919 €/m²,Einfamilienhaus (freistehend),nil,nil,3,1,nil,nil,{}
EINFAMILIENHAUS MIT INTEGRIERTEM CARPORT,1.195.000 €,"86316 Friedberg, Aichach-Friedberg (Kreis)
Die vollständige Adresse der Immobilie erhalten Sie vom Anbieter.",6,255 m²,550 m²,4.686 €/m²,Einfamilienhaus (freistehend),nil,nil,4,2,1 Carport,nil,"{'is24qa-gaeste-wc-label': '', 'is24qa-vermietet-label': ''}"
BAUHAUS-STIL TRIFFT MODERNE,999.000 €,"86570 Inchenhofen, Aichach-Friedberg (Kreis)
Die vollständige Adresse der Immobilie erhalten Sie vom Anbieter.",5,"178,45 m²",800 m²,5.598 €/m²,Einfamilienhaus (freistehend),nil,nil,3,2,1 Carport,nil,{'is24qa-gaeste-wc-label': ''}
EIN BAUHAUS MIT VIELEN WOHNLICHEN PLUSPUNKTEN,1.290.000 €,"86316 Inchenhofen, Aichach-Friedberg (Kreis)
Die vollständige Adresse der Immobilie erhalten Sie vom Anbieter.",6,"206,64 m²",800 m²,6.243 €/m²,Einfamilienhaus (freistehend),nil,nil,3,2,nil,nil,{}
GERADLINIGKEIT PERFEKT UMGESETZT,1.349.000 €,"86316 Friedberg, Aichach-Friedberg (Kreis)
Die vollständige Adresse der Immobilie erhalten Sie vom Anbieter.",6,"216,3 m²",790 m²,6.237 €/m²,Einfamilienhaus (freistehend),nil,nil,4,2,nil,nil,{}
BAUHAUS-ARCHITEKTUR IN OKAL-DESIGN,990.000 €,"86316 Friedberg, Aichach-Friedberg (Kreis)
Die vollständige Adresse der Immobilie erhalten Sie vom Anbieter.",5,"183,12 m²",600 m²,5.406 €/m²,Einfamilienhaus (freistehend),nil,nil,3,2,nil,nil,"{'is24qa-gaeste-wc-label': '', 'is24qa-einliegerwohnung-label': ''}"
BAUHAUS-ARCHITEKTUR MEETS WOHNKOMFORT,1.349.000 €,"86316 Friedberg, Aichach-Friedberg (Kreis)
Die vollständige Adresse der Immobilie erhalten Sie vom Anbieter.",8,"145,66 m²",1.000 m²,9.261 €/m²,Einfamilienhaus (freistehend),nil,nil,3,1,nil,nil,{'is24qa-gaeste-wc-label': ''}
EIN­FA­MI­LI­EN­HAUS MIT BESONDERER ARCHITEKTUR,1.499.000 €,"86316 Friedberg, Aichach-Friedberg (Kreis)
Die vollständige Adresse der Immobilie erhalten Sie vom Anbieter.",8,"145,66 m²",1.500 m²,10.291 €/m²,Einfamilienhaus (freistehend),nil,nil,3,1,nil,nil,{'is24qa-gaeste-wc-label': ''}
EIN GROSSES BAUHAUS AUF KLEINEM RAU,899.000 €,"86574 Petersdorf, Aichach-Friedberg (Kreis)
Die vollständige Adresse der Immobilie erhalten Sie vom Anbieter.",8,"134,29 m²",840 m²,6.694 €/m²,Einfamilienhaus (freistehend),nil,nil,3,1,nil,nil,{'is24qa-gaeste-wc-label': ''}
BAUHAUS-STIL MIT VERSATZ,1.200.000 €,"86316 Friedberg, Aichach-Friedberg (Kreis)
Die vollständige Adresse der Immobilie erhalten Sie vom Anbieter.",8,"152,5 m²",720 m²,7.869 €/m²,Einfamilienhaus (freistehend),nil,nil,2,2,nil,nil,{'is24qa-gaeste-wc-label': ''}
EIN ZUHAUSE MIT GRENZENLOSEN MÖGLICHKEITEN,910.000 €,"86316 Friedberg, Aichach-Friedberg (Kreis)
Die vollständige Adresse der Immobilie erhalten Sie vom Anbieter.",5,"161,59 m²",600 m²,5.632 €/m²,Einfamilienhaus (freistehend),nil,nil,4,2,nil,Nein,"{'is24qa-gaeste-wc-label': '', 'is24qa-provisionsfrei-fuer-kaufende-label': ''}"
TÜR AN TÜR IM DOPPELHAUS,1.265.000 €,"86316 Friedberg, Aichach-Friedberg (Kreis)
Die vollständige Adresse der Immobilie erhalten Sie vom Anbieter.",5,"221,93 m²",960 m²,5.700 €/m²,Einfamilienhaus (freistehend),nil,nil,4,2,nil,Nein,"{'is24qa-gaeste-wc-label': '', 'is24qa-einliegerwohnung-label': '', 'is24qa-provisionsfrei-fuer-kaufende-label': ''}"
DH Mit ELW in Waldenbuch,1.650.500 €,"86316 Friedberg, Aichach-Friedberg (Kreis)
Die vollständige Adresse der Immobilie erhalten Sie vom Anbieter.",10,180 m²,768 m²,9.169 €/m²,Mehrfamilienhaus,nil,nil,6,2,nil,nil,"{'is24qa-gaeste-wc-label': '', 'is24qa-als-ferienhaus-geeignet-label': ''}"
WOHNEN MIT FLAIR,1.495.500 €,"86453 Dasing, Aichach-Friedberg (Kreis)
Die vollständige Adresse der Immobilie erhalten Sie vom Anbieter.",8,232 m²,680 m²,6.446 €/m²,Mehrfamilienhaus,nil,nil,6,2,nil,nil,"{'is24qa-gaeste-wc-label': '', 'is24qa-keller-label': ''}"
WOHNEN XL - FÜR DIE GANZE FAMILIE,995.500 €,"86576 Schiltberg, Aichach-Friedberg (Kreis)
Die vollständige Adresse der Immobilie erhalten Sie vom Anbieter.",8,238 m²,815 m²,4.183 €/m²,Mehrfamilienhaus,nil,nil,6,2,nil,nil,{'is24qa-gaeste-wc-label': ''}
Generationen - Wohnen,1.045.500 €,"86574 Petersdorf, Aichach-Friedberg (Kreis)
Die vollständige Adresse der Immobilie erhalten Sie vom Anbieter.",8,235 m²,822 m²,4.449 €/m²,Mehrfamilienhaus,nil,nil,6,2,nil,nil,{'is24qa-gaeste-wc-label': ''}
UNSER 2-GE­NE­RA­TIO­NEN-HAUS: BESONDERER KOMFORT FÜR BESONDERE ANSPRÜCHE,1.015.500 €,"86576 Schiltberg, Aichach-Friedberg (Kreis)
Die vollständige Adresse der Immobilie erhalten Sie vom Anbieter.",8,"186,38 m²",805 m²,5.449 €/m²,Mehrfamilienhaus,nil,nil,4,2,nil,nil,{'is24qa-stufenloser-zugang-label': ''}
KLASSISCHES MEHR­GE­NE­RA­TIO­NEN­HAUS MIT PRAKTISCHER AUFTEILUNG,1.325.500 €,"86316 Friedberg, Aichach-Friedberg (Kreis)
Die vollständige Adresse der Immobilie erhalten Sie vom Anbieter.",8,"182,86 m²",1.050 m²,7.249 €/m²,Mehrfamilienhaus,nil,nil,4,2,nil,nil,{}
IDEAL FÜR KAPITALANLEGER,1.085.000 €,"86570 Inchenhofen, Aichach-Friedberg (Kreis)
Die vollständige Adresse der Immobilie erhalten Sie vom Anbieter.",8,"250,23 m²",803 m²,4.336 €/m²,Mehrfamilienhaus,nil,nil,4,3,nil,nil,"{'is24qa-gaeste-wc-label': '', 'is24qa-einliegerwohnung-label': ''}"
EIN STADTHAUS MIT ZAHLREICHEN HIGHLIGHTS.,1.198.000 €,"86438 Kissing, Aichach-Friedberg (Kreis)
Die vollständige Adresse der Immobilie erhalten Sie vom Anbieter.",8,"226,13 m²",746 m²,5.298 €/m²,Mehrfamilienhaus,nil,nil,6,2,nil,nil,{}
"EIN HAUS, ZWEI EINHEITEN",1.390.000 €,"86316 Friedberg, Aichach-Friedberg (Kreis)
Die vollständige Adresse der Immobilie erhalten Sie vom Anbieter.",8,"226,13 m²",801 m²,6.147 €/m²,Mehrfamilienhaus,nil,nil,6,2,nil,nil,{'is24qa-gaeste-wc-label': ''}
"Ein Haus, das keine Wünsche offen lässt",1.900.000 €,"86556 Kühbach, Aichach-Friedberg (Kreis)
Die vollständige Adresse der Immobilie erhalten Sie vom Anbieter.",13,379 m²,1.950 m²,5.013 €/m²,Einfamilienhaus (freistehend),316 m²,nil,4,3,nil,Nein,"{'is24qa-gaeste-wc-label': '', 'is24qa-provisionsfrei-fuer-kaufende-label': ''}"
STADTVILLA MIT SÜD­STAA­TEN­FLAIR,1.750.000 €,"86551 Aichach, Aichach-Friedberg (Kreis)
Die vollständige Adresse der Immobilie erhalten Sie vom Anbieter.",11,301 m²,1.250 m²,5.814 €/m²,Einfamilienhaus (freistehend),277 m²,nil,4,3,nil,Nein,"{'is24qa-gaeste-wc-label': '', 'is24qa-provisionsfrei-fuer-kaufende-label': ''}"
Ein Raumwunder der besonderen Art.,975.500 €,"86570 Inchenhofen, Aichach-Friedberg (Kreis)
Die vollständige Adresse der Immobilie erhalten Sie vom Anbieter.",5,"203,81 m²",795 m²,4.786 €/m²,Einfamilienhaus (freistehend),173 m²,nil,4,2,nil,Nein,"{'is24qa-gaeste-wc-label': '', 'is24qa-provisionsfrei-fuer-kaufende-label': ''}"
"Modernes Ambiente, vielfältige Möglichkeiten",995.500 €,"86316 Friedberg, Aichach-Friedberg (Kreis)
Die vollständige Adresse der Immobilie erhalten Sie vom Anbieter.",5,"203,81 m²",554 m²,4.884 €/m²,Einfamilienhaus (freistehend),nil,nil,4,2,nil,Nein,"{'is24qa-gaeste-wc-label': '', 'is24qa-provisionsfrei-fuer-kaufende-label': ''}"
"Viel Licht, viel Raum, hoher Wohnkomfort",1.045.000 €,"86438 Kissing, Aichach-Friedberg (Kreis)
Die vollständige Adresse der Immobilie erhalten Sie vom Anbieter.",10,187 m²,736 m²,5.588 €/m²,Einfamilienhaus (freistehend),165 m²,nil,4,2,nil,Nein,"{'is24qa-gaeste-wc-label': '', 'is24qa-provisionsfrei-fuer-kaufende-label': ''}"
"VIEL PLATZ FÜR FAMILIE, HOBBYS UND FREUNDE",1.185.000 €,"86551 Aichach, Aichach-Friedberg (Kreis)
Die vollständige Adresse der Immobilie erhalten Sie vom Anbieter.",6,188 m²,800 m²,6.303 €/m²,Einfamilienhaus (freistehend),nil,nil,4,2,nil,Nein,"{'is24qa-gaeste-wc-label': '', 'is24qa-provisionsfrei-fuer-kaufende-label': ''}"
ELEGANTS UND KOMFORT IN VOLLENDUNG!,890.000 €,"86568 Hollenbach, Aichach-Friedberg (Kreis)
Die vollständige Adresse der Immobilie erhalten Sie vom Anbieter.",5,178 m²,520 m²,5.000 €/m²,Einfamilienhaus (freistehend),nil,nil,3,2,1 Carport,nil,{'is24qa-gaeste-wc-label': ''}
ELEGANTES RAUMWUNDER,915.000 €,"86510 Ried, Aichach-Friedberg (Kreis)
Die vollständige Adresse der Immobilie erhalten Sie vom Anbieter.",6,187 m²,595 m²,4.893 €/m²,Einfamilienhaus (freistehend),nil,nil,3,2,nil,nil,{'is24qa-gaeste-wc-label': ''}
GEHOBHENER WOHNKOMFORT AUF GROSSER FLÄCHE,920.500 €,"86447 Aindling, Aichach-Friedberg (Kreis)
Die vollständige Adresse der Immobilie erhalten Sie vom Anbieter.",5,201 m²,995 m²,4.580 €/m²,Einfamilienhaus (freistehend),nil,nil,3,1,nil,nil,{'is24qa-gaeste-wc-label': ''}
RELAXTES WOHNEN IM MODERNEN AMBIENTE,925.500 €,"86551 Aichach, Aichach-Friedberg (Kreis)
Die vollständige Adresse der Immobilie erhalten Sie vom Anbieter.",6,"144,81 m²",600 m²,6.391 €/m²,Einfamilienhaus (freistehend),nil,nil,3,2,nil,nil,{'is24qa-gaeste-wc-label': ''}
WO INNEN UND AUSSEN VERSCHMELZEN,875.500 €,"86316 Friedberg, Aichach-Friedberg (Kreis)
Die vollständige Adresse der Immobilie erhalten Sie vom Anbieter.",6,"144,81 m²",380 m²,6.046 €/m²,Einfamilienhaus (freistehend),nil,nil,3,2,nil,nil,{'is24qa-gaeste-wc-label': ''}
Ein Haus mit vielen Lieblingsplätzen,890.000 €,"86316 Friedberg, Aichach-Friedberg (Kreis)
Die vollständige Adresse der Immobilie erhalten Sie vom Anbieter.",5,154 m²,415 m²,5.779 €/m²,Einfamilienhaus (freistehend),nil,nil,3,1,nil,nil,{'is24qa-gaeste-wc-label': ''}
WOHNLICHE STADTVILLA MIT KLAREN FORMEN,845.000 €,"86551 Aichach, Aichach-Friedberg (Kreis)
Die vollständige Adresse der Immobilie erhalten Sie vom Anbieter.",4,"124,77 m²",700 m²,6.772 €/m²,Einfamilienhaus (freistehend),nil,nil,nil,nil,nil,nil,{'is24qa-gaeste-wc-label': ''}
SACHLICHES EIN­FA­MI­LI­EN­HAUS GEPAART MIT NÜTZLICHER FUNKTIONALITÄT,1.495.000 €,"86559 Adelzhausen, Aichach-Friedberg (Kreis)
Die vollständige Adresse der Immobilie erhalten Sie vom Anbieter.",4,"124,77 m²",1.103 m²,11.982 €/m²,Einfamilienhaus (freistehend),nil,nil,nil,nil,nil,nil,{'is24qa-gaeste-wc-label': ''}
MODERNES WOHNHAUS MIT ELEGANTEM WALMDACH,795.000 €,"86574 Petersdorf, Aichach-Friedberg (Kreis)
Die vollständige Adresse der Immobilie erhalten Sie vom Anbieter.",4,"154,89 m²",800 m²,5.133 €/m²,Einfamilienhaus (freistehend),nil,nil,3,1,nil,nil,{'is24qa-gaeste-wc-label': ''}
Bungalow - Tiny Single Bungalow -,1.150.000 €,"86316 Friedberg, Aichach-Friedberg (Kreis)
Die vollständige Adresse der Immobilie erhalten Sie vom Anbieter.",5,"73,02 m²",1.500 m²,15.749 €/m²,Bungalow,nil,nil,1,1,nil,nil,{}
UNSERE STADTVILLA - EIN RÜCKZUGSORT FÜR DIE GANZE FAMILIE,790.000 €,"86570 Inchenhofen, Aichach-Friedberg (Kreis)
Die vollständige Adresse der Immobilie erhalten Sie vom Anbieter.",4,"154,89 m²",525 m²,5.100 €/m²,Einfamilienhaus (freistehend),nil,nil,3,1,nil,nil,{'is24qa-gaeste-wc-label': ''}
PULTDACHHAUS FÜR INDIVDUALISTEN,1.350.000 €,"86447 Aindling, Aichach-Friedberg (Kreis)
Die vollständige Adresse der Immobilie erhalten Sie vom Anbieter.",4,213 m²,955 m²,6.338 €/m²,nil,nil,nil,3,1,nil,nil,{'is24qa-gaeste-wc-label': ''}
LUXURIÖSES HAUS MIT VIEL LICHT,1.120.000 €,"86316 Friedberg, Aichach-Friedberg (Kreis)
Die vollständige Adresse der Immobilie erhalten Sie vom Anbieter.",5,172 m²,625 m²,6.512 €/m²,Einfamilienhaus (freistehend),nil,nil,3,1,nil,nil,{'is24qa-gaeste-wc-label': ''}
EIN HAUS MIT PULTDACH - INKLUSIVE SITZFENSTER XL!,1.185.000 €,"86576 Schiltberg, Aichach-Friedberg (Kreis)
Die vollständige Adresse der Immobilie erhalten Sie vom Anbieter.",6,182 m²,1.100 m²,6.511 €/m²,Einfamilienhaus (freistehend),nil,nil,3,1,nil,nil,{'is24qa-gaeste-wc-label': ''}
WOHNEN MIT LOFTCHARAKTER,865.000 €,"86576 Schiltberg, Aichach-Friedberg (Kreis)
Die vollständige Adresse der Immobilie erhalten Sie vom Anbieter.",5,145 m²,0 m²,5.966 €/m²,Einfamilienhaus (freistehend),nil,nil,3,1,nil,nil,{'is24qa-gaeste-wc-label': ''}
EINFAMILIENHAUS MIT VERSETZTEM PULTDACH,925.000 €,"86316 Friedberg, Aichach-Friedberg (Kreis)
Die vollständige Adresse der Immobilie erhalten Sie vom Anbieter.","6,5","161,52 m²",900 m²,5.727 €/m²,Einfamilienhaus (freistehend),nil,nil,4,1,nil,nil,{}
EIN TERSSENHAUS DER EXTRAKLASSE,1.665.000 €,"86316 Friedberg, Aichach-Friedberg (Kreis)
Die vollständige Adresse der Immobilie erhalten Sie vom Anbieter.",6,"323,59 m²",1.100 m²,5.145 €/m²,Besondere Immobilie,"33,54 m²",nil,3,3,nil,nil,{'is24qa-gaeste-wc-label': ''}
WOHNEN IM MARITIMEN FLAIR,1.175.000 €,"86316 Friedberg, Aichach-Friedberg (Kreis)
Die vollständige Adresse der Immobilie erhalten Sie vom Anbieter.",6,"193,78 m²",725 m²,6.064 €/m²,Einfamilienhaus (freistehend),"33,54 m²",nil,4,3,nil,nil,{'is24qa-gaeste-wc-label': ''}
EIN HAUS VON SEINER SCHÖNSTEN SEITE,960.000 €,"86570 Inchenhofen, Aichach-Friedberg (Kreis)
Die vollständige Adresse der Immobilie erhalten Sie vom Anbieter.",6,"185,58 m²",800 m²,5.173 €/m²,Einfamilienhaus (freistehend),nil,nil,3,2,nil,nil,{'is24qa-gaeste-wc-label': ''}
WOHNEN AUF EINER EBENE - EIN BUNGALOW,1.050.000 €,"86551 Aichach, Aichach-Friedberg (Kreis)
Die vollständige Adresse der Immobilie erhalten Sie vom Anbieter.",6,"145,23 m²",750 m²,7.230 €/m²,Bungalow,nil,nil,3,1,nil,nil,{'is24qa-gaeste-wc-label': ''}
EIN HAUS ZUM SONNE GENIESSEN!,1.050.000 €,"86438 Kissing, Aichach-Friedberg (Kreis)
Die vollständige Adresse der Immobilie erhalten Sie vom Anbieter.",5,"177,53 m²",745 m²,5.914 €/m²,Einfamilienhaus (freistehend),"37,78 m²",nil,3,1,2 Garagen,nil,{'is24qa-gaeste-wc-label': ''}
Moderm - effizient- grußzügig,1.299.000 €,"86316 Friedberg, Aichach-Friedberg (Kreis)
Die vollständige Adresse der Immobilie erhalten Sie vom Anbieter.",5,"211,76 m²",800 m²,6.134 €/m²,nil,nil,nil,3,2,nil,nil,{'is24qa-gaeste-wc-label': ''}
BAUEN MIT WEITSICHT,1.680.000 €,"86551 Aichach, Aichach-Friedberg (Kreis)
Die vollständige Adresse der Immobilie erhalten Sie vom Anbieter.","6,5","235,29 m²",600 m²,7.140 €/m²,Einfamilienhaus (freistehend),"55,71 m²",nil,4,1,nil,nil,{'is24qa-gaeste-wc-label': ''}
Viel Raum - viel Licht: Argumente die überzeugen,935.000 €,"86316 Friedberg, Aichach-Friedberg (Kreis)
Die vollständige Adresse der Immobilie erhalten Sie vom Anbieter.",6,"198,02 m²",600 m²,4.722 €/m²,Einfamilienhaus (freistehend),nil,nil,3,2,nil,nil,{'is24qa-gaeste-wc-label': ''}
BAUHAUS-STIL MIT VERSATZ,850.000 €,"86494 Emersacker, Augsburg (Kreis)
Die vollständige Adresse der Immobilie erhalten Sie vom Anbieter.",8,"152,5 m²",550 m²,5.574 €/m²,Einfamilienhaus (freistehend),nil,nil,2,1,nil,nil,{}
ZWEI IN EINEM,1.050.000 €,"86570 Inchenhofen, Aichach-Friedberg (Kreis)
Die vollständige Adresse der Immobilie erhalten Sie vom Anbieter.",6,"242,15 m²",800 m²,4.336 €/m²,Mehrfamilienhaus,nil,nil,5,2,nil,nil,"{'is24qa-gaeste-wc-label': '', 'is24qa-als-ferienhaus-geeignet-label': ''}"
Darf es etwas mehr sein?,1.275.000 €,"86450 Altenmünster, Augsburg (Kreis)
Die vollständige Adresse der Immobilie erhalten Sie vom Anbieter.",7,"255,01 m²",1.450 m²,5.000 €/m²,Mehrfamilienhaus,"7,44 m²",nil,4,2,nil,nil,"{'is24qa-gaeste-wc-label': '', 'is24qa-einliegerwohnung-label': ''}"
Freiraum pur!,1.150.000 €,"86559 Adelzhausen, Aichach-Friedberg (Kreis)
Die vollständige Adresse der Immobilie erhalten Sie vom Anbieter.",6,"234,74 m²",650 m²,4.899 €/m²,Einfamilienhaus (freistehend),"11,2 m²",nil,4,2,nil,nil,{'is24qa-gaeste-wc-label': ''}
Viel Raum unter einem Dach.,1.040.000 €,"86574 Petersdorf, Aichach-Friedberg (Kreis)
Die vollständige Adresse der Immobilie erhalten Sie vom Anbieter.",6,"225,25 m²",800 m²,4.617 €/m²,Mehrfamilienhaus,"10,77 m²",nil,4,2,nil,nil,"{'is24qa-gaeste-wc-label': '', 'is24qa-stufenloser-zugang-label': '', 'is24qa-einliegerwohnung-label': ''}"
Ein Haus der vielen Möglichkeiten,995.000 €,"86570 Inchenhofen, Aichach-Friedberg (Kreis)
Die vollständige Adresse der Immobilie erhalten Sie vom Anbieter.",5,"244,54 m²",550 m²,4.069 €/m²,Einfamilienhaus (freistehend),"12,96 m²",nil,3,2,nil,nil,{'is24qa-gaeste-wc-label': ''}
Der etwas andere Bungalow,1.025.000 €,"86447 Aindling, Aichach-Friedberg (Kreis)
Die vollständige Adresse der Immobilie erhalten Sie vom Anbieter.",3,"126,73 m²",955 m²,8.088 €/m²,Bungalow,"7,1 m²",nil,2,1,nil,nil,"{'is24qa-gaeste-wc-label': '', 'is24qa-als-ferienhaus-geeignet-label': ''}"
Ein Haus - viele Optionen!,1.444.000 €,"86576 Pöttmes, Aichach-Friedberg (Kreis)
Die vollständige Adresse der Immobilie erhalten Sie vom Anbieter.",8,"280,87 m²",900 m²,5.141 €/m²,Einfamilienhaus (freistehend),nil,nil,6,3,nil,nil,"{'is24qa-gaeste-wc-label': '', 'is24qa-einliegerwohnung-label': ''}"
Antike trifft Moderne: Wohnen mit Mittelpunkt,1.565.000 €,"86316 Friedberg, Aichach-Friedberg (Kreis)
Die vollständige Adresse der Immobilie erhalten Sie vom Anbieter.",5,"265,49 m²",1.000 m²,5.895 €/m²,Einfamilienhaus (freistehend),nil,nil,3,2,2 Garagen,nil,{'is24qa-gaeste-wc-label': ''}
Designhaus im Berg -elegant durchdacht-,1.080.000 €,"86576 Schiltberg, Aichach-Friedberg (Kreis)
Die vollständige Adresse der Immobilie erhalten Sie vom Anbieter.",9,164 m²,800 m²,6.585 €/m²,Einfamilienhaus (freistehend),221 m²,nil,3,2,1 Garage,Nein,"{'is24qa-gaeste-wc-label': '', 'is24qa-keller-label': '', 'is24qa-provisionsfrei-fuer-kaufende-label': ''}"
HÖCHSTER WOHNKOMFORT IN DEINEM EINFAMILIENHAUS,980.000 €,"86570 Inchenhofen, Aichach-Friedberg (Kreis)
Die vollständige Adresse der Immobilie erhalten Sie vom Anbieter.",5,235 m²,800 m²,4.170 €/m²,Einfamilienhaus (freistehend),nil,nil,3,1,nil,Nein,"{'is24qa-gaeste-wc-label': '', 'is24qa-provisionsfrei-fuer-kaufende-label': ''}"
DAS LANDHAUS MIT BESONDEREM FLAIR,1.600.000 €,"86316 Friedberg, Aichach-Friedberg (Kreis)
Die vollständige Adresse der Immobilie erhalten Sie vom Anbieter.",5,"309,04 m²",1.500 m²,5.177 €/m²,Einfamilienhaus (freistehend),nil,nil,3,2,2 Carports,Nein,"{'is24qa-gaeste-wc-label': '', 'is24qa-provisionsfrei-fuer-kaufende-label': ''}"
DAS EINFAMILIENHAUS FÜR INDIVIDUALISTEN,1.690.000 €,"86559 Adelzhausen, Aichach-Friedberg (Kreis)
Die vollständige Adresse der Immobilie erhalten Sie vom Anbieter.",6,206 m²,1.000 m²,8.204 €/m²,Einfamilienhaus (freistehend),3 m²,nil,4,2,nil,Nein,"{'is24qa-gaeste-wc-label': '', 'is24qa-provisionsfrei-fuer-kaufende-label': ''}"
EIN HAUS FÜR BESONDERE GEGEBENHEITEN AM BERG,1.500.000 €,"86559 Adelzhausen, Aichach-Friedberg (Kreis)
Die vollständige Adresse der Immobilie erhalten Sie vom Anbieter.",5,183 m²,1.100 m²,8.197 €/m²,Einfamilienhaus (freistehend),nil,nil,3,2,nil,Nein,"{'is24qa-gaeste-wc-label': '', 'is24qa-keller-label': '', 'is24qa-provisionsfrei-fuer-kaufende-label': ''}"
AUFFÄLLIGES DESIGNHAUS MIT DURCHDACHTEM WOHNKONZEPT,1.395.000 €,"86316 Friedberg, Aichach-Friedberg (Kreis)
Die vollständige Adresse der Immobilie erhalten Sie vom Anbieter.",5,177 m²,755 m²,7.881 €/m²,Einfamilienhaus (freistehend),nil,nil,3,1,nil,Nein,"{'is24qa-gaeste-wc-label': '', 'is24qa-provisionsfrei-fuer-kaufende-label': ''}"
Hier bleiben keine Wünsche offen,875.500 €,"86551 Aichach, Aichach-Friedberg (Kreis)
Die vollständige Adresse der Immobilie erhalten Sie vom Anbieter.",5,"193,77 m²",600 m²,4.518 €/m²,Doppelhaushälfte,"88,69 m²",nil,3,2,nil,nil,{'is24qa-gaeste-wc-label': ''}
"Durchdacht, gemütlich und elegant",835.000 €,"86453 Dasing, Aichach-Friedberg (Kreis)
Die vollständige Adresse der Immobilie erhalten Sie vom Anbieter.",5,"141,81 m²",340 m²,5.888 €/m²,Doppelhaushälfte,"61,28 m²",nil,3,1,nil,nil,"{'is24qa-gaeste-wc-label': '', 'is24qa-keller-label': ''}"
EIN ARCHITEKTONISCH AUSGEREIFTES UND FUNKTIONELLES HAUS,1.350.000 €,"86453 Dasing, Aichach-Friedberg (Kreis)
Die vollständige Adresse der Immobilie erhalten Sie vom Anbieter.",5,174 m²,650 m²,7.759 €/m²,Einfamilienhaus (freistehend),nil,nil,4,1,nil,Nein,"{'is24qa-gaeste-wc-label': '', 'is24qa-keller-label': '', 'is24qa-provisionsfrei-fuer-kaufende-label': ''}"
EIN HAUS IN VOLLENDETER PERFEKTION,1.150.000 €,"86316 Friedberg, Aichach-Friedberg (Kreis)
Die vollständige Adresse der Immobilie erhalten Sie vom Anbieter.",5,181 m²,715 m²,6.354 €/m²,Einfamilienhaus (freistehend),nil,nil,4,1,nil,Nein,"{'is24qa-gaeste-wc-label': '', 'is24qa-provisionsfrei-fuer-kaufende-label': ''}"
HELL UND FREUNDLICH - EIN HAUS ZUM VERLIEBEN,1.125.000 €,"86447 Aindling, Aichach-Friedberg (Kreis)
Die vollständige Adresse der Immobilie erhalten Sie vom Anbieter.",5,187 m²,950 m²,6.016 €/m²,Einfamilienhaus (freistehend),nil,nil,4,2,1 Carport,Nein,"{'is24qa-gaeste-wc-label': '', 'is24qa-provisionsfrei-fuer-kaufende-label': ''}"
"Ein Haus, zahlreiche Optionen",745.000 €,"86447 Aindling, Aichach-Friedberg (Kreis)
Die vollständige Adresse der Immobilie erhalten Sie vom Anbieter.",5,"143,72 m²",475 m²,5.184 €/m²,Doppelhaushälfte,"57,25 m²",nil,3,1,nil,nil,{'is24qa-gaeste-wc-label': ''}
KINDERFREUNDLICHES EINFAMILIENHAUS MIT FLAIR,1.149.000 €,"86551 Aichach, Aichach-Friedberg (Kreis)
Die vollständige Adresse der Immobilie erhalten Sie vom Anbieter.",5,190 m²,750 m²,6.047 €/m²,Einfamilienhaus (freistehend),nil,nil,5,3,1 Carport,Nein,"{'is24qa-gaeste-wc-label': '', 'is24qa-provisionsfrei-fuer-kaufende-label': ''}"
"EIN HAUS, DAS MIT FUNKTIONALITÄT ÜBERZEUGT",1.055.000 €,"86554 Pöttmes, Aichach-Friedberg (Kreis)
Die vollständige Adresse der Immobilie erhalten Sie vom Anbieter.",5,189 m²,600 m²,5.582 €/m²,Einfamilienhaus (freistehend),nil,nil,4,2,1 Carport,Nein,"{'is24qa-gaeste-wc-label': '', 'is24qa-provisionsfrei-fuer-kaufende-label': ''}"
FLEXIBLES DESIGNHAUS MIT FLAIR,1.090.000 €,"86438 Kissing, Aichach-Friedberg (Kreis)
Die vollständige Adresse der Immobilie erhalten Sie vom Anbieter.",5,223 m²,725 m²,4.888 €/m²,Einfamilienhaus (freistehend),nil,nil,4,2,nil,Nein,"{'is24qa-gaeste-wc-label': '', 'is24qa-einliegerwohnung-label': '', 'is24qa-provisionsfrei-fuer-kaufende-label': ''}"
EINFAMILIENHAUS UND RAUMWUNDER UNTER EINEM DACH,930.000 €,"86559 Adelzhausen, Aichach-Friedberg (Kreis)
Die vollständige Adresse der Immobilie erhalten Sie vom Anbieter.",5,170 m²,600 m²,5.471 €/m²,Einfamilienhaus (freistehend),nil,nil,3,1,1 Carport,Nein,"{'is24qa-gaeste-wc-label': '', 'is24qa-provisionsfrei-fuer-kaufende-label': ''}"
EINFAMILIENHAUS UND RAUMWUNDER UNTER EINEM DACH,970.000 €,"86551 Aichach, Aichach-Friedberg (Kreis)
Die vollständige Adresse der Immobilie erhalten Sie vom Anbieter.",5,170 m²,600 m²,5.706 €/m²,Einfamilienhaus (freistehend),nil,nil,3,1,1 Carport,Nein,"{'is24qa-gaeste-wc-label': '', 'is24qa-provisionsfrei-fuer-kaufende-label': ''}"
EIN­FA­MI­LI­EN­HAUS MIT MODERNEM DE­SI­GNAN­SPRUCH,885.000 €,"86447 Aindling, Aichach-Friedberg (Kreis)
Die vollständige Adresse der Immobilie erhalten Sie vom Anbieter.",5,174 m²,975 m²,5.086 €/m²,Einfamilienhaus (freistehend),nil,nil,3,1,nil,Nein,"{'is24qa-gaeste-wc-label': '', 'is24qa-provisionsfrei-fuer-kaufende-label': ''}"
Ein Haus für jeden Anspruch,725.000 €,"86447 Aindling, Aichach-Friedberg (Kreis)
Die vollständige Adresse der Immobilie erhalten Sie vom Anbieter.",5,"162,32 m²","68,56 m²",4.466 €/m²,Doppelhaushälfte,"65,65 m²",nil,3,1,nil,nil,{'is24qa-gaeste-wc-label': ''}
DAS LICHTDURCHFLUTETE KUBUS-HAUS,980.000 €,"86316 Friedberg, Aichach-Friedberg (Kreis)
Die vollständige Adresse der Immobilie erhalten Sie vom Anbieter.",5,174 m²,900 m²,5.632 €/m²,Einfamilienhaus (freistehend),nil,nil,3,2,nil,Nein,"{'is24qa-gaeste-wc-label': '', 'is24qa-provisionsfrei-fuer-kaufende-label': ''}"
"EIN HAUS, DAS MIT GROSSEM PLATZANGEBOT ÜBERZEUGT",965.000 €,"86316 Friedberg, Aichach-Friedberg (Kreis)
Die vollständige Adresse der Immobilie erhalten Sie vom Anbieter.",5,187 m²,420 m²,5.160 €/m²,Einfamilienhaus (freistehend),nil,nil,3,2,nil,Nein,"{'is24qa-gaeste-wc-label': '', 'is24qa-provisionsfrei-fuer-kaufende-label': ''}"
DAS KLASSISCHE EINFAMILIENHAUS MIT OFFENER BAUWEISE,910.000 €,"86576 Schiltberg, Aichach-Friedberg (Kreis)
Die vollständige Adresse der Immobilie erhalten Sie vom Anbieter.",5,155 m²,800 m²,5.871 €/m²,Einfamilienhaus (freistehend),nil,nil,3,2,nil,Nein,"{'is24qa-gaeste-wc-label': '', 'is24qa-provisionsfrei-fuer-kaufende-label': ''}"
DAS KLASSISCHE EINFAMILIENHAUS MIT OFFENER BAUWEISE,875.000 €,"86316 Friedberg, Aichach-Friedberg (Kreis)
Die vollständige Adresse der Immobilie erhalten Sie vom Anbieter.",5,155 m²,550 m²,5.645 €/m²,Einfamilienhaus (freistehend),nil,nil,3,2,nil,Nein,"{'is24qa-gaeste-wc-label': '', 'is24qa-provisionsfrei-fuer-kaufende-label': ''}"
Das Domizil für Kleinfamilien,625.000 €,"86576 Schiltberg, Aichach-Friedberg (Kreis)
Die vollständige Adresse der Immobilie erhalten Sie vom Anbieter.",4,"107,6 m²",400 m²,5.809 €/m²,Doppelhaushälfte,"50,8 m²",nil,2,1,nil,nil,{'is24qa-gaeste-wc-label': ''}
DESIGNHAUS ZUM WOHLFÜHLEN,875.000 €,"86576 Schiltberg, Aichach-Friedberg (Kreis)
Die vollständige Adresse der Immobilie erhalten Sie vom Anbieter.",5,159 m²,800 m²,5.503 €/m²,Einfamilienhaus (freistehend),nil,nil,3,1,nil,Nein,"{'is24qa-gaeste-wc-label': '', 'is24qa-provisionsfrei-fuer-kaufende-label': ''}"
DAS DESIGNHAUS MIT RÜCK- UND VORSPRUNG,950.000 €,"86570 Inchenhofen, Aichach-Friedberg (Kreis)
Die vollständige Adresse der Immobilie erhalten Sie vom Anbieter.",5,183 m²,800 m²,5.191 €/m²,Einfamilienhaus (freistehend),nil,nil,3,1,nil,Nein,"{'is24qa-gaeste-wc-label': '', 'is24qa-provisionsfrei-fuer-kaufende-label': ''}"
KLASSISCHER GRUNDRISS - GROSSZÜGIGES HAUS,820.000 €,"86316 Friedberg, Aichach-Friedberg (Kreis)
Die vollständige Adresse der Immobilie erhalten Sie vom Anbieter.",5,161 m²,600 m²,5.093 €/m²,Einfamilienhaus (freistehend),nil,nil,3,1,nil,Nein,"{'is24qa-gaeste-wc-label': '', 'is24qa-provisionsfrei-fuer-kaufende-label': ''}"
