title,price,address,rooms,living_space,property_area,price_per_m2,type,usable_area,available_from,bedrooms,bathrooms,garage_parking,buyer_commission,criteriagroup_boolean_listing
Charmantes Zweifamilienhaus in Dortmund-Kirchlinde,385.000 €,"Kirchlinde, 44379 Dortmund
Die vollständige Adresse der Immobilie erhalten Sie vom Anbieter.",7,224 m²,354 m²,1.719 €/m²,Mehrfamilienhaus,nil,ab sofort,4,3,2 Garagen,"3,57% inkl. MwSt.",{'is24qa-gaeste-wc-label': ''}
"Die multifunktionale Cityimmobilie! Wohnen und Arbeiten, Generationenhaus oder Wohnen und vermieten?",999.000 €,"53359 Rheinbach, Rhein-Sieg-Kreis
Die vollständige Adresse der Immobilie erhalten Sie vom Anbieter.",11,339 m²,1.144 m²,2.947 €/m²,nil,nil,sofort verfügbar,7,2,1 Garage,"3,57% des Kaufpreises inkl. MwSt.","{'is24qa-online-besichtigung-moeglich-label': '', 'is24qa-gaeste-wc-label': '', 'is24qa-keller-label': ''}"
NEUER PREIS! Gepflegtes Reihenmittelhaus mit Garten u. Kfz-Stellplatz in ruhiger Lage von Meschenich,429.000 €,"Meschenich, 50997 Köln
Die vollständige Adresse der Immobilie erhalten Sie vom Anbieter.",5,126 m²,208 m²,3.405 €/m²,Reihenmittelhaus,nil,01.01.2024,3,1,1 Außenstellplatz,"3,57% des Kaufpreises inkl. MwSt.","{'is24qa-online-besichtigung-moeglich-label': '', 'is24qa-gaeste-wc-label': '', 'is24qa-keller-label': ''}"
Gemütliches Einfamilienhaus mit überdachter Terrasse und Garage in beliebter Lage von Irlenbusch,279.000 €,"53359 Rheinbach, Rhein-Sieg-Kreis
Die vollständige Adresse der Immobilie erhalten Sie vom Anbieter.",4,109 m²,442 m²,2.560 €/m²,Einfamilienhaus (freistehend),55 m²,ab sofort,3,1,1 Garage,"3,57% des Kaufpreises inkl. MwSt.","{'is24qa-online-besichtigung-moeglich-label': '', 'is24qa-gaeste-wc-label': '', 'is24qa-keller-label': ''}"
Modernisierung oder Neubau? Freistehendes Ein- oder Zweifamilienhaus mit Potenzial in Gimmersdorf,369.000 €,"53343 Wachtberg, Rhein-Sieg-Kreis
Die vollständige Adresse der Immobilie erhalten Sie vom Anbieter.",8,167 m²,672 m²,2.210 €/m²,Mehrfamilienhaus,nil,sofort,4,2,2 Garagen,"3,57% des Kaufpreises inkl. MwSt.","{'is24qa-online-besichtigung-moeglich-label': '', 'is24qa-keller-label': ''}"
Exklusive DHH mit erstklassiger Ausstattung in familienfreundlicher Wohnlage von Moers-Schwafheim,680.000 €,"Schwafheim, 47447 Moers
Die vollständige Adresse der Immobilie erhalten Sie vom Anbieter.",5,158 m²,370 m²,4.304 €/m²,Doppelhaushälfte,76 m²,nach Vereinbarung,3,2,2 Garagen,"3,57% Käuferprovision vom Gesamtkaufpreis","{'is24qa-gaeste-wc-label': '', 'is24qa-keller-label': ''}"
KR-Kliedbruch / Stadwald! Äußerst großzügiges Einfamilienhaus mit viel Potenzial in brillanter Lage,785.000 €,"Inrath/Kliedbruch, 47803 Krefeld
Die vollständige Adresse der Immobilie erhalten Sie vom Anbieter.",7,205 m²,719 m²,3.829 €/m²,Einfamilienhaus (freistehend),101 m²,Nach Vereinbarung,4,2,2 Garagen,"2,38% Käuferprovision vom Gesamtkaufpreis","{'is24qa-gaeste-wc-label': '', 'is24qa-keller-label': ''}"
Energieeffiziente Neubau Einfamilienhaus-Villa in Bestlage von Krefeld-Verberg!,1.190.000 €,"Verberg, 47802 Krefeld
Die vollständige Adresse der Immobilie erhalten Sie vom Anbieter.",6,183 m²,729 m²,6.503 €/m²,Einfamilienhaus (freistehend),nil,sofort,3,2,2 Außenstellplätze,"3,57% Käuferprovision vom Gesamtkaufpreis",{'is24qa-gaeste-wc-label': ''}
WebersWohnWelt***TRAUMAUSSICHT GEFÄLLIG?***,549.000 €,"53804 Much, Rhein-Sieg-Kreis
Die vollständige Adresse der Immobilie erhalten Sie vom Anbieter.",8,223 m²,675 m²,2.462 €/m²,Einfamilienhaus (freistehend),11 m²,Nach Vereinbarung!,6,3,2 Garagen,"3,57 % inkl. MwSt.","{'is24qa-keller-label': '', 'is24qa-einliegerwohnung-label': ''}"
Gepflegt & vermietet! 8 Familienhaus mit Ausbau & Entwicklungspotential,1.290.000 €,"Humboldt/Gremberg, 51105 Köln
Die vollständige Adresse der Immobilie erhalten Sie vom Anbieter.",12,352 m²,258 m²,3.665 €/m²,Mehrfamilienhaus,nil,nil,8,8,nil,"3,57 % inkl. 19 % MwSt.","{'is24qa-keller-label': '', 'is24qa-vermietet-label': ''}"
Repräsentatives Anwesen in Junkersdorf,4.950.000 €,"Junkersdorf, 50858 Köln
Die vollständige Adresse der Immobilie erhalten Sie vom Anbieter.",11,410 m²,1.889 m²,12.073 €/m²,Villa,nil,nil,5,4,8 Stellplätze,3.57 %,"{'is24qa-gaeste-wc-label': '', 'is24qa-keller-label': '', 'is24qa-als-ferienhaus-geeignet-label': '', 'is24qa-einliegerwohnung-label': ''}"
Platz für sechs,795.000 €,"Schwarzerlenweg 28,
Sürth, 50999 Köln",5,146 m²,190 m²,5.445 €/m²,Reiheneckhaus,53 m²,nil,4,2,nil,"2,95 % des beurkundeten Kaufpreis inkl. der gesetzlichen MwSt.","{'is24qa-online-besichtigung-moeglich-label': '', 'is24qa-keller-label': ''}"
Familienparadies in Refrath: Split-Level Einfamilienhaus mit Südgarten,778.000 €,"Kippekausen, 51427 Bergisch Gladbach
Die vollständige Adresse der Immobilie erhalten Sie vom Anbieter.",6,160 m²,787 m²,4.863 €/m²,Einfamilienhaus (freistehend),20 m²,01.04.2024,5,2,1 Garage,3.57 %,{}
Ein großzügiges Zuhause für Ihre Familie mit hervorragendem energetischem Standard,795.000 €,"51491 Overath, Rheinisch-Bergischer Kreis
Die vollständige Adresse der Immobilie erhalten Sie vom Anbieter.",8,270 m²,535 m²,2.944 €/m²,Einfamilienhaus (freistehend),nil,nil,6,4,3 Stellplätze,3.57 %,"{'is24qa-keller-label': '', 'is24qa-einliegerwohnung-label': ''}"
Wohnfreude in Forsbach: Ein Haus für Ihre Bedürfnisse,545.000 €,"51503 Rösrath, Rheinisch-Bergischer Kreis
Die vollständige Adresse der Immobilie erhalten Sie vom Anbieter.",6,200 m²,990 m²,2.725 €/m²,Einfamilienhaus (freistehend),nil,nil,5,2,4 Stellplätze,3.57 %,"{'is24qa-gaeste-wc-label': '', 'is24qa-keller-label': '', 'is24qa-einliegerwohnung-label': ''}"
Attraktive Lage: Ihr neues Zuhause mit wunderschönem Garten,530.000 €,"40670 Meerbusch, Neuss (Rhein-Kreis)
Die vollständige Adresse der Immobilie erhalten Sie vom Anbieter.",6,126 m²,657 m²,4.206 €/m²,Doppelhaushälfte,47 m²,01.09.2024,3,1,1 Garage,"3,75","{'is24qa-gaeste-wc-label': '', 'is24qa-keller-label': ''}"
+ Kaarst + freistehendes Einfamilienhaus + Bj. 1956 + ca. 633 m² Grundstück + ca. 89 m² Wohnfläche +,392.000 €,"41564 Kaarst, Neuss (Rhein-Kreis)
Die vollständige Adresse der Immobilie erhalten Sie vom Anbieter.",3,89 m²,633 m²,4.404 €/m²,Einfamilienhaus (freistehend),49 m²,nil,2,1,1 Garage,"2,38 % Käuferprovision inkl. MwSt. des beurkundeten Kaufpreises","{'is24qa-gaeste-wc-label': '', 'is24qa-keller-label': ''}"
Haus am See,2.285.000 €,"Kaiserswerth, 40489 Düsseldorf
Die vollständige Adresse der Immobilie erhalten Sie vom Anbieter.","6,5",253 m²,353 m²,9.032 €/m²,Doppelhaushälfte,20 m²,vrs. Sommer 2025,5,3,1 Garage,"zzgl. 1,78 % Käuferprovision (inkl. 19 % MwSt.)","{'is24qa-online-besichtigung-moeglich-label': '', 'is24qa-gaeste-wc-label': '', 'is24qa-keller-label': ''}"
Freistehendes Einfamilienhaus in beliebter Lage von Meerbusch,1.595.000 €,"40670 Meerbusch, Neuss (Rhein-Kreis)
Die vollständige Adresse der Immobilie erhalten Sie vom Anbieter.",6,268 m²,1.384 m²,5.951 €/m²,Einfamilienhaus (freistehend),nil,nil,5,2,2 Garagen,"zzgl. 2,38 % Käuferprovision (inkl. 19 % MwSt.)","{'is24qa-online-besichtigung-moeglich-label': '', 'is24qa-gaeste-wc-label': ''}"
Attraktive Doppelhaushälfte im beliebten Stadtteil von Düsseldorf-Wittlaer,1.590.000 €,"Wittlaer, 40489 Düsseldorf
Die vollständige Adresse der Immobilie erhalten Sie vom Anbieter.",6,230 m²,508 m²,6.913 €/m²,Doppelhaushälfte,33 m²,nil,5,3,2 Außenstellplätze,"zzgl. 2,38 % Käuferprovision (inkl. 19 % MwSt.)","{'is24qa-online-besichtigung-moeglich-label': '', 'is24qa-gaeste-wc-label': '', 'is24qa-keller-label': ''}"
