title,price,address,rooms,living_space,property_area,price_per_m2,type,usable_area,available_from,bedrooms,bathrooms,garage_parking,buyer_commission,criteriagroup_boolean_listing
Verwunschener Garten,848.000 €,"Rodenkirchen (Ortsteil), 50996 Köln
Die vollständige Adresse der Immobilie erhalten Sie vom Anbieter.",8,"186,68 m²",891 m²,4.543 €/m²,Doppelhaushälfte,"68,04 m²",sofort,nil,nil,nil,"3,57% des Kaufpreises","{'is24qa-gaeste-wc-label': '', 'is24qa-keller-label': ''}"
Grundbesitz in Kürten-Hachenberg!,470.000 €,"51515 Kürten, Rheinisch-Bergischer Kreis
Die vollständige Adresse der Immobilie erhalten Sie vom Anbieter.","12,5",344 m²,1.107 m²,1.366 €/m²,Einfamilienhaus (freistehend),nil,vermietet,nil,nil,6 Außenstellplätze,"3,57% des Kaufpreises",{'is24qa-keller-label': ''}
Haus in ruhiger Lage mit großem Garten in Dortmund Aplerbeck,590.000 €,"Aplerbeck (Ortsteil), 44287 Dortmund
Die vollständige Adresse der Immobilie erhalten Sie vom Anbieter.","5,5",122 m²,687 m²,4.836 €/m²,Reiheneckhaus,150 m²,1.8.2024,4,1,1 Garage,Nein,"{'is24qa-gaeste-wc-label': '', 'is24qa-keller-label': '', 'is24qa-provisionsfrei-fuer-kaufende-label': ''}"
Offen für Angebote: 6.0-Zimmer Haus in Bonn,Auf Anfrage,"Lannesdorf, 53179 Bonn
Die vollständige Adresse der Immobilie erhalten Sie vom Anbieter.",6,130 m²,275 m²,nil,nil,nil,nil,nil,nil,nil,nil,{}
Mehrfamilienhaus für Investitionen.,1.800.000 €,"Honnetalstr 75,
58675 Hemer, Märkischer Kreis",44,1.025 m²,1.250 m²,1.756 €/m²,Besondere Immobilie,1.025 m²,nil,22,18,12 Stellplätze,Nein,"{'is24qa-gaeste-wc-label': '', 'is24qa-keller-label': '', 'is24qa-stufenloser-zugang-label': '', 'is24qa-provisionsfrei-fuer-kaufende-label': ''}"
Exklusives Einfamilienhaus mit traumhaftem Fernblick und idyllischer Naturkulisse in Hagen-Berchum,475.000 €,"Lennetal, 58093 Hagen
Die vollständige Adresse der Immobilie erhalten Sie vom Anbieter.",7,"173,57 m²",1.347 m²,2.737 €/m²,Einfamilienhaus (freistehend),nil,nil,nil,nil,4 Garagen,"3,57% inkl. MwSt.",{}
Gepflegtes Mehrfamilienhaus mit 8 WE ohne Gewerbe in verkehrsgünstiger Lage ohne Provision!,590.000 €,"Mittelmeiderich, 47137 Duisburg
Die vollständige Adresse der Immobilie erhalten Sie vom Anbieter.",22,"522,97 m²",460 m²,1.128 €/m²,Mehrfamilienhaus,nil,nil,nil,nil,nil,Nein,"{'is24qa-vermietet-label': '', 'is24qa-provisionsfrei-fuer-kaufende-label': ''}"
Tolle Kapitalanlage als Altersvorsorge direkt am Rhein!,410.000 €,"Laar, 47119 Duisburg
Die vollständige Adresse der Immobilie erhalten Sie vom Anbieter.",14,"332,69 m²",206 m²,1.232 €/m²,Mehrfamilienhaus,nil,nil,nil,nil,nil,Nein,"{'is24qa-vermietet-label': '', 'is24qa-provisionsfrei-fuer-kaufende-label': ''}"
"Renditeknaller mit 11 Wohnungen und Mietsteigerungspotential Flottenstr. 5 Duisburg, provisionsfrei!",790.000 €,"Beeck, 47139 Duisburg
Die vollständige Adresse der Immobilie erhalten Sie vom Anbieter.",25,686 m²,504 m²,1.152 €/m²,Mehrfamilienhaus,nil,nil,nil,nil,nil,Nein,"{'is24qa-vermietet-label': '', 'is24qa-provisionsfrei-fuer-kaufende-label': ''}"
"Solides Mehrfamilienhaus (8 WE & 5 Garagen), Duisburger Str. 52 Duisburg, provisionsfrei!",650.000 €,"Neumühl, 47166 Duisburg
Die vollständige Adresse der Immobilie erhalten Sie vom Anbieter.",16,504 m²,556 m²,1.290 €/m²,Mehrfamilienhaus,nil,nil,nil,nil,nil,Nein,"{'is24qa-vermietet-label': '', 'is24qa-provisionsfrei-fuer-kaufende-label': ''}"
"Lukrative Kapitalanlage (7 WE + Friseursalon), Lenneper Str. 19 Remscheid, provisionsfrei!",800.000 €,"Zentralpunkt, 42855 Remscheid
Die vollständige Adresse der Immobilie erhalten Sie vom Anbieter.",24,645 m²,564 m²,1.240 €/m²,Mehrfamilienhaus,nil,nil,nil,nil,nil,Nein,"{'is24qa-vermietet-label': '', 'is24qa-provisionsfrei-fuer-kaufende-label': ''}"
"2 MFH (jeweils 7 WE) mit Wärmedämmung, Lübecker Str. 48 & 50 Essen, provisionsfrei!",940.000 €,"Frohnhausen, 45145 Essen
Die vollständige Adresse der Immobilie erhalten Sie vom Anbieter.",30,"685,68 m²",1.118 m²,1.371 €/m²,Mehrfamilienhaus,nil,nil,nil,nil,nil,Nein,"{'is24qa-vermietet-label': '', 'is24qa-provisionsfrei-fuer-kaufende-label': ''}"
"Kapitalanlage mit 11 Wohn- & 2 Gewerbeeinh., Hermann-Albertz-Str. 206 Oberhausen, provisionsfrei!",890.000 €,"Altstadt-Süd, 46045 Oberhausen
Die vollständige Adresse der Immobilie erhalten Sie vom Anbieter.",25,730 m²,302 m²,1.219 €/m²,Mehrfamilienhaus,nil,nil,nil,nil,nil,Nein,"{'is24qa-vermietet-label': '', 'is24qa-provisionsfrei-fuer-kaufende-label': ''}"
Maklerfrei! Leben und arbeiten im grünen Köln-Bonner Umland,749.000 €,"50374 Erftstadt, Rhein-Erft-Kreis
Die vollständige Adresse der Immobilie erhalten Sie vom Anbieter.",7,250 m²,1.106 m²,2.996 €/m²,Einfamilienhaus (freistehend),80 m²,1.7.2024,4,2,2 Garagen,Nein,"{'is24qa-gaeste-wc-label': '', 'is24qa-keller-label': '', 'is24qa-provisionsfrei-fuer-kaufende-label': ''}"
Modernes Mehrfamilienhaus und Top Kapitalanlage,864.000 €,"Hochheide, 47198 Duisburg
Die vollständige Adresse der Immobilie erhalten Sie vom Anbieter.",15,487 m²,358 m²,1.774 €/m²,Mehrfamilienhaus,487 m²,nil,10,5,Garage,"3,57",{}
Schönes 6-Zimmer-Haus in Neuss,759.000 €,"Rosellen, 41470 Neuss
Die vollständige Adresse der Immobilie erhalten Sie vom Anbieter.",6,160 m²,227 m²,4.744 €/m²,nil,nil,nil,nil,nil,nil,Nein,{'is24qa-provisionsfrei-fuer-kaufende-label': ''}
1-2-Familienhaus mit viel Potenzial,314.500 €,"Schröderweg 4,
42477 Radevormwald, Oberbergischer Kreis",5,189 m²,1.215 m²,1.664 €/m²,Einfamilienhaus (freistehend),25 m²,sofort,4,2,3 Garagen,"3,57%","{'is24qa-gaeste-wc-label': '', 'is24qa-keller-label': '', 'is24qa-vermietet-label': ''}"
Historisches Fachwerk trifft modernen Komfort: Fachwerkhaus und Neubau-Einfamilienhaus mit Garten,940.000 €,"Beuel-Mitte, 53225 Bonn
Die vollständige Adresse der Immobilie erhalten Sie vom Anbieter.",10,400 m²,420 m²,2.350 €/m²,Mehrfamilienhaus,nil,nil,nil,nil,nil,"3,57%",{}
Architektenhaus mit Loggia in Neunkirchen-Seelscheid / Birkenfeld,799.000 €,"53819 Neunkirchen-Seelscheid, Rhein-Sieg-Kreis
Die vollständige Adresse der Immobilie erhalten Sie vom Anbieter.",5,180 m²,459 m²,4.439 €/m²,nil,nil,nil,4,2,nil,Nein,"{'is24qa-gaeste-wc-label': '', 'is24qa-provisionsfrei-fuer-kaufende-label': ''}"
Einfamilienhaus mit Dachterrasse in Neunkirchen-Seelscheid / Birkenfeld,649.000 €,"53819 Neunkirchen-Seelscheid, Rhein-Sieg-Kreis
Die vollständige Adresse der Immobilie erhalten Sie vom Anbieter.",4,150 m²,410 m²,4.327 €/m²,nil,nil,nil,3,2,nil,Nein,"{'is24qa-gaeste-wc-label': '', 'is24qa-provisionsfrei-fuer-kaufende-label': ''}"
