title,price,address,rooms,living_space,property_area,price_per_m2,type,usable_area,available_from,bedrooms,bathrooms,garage_parking,buyer_commission,criteriagroup_boolean_listing
Tradition trifft Innovation: Ein zeitgemäßes Upgrade für klassische Eleganz – Ihr neuer Favorit wa,266.000 €,"78187 Geisingen, Tuttlingen (Kreis)
Die vollständige Adresse der Immobilie erhalten Sie vom Anbieter.",5,100 m²,770 m²,2.660 €/m²,Bauernhaus,nil,November 2023,1,1,2 Garagen,"3,57 % Käuferprovision inkl. 19 % MwSt.",{'is24qa-keller-label': ''}
"Kleines, stilvoll renoviertes Haus mit Garten",110.000 €,"72461 Albstadt, Zollernalbkreis
Die vollständige Adresse der Immobilie erhalten Sie vom Anbieter.",3,80 m²,100 m²,1.375 €/m²,Einfamilienhaus (freistehend),nil,sofort,2,1,2 Außenstellplätze,"3,57 % Käuferprovision inkl. 19 % MwSt.",{}
"NEU! Bauernhaus mit viel Land, bis 2023 renoviert sowie zusätzliche ca. 400 m² Neubau/ Rohbau und ei",1.665.000 €,"73486 Adelmannsfelden, Ostalbkreis
Die vollständige Adresse der Immobilie erhalten Sie vom Anbieter.",15,780 m²,21.730 m²,2.135 €/m²,Bauernhaus,1 m²,Absprache,nil,4,4 Garagen,"4,76% Käuferprovision inkl. 19 % MwSt",{'is24qa-keller-label': ''}
Gepflegtes Wohn- und Geschäftshaus mit Lagerräumen und Hallen,1.490.000 €,"89129 Langenau, Alb-Donau-Kreis
Die vollständige Adresse der Immobilie erhalten Sie vom Anbieter.",10,400 m²,2.227 m²,3.725 €/m²,nil,800 m²,sofort,nil,4,10 Außenstellplätze,"3,57 % Käuferprovision inkl. 19 % MwSt.",{}
Hohe Mieteinnahmen! Gr. gepflegtes Haus mit vielfältigen Möglichkeiten. Großfam./ Mehrgenerationen,485.000 €,"74219 Möckmühl, Heilbronn (Kreis)
Die vollständige Adresse der Immobilie erhalten Sie vom Anbieter.",11,250 m²,1.047 m²,1.940 €/m²,Mehrfamilienhaus,150 m²,05/2024,6,2,2 Stellplätze,"4,76 % Käuferprovision inkl. 19 % MwSt","{'is24qa-keller-label': '', 'is24qa-vermietet-label': ''}"
Zweifamilienhaus in Büsingen am Hochrhein tolle Lage super Ausstattung,850.000 €,"78266 Büsingen am Hochrhein, Konstanz (Kreis)
Die vollständige Adresse der Immobilie erhalten Sie vom Anbieter.",10,390 m²,900 m²,2.179 €/m²,Mehrfamilienhaus,nil,nil,nil,2,4 Außenstellplätze,"3,57 % Käuferprovision inkl. 19 % MwSt.",{'is24qa-keller-label': ''}
Charmantes 3-FH mit modernem Flair und vielseitigem Wohnraumangebot in zentraler Lage!,449.000 €,"71723 Großbottwar, Ludwigsburg (Kreis)
Die vollständige Adresse der Immobilie erhalten Sie vom Anbieter.",8,"174,14 m²",129 m²,2.578 €/m²,Mehrfamilienhaus,65 m²,Sofort,5,3,nil,"4,76% inkl. MwSt.",{'is24qa-keller-label': ''}
Zweifamilienhaus mit viel Gestaltungspotenzial in zentraler Wohnlage von Plankstadt,439.000 €,"68723 Plankstadt, Rhein-Neckar-Kreis
Die vollständige Adresse der Immobilie erhalten Sie vom Anbieter.",6,141 m²,404 m²,3.113 €/m²,nil,nil,nil,4,2,nil,"2,38% inklusive der gesetzlichen Umsatzsteuer für den Käufer auf den notariellen Kaufpreis.",{'is24qa-keller-label': ''}
Renovierungsobjekt mit Potenzial - Ihre Chance auf ein individuelles Zuhause! **PROVISIONSFREI**,135.000 €,"74831 Gundelsheim, Heilbronn (Kreis)
Die vollständige Adresse der Immobilie erhalten Sie vom Anbieter.",6,135 m²,122 m²,1.000 €/m²,Reiheneckhaus,nil,sofort,4,2,2 Garagen,Nein,{'is24qa-provisionsfrei-fuer-kaufende-label': ''}
"Schöner Wohnen! Modernes, top gepflegtes EFH mit ELW/Büro",635.000 €,"72401 Haigerloch, Zollernalbkreis
Die vollständige Adresse der Immobilie erhalten Sie vom Anbieter.",6,182 m²,532 m²,3.489 €/m²,Einfamilienhaus (freistehend),nil,Nach Vereinbarung,3,2,3 Stellplätze,"1,75%",{}
"Sonniges, attraktives Filetgrundstück mit Altbestand (2Familienhaus)! Renovieren plus Süd-Bauplatz",820.000 €,"88285 Bodnegg, Ravensburg (Kreis)
Die vollständige Adresse der Immobilie erhalten Sie vom Anbieter.",6,135 m²,1.125 m²,6.074 €/m²,Mehrfamilienhaus,100 m²,nil,4,2,1 Garage,"3,57 %",{'is24qa-keller-label': ''}
***Charmante Stadtvilla im Landhausstil mit Schwimmbad und traumhaftem Garten***,Auf Anfrage,"Frauenkopf, 70184 Stuttgart
Die vollständige Adresse der Immobilie erhalten Sie vom Anbieter.",8,"328,49 m²",2.352 m²,nil,Villa,"47,41 m²",kurzfristig,5,3,3 Garagen,"2,38 % inkl. MwSt.","{'is24qa-gaeste-wc-label': '', 'is24qa-keller-label': '', 'is24qa-einliegerwohnung-label': ''}"
*Reihenmittelhaus mit viel Potenzial*,475.000 €,"71732 Tamm, Ludwigsburg (Kreis)
Die vollständige Adresse der Immobilie erhalten Sie vom Anbieter.","4,5",115 m²,175 m²,4.130 €/m²,Reihenmittelhaus,nil,sofort!,3,1,1 Garage,4 % + gesetzliche MwSt,"{'is24qa-gaeste-wc-label': '', 'is24qa-keller-label': ''}"
Zum Verkauf: Architektenhaus mit Pool und Koi-Teich in Breisach-Hochstetten,995.000 €,"79206 Breisach am Rhein, Breisgau-Hochschwarzwald (Kreis)
Die vollständige Adresse der Immobilie erhalten Sie vom Anbieter.",15,342 m²,835 m²,2.909 €/m²,Einfamilienhaus (freistehend),198 m²,nil,6,3,5 Garagen,"3,57% inkl. MwSt.","{'is24qa-gaeste-wc-label': '', 'is24qa-keller-label': '', 'is24qa-einliegerwohnung-label': ''}"
Reihenmittelhaus mit Gestaltungsmöglichkeiten,180.000 €,"97996 Niederstetten, Main-Tauber-Kreis
Die vollständige Adresse der Immobilie erhalten Sie vom Anbieter.",5,109 m²,69 m²,1.651 €/m²,Einfamilienhaus (freistehend),42 m²,sofort,4,2,nil,"3,57% inkl. MwSt.",{'is24qa-keller-label': ''}
"Vielseitiges Wohn- und Gewerbeobjekt mit 4 WE, Gewerbe und Garagen, 209-23-2",Auf Anfrage,"72636 Frickenhausen, Esslingen (Kreis)
Die vollständige Adresse der Immobilie erhalten Sie vom Anbieter.",13,316 m²,1.061 m²,nil,Wohnimmobilie (sonstige),nil,nil,8,4,Außenstellplatz,"3,57 % inkl. der gesetzlich geltenden MwSt. inkl. MwSt.","{'is24qa-online-besichtigung-moeglich-label': '', 'is24qa-gaeste-wc-label': '', 'is24qa-keller-label': '', 'is24qa-vermietet-label': ''}"
"""Willkommen in Ihrem neuen Zuhause und Geschäftshaus mit grenzenlosen Möglichkeiten! - 209-23-Haus 1",Auf Anfrage,"72636 Frickenhausen, Esslingen (Kreis)
Die vollständige Adresse der Immobilie erhalten Sie vom Anbieter.",10,166 m²,853 m²,nil,Wohnimmobilie (sonstige),378 m²,nil,4,3,Außenstellplatz,"3,57 % inkl. der gesetzlich geltenden MwSt. inkl. MwSt.","{'is24qa-online-besichtigung-moeglich-label': '', 'is24qa-gaeste-wc-label': '', 'is24qa-keller-label': ''}"
"Großfamilie oder Kapitalanleger aufgepasst: Haus mit 2 Wohnungen, Forststr. - 205-23-1",Auf Anfrage,"72622 Nürtingen, Esslingen (Kreis)
Die vollständige Adresse der Immobilie erhalten Sie vom Anbieter.",7,157 m²,104 m²,nil,Wohnimmobilie (sonstige),nil,nil,7,2,nil,Nein,"{'is24qa-online-besichtigung-moeglich-label': '', 'is24qa-gaeste-wc-label': '', 'is24qa-keller-label': '', 'is24qa-vermietet-label': '', 'is24qa-provisionsfrei-fuer-kaufende-label': ''}"
"Idyllisch gelegenes Haus mit Pool, Carport, Garagen und vielen Möglichkeiten",375.000 €,"74417 Gschwend, Ostalbkreis
Die vollständige Adresse der Immobilie erhalten Sie vom Anbieter.",8,184 m²,814 m²,2.038 €/m²,Mehrfamilienhaus,nil,sofort,6,2,3 Garagen,"3,57% des Kaufpreises inkl. MwSt.","{'is24qa-gaeste-wc-label': '', 'is24qa-keller-label': ''}"
"Sanierungsprofis aufgepasst! Wir haben, was Ihr sucht!",349.000 €,"76356 Weingarten (Baden), Karlsruhe (Kreis)
Die vollständige Adresse der Immobilie erhalten Sie vom Anbieter.","4,5","109,73 m²",367 m²,3.181 €/m²,Einfamilienhaus (freistehend),nil,sofort,3,1,2 Außenstellplätze,"2,38% Brutto vom Kaufpreis","{'is24qa-online-besichtigung-moeglich-label': '', 'is24qa-gaeste-wc-label': '', 'is24qa-keller-label': ''}"
