title,price,address,rooms,living_space,property_area,price_per_m2,type,usable_area,available_from,bedrooms,bathrooms,garage_parking,buyer_commission,criteriagroup_boolean_listing
LANDHAUS- VILLA MIT TRAUMGARTEN UND BAUGRUND,1.090.000 €,"86807 Buchloe, Ostallgäu (Kreis)
Die vollständige Adresse der Immobilie erhalten Sie vom Anbieter.",7,236 m²,1.581 m²,4.619 €/m²,Einfamilienhaus (freistehend),41 m²,Juni 23,4,3,5 Garagen,"2,98%","{'is24qa-gaeste-wc-label': '', 'is24qa-einliegerwohnung-label': ''}"
"***Familienfreundliches, kleines Anwesen*** mit gepflegtem Landhaus, Ferienwohnungen, Werkstatt",1.490.000 €,"94542 Haarbach, Passau (Kreis)
Die vollständige Adresse der Immobilie erhalten Sie vom Anbieter.",13,614 m²,1.765 m²,2.427 €/m²,Mehrfamilienhaus,nil,nach Vereinbarung,8,6,4 Garagen,"Die Maklercourtage beträgt 3,57% inkl. MwSt.","{'is24qa-gaeste-wc-label': '', 'is24qa-als-ferienhaus-geeignet-label': ''}"
*ABSOLUT EINMALIG*Herrschaftliche Park-Villa in eingewachsener Parkanlage mit Gewerbeeinheit,1.490.000 €,"94140 Ering, Rottal-Inn (Kreis)
Die vollständige Adresse der Immobilie erhalten Sie vom Anbieter.",14,780 m²,5.481 m²,1.910 €/m²,Villa,nil,nach Vereinbarung,8,6,12 Garagen,"Die Maklercourtage beträgt 3,57% inkl. MwSt.","{'is24qa-gaeste-wc-label': '', 'is24qa-keller-label': ''}"
Villa mit Gästehaus in Wolfratshausen,Auf Anfrage,"82515 Wolfratshausen, Bad Tölz-Wolfratshausen (Kreis)
Die vollständige Adresse der Immobilie erhalten Sie vom Anbieter.",7,445 m²,3.600 m²,nil,Einfamilienhaus (freistehend),329 m²,nach Absprache,6,4,8 Garagen,"1,785","{'is24qa-gaeste-wc-label': '', 'is24qa-keller-label': '', 'is24qa-stufenloser-zugang-label': '', 'is24qa-einliegerwohnung-label': ''}"
Haus sucht Handwerker,740.000 €,"97199 Ochsenfurt, Würzburg (Kreis)
Die vollständige Adresse der Immobilie erhalten Sie vom Anbieter.",8,190 m²,953 m²,3.895 €/m²,Mehrfamilienhaus,8 m²,nach Absprache,5,3,5 Außenstellplätze,"3,57 % - inkl. MwSt. -","{'is24qa-online-besichtigung-moeglich-label': '', 'is24qa-keller-label': '', 'is24qa-einliegerwohnung-label': ''}"
"WOHNWELT IMMOBILIEN: Neubau von 3 energieeffizienten Reihenhäusern in Massivbauweise, KfW40",1.050.000 €,"85399 Hallbergmoos, Freising (Kreis)
Die vollständige Adresse der Immobilie erhalten Sie vom Anbieter.",5,"162,11 m²",260 m²,6.477 €/m²,Reihenmittelhaus,nil,Herbst 2024,4,2,2 Garagen,Provisionsfrei für den Käufer,{'is24qa-keller-label': ''}
NEUBAU 4 DHH mit gehobener Ausstattung in München-Lochhausen,899.000 €,"Lochhausen, 81249 München
Die vollständige Adresse der Immobilie erhalten Sie vom Anbieter.",5,133 m²,160 m²,6.759 €/m²,Doppelhaushälfte,33 m²,nil,3,2,1 Carport,"3,57 %","{'is24qa-gaeste-wc-label': '', 'is24qa-keller-label': ''}"
HIER KLICKEN!!! Schönes modernes RMH in ruhiger Lage - Energieeffizienzklasse B!!!,789.000 €,"Schwalbenweg 2,
85238 Petershausen, Dachau (Kreis)",5,"143,22 m²",150 m²,5.509 €/m²,Reihenmittelhaus,"49,75 m²",nach Absprache,4,1,2 Duplex-Stellplätze,"2,38% inkl. 19% vom Kaufpreis","{'is24qa-gaeste-wc-label': '', 'is24qa-keller-label': ''}"
"Freistehendes, großzügiges Mehrfamilienhaus in Idealer Lage mit schönem Garten",274.900 €,"95466 Weidenberg, Bayreuth (Kreis)
Die vollständige Adresse der Immobilie erhalten Sie vom Anbieter.",8,152 m²,937 m²,1.809 €/m²,Einfamilienhaus (freistehend),60 m²,Nach Vereinbarung,6,2,1 Garage,"3,57 Inkl 19% MwSt",{'is24qa-keller-label': ''}
Kombination aus Eleganz und Nutzungsoptionen: Exklusives Familiendomizil,1.990.000 €,"Waldperlach, 81739 München
Die vollständige Adresse der Immobilie erhalten Sie vom Anbieter.",7,276 m²,437 m²,7.210 €/m²,Doppelhaushälfte,378 m²,sofort,nil,nil,1 Außenstellplatz,Nein,"{'is24qa-online-besichtigung-moeglich-label': '', 'is24qa-gaeste-wc-label': '', 'is24qa-keller-label': '', 'is24qa-einliegerwohnung-label': '', 'is24qa-provisionsfrei-fuer-kaufende-label': ''}"
** RESERVIERT ** Einfamilienhaus für eine große Familie im schönen Baudenbach,259.000 €,"91460 Baudenbach, Neustadt an der Aisch-Bad Windsheim (Kreis)
Die vollständige Adresse der Immobilie erhalten Sie vom Anbieter.",6,145 m²,594 m²,1.786 €/m²,Einfamilienhaus (freistehend),54 m²,Nach Vereinbarung,nil,1,Garage,"Die Käuferprovision beträgt 2,97 % des Kaufpreises inkl. 19% MwSt.",{'is24qa-keller-label': ''}
Planen Sie mit uns Ihre Doppelhaushälfte,950.000 €,"83677 Reichersbeuern, Bad Tölz-Wolfratshausen (Kreis)
Die vollständige Adresse der Immobilie erhalten Sie vom Anbieter.",5,120 m²,290 m²,7.917 €/m²,Doppelhaushälfte,40 m²,nil,4,2,2 Stellplätze,"2,38% inkl. gesetzl. MwSt.","{'is24qa-gaeste-wc-label': '', 'is24qa-keller-label': ''}"
WINDISCH IMMOBILIEN - renovierungsbedürftiges Einfamilienhaus direkt an der Maisach gelegen!,600.000 €,"Bergstraße 39,
82216 Maisach, Fürstenfeldbruck (Kreis)",5,135 m²,638 m²,4.444 €/m²,Einfamilienhaus (freistehend),nil,frei ab sofort!,4,1,2 Garagen,"2,38 % inkl. 19 % MwSt.",{'is24qa-online-besichtigung-moeglich-label': ''}
Traumhaftes Reiheneckhaus in Gehobener Lage von Memmingen – Ideal für Familien,549.000 €,"Innenstadt, 87700 Memmingen
Die vollständige Adresse der Immobilie erhalten Sie vom Anbieter.",5,124 m²,194 m²,4.427 €/m²,Reiheneckhaus,nil,sofort,3,1,3 Tiefgaragen-Stellplätze,"3,57 % inkl. gesetzlicher MwSt.","{'is24qa-gaeste-wc-label': '', 'is24qa-keller-label': ''}"
Alt Solln - 2 Historische Doppelhaushälften mit Tiefgarage,Auf Anfrage,"Solln, 81479 München
Die vollständige Adresse der Immobilie erhalten Sie vom Anbieter.",16,557 m²,820 m²,nil,Mehrfamilienhaus,281 m²,nil,10,6,5 Tiefgaragen-Stellplätze,"3,57% (inkl. 19% MwSt.)","{'is24qa-gaeste-wc-label': '', 'is24qa-keller-label': ''}"
WINDISCH IMMOBILIEN - gepflegter Bungalow mit Außenpool auf großem Grundstück in der Fasanerie!,890.000 €,"Kohlröschenstr. 3,
Lerchenau-West, 80995 München",5,148 m²,1.007 m²,6.014 €/m²,Bungalow,52 m²,frei ab sofort!,4,1,2 Garagen,"2,38 % inkl. 19 % MwSt.","{'is24qa-online-besichtigung-moeglich-label': '', 'is24qa-keller-label': ''}"
Traumlage mit viel Platz für die Familie,950.000 €,"Ölbergring 7,
83620 Feldkirchen-Westerham, Rosenheim (Kreis)",7,170 m²,800 m²,5.588 €/m²,Einfamilienhaus (freistehend),nil,nach Absprache,4,2,1 Garage,"2,38 % inkl. MWST",{'is24qa-gaeste-wc-label': ''}
JUWEL FÜR FAMILIEN MIT VIEL PLATZ ZUM VERWIRKLICHEN,549.000 €,"90522 Oberasbach, Fürth (Kreis)
Die vollständige Adresse der Immobilie erhalten Sie vom Anbieter.",11,"184,1 m²",666 m²,2.982 €/m²,Einfamilienhaus (freistehend),nil,sofort,nil,2,1 Garage,"3,57 % inkl. der gesetzl. MwSt., bezogen auf den Kaufpreis",{}
"3-Familienhaus, Mehrfamilienhaus, Mehrgenerationenhaus mit Bergblick und Photovoltaik",640.000 €,"83404 Ainring, Berchtesgadener Land (Kreis)
Die vollständige Adresse der Immobilie erhalten Sie vom Anbieter.",10,230 m²,653 m²,2.783 €/m²,Mehrfamilienhaus,475 m²,01.04.2024,7,3,2 Garagen,"Die Vermittlungsprovision beträgt 3,57% inklusive MwSt","{'is24qa-online-besichtigung-moeglich-label': '', 'is24qa-gaeste-wc-label': '', 'is24qa-vermietet-label': ''}"
"im S-Bahnbereich von München, DHH auf einem sonnigen und großzügigem Grundstück",992.400 €,"Wendelsteinring 17,
83624 Otterfing, Miesbach (Kreis)",5,150 m²,617 m²,6.616 €/m²,Doppelhaushälfte,80 m²,sofort,3,1,1 Garage,"3,57 % inkl. MwSt. inkl. MwSt.","{'is24qa-gaeste-wc-label': '', 'is24qa-keller-label': ''}"
