title,price,address,rooms,living_space,property_area,price_per_m2,type,usable_area,available_from,bedrooms,bathrooms,garage_parking,buyer_commission,criteriagroup_boolean_listing
"Sanierungsprofis aufgepasst! Wir haben, was Ihr sucht!",349.000 €,"76356 Weingarten (Baden), Karlsruhe (Kreis)
Die vollständige Adresse der Immobilie erhalten Sie vom Anbieter.","4,5","109,73 m²",367 m²,3.181 €/m²,Einfamilienhaus (freistehend),nil,sofort,3,1,2 Außenstellplätze,"2,38% Brutto vom Kaufpreis","{'is24qa-online-besichtigung-moeglich-label': '', 'is24qa-gaeste-wc-label': '', 'is24qa-keller-label': ''}"
Seltene Gelegenheit auf der Schillerhöhe: Einfamilienhaus bzw. Bauplatz in exponierter Lage,1.230.000 €,"70839 Gerlingen, Ludwigsburg (Kreis)
Die vollständige Adresse der Immobilie erhalten Sie vom Anbieter.",8,"177,93 m²",810 m²,6.913 €/m²,Einfamilienhaus (freistehend),51 m²,nil,4,2,Garage,"3,57 % inkl. MwSt.",{'is24qa-gaeste-wc-label': ''}
Vermietetes Wohn- und Geschäftshaus in gefragter Innenstadtlage!,395.000 €,"88471 Laupheim, Biberach (Kreis)
Die vollständige Adresse der Immobilie erhalten Sie vom Anbieter.",7,240 m²,244 m²,1.646 €/m²,Mehrfamilienhaus,nil,sofort,nil,nil,1 Außenstellplatz,"3,57 % inkl. MwSt.","{'is24qa-keller-label': '', 'is24qa-vermietet-label': ''}"
Großes Einfamilienhaus in Nöttingen - Büronutzung im EG möglich,474.000 €,"75196 Remchingen, Enzkreis
Die vollständige Adresse der Immobilie erhalten Sie vom Anbieter.",7,191 m²,460 m²,2.482 €/m²,Einfamilienhaus (freistehend),nil,kurzfristig,6,2,2 Garagen,"2,38 % vom notariell beurkundeten Kaufpreis","{'is24qa-online-besichtigung-moeglich-label': '', 'is24qa-gaeste-wc-label': '', 'is24qa-keller-label': ''}"
"Achtung Kapitalanleger 9,9% Rendite! ** Schnell sein lohnt sich **",350.000 €,"76661 Philippsburg, Karlsruhe (Kreis)
Die vollständige Adresse der Immobilie erhalten Sie vom Anbieter.",9,"188,44 m²",377 m²,1.857 €/m²,Reihenmittelhaus,nil,nil,7,3,nil,"3,57 % inkl. MwSt.","{'is24qa-keller-label': '', 'is24qa-einliegerwohnung-label': '', 'is24qa-vermietet-label': ''}"
Schönes Reihenmittelhaus in Ortsrandlage,485.000 €,"74391 Erligheim, Ludwigsburg (Kreis)
Die vollständige Adresse der Immobilie erhalten Sie vom Anbieter.",5,136 m²,173 m²,3.566 €/m²,Reihenmittelhaus,nil,nil,nil,nil,1 Garage,"3,57 % inkl. ges. MwSt.",{'is24qa-keller-label': ''}
*Perfekte Alternative zur Wohnung: Einzugsfertig - Hochwertige Doppelhaushälfte m. 162m² Wohnfläche*,479.000 €,"Hauptstr. 24,
74613 Öhringen, Hohenlohekreis",5,162 m²,200 m²,2.957 €/m²,Doppelhaushälfte,nil,nach Rücksprache,4,2,2 Außenstellplätze,"3,57% incl. MwSt. vom Netto-Verkaufpreis","{'is24qa-online-besichtigung-moeglich-label': '', 'is24qa-gaeste-wc-label': '', 'is24qa-stufenloser-zugang-label': ''}"
"1,2,3 & MEINS: Neubau Doppelhaushälfte 162 m² mit Stellplatz / Erstbezug in Weinsbach!",489.000 €,"Hauptstr. 22,
74613 Öhringen, Hohenlohekreis",5,162 m²,262 m²,3.019 €/m²,Doppelhaushälfte,nil,ab Sofort,4,2,2 Außenstellplätze,"3,57% incl. MwSt. vom Netto-Verkaufpreis","{'is24qa-online-besichtigung-moeglich-label': '', 'is24qa-gaeste-wc-label': '', 'is24qa-stufenloser-zugang-label': ''}"
Top Modern und hochwertig - Energieneutrales Mehrfamilienhaus barrierefrei mit Aufzug,3.500.000 €,"74177 Bad Friedrichshall, Heilbronn (Kreis)
Die vollständige Adresse der Immobilie erhalten Sie vom Anbieter.",24,660 m²,420 m²,5.303 €/m²,Mehrfamilienhaus,200 m²,nil,12,6,12 Außenstellplätze,Nein,{'is24qa-provisionsfrei-fuer-kaufende-label': ''}
Rarität für Pferdeliebhaber: Kinderreitschule mit Wohnteil im Bodensee-Hinterland,1.200.000 €,"88263 Horgenzell, Ravensburg (Kreis)
Die vollständige Adresse der Immobilie erhalten Sie vom Anbieter.",7,77 m²,53.367 m²,15.584 €/m²,Besondere Immobilie,138 m²,nil,6,5,nil,"3,57 % inkl. 19 % MwSt.",{}
Historisches Anwesen mit vielen Extras in gesuchter Lage!,499.000 €,"71149 Bondorf, Böblingen (Kreis)
Die vollständige Adresse der Immobilie erhalten Sie vom Anbieter.",5,212 m²,309 m²,2.354 €/m²,Doppelhaushälfte,60 m²,nil,nil,2,1 Außenstellplatz,"Die bei Kaufvertragsabschluss zu zahlende Courtage beträgt 3,57% (inkl. MwSt.)",{}
Das haben Sie gesucht! Genau das Richtige für Ihre Familie!,895.100 €,"71404 Korb, Rems-Murr-Kreis
Die vollständige Adresse der Immobilie erhalten Sie vom Anbieter.",5,151 m²,314 m²,5.928 €/m²,Doppelhaushälfte,nil,nil,4,1,2 Garagen,Nein,"{'is24qa-gaeste-wc-label': '', 'is24qa-provisionsfrei-fuer-kaufende-label': ''}"
ZWEIFAMILIENHAUS MIT VIEL PLATZ & TOLLER AUSSICHT,380.000 €,"72458 Albstadt, Zollernalbkreis
Die vollständige Adresse der Immobilie erhalten Sie vom Anbieter.",7,140 m²,510 m²,2.714 €/m²,Reiheneckhaus,nil,nil,5,2,2 Garagen,"4,76","{'is24qa-keller-label': '', 'is24qa-vermietet-label': ''}"
Eigenheim in schöner Lage...,198.000 €,"74582 Gerabronn, Schwäbisch Hall (Kreis)
Die vollständige Adresse der Immobilie erhalten Sie vom Anbieter.",6,102 m²,586 m²,1.941 €/m²,Doppelhaushälfte,nil,sofort,4,1,3 Stellplätze,"3,57 % inkl. ges. MwSt.","{'is24qa-gaeste-wc-label': '', 'is24qa-keller-label': ''}"
Ansprechendes Anwesen mit Platz für die große Familie!,699.000 €,"88416 Ochsenhausen, Biberach (Kreis)
Die vollständige Adresse der Immobilie erhalten Sie vom Anbieter.",6,220 m²,598 m²,3.177 €/m²,Einfamilienhaus (freistehend),nil,nach Vereinbarung,nil,2,1 Garage,"3,57 % v. Brutto-VKP inkl. MwSt.",{'is24qa-gaeste-wc-label': ''}
Heilbronn - teilmodernisierte Doppelhaushälfte mit schönem Grundstück,289.000 €,"Böckingen, 74080 Heilbronn
Die vollständige Adresse der Immobilie erhalten Sie vom Anbieter.",4,82 m²,435 m²,3.524 €/m²,Doppelhaushälfte,nil,nil,3,1,1 Garage,"3,57% des Kaufpreises inkl. MwSt.","{'is24qa-gaeste-wc-label': '', 'is24qa-keller-label': ''}"
Aalen-Heide: 2-FH mit wertvollem Sonnengrundstück in Aussichtslage - Kernsanierung notwendig!,339.000 €,"östliche Bahnlinie, 73431 Aalen
Die vollständige Adresse der Immobilie erhalten Sie vom Anbieter.",7,130 m²,643 m²,2.608 €/m²,Mehrfamilienhaus,nil,sofort,5,2,1 Garage,"4,76% vom Kaufpreis inkl. 19% MwSt.",{'is24qa-keller-label': ''}
F&D | Großartiges Ein- bis Zweifamilienhaus mit Doppelgarage in ruhiger Wohnlage,779.000 €,"78559 Gosheim, Tuttlingen (Kreis)
Die vollständige Adresse der Immobilie erhalten Sie vom Anbieter.","6,5",230 m²,606 m²,3.387 €/m²,nil,131 m²,nil,4,3,2 Garagen,"2,975%","{'is24qa-gaeste-wc-label': '', 'is24qa-keller-label': ''}"
kernsaniertes Dreifamilienhaus mit Einfamilienhaus (Hintergebäude) 3 Garagen und 2 Stellplätze,1.075.000 €,"76646 Bruchsal, Karlsruhe (Kreis)
Die vollständige Adresse der Immobilie erhalten Sie vom Anbieter.",16,"367,6 m²",419 m²,2.924 €/m²,Wohnimmobilie (sonstige),nil,nach Rücksprache,nil,nil,nil,"3,57%","{'is24qa-gaeste-wc-label': '', 'is24qa-keller-label': ''}"
Historisches Fachwerkhaus mit Renovierungspotenzial in Gerlingen!,549.000 €,"70839 Gerlingen, Ludwigsburg (Kreis)
Die vollständige Adresse der Immobilie erhalten Sie vom Anbieter.",11,"243,46 m²",387 m²,2.255 €/m²,Mehrfamilienhaus,nil,sofort,7,2,2 Außenstellplätze,"4,17% inkl. MwSt.",{'is24qa-keller-label': ''}
