title,price,address,rooms,living_space,property_area,price_per_m2,type,usable_area,available_from,bedrooms,bathrooms,garage_parking,buyer_commission,criteriagroup_boolean_listing
Zwangsversteigerung,400.000 €,"26831 Bunde, Leer (Kreis)
Die vollständige Adresse der Immobilie erhalten Sie vom Anbieter.",5,192 m²,1.468 m²,2.083 €/m²,Einfamilienhaus (freistehend),nil,nach Vereinbarung,3,2,4 Stellplätze,Nein,{'is24qa-provisionsfrei-fuer-kaufende-label': ''}
Neuwertige Wohn- und Gewerbeimmobilie am Rande von Esens,489.000 €,"26427 Esens, Wittmund (Kreis)
Die vollständige Adresse der Immobilie erhalten Sie vom Anbieter.",5,"142,67 m²",2.769 m²,3.427 €/m²,Einfamilienhaus (freistehend),"166,5 m²",Herbst 2024,3,2,nil,"3,57 % inkl. ges. MwSt.",{}
Kleiner Bungalow in ruhiger Lage!,175.000 €,"26817 Rhauderfehn, Leer (Kreis)
Die vollständige Adresse der Immobilie erhalten Sie vom Anbieter.",3,"123,39 m²",1.289 m²,1.418 €/m²,Bungalow,nil,nach Vereinbarung,2,1,1 Garage,"3,57 % inkl. ges. MwSt.",{}
Großes Haus mit potenzieller Einliegerwohnung,265.000 €,"26817 Rhauderfehn, Leer (Kreis)
Die vollständige Adresse der Immobilie erhalten Sie vom Anbieter.",6,"172,86 m²",1.974 m²,1.533 €/m²,Einfamilienhaus (freistehend),nil,nach Vereinbarung,4,2,1 Garage,"3,57 % inkl. ges. MwSt.",{'is24qa-keller-label': ''}
Charmantes Fehnhaus mit viel Platz und toller Blockhütte,249.000 €,"26802 Moormerland, Leer (Kreis)
Die vollständige Adresse der Immobilie erhalten Sie vom Anbieter.",5,"159,43 m²",772 m²,1.562 €/m²,Einfamilienhaus (freistehend),nil,nach Vereinbarung,4,2,4 Stellplätze,"3,57 % inkl. ges. MwSt.","{'is24qa-gaeste-wc-label': '', 'is24qa-keller-label': ''}"
Charmantes Haus in zentraler und dennoch ruhiger Wohnlage!,230.000 €,"26802 Moormerland, Leer (Kreis)
Die vollständige Adresse der Immobilie erhalten Sie vom Anbieter.",3,"82,36 m²",545 m²,2.793 €/m²,Einfamilienhaus (freistehend),nil,nach Vereinbarung,2,1,5 Stellplätze,"3,57 % inkl. ges. MwSt.",{'is24qa-gaeste-wc-label': ''}
Gemütlich - schöne Lage - Ihre Chance!,169.000 €,"26810 Westoverledingen, Leer (Kreis)
Die vollständige Adresse der Immobilie erhalten Sie vom Anbieter.",3,75 m²,825 m²,2.253 €/m²,Reihenmittelhaus,nil,nach Vereinbarung,2,1,1 Außenstellplatz,"3,57 % inkl. ges. MwSt.",{}
Nurdachhaus mit TOP-Lage HARLESIEL,289.000 €,"26409 Wittmund, Wittmund (Kreis)
Die vollständige Adresse der Immobilie erhalten Sie vom Anbieter.",3,50 m²,707 m²,5.780 €/m²,Einfamilienhaus (freistehend),6 m²,nil,2,1,3 Stellplätze,"3,57 % inkl. ges. MwSt.",{}
"Ehemaliger Hof mit großer Scheune und 1,5 ha kurz vor Dunum",250.000 €,"26427 Dunum, Wittmund (Kreis)
Die vollständige Adresse der Immobilie erhalten Sie vom Anbieter.",3,80 m²,15.444 m²,3.125 €/m²,Wohnimmobilie (sonstige),270 m²,sofort,2,1,nil,"3,57 % inkl. ges. MwSt.",{}
Wohnen auf drei Ebenen zwischen Innenstadt und Julianenpark,299.000 €,"26789 Leer (Ostfriesland), Leer (Kreis)
Die vollständige Adresse der Immobilie erhalten Sie vom Anbieter.",4,156 m²,500 m²,1.917 €/m²,Doppelhaushälfte,nil,01.08.2024,3,2,2 Stellplätze,"3,57 % inkl. ges. MwSt.",{'is24qa-gaeste-wc-label': ''}
Weitblick in Bunderhammrich,139.000 €,"26831 Bunde, Leer (Kreis)
Die vollständige Adresse der Immobilie erhalten Sie vom Anbieter.",5,110 m²,879 m²,1.264 €/m²,Einfamilienhaus (freistehend),nil,nach Vereinbarung,3,2,2 Außenstellplätze,"3,57 % inkl. ges. MwSt.",{'is24qa-keller-label': ''}
Carolinensiel Reihenmittelhaus Sehr schöne Lage,297.500 €,"26409 Wittmund, Wittmund (Kreis)
Die vollständige Adresse der Immobilie erhalten Sie vom Anbieter.",3,"60,34 m²",929 m²,4.930 €/m²,Reihenmittelhaus,"13,81 m²",sofort,2,1,1 Außenstellplatz,"3,57 % inkl. ges. MwSt.","{'is24qa-gaeste-wc-label': '', 'is24qa-als-ferienhaus-geeignet-label': ''}"
Vermietete Kapitalanlage mit attraktiver Bauoption,199.000 €,"26810 Westoverledingen, Leer (Kreis)
Die vollständige Adresse der Immobilie erhalten Sie vom Anbieter.",6,170 m²,1.428 m²,1.171 €/m²,Mehrfamilienhaus,nil,nach Vereinbarung,4,2,2 Außenstellplätze,"3,57 % inkl. ges. MwSt.","{'is24qa-keller-label': '', 'is24qa-einliegerwohnung-label': '', 'is24qa-vermietet-label': ''}"
Exklusive Kapitalanlage mit guter Energieeffizienz!,466.000 €,"26835 Hesel, Leer (Kreis)
Die vollständige Adresse der Immobilie erhalten Sie vom Anbieter.",8,"251,61 m²",603 m²,1.852 €/m²,Mehrfamilienhaus,nil,nach Vereinbarung,6,2,4 Stellplätze,"3,57 % inkl. ges. MwSt.","{'is24qa-gaeste-wc-label': '', 'is24qa-vermietet-label': ''}"
Immobilie mit individuellen Gestaltungsoptionen,109.000 €,"26826 Weener, Leer (Kreis)
Die vollständige Adresse der Immobilie erhalten Sie vom Anbieter.",4,80 m²,982 m²,1.363 €/m²,Einfamilienhaus (freistehend),nil,nach Vereinbarung,2,1,1 Außenstellplatz,"3,57 % inkl. ges. MwSt.",{'is24qa-keller-label': ''}
Gemütliches Wohnhaus direkt am Kanal von Spetzerfehn,155.000 €,"26629 Großefehn, Aurich (Kreis)
Die vollständige Adresse der Immobilie erhalten Sie vom Anbieter.",6,140 m²,1.000 m²,1.107 €/m²,Einfamilienhaus (freistehend),nil,Mai 2024,4,1,1 Garage,"3,57 % inkl. ges. MwSt.",{'is24qa-gaeste-wc-label': ''}
Kleines Landhaus für Handwerker in Etzel-Friedeburg,135.000 €,"26446 Friedeburg, Wittmund (Kreis)
Die vollständige Adresse der Immobilie erhalten Sie vom Anbieter.",3,75 m²,2.444 m²,1.800 €/m²,Wohnimmobilie (sonstige),80 m²,nach Vereinbarung,1,1,nil,"3,57 % inkl. ges. MwSt.",{'is24qa-gaeste-wc-label': ''}
Reihenmittelhaus - Ihr Domizil in Carolinensiel,249.000 €,"26409 Wittmund, Wittmund (Kreis)
Die vollständige Adresse der Immobilie erhalten Sie vom Anbieter.",3,70 m²,758 m²,3.557 €/m²,Reihenmittelhaus,5 m²,sofort,2,1,1 Außenstellplatz,"3,57 % inkl. ges. MwSt.",{'is24qa-gaeste-wc-label': ''}
"Tolles Doppelhaus, sichere Kapitalanlage, gute Lage!",399.000 €,"26842 Ostrhauderfehn, Leer (Kreis)
Die vollständige Adresse der Immobilie erhalten Sie vom Anbieter.",6,160 m²,1.095 m²,2.494 €/m²,Mehrfamilienhaus,nil,nach Vereinbarung,4,2,2 Carports,"3,57 % inkl. ges. MwSt.",{'is24qa-vermietet-label': ''}
Südarle-Sanierungsbedürftiges Wohnhaus auf großem Grundstück,135.000 €,"26532 Großheide, Aurich (Kreis)
Die vollständige Adresse der Immobilie erhalten Sie vom Anbieter.",4,75 m²,1.798 m²,1.800 €/m²,Einfamilienhaus (freistehend),21 m²,ca. 3 Monate nach Kaufvertrag,2,1,nil,"3,57 % inkl. ges. MwSt.",{'is24qa-keller-label': ''}
