title,price,address,rooms,living_space,property_area,price_per_m2,type,usable_area,available_from,bedrooms,bathrooms,garage_parking,buyer_commission,criteriagroup_boolean_listing
Preiswertes 5-Raum-Haus in Schauenburg,310.000 €,"Schillerstraße 8,
34270 Schauenburg, Kassel (Kreis)",5,134 m²,713 m²,2.313 €/m²,Einfamilienhaus (freistehend),nil,30.4.2024,2,1,nil,Nein,"{'is24qa-keller-label': '', 'is24qa-provisionsfrei-fuer-kaufende-label': ''}"
Reihenendhaus in BSA OT Bad Sooden mit schönem Garten,250.000 €,"37242 Bad Sooden-Allendorf, Werra-Meißner-Kreis
Die vollständige Adresse der Immobilie erhalten Sie vom Anbieter.","5,5",154 m²,250 m²,1.623 €/m²,Reiheneckhaus,59 m²,23.5.2024,5,1,1 Außenstellplatz,Nein,"{'is24qa-gaeste-wc-label': '', 'is24qa-keller-label': '', 'is24qa-provisionsfrei-fuer-kaufende-label': ''}"
++ Hier bestimmen Sie den Preis! Verkauf im Bieterverfahren ++,500.000 €,"64546 Mörfelden-Walldorf, Groß-Gerau (Kreis)
Die vollständige Adresse der Immobilie erhalten Sie vom Anbieter.",4,107 m²,693 m²,4.673 €/m²,Einfamilienhaus (freistehend),45 m²,Sofort,2,2,2 Garagen,"2,98 % (inkl. 19 % MwSt.)","{'is24qa-listonlyonis24-label': 'Nur hier gefunden', 'is24qa-keller-label': ''}"
Provisionsfreie Villa mit Panoramablick in Neckarsteinach,1.590.000 €,"69239 Neckarsteinach, Bergstraße (Kreis)
Die vollständige Adresse der Immobilie erhalten Sie vom Anbieter.",10,330 m²,1.680 m²,4.818 €/m²,Villa,nil,nil,6,3,6 Stellplätze,Nein,"{'is24qa-gaeste-wc-label': '', 'is24qa-keller-label': '', 'is24qa-stufenloser-zugang-label': '', 'is24qa-einliegerwohnung-label': '', 'is24qa-provisionsfrei-fuer-kaufende-label': ''}"
HTI | Gründerzeitvilla mit 4 Wohnungen sowie einem Bungalow in Oberursel - Stadtmitte,1.980.000 €,"61440 Oberursel (Taunus), Hochtaunuskreis
Die vollständige Adresse der Immobilie erhalten Sie vom Anbieter.",16,475 m²,693 m²,4.168 €/m²,Mehrfamilienhaus,45 m²,Nach Vereinbarung,11,7,1 Garage,Nein,"{'is24qa-gaeste-wc-label': '', 'is24qa-keller-label': '', 'is24qa-provisionsfrei-fuer-kaufende-label': ''}"
Baubeginn erfolgt - Bachlauf inklusive,689.000 €,"69517 Gorxheimertal, Bergstraße (Kreis)
Die vollständige Adresse der Immobilie erhalten Sie vom Anbieter.",5,166 m²,0 m²,4.151 €/m²,nil,59 m²,Frühjahr 2025,nil,nil,2 Außenstellplätze,"2,38 % inkl. MwSt",{}
Baubeginn erfolgt - Bachlauf inklusive,614.000 €,"69517 Gorxheimertal, Bergstraße (Kreis)
Die vollständige Adresse der Immobilie erhalten Sie vom Anbieter.",4,130 m²,0 m²,4.723 €/m²,nil,46 m²,Frühjahr 2025,nil,nil,2 Außenstellplätze,"2,38 % inkl. MwSt",{}
"BEST IMMOBILIEN..... familienfreundliches, freistehendes EFH mit ELW in Nähe des alten Kurparks",1.298.000 €,"65812 Bad Soden am Taunus, Main-Taunus-Kreis
Die vollständige Adresse der Immobilie erhalten Sie vom Anbieter.",6,251 m²,471 m²,5.171 €/m²,Einfamilienhaus (freistehend),74 m²,nil,5,3,2 Garagen,"3,57 % inkl. Mwst. vom Käufer","{'is24qa-gaeste-wc-label': '', 'is24qa-keller-label': '', 'is24qa-einliegerwohnung-label': ''}"
"Entzückendes, freistehendes Einfamilienhaus auf pflegeleichtem Grundstück",398.500 €,"64569 Nauheim, Groß-Gerau (Kreis)
Die vollständige Adresse der Immobilie erhalten Sie vom Anbieter.",6,"121,8 m²",387 m²,3.272 €/m²,Einfamilienhaus (freistehend),"60,4 m²",nil,4,3,1 Stellplatz,"2,975 %",{}
Bezugsfertiges Einfamilienhaus in Oberurseler Bestlage,1.150.000 €,"61440 Oberursel (Taunus), Hochtaunuskreis
Die vollständige Adresse der Immobilie erhalten Sie vom Anbieter.",5,144 m²,450 m²,7.986 €/m²,nil,73 m²,nach Vereinbarung,3,2,3 Außenstellplätze,3.57 % inkl. gesetzl. MwSt.,"{'is24qa-gaeste-wc-label': '', 'is24qa-keller-label': ''}"
IDYLLISCHES WOHNEN MIT STIL!,520.000 €,"34292 Ahnatal, Kassel (Kreis)
Die vollständige Adresse der Immobilie erhalten Sie vom Anbieter.",7,280 m²,906 m²,1.857 €/m²,Einfamilienhaus (freistehend),nil,Nach Vereinbarung,nil,3,2 Garagen,3.57 %,"{'is24qa-gaeste-wc-label': '', 'is24qa-keller-label': '', 'is24qa-als-ferienhaus-geeignet-label': '', 'is24qa-einliegerwohnung-label': ''}"
Solides Zweifamilienhaus in Bestlage am Brasselsberg!,498.000 €,"Brasselsberg, 34132 Kassel
Die vollständige Adresse der Immobilie erhalten Sie vom Anbieter.",8,208 m²,1.100 m²,2.394 €/m²,Mehrfamilienhaus,nil,Nach Vereinbarung,nil,3,4 Stellplätze,3.57 %,"{'is24qa-keller-label': '', 'is24qa-einliegerwohnung-label': ''}"
Belle Époque Villa in Bad Karlshafen!,830.000 €,"34385 Bad Karlshafen, Kassel (Kreis)
Die vollständige Adresse der Immobilie erhalten Sie vom Anbieter.",14,554 m²,7.961 m²,1.498 €/m²,Villa,70 m²,Ab sofort,nil,4,8 Stellplätze,3.57 %,"{'is24qa-gaeste-wc-label': '', 'is24qa-keller-label': ''}"
Schönes Einfamilienhaus mit Grundstück und Bachlauf!,359.000 €,"34298 Helsa, Kassel (Kreis)
Die vollständige Adresse der Immobilie erhalten Sie vom Anbieter.",4,126 m²,1.166 m²,2.849 €/m²,Einfamilienhaus (freistehend),nil,nil,3,1,4 Stellplätze,3.57 %,"{'is24qa-gaeste-wc-label': '', 'is24qa-keller-label': '', 'is24qa-als-ferienhaus-geeignet-label': ''}"
Rustikales Einfamilienhaus mit gut vermieteter Gewerbeeinheit und Nebengebäude,429.500 €,"65468 Trebur, Groß-Gerau (Kreis)
Die vollständige Adresse der Immobilie erhalten Sie vom Anbieter.",7,"163,79 m²",414 m²,2.622 €/m²,Einfamilienhaus (freistehend),"48,86 m²",nil,5,2,1 Garage,"2,975 %",{'is24qa-keller-label': ''}
Zwei auf einen Streich: Tolles EFH mit ELW und Sonnengarten,749.500 €,"65479 Raunheim, Groß-Gerau (Kreis)
Die vollständige Adresse der Immobilie erhalten Sie vom Anbieter.",8,"205,55 m²",516 m²,3.646 €/m²,Einfamilienhaus (freistehend),"104,7 m²",nil,5,4,2 Außenstellplätze,"2,975 %","{'is24qa-gaeste-wc-label': '', 'is24qa-keller-label': '', 'is24qa-einliegerwohnung-label': ''}"
Verwirklichen Sie Ihren Wohntraum: Einfamilienhaus mit sonnigem Garten,1.250.000 €,"61352 Bad Homburg vor der Höhe, Hochtaunuskreis
Die vollständige Adresse der Immobilie erhalten Sie vom Anbieter.",7,197 m²,754 m²,6.345 €/m²,Einfamilienhaus (freistehend),117 m²,nach Vereinbarung,5,3,1 Garage,"3,57 % inkl. gesetzlicher MwSt.","{'is24qa-gaeste-wc-label': '', 'is24qa-keller-label': ''}"
Idyllisches Refugium an der Stierstädter Heide,2.290.000 €,"61440 Oberursel (Taunus), Hochtaunuskreis
Die vollständige Adresse der Immobilie erhalten Sie vom Anbieter.",8,260 m²,1.050 m²,8.808 €/m²,Einfamilienhaus (freistehend),75 m²,nach Vereinbarung,5,3,4 Stellplätze,3.57 % inkl. gesetzl. MwSt.,"{'is24qa-gaeste-wc-label': '', 'is24qa-keller-label': ''}"
Einfamilienhaus in bester Wohnlage,1.180.000 €,"61348 Bad Homburg vor der Höhe, Hochtaunuskreis
Die vollständige Adresse der Immobilie erhalten Sie vom Anbieter.",7,223 m²,501 m²,5.291 €/m²,Einfamilienhaus (freistehend),108 m²,nil,4,3,1 Garage,"3,57 % inkl. gesetzl. MwSt.","{'is24qa-gaeste-wc-label': '', 'is24qa-keller-label': ''}"
Ihr Einfamilienhaus in Wiesbaden,859.000 €,"Waldstraße 2,
Biebrich, 65187 Wiesbaden",5,124 m²,161 m²,6.927 €/m²,Reihenmittelhaus,35 m²,Oktober 2025,nil,nil,1 Tiefgaragen-Stellplatz,Nein,"{'is24qa-gaeste-wc-label': '', 'is24qa-keller-label': '', 'is24qa-stufenloser-zugang-label': '', 'is24qa-als-ferienhaus-geeignet-label': '', 'is24qa-provisionsfrei-fuer-kaufende-label': ''}"
Eckhaus für die ganze Familie,839.000 €,"Waldstraße 2,
Biebrich, 65187 Wiesbaden",4,110 m²,161 m²,7.627 €/m²,Reiheneckhaus,40 m²,Oktober 2025,3,2,1 Tiefgaragen-Stellplatz,Nein,"{'is24qa-gaeste-wc-label': '', 'is24qa-keller-label': '', 'is24qa-stufenloser-zugang-label': '', 'is24qa-provisionsfrei-fuer-kaufende-label': ''}"
Eckhaus mit großem Grundstück,889.000 €,"Waldstraße 2,
Biebrich, 65187 Wiesbaden",5,120 m²,243 m²,7.408 €/m²,Reiheneckhaus,40 m²,Oktober 2025,4,2,1 Tiefgaragen-Stellplatz,Nein,"{'is24qa-gaeste-wc-label': '', 'is24qa-keller-label': '', 'is24qa-stufenloser-zugang-label': '', 'is24qa-provisionsfrei-fuer-kaufende-label': ''}"
