title,price,address,rooms,living_space,property_area,price_per_m2,type,usable_area,available_from,bedrooms,bathrooms,garage_parking,buyer_commission,criteriagroup_boolean_listing
Platz für die ganze Familie!,560.000 €,"64407 Fränkisch-Crumbach, Odenwaldkreis
Die vollständige Adresse der Immobilie erhalten Sie vom Anbieter.",10,260 m²,244 m²,2.154 €/m²,Mehrfamilienhaus,45 m²,nach Absprache,8,3,3 Garagen,"5,95% inkl. MwSt.","{'is24qa-gaeste-wc-label': '', 'is24qa-keller-label': ''}"
Grandiose Hofreite und großflächige Wiesen im Odenwald!,850.000 €,"64739 Höchst im Odenwald, Odenwaldkreis
Die vollständige Adresse der Immobilie erhalten Sie vom Anbieter.",12,250 m²,21.849 m²,3.400 €/m²,Mehrfamilienhaus,600 m²,nach Absprache,9,3,6 Stellplätze,"5,95% inkl. MwSt.","{'is24qa-keller-label': '', 'is24qa-einliegerwohnung-label': ''}"
"Besondere Lage im beliebten, ruhigen Bad Schwalbach!",479.000 €,"65307 Bad Schwalbach, Rheingau-Taunus-Kreis
Die vollständige Adresse der Immobilie erhalten Sie vom Anbieter.",5,145 m²,266 m²,3.303 €/m²,Einfamilienhaus (freistehend),nil,nach Absprache,3,1,nil,"3,57% inkl. MwSt.",{'is24qa-gaeste-wc-label': ''}
Sanierungsbedürftiges Zweifamilienhaus mit viel Potenzial!,800.000 €,"65812 Bad Soden am Taunus, Main-Taunus-Kreis
Die vollständige Adresse der Immobilie erhalten Sie vom Anbieter.",6,"133,01 m²",431 m²,6.015 €/m²,Mehrfamilienhaus,"87,52 m²",nil,4,2,1 Garage,"Käuferprovision beträgt 5,95 % (inkl. gesetzl. MwSt.)","{'is24qa-online-besichtigung-moeglich-label': '', 'is24qa-keller-label': '', 'is24qa-vermietet-label': ''}"
"Schönes, großes Wohn- und Geschäftshaus mit großem Grundstück u. anliegender Scheune",179.000 €,"63699 Kefenrod, Wetteraukreis
Die vollständige Adresse der Immobilie erhalten Sie vom Anbieter.",7,205 m²,630 m²,873 €/m²,nil,50 m²,n.v.,6,2,2 Garagen,"1,5% zzgl. 19% MwSt.",{'is24qa-keller-label': ''}
Außergewöhnliches Reihenendhaus in ruhiger Lage Vermietet ! Kapitalanlage !,430.000 €,"65428 Rüsselsheim am Main, Groß-Gerau (Kreis)
Die vollständige Adresse der Immobilie erhalten Sie vom Anbieter.",6,"122,65 m²",150 m²,3.506 €/m²,Reiheneckhaus,nil,nil,5,2,1 Carport,Nein,"{'is24qa-gaeste-wc-label': '', 'is24qa-vermietet-label': '', 'is24qa-provisionsfrei-fuer-kaufende-label': ''}"
Idyllisches Wohnen mit ausbaufähigem Anbau in Hintersteinau!,189.000 €,"36396 Steinau an der Straße, Main-Kinzig-Kreis
Die vollständige Adresse der Immobilie erhalten Sie vom Anbieter.",5,186 m²,650 m²,1.016 €/m²,Einfamilienhaus (freistehend),124 m²,nach Absprache,3,1,2 Außenstellplätze,"3,57% inkl. MwSt",{'is24qa-keller-label': ''}
Gepflegtes Invest mit Ausbaupotential in Wald-Michelbach!,655.000 €,"69483 Wald-Michelbach, Bergstraße (Kreis)
Die vollständige Adresse der Immobilie erhalten Sie vom Anbieter.",22,536 m²,1.100 m²,1.222 €/m²,Mehrfamilienhaus,104 m²,vermietet,14,6,8 Stellplätze,"5,95% inkl. MwSt.",{'is24qa-vermietet-label': ''}
Ihr neues Eigenheim! Einziehen und wohlfühlen!,299.000 €,"64720 Michelstadt, Odenwaldkreis
Die vollständige Adresse der Immobilie erhalten Sie vom Anbieter.",7,150 m²,651 m²,1.993 €/m²,Mehrfamilienhaus,nil,nach Absprache,4,2,2 Garagen,"5,95% inkl. MwSt.",{'is24qa-keller-label': ''}
Einfamilienhaus in Merenberg - Barig-Selbenhausen,268.000 €,"35799 Merenberg, Limburg-Weilburg (Kreis)
Die vollständige Adresse der Immobilie erhalten Sie vom Anbieter.",5,169 m²,728 m²,1.586 €/m²,Einfamilienhaus (freistehend),70 m²,nach Vereinbarung,nil,nil,3 Garagen,"2,98% inkl. gesetzl. MwSt.",{'is24qa-keller-label': ''}
Investieren in begehrter Wohnlage!,699.000 €,"65817 Eppstein, Main-Taunus-Kreis
Die vollständige Adresse der Immobilie erhalten Sie vom Anbieter.",8,240 m²,380 m²,2.913 €/m²,Mehrfamilienhaus,50 m²,vermietet,5,3,6 Stellplätze,"5,95% inkl. MwSt.","{'is24qa-keller-label': '', 'is24qa-vermietet-label': ''}"
Sehr schönes Einfamilienhaus mit Garten und zwei Garagen,449.000 €,"61130 Nidderau, Main-Kinzig-Kreis
Die vollständige Adresse der Immobilie erhalten Sie vom Anbieter.",5,"119,38 m²",270 m²,3.761 €/m²,Reiheneckhaus,"47,87 m²",Nach Absprache,4,1,2 Stellplätze,"1,19% inklusive Mehrwertsteuer","{'is24qa-gaeste-wc-label': '', 'is24qa-keller-label': ''}"
"PREMIUMLAGE, PREMIUMWOHNEN – Luxuriöses Neubau Town-Haus mit Garten in Königstein! 🤩",995.000 €,"61462 Königstein im Taunus, Hochtaunuskreis
Die vollständige Adresse der Immobilie erhalten Sie vom Anbieter.",7,173 m²,201 m²,5.751 €/m²,Wohnimmobilie (sonstige),nil,01.10.2023,5,3,3 Duplex-Stellplätze,"3,57%","{'is24qa-gaeste-wc-label': '', 'is24qa-keller-label': ''}"
Gemütliches Haus mit tollem Garten zur Kapitalanlage!,299.000 €,"64589 Stockstadt am Rhein, Groß-Gerau (Kreis)
Die vollständige Adresse der Immobilie erhalten Sie vom Anbieter.",4,85 m²,286 m²,3.518 €/m²,Einfamilienhaus (freistehend),28 m²,vermietet,3,1,1 Außenstellplatz,"3,57% inkl. MwSt.",{'is24qa-vermietet-label': ''}
Großzügiges Einfamilienhaus in bevorzugter Lage von Bad Homburg,1.690.000 €,"61350 Bad Homburg vor der Höhe, Hochtaunuskreis
Die vollständige Adresse der Immobilie erhalten Sie vom Anbieter.",7,182 m²,420 m²,9.286 €/m²,Einfamilienhaus (freistehend),44 m²,nil,3,2,1 Garage,"2,975 % inkl. MwSt. jeweils für Käufer und Verkäufer auf den Grundstückspreis","{'is24qa-gaeste-wc-label': '', 'is24qa-keller-label': ''}"
Neubau-Erstbezug - Reihenendhaus in Bad Vilbel!,1.380.000 €,"61118 Bad Vilbel, Wetteraukreis
Die vollständige Adresse der Immobilie erhalten Sie vom Anbieter.",4,180 m²,270 m²,7.667 €/m²,Reiheneckhaus,nil,nil,3,2,nil,"Käuferprovision beträgt 3,57 % (inkl. gesetzl. MwSt.)",{'is24qa-online-besichtigung-moeglich-label': ''}
Neubau-Erstbezug - Reihenmittelhaus in Bad Vilbel!,1.290.000 €,"61118 Bad Vilbel, Wetteraukreis
Die vollständige Adresse der Immobilie erhalten Sie vom Anbieter.",4,180 m²,220 m²,7.167 €/m²,Reihenmittelhaus,nil,nil,3,2,nil,"Käuferprovision beträgt 3,57 % (inkl. gesetzl. MwSt.)",{'is24qa-online-besichtigung-moeglich-label': ''}
Renditestarkes Mehrfamilienhaus in ruhiger Lage von Nidda!,598.000 €,"63667 Nidda, Wetteraukreis
Die vollständige Adresse der Immobilie erhalten Sie vom Anbieter.",9,267 m²,395 m²,2.240 €/m²,Mehrfamilienhaus,81 m²,vermietet,3,3,3 Außenstellplätze,"5,95% inkl. MwSt.","{'is24qa-gaeste-wc-label': '', 'is24qa-keller-label': '', 'is24qa-vermietet-label': ''}"
Ländliche Idylle für Handwerker in Gronau!,199.000 €,"64625 Bensheim, Bergstraße (Kreis)
Die vollständige Adresse der Immobilie erhalten Sie vom Anbieter.",4,88 m²,128 m²,2.261 €/m²,Einfamilienhaus (freistehend),50 m²,nach Absprache,3,1,nil,"3,57% inkl. MwSt.","{'is24qa-gaeste-wc-label': '', 'is24qa-keller-label': ''}"
Bauen auf den Grundstücken der Gemeinde in Heidenrod-Langschied,449.000 €,"65321 Heidenrod, Rheingau-Taunus-Kreis
Die vollständige Adresse der Immobilie erhalten Sie vom Anbieter.",5,162 m²,680 m²,2.772 €/m²,Einfamilienhaus (freistehend),nil,nil,4,3,nil,Nein,"{'is24qa-gaeste-wc-label': '', 'is24qa-provisionsfrei-fuer-kaufende-label': ''}"
Modernes Wohnen in Schlangenbad-Niedergladbach,479.000 €,"65388 Schlangenbad, Rheingau-Taunus-Kreis
Die vollständige Adresse der Immobilie erhalten Sie vom Anbieter.",6,162 m²,498 m²,2.957 €/m²,Einfamilienhaus (freistehend),81 m²,nil,5,2,nil,Nein,"{'is24qa-gaeste-wc-label': '', 'is24qa-keller-label': '', 'is24qa-provisionsfrei-fuer-kaufende-label': ''}"
Exklusives Wohnen und arbeiten unter einem Dach,576.000 €,"65321 Heidenrod, Rheingau-Taunus-Kreis
Die vollständige Adresse der Immobilie erhalten Sie vom Anbieter.",8,237 m²,500 m²,2.430 €/m²,Einfamilienhaus (freistehend),113 m²,nil,4,3,nil,Nein,"{'is24qa-keller-label': '', 'is24qa-provisionsfrei-fuer-kaufende-label': ''}"
Hier wohnen zwei Familien wie in einem Doppelhaus,598.000 €,"65321 Heidenrod, Rheingau-Taunus-Kreis
Die vollständige Adresse der Immobilie erhalten Sie vom Anbieter.",8,218 m²,500 m²,2.743 €/m²,Mehrfamilienhaus,107 m²,nil,6,2,nil,Nein,"{'is24qa-keller-label': '', 'is24qa-provisionsfrei-fuer-kaufende-label': ''}"
Modernes Wohnen in Heidenrod-Laufenselden,475.000 €,"65321 Heidenrod, Rheingau-Taunus-Kreis
Die vollständige Adresse der Immobilie erhalten Sie vom Anbieter.",6,162 m²,500 m²,2.932 €/m²,Einfamilienhaus (freistehend),81 m²,nil,5,2,nil,Nein,"{'is24qa-gaeste-wc-label': '', 'is24qa-keller-label': '', 'is24qa-provisionsfrei-fuer-kaufende-label': ''}"
Bauen auf den Grundstücken der Gemeinde in Heidenrod-Langschied,479.000 €,"65321 Heidenrod, Rheingau-Taunus-Kreis
Die vollständige Adresse der Immobilie erhalten Sie vom Anbieter.",5,159 m²,680 m²,3.013 €/m²,Einfamilienhaus (freistehend),nil,nil,3,2,nil,Nein,"{'is24qa-gaeste-wc-label': '', 'is24qa-provisionsfrei-fuer-kaufende-label': ''}"
Bauen auf den Grundstücken der Gemeinde in Heidenrod-Langschied,455.000 €,"65321 Heidenrod, Rheingau-Taunus-Kreis
Die vollständige Adresse der Immobilie erhalten Sie vom Anbieter.",4,139 m²,680 m²,3.273 €/m²,Einfamilienhaus (freistehend),nil,nil,3,1,nil,Nein,"{'is24qa-gaeste-wc-label': '', 'is24qa-provisionsfrei-fuer-kaufende-label': ''}"
Bauen auf den Grundstücken der Gemeinde in Heidenrod-Langschied,445.000 €,"65321 Heidenrod, Rheingau-Taunus-Kreis
Die vollständige Adresse der Immobilie erhalten Sie vom Anbieter.",5,160 m²,680 m²,2.781 €/m²,Einfamilienhaus (freistehend),nil,nil,4,3,nil,Nein,"{'is24qa-gaeste-wc-label': '', 'is24qa-provisionsfrei-fuer-kaufende-label': ''}"
Bauen auf den Grundstücken der Gemeinde in Heidenrod-Langschied,540.000 €,"65321 Heidenrod, Rheingau-Taunus-Kreis
Die vollständige Adresse der Immobilie erhalten Sie vom Anbieter.",4,193 m²,680 m²,2.798 €/m²,Einfamilienhaus (freistehend),nil,nil,3,2,nil,Nein,"{'is24qa-gaeste-wc-label': '', 'is24qa-provisionsfrei-fuer-kaufende-label': ''}"
Bauen auf den Grundstücken der Gemeinde in Heidenrod-Langschied,499.000 €,"65321 Heidenrod, Rheingau-Taunus-Kreis
Die vollständige Adresse der Immobilie erhalten Sie vom Anbieter.",5,175 m²,680 m²,2.851 €/m²,Einfamilienhaus (freistehend),nil,nil,4,2,nil,Nein,"{'is24qa-gaeste-wc-label': '', 'is24qa-provisionsfrei-fuer-kaufende-label': ''}"
Bauen auf den Grundstücken der Gemeinde in Heidenrod-Langschied,469.000 €,"65321 Heidenrod, Rheingau-Taunus-Kreis
Die vollständige Adresse der Immobilie erhalten Sie vom Anbieter.",5,162 m²,680 m²,2.895 €/m²,Einfamilienhaus (freistehend),nil,nil,4,3,nil,Nein,"{'is24qa-gaeste-wc-label': '', 'is24qa-provisionsfrei-fuer-kaufende-label': ''}"
