title,price,address,rooms,living_space,property_area,price_per_m2,type,usable_area,available_from,bedrooms,bathrooms,garage_parking,buyer_commission,criteriagroup_boolean_listing
Charmantes Ferienhaus mitten im Hochschwarzwald in Lenzkirch zu verkaufen,229.000 €,"79853 Lenzkirch, Breisgau-Hochschwarzwald (Kreis)
Die vollständige Adresse der Immobilie erhalten Sie vom Anbieter.",3,75 m²,465 m²,3.053 €/m²,Bungalow,nil,sofort,2,1,1 Carport,3.57 % inkl. gesetzl. MwSt,"{'is24qa-stufenloser-zugang-label': '', 'is24qa-als-ferienhaus-geeignet-label': ''}"
Eleganz in Perfektion: Exklusives Einfamilienhaus mit Einliegerwohnung und erstklassigem Wohnkomfort,1.025.000 €,"72184 Eutingen im Gäu, Freudenstadt (Kreis)
Die vollständige Adresse der Immobilie erhalten Sie vom Anbieter.",9,300 m²,446 m²,3.417 €/m²,Einfamilienhaus (freistehend),60 m²,nil,5,3,1 Garage,"2,38 % Käuferprovision inkl. 19 % MwSt.","{'is24qa-keller-label': '', 'is24qa-einliegerwohnung-label': ''}"
Einfamilienhaus für Gartenfreunde,365.000 €,"68766 Hockenheim, Rhein-Neckar-Kreis
Die vollständige Adresse der Immobilie erhalten Sie vom Anbieter.",5,110 m²,484 m²,3.318 €/m²,Reiheneckhaus,nil,Bereits frei.,nil,1,2 Stellplätze,"3,57 % inkl. ges. MwSt.","{'is24qa-gaeste-wc-label': '', 'is24qa-keller-label': ''}"
"Modernisiertes Einfamilienhaus mit großer sonniger Terrasse, Garage und großem Garten",490.000 €,"Kirchhausen, 74078 Heilbronn
Die vollständige Adresse der Immobilie erhalten Sie vom Anbieter.",6,115 m²,874 m²,4.261 €/m²,Einfamilienhaus (freistehend),66 m²,Juni 2024,3,1,1 Garage,"Die Provision beträgt 3,57 % inklusive Mehrwertsteuer vom vertraglichen Kaufpreis",{'is24qa-keller-label': ''}
kleines Fachwerkhaus mit großem Garten,239.000 €,"75245 Neulingen, Enzkreis
Die vollständige Adresse der Immobilie erhalten Sie vom Anbieter.",4,"97,31 m²",310 m²,2.456 €/m²,Einfamilienhaus (freistehend),nil,nach Absprache,3,1,Außenstellplatz,"3,57 % inkl. MwSt.","{'is24qa-keller-label': '', 'is24qa-als-ferienhaus-geeignet-label': ''}"
NEUBAU - BEZUG SOFORT MÖGLICH - TRAUMHAFTE DOPPELHAUSHÄLFTE - TOP AUSSTATTUNG - FAMILIENFREUNDLICH,650.000 €,"74538 Rosengarten, Schwäbisch Hall (Kreis)
Die vollständige Adresse der Immobilie erhalten Sie vom Anbieter.","6,5",180 m²,300 m²,3.611 €/m²,Doppelhaushälfte,30 m²,sofort,4,2,4 Garagen,Nein,"{'is24qa-gaeste-wc-label': '', 'is24qa-keller-label': '', 'is24qa-provisionsfrei-fuer-kaufende-label': ''}"
Großzügiges Wohnen in ruhiger Lage…,320.000 €,"74572 Blaufelden, Schwäbisch Hall (Kreis)
Die vollständige Adresse der Immobilie erhalten Sie vom Anbieter.",5,189 m²,533 m²,1.693 €/m²,Doppelhaushälfte,nil,Sofort,4,1,2 Stellplätze,"3,57 % inkl. ges. MwSt.",{'is24qa-gaeste-wc-label': ''}
10 auf einen Streich.,2.300.000 €,"79331 Teningen, Emmendingen (Kreis)
Die vollständige Adresse der Immobilie erhalten Sie vom Anbieter.",23,832 m²,1.300 m²,2.764 €/m²,Mehrfamilienhaus,nil,nil,nil,nil,20 Stellplätze,"3,57","{'is24qa-keller-label': '', 'is24qa-vermietet-label': ''}"
KfW-70 Bauweise - Sonnenverwöhntes Einfamilienhaus in Top Lage,795.000 €,"89150 Laichingen, Alb-Donau-Kreis
Die vollständige Adresse der Immobilie erhalten Sie vom Anbieter.","5,5",180 m²,855 m²,4.417 €/m²,Wohnimmobilie (sonstige),nil,sofort,4,2,2 Garagen,3% inkl. MwSt.,"{'is24qa-gaeste-wc-label': '', 'is24qa-keller-label': ''}"
Charmantes 1-Fam.-Wohnhaus (DHH),160.000 €,"71579 Spiegelberg, Rems-Murr-Kreis
Die vollständige Adresse der Immobilie erhalten Sie vom Anbieter.",3,85 m²,166 m²,1.882 €/m²,Doppelhaushälfte,nil,01.05.2024,nil,nil,nil,"3,57% vom Kaufpreis incl. MwSt.",{}
1-Familien Wohnhaus in Zentraler Lage von 70563 Stuttgart Vaihingen - Architektenhaus,990.000 €,"Vaihingen-Mitte, 70563 Stuttgart
Die vollständige Adresse der Immobilie erhalten Sie vom Anbieter.",7,198 m²,385 m²,5.000 €/m²,Einfamilienhaus (freistehend),25 m²,sofort,3,2,3 Stellplätze,"4,76%","{'is24qa-gaeste-wc-label': '', 'is24qa-keller-label': ''}"
MEHRFAMILIENHAUS mit EINLIEGERWOHNUNG/ PRAXIS In ruhiger Südlage,995.000 €,"71540 Murrhardt, Rems-Murr-Kreis
Die vollständige Adresse der Immobilie erhalten Sie vom Anbieter.",11,286 m²,986 m²,3.479 €/m²,Mehrfamilienhaus,67 m²,nil,4,2,6 Stellplätze,"4,76%","{'is24qa-gaeste-wc-label': '', 'is24qa-keller-label': '', 'is24qa-einliegerwohnung-label': ''}"
"Viel Platz + Ausbau- u. Verwirklichungspotential – 2-Familienhaus mit Garage, Schopfgebäude, Garten",450.000 €,"76456 Kuppenheim, Rastatt (Kreis)
Die vollständige Adresse der Immobilie erhalten Sie vom Anbieter.",7,171 m²,724 m²,2.632 €/m²,Mehrfamilienhaus,nil,nil,nil,2,1 Garage,"3,57 %inkl. MwSt","{'is24qa-gaeste-wc-label': '', 'is24qa-keller-label': ''}"
"RESERVIERT: Für Menschen, die das Besondere suchen: Wohnhaus im Grünen am Rande eines Baugebietes",368.500 €,"72348 Rosenfeld, Zollernalbkreis
Die vollständige Adresse der Immobilie erhalten Sie vom Anbieter.",4,143 m²,2.538 m²,2.577 €/m²,Einfamilienhaus (freistehend),nil,nach Vereinbarung,nil,1,3 Carports,"3,57 % inkl. MwSt.","{'is24qa-gaeste-wc-label': '', 'is24qa-keller-label': ''}"
Ländlich und doch zentral - ein Haus mit vielen Möglichkeiten,489.000 €,"88074 Meckenbeuren, Bodenseekreis
Die vollständige Adresse der Immobilie erhalten Sie vom Anbieter.","5,5",114 m²,674 m²,4.289 €/m²,Einfamilienhaus (freistehend),nil,nach Vereinbarung,2,2,2 Garagen,"3,57",{}
Stilvolles Altstadthaus mit 2 Wohnungen und Gewerbe im Erdgeschoss,668.000 €,"88239 Wangen im Allgäu, Ravensburg (Kreis)
Die vollständige Adresse der Immobilie erhalten Sie vom Anbieter.",8,194 m²,136 m²,3.443 €/m²,Mehrfamilienhaus,nil,nach Absprache,nil,nil,2 Außenstellplätze,"3,57 % inkl. MwSt",{}
Aufgeteiltes 3 Familienhaus mit 3 Garagen und Traumblick in Stuttgart,2.450.000 €,"Uhlandshöhe, 70188 Stuttgart
Die vollständige Adresse der Immobilie erhalten Sie vom Anbieter.","12,5","425,59 m²",615 m²,5.757 €/m²,Mehrfamilienhaus,nil,n.V.,6,4,3 Garagen,"4,76 % inkl. MwSt.","{'is24qa-gaeste-wc-label': '', 'is24qa-keller-label': '', 'is24qa-einliegerwohnung-label': ''}"
Renoviertes und gepflegtes Haus mit Garten und Wintergarten,550.000 €,"77933 Lahr/Schwarzwald, Ortenaukreis
Die vollständige Adresse der Immobilie erhalten Sie vom Anbieter.",4,184 m²,571 m²,2.989 €/m²,Einfamilienhaus (freistehend),"132,8 m²",nil,3,1,1 Carport,"Käuferprovision beträgt 3,57 % (inkl. MwSt.) des beurkundeten Kaufpreises","{'is24qa-online-besichtigung-moeglich-label': '', 'is24qa-gaeste-wc-label': '', 'is24qa-keller-label': '', 'is24qa-einliegerwohnung-label': ''}"
"Freistehendes Einfamilienhaus -sanierungsbedürftig!- mit schönem Garten, Terrasse und Garage",439.000 €,"69502 Hemsbach, Rhein-Neckar-Kreis
Die vollständige Adresse der Immobilie erhalten Sie vom Anbieter.",6,137 m²,422 m²,3.204 €/m²,Einfamilienhaus (freistehend),nil,sofort,nil,1,2 Garagen,"3,57% inkl. MwSt.","{'is24qa-gaeste-wc-label': '', 'is24qa-keller-label': ''}"
"projektiertes KFW 40 Haus inklusive Grundstück + 100.000,-€ Förderkredit sichern",299.950 €,"75015 Bretten, Karlsruhe (Kreis)
Die vollständige Adresse der Immobilie erhalten Sie vom Anbieter.",3,"62,5 m²",167 m²,4.799 €/m²,Wohnimmobilie (sonstige),"1,5 m²",2025,2,2,1 Außenstellplatz,Nein,"{'is24qa-stufenloser-zugang-label': '', 'is24qa-als-ferienhaus-geeignet-label': '', 'is24qa-provisionsfrei-fuer-kaufende-label': ''}"
