title,price,address,rooms,living_space,property_area,price_per_m2,type,usable_area,available_from,bedrooms,bathrooms,garage_parking,buyer_commission,criteriagroup_boolean_listing
Freistehendes EFH mit großzügigem Wohnkonzept,639.000 €,"46284 Dorsten, Recklinghausen (Kreis)
Die vollständige Adresse der Immobilie erhalten Sie vom Anbieter.",10,192 m²,994 m²,3.328 €/m²,Einfamilienhaus (freistehend),nil,sofort,nil,nil,7 Garagen,"1,95 % inkl. 19% Umsatzsteuer","{'is24qa-online-besichtigung-moeglich-label': '', 'is24qa-gaeste-wc-label': '', 'is24qa-keller-label': ''}"
Für Macher und kreative Visionäre Charmantes Reihenendhaus in Top-Lage,289.000 €,"Schildesche, 33611 Bielefeld
Die vollständige Adresse der Immobilie erhalten Sie vom Anbieter.",8,120 m²,322 m²,2.408 €/m²,Reiheneckhaus,55 m²,nil,5,1,1 Garage,"3,57 %","{'is24qa-gaeste-wc-label': '', 'is24qa-keller-label': ''}"
"Energieeffizientes Einfamilienhaus, Stadtvilla in bester Lage und sonnigem Grundstück",780.000 €,"47506 Neukirchen-Vluyn, Wesel (Kreis)
Die vollständige Adresse der Immobilie erhalten Sie vom Anbieter.",5,185 m²,392 m²,4.216 €/m²,Einfamilienhaus (freistehend),72 m²,nil,4,3,2 Garagen,Nein,"{'is24qa-gaeste-wc-label': '', 'is24qa-keller-label': '', 'is24qa-provisionsfrei-fuer-kaufende-label': ''}"
Charmantes 1-2 Familienhaus in Enger,310.000 €,"32130 Enger, Herford (Kreis)
Die vollständige Adresse der Immobilie erhalten Sie vom Anbieter.",6,160 m²,540 m²,1.938 €/m²,Einfamilienhaus (freistehend),nil,nach Vereinbarung,4,2,nil,"zzgl. 3,57 % Käufercourtage inkl. 19 % MwSt.","{'is24qa-gaeste-wc-label': '', 'is24qa-keller-label': ''}"
Eine seltene Gelegenheit - ein seltenes Privileg - Eigentum erwerben im Herzen der Stadt Attendorn!,259.000 €,"57439 Attendorn, Olpe (Kreis)
Die vollständige Adresse der Immobilie erhalten Sie vom Anbieter.",7,"158,68 m²",246 m²,1.632 €/m²,Wohnimmobilie (sonstige),"61,26 m²",nil,4,3,nil,"3,57 % inkl. ges. MwSt.","{'is24qa-keller-label': '', 'is24qa-vermietet-label': ''}"
"Wohnanlage mit großem Grundstück, Werkstatt für Gewerbetreibende und viel Platz für Ihre Familie",279.000 €,"52538 Selfkant, Heinsberg (Kreis)
Die vollständige Adresse der Immobilie erhalten Sie vom Anbieter.",6,154 m²,1.703 m²,1.812 €/m²,Reihenmittelhaus,258 m²,nach Vereinbarung,4,2,1 Garage,"zzgl. 3,57 % Maklerprovision inkl. 19 % MwSt. vom notariell beurkundeten Kaufpreis",{'is24qa-keller-label': ''}
***FAKTOR 12***Renditestarkes Mehrfamilienhaus im Herzen von Herne***,459.000 €,"Wanne, 44649 Herne
Die vollständige Adresse der Immobilie erhalten Sie vom Anbieter.",13,453 m²,541 m²,1.013 €/m²,Mehrfamilienhaus,140 m²,nil,7,6,5 Garagen,"4,76% inkl. MwSt.","{'is24qa-gaeste-wc-label': '', 'is24qa-keller-label': '', 'is24qa-vermietet-label': ''}"
"Ideal für Ärzte, Freiberufler, Galeristen etc: Freistehende Altbauvilla in Bad Godesberg",2.500.000 €,"Alt-Godesberg, 53177 Bonn
Die vollständige Adresse der Immobilie erhalten Sie vom Anbieter.",13,550 m²,915 m²,4.545 €/m²,Besondere Immobilie,nil,Vereinbarung,nil,nil,5 Stellplätze,"4,76% inkl. 19% MwSt",{'is24qa-keller-label': ''}
Mehrfamilienhaus mit Apotheke in Bonn-Beuel,1.198.000 €,"Pützchen/Bechlinghoven, 53229 Bonn
Die vollständige Adresse der Immobilie erhalten Sie vom Anbieter.",13,"443,43 m²",687 m²,2.702 €/m²,Mehrfamilienhaus,nil,nil,7,8,11 Stellplätze,"3,57% inkl. 19% MwSt",{'is24qa-keller-label': ''}
Reihenmittelhaus in ruhiger Lage von Wesseling – Berzdorf,398.000 €,"50389 Wesseling, Rhein-Erft-Kreis
Die vollständige Adresse der Immobilie erhalten Sie vom Anbieter.",4,112 m²,152 m²,3.554 €/m²,Reihenmittelhaus,45 m²,Vereinbarung,3,1,1 Garage,"2,38 % inkl. 19% MwSt","{'is24qa-gaeste-wc-label': '', 'is24qa-keller-label': '', 'is24qa-vermietet-label': ''}"
Top saniertes Townhouse mit herrlichem Garten in Bonn - Kessenich,795.000 €,"Kessenich, 53129 Bonn
Die vollständige Adresse der Immobilie erhalten Sie vom Anbieter.",4,114 m²,203 m²,6.974 €/m²,Reihenmittelhaus,nil,Vereinbarung,3,1,nil,"1,785 % inkl. 19% MwSt",{'is24qa-keller-label': ''}
+++Einfamilienhaus in Mönchengladbach mit 4 Stellplätzen+++,379.000 €,"Giesenkirchen-Nord, 41238 Mönchengladbach
Die vollständige Adresse der Immobilie erhalten Sie vom Anbieter.",7,180 m²,277 m²,2.106 €/m²,Reihenmittelhaus,nil,sofort,4,1,2 Außenstellplätze,"3,57 % Käuferprovision inkl. gesetzl. MwSt.",{'is24qa-keller-label': ''}
Doppelhaushälfte in begehrter Wohnlage nebst Garage und Wegeanteil,Auf Anfrage,"Hildebertstraße 15,
Junkersdorf, 50858 Köln",7,120 m²,710 m²,nil,Doppelhaushälfte,60 m²,sofort,4,1,Garage,nil,"{'is24qa-gaeste-wc-label': '', 'is24qa-keller-label': ''}"
Grünes Wohnen mit viel Platz für Ihre Fahrzeuge,355.000 €,"33813 Oerlinghausen, Lippe (Kreis)
Die vollständige Adresse der Immobilie erhalten Sie vom Anbieter.",4,160 m²,781 m²,2.219 €/m²,Doppelhaushälfte,24 m²,nach Absprache,2,3,4 Garagen,"3,57% inkl. MwSt.","{'is24qa-online-besichtigung-moeglich-label': '', 'is24qa-gaeste-wc-label': '', 'is24qa-keller-label': ''}"
Vielseitig nutzbares Mehrfamilienhaus mit 3 Wohneinheiten und Garten,259.000 €,"52477 Alsdorf, Aachen (Kreis)
Die vollständige Adresse der Immobilie erhalten Sie vom Anbieter.",6,152 m²,334 m²,1.704 €/m²,Mehrfamilienhaus,0 m²,nil,3,3,nil,"3,57% vom Kaufpreis inkl. MwSt.","{'is24qa-keller-label': '', 'is24qa-vermietet-label': ''}"
Platz für die ganze Familie in ruhiger Lage von Lindlar,405.000 €,"51789 Lindlar, Oberbergischer Kreis
Die vollständige Adresse der Immobilie erhalten Sie vom Anbieter.",6,137 m²,492 m²,2.956 €/m²,Einfamilienhaus (freistehend),nil,nil,nil,2,2 Stellplätze,"3,57 %",{}
Hausmarke-Immobilien - Vornehmes Wohnquartier naturnah im Waldbadviertel,699.000 €,"Ostheim, 51107 Köln
Die vollständige Adresse der Immobilie erhalten Sie vom Anbieter.",4,147 m²,882 m²,4.755 €/m²,Einfamilienhaus (freistehend),70 m²,nach Vereinbarung,3,2,2 Garagen,"3,57% Käuferprovision inkl. 19% Mehrwertsteuer","{'is24qa-gaeste-wc-label': '', 'is24qa-keller-label': ''}"
2 Familienhaus in Buldern vor den Toren Münsters,459.000 €,"Dinkelhook 21,
48249 Dülmen, Coesfeld (Kreis)",6,190 m²,359 m²,2.416 €/m²,Doppelhaushälfte,nil,sofort,4,3,3 Außenstellplätze,Nein,"{'is24qa-gaeste-wc-label': '', 'is24qa-vermietet-label': '', 'is24qa-provisionsfrei-fuer-kaufende-label': ''}"
Dein Zuhause der Träume wartet (für Bauinteressenten),489.575 €,"Drewer-Nord, 45768 Marl
Die vollständige Adresse der Immobilie erhalten Sie vom Anbieter.",5,145 m²,480 m²,3.376 €/m²,nil,150 m²,nil,4,2,nil,Nein,"{'is24qa-gaeste-wc-label': '', 'is24qa-provisionsfrei-fuer-kaufende-label': ''}"
Dein Zuhause der Träume wartet (für Bauinteressenten),477.019 €,"Wanne-Süd, 44652 Herne
Die vollständige Adresse der Immobilie erhalten Sie vom Anbieter.",5,145 m²,506 m²,3.290 €/m²,Einfamilienhaus (freistehend),150 m²,nil,4,2,nil,Nein,"{'is24qa-gaeste-wc-label': '', 'is24qa-provisionsfrei-fuer-kaufende-label': ''}"
Dein persönliches Traumhaus in einer Doppelhaushälfte (für Bauinteressenten),598.969 €,"Wanne, 44649 Herne
Die vollständige Adresse der Immobilie erhalten Sie vom Anbieter.",10,218 m²,587 m²,2.748 €/m²,Doppelhaushälfte,240 m²,nil,6,4,nil,Nein,"{'is24qa-gaeste-wc-label': '', 'is24qa-einliegerwohnung-label': '', 'is24qa-provisionsfrei-fuer-kaufende-label': ''}"
Ihr Traumhaus selbst gestalten (für Bauinteressenten),469.000 €,"Sodingen, 44627 Herne
Die vollständige Adresse der Immobilie erhalten Sie vom Anbieter.",4,134 m²,500 m²,3.500 €/m²,Einfamilienhaus (freistehend),nil,nil,3,2,nil,Nein,"{'is24qa-gaeste-wc-label': '', 'is24qa-provisionsfrei-fuer-kaufende-label': ''}"
Dein persönliches Traumhaus in einer Doppelhaushälfte (für Bauinteressenten),598.969 €,"45731 Waltrop, Recklinghausen (Kreis)
Die vollständige Adresse der Immobilie erhalten Sie vom Anbieter.",10,218 m²,587 m²,2.748 €/m²,Doppelhaushälfte,240 m²,nil,6,4,nil,Nein,"{'is24qa-gaeste-wc-label': '', 'is24qa-einliegerwohnung-label': '', 'is24qa-provisionsfrei-fuer-kaufende-label': ''}"
Dein Zuhause der Träume wartet (für Bauinteressenten),477.019 €,"45731 Waltrop, Recklinghausen (Kreis)
Die vollständige Adresse der Immobilie erhalten Sie vom Anbieter.",5,145 m²,506 m²,3.290 €/m²,Einfamilienhaus (freistehend),150 m²,nil,4,2,nil,Nein,"{'is24qa-gaeste-wc-label': '', 'is24qa-provisionsfrei-fuer-kaufende-label': ''}"
Dein Traum vom Haus (für Bauinteressenten),487.999 €,"45739 Oer-Erkenschwick, Recklinghausen (Kreis)
Die vollständige Adresse der Immobilie erhalten Sie vom Anbieter.",5,146 m²,510 m²,3.342 €/m²,Einfamilienhaus (freistehend),150 m²,nil,4,2,nil,Nein,"{'is24qa-gaeste-wc-label': '', 'is24qa-provisionsfrei-fuer-kaufende-label': ''}"
Ihr Traumhaus selbst gestalten (für Bauinteressenten),469.000 €,"45739 Oer-Erkenschwick, Recklinghausen (Kreis)
Die vollständige Adresse der Immobilie erhalten Sie vom Anbieter.",4,134 m²,500 m²,3.500 €/m²,Einfamilienhaus (freistehend),nil,nil,3,2,nil,Nein,"{'is24qa-gaeste-wc-label': '', 'is24qa-provisionsfrei-fuer-kaufende-label': ''}"
"Deine Vision, deine Realität (für Bauinteressenten)",496.499 €,"45739 Oer-Erkenschwick, Recklinghausen (Kreis)
Die vollständige Adresse der Immobilie erhalten Sie vom Anbieter.",6,162 m²,576 m²,3.065 €/m²,Einfamilienhaus (freistehend),168 m²,nil,4,3,nil,Nein,"{'is24qa-gaeste-wc-label': '', 'is24qa-provisionsfrei-fuer-kaufende-label': ''}"
Dein persönliches Traumhaus in einer Doppelhaushälfte (für Bauinteressenten),598.969 €,"45739 Oer-Erkenschwick, Recklinghausen (Kreis)
Die vollständige Adresse der Immobilie erhalten Sie vom Anbieter.",10,218 m²,587 m²,2.748 €/m²,Doppelhaushälfte,240 m²,nil,6,4,nil,Nein,"{'is24qa-gaeste-wc-label': '', 'is24qa-einliegerwohnung-label': '', 'is24qa-provisionsfrei-fuer-kaufende-label': ''}"
Dein Zuhause der Träume wartet (für Bauinteressenten),477.019 €,"45739 Oer-Erkenschwick, Recklinghausen (Kreis)
Die vollständige Adresse der Immobilie erhalten Sie vom Anbieter.",5,145 m²,506 m²,3.290 €/m²,Einfamilienhaus (freistehend),150 m²,nil,4,2,nil,Nein,"{'is24qa-gaeste-wc-label': '', 'is24qa-provisionsfrei-fuer-kaufende-label': ''}"
Dein Traum vom Haus (für Bauinteressenten),487.999 €,"Drewer-Süd, 45770 Marl
Die vollständige Adresse der Immobilie erhalten Sie vom Anbieter.",5,146 m²,510 m²,3.342 €/m²,Einfamilienhaus (freistehend),150 m²,nil,4,2,nil,Nein,"{'is24qa-gaeste-wc-label': '', 'is24qa-provisionsfrei-fuer-kaufende-label': ''}"
"Deine Vision, deine Realität (für Bauinteressenten)",492.499 €,"45968 Gladbeck, Recklinghausen (Kreis)
Die vollständige Adresse der Immobilie erhalten Sie vom Anbieter.",6,162 m²,576 m²,3.040 €/m²,Einfamilienhaus (freistehend),168 m²,nil,4,3,nil,Nein,"{'is24qa-gaeste-wc-label': '', 'is24qa-provisionsfrei-fuer-kaufende-label': ''}"
Dein persönliches Traumhaus in einer Doppelhaushälfte (für Bauinteressenten),598.969 €,"45966 Gladbeck, Recklinghausen (Kreis)
Die vollständige Adresse der Immobilie erhalten Sie vom Anbieter.",10,218 m²,587 m²,2.748 €/m²,Doppelhaushälfte,240 m²,nil,6,4,nil,Nein,"{'is24qa-gaeste-wc-label': '', 'is24qa-einliegerwohnung-label': '', 'is24qa-provisionsfrei-fuer-kaufende-label': ''}"
Dein Zuhause der Träume wartet (für Bauinteressenten),487.019 €,"45964 Gladbeck, Recklinghausen (Kreis)
Die vollständige Adresse der Immobilie erhalten Sie vom Anbieter.",5,145 m²,506 m²,3.359 €/m²,Einfamilienhaus (freistehend),150 m²,nil,4,2,nil,Nein,"{'is24qa-gaeste-wc-label': '', 'is24qa-provisionsfrei-fuer-kaufende-label': ''}"
Ihr Traumhaus selbst gestalten (für Bauinteressenten),469.000 €,"46284 Dorsten, Recklinghausen (Kreis)
Die vollständige Adresse der Immobilie erhalten Sie vom Anbieter.",4,134 m²,500 m²,3.500 €/m²,Einfamilienhaus (freistehend),nil,nil,3,2,nil,Nein,"{'is24qa-gaeste-wc-label': '', 'is24qa-provisionsfrei-fuer-kaufende-label': ''}"
Dein Traum vom Haus (für Bauinteressenten),478.999 €,"46282 Dorsten, Recklinghausen (Kreis)
Die vollständige Adresse der Immobilie erhalten Sie vom Anbieter.",5,146 m²,510 m²,3.281 €/m²,Einfamilienhaus (freistehend),150 m²,nil,4,2,nil,Nein,"{'is24qa-gaeste-wc-label': '', 'is24qa-provisionsfrei-fuer-kaufende-label': ''}"
"Deine Vision, deine Realität (für Bauinteressenten)",492.499 €,"46286 Dorsten, Recklinghausen (Kreis)
Die vollständige Adresse der Immobilie erhalten Sie vom Anbieter.",6,162 m²,576 m²,3.040 €/m²,Einfamilienhaus (freistehend),168 m²,nil,4,3,nil,Nein,"{'is24qa-gaeste-wc-label': '', 'is24qa-provisionsfrei-fuer-kaufende-label': ''}"
Dein persönliches Traumhaus in einer Doppelhaushälfte (für Bauinteressenten),598.969 €,"46284 Dorsten, Recklinghausen (Kreis)
Die vollständige Adresse der Immobilie erhalten Sie vom Anbieter.",10,218 m²,587 m²,2.748 €/m²,Doppelhaushälfte,240 m²,nil,6,4,nil,Nein,"{'is24qa-gaeste-wc-label': '', 'is24qa-einliegerwohnung-label': '', 'is24qa-provisionsfrei-fuer-kaufende-label': ''}"
Dein Zuhause der Träume wartet (für Bauinteressenten),487.019 €,"46282 Dorsten, Recklinghausen (Kreis)
Die vollständige Adresse der Immobilie erhalten Sie vom Anbieter.",5,145 m²,506 m²,3.359 €/m²,Einfamilienhaus (freistehend),150 m²,nil,4,2,nil,Nein,"{'is24qa-gaeste-wc-label': '', 'is24qa-provisionsfrei-fuer-kaufende-label': ''}"
Ihr Traumhaus selbst gestalten (für Bauinteressenten),469.000 €,"45711 Datteln, Recklinghausen (Kreis)
Die vollständige Adresse der Immobilie erhalten Sie vom Anbieter.",4,134 m²,500 m²,3.500 €/m²,Einfamilienhaus (freistehend),nil,nil,3,2,nil,Nein,"{'is24qa-gaeste-wc-label': '', 'is24qa-provisionsfrei-fuer-kaufende-label': ''}"
Dein Traum vom Haus (für Bauinteressenten),478.999 €,"45711 Datteln, Recklinghausen (Kreis)
Die vollständige Adresse der Immobilie erhalten Sie vom Anbieter.",5,146 m²,510 m²,3.281 €/m²,Einfamilienhaus (freistehend),150 m²,nil,4,2,nil,Nein,"{'is24qa-gaeste-wc-label': '', 'is24qa-provisionsfrei-fuer-kaufende-label': ''}"
"Deine Vision, deine Realität (für Bauinteressenten)",498.499 €,"45711 Datteln, Recklinghausen (Kreis)
Die vollständige Adresse der Immobilie erhalten Sie vom Anbieter.",6,162 m²,576 m²,3.077 €/m²,Einfamilienhaus (freistehend),168 m²,nil,4,3,nil,Nein,"{'is24qa-gaeste-wc-label': '', 'is24qa-provisionsfrei-fuer-kaufende-label': ''}"
Dein persönliches Traumhaus in einer Doppelhaushälfte (für Bauinteressenten),598.969 €,"45711 Datteln, Recklinghausen (Kreis)
Die vollständige Adresse der Immobilie erhalten Sie vom Anbieter.",10,218 m²,587 m²,2.748 €/m²,Doppelhaushälfte,240 m²,nil,6,4,nil,Nein,"{'is24qa-gaeste-wc-label': '', 'is24qa-einliegerwohnung-label': '', 'is24qa-provisionsfrei-fuer-kaufende-label': ''}"
Dein Zuhause der Träume wartet (für Bauinteressenten),487.019 €,"45711 Datteln, Recklinghausen (Kreis)
Die vollständige Adresse der Immobilie erhalten Sie vom Anbieter.",5,145 m²,506 m²,3.359 €/m²,Einfamilienhaus (freistehend),150 m²,nil,4,2,nil,Nein,"{'is24qa-gaeste-wc-label': '', 'is24qa-provisionsfrei-fuer-kaufende-label': ''}"
Dein Traum vom Haus (für Bauinteressenten),487.999 €,"45699 Herten, Recklinghausen (Kreis)
Die vollständige Adresse der Immobilie erhalten Sie vom Anbieter.",5,146 m²,510 m²,3.342 €/m²,Einfamilienhaus (freistehend),150 m²,nil,4,2,nil,Nein,"{'is24qa-gaeste-wc-label': '', 'is24qa-provisionsfrei-fuer-kaufende-label': ''}"
"Deine Vision, deine Realität (für Bauinteressenten)",498.499 €,"45701 Herten, Recklinghausen (Kreis)
Die vollständige Adresse der Immobilie erhalten Sie vom Anbieter.",6,162 m²,576 m²,3.077 €/m²,Einfamilienhaus (freistehend),168 m²,nil,4,3,nil,Nein,"{'is24qa-gaeste-wc-label': '', 'is24qa-provisionsfrei-fuer-kaufende-label': ''}"
Dein Zuhause der Träume wartet (für Bauinteressenten),487.019 €,"45699 Herten, Recklinghausen (Kreis)
Die vollständige Adresse der Immobilie erhalten Sie vom Anbieter.",5,145 m²,506 m²,3.359 €/m²,Einfamilienhaus (freistehend),150 m²,nil,4,2,nil,Nein,"{'is24qa-gaeste-wc-label': '', 'is24qa-provisionsfrei-fuer-kaufende-label': ''}"
"Deine Vision, deine Realität (für Bauinteressenten)",492.499 €,"45721 Haltern am See, Recklinghausen (Kreis)
Die vollständige Adresse der Immobilie erhalten Sie vom Anbieter.",6,162 m²,576 m²,3.040 €/m²,Einfamilienhaus (freistehend),168 m²,nil,4,3,nil,Nein,"{'is24qa-gaeste-wc-label': '', 'is24qa-provisionsfrei-fuer-kaufende-label': ''}"
Dein persönliches Traumhaus in einer Doppelhaushälfte (für Bauinteressenten),597.969 €,"45721 Haltern am See, Recklinghausen (Kreis)
Die vollständige Adresse der Immobilie erhalten Sie vom Anbieter.",10,218 m²,587 m²,2.743 €/m²,Doppelhaushälfte,240 m²,nil,6,4,nil,Nein,"{'is24qa-gaeste-wc-label': '', 'is24qa-einliegerwohnung-label': '', 'is24qa-provisionsfrei-fuer-kaufende-label': ''}"
Dein Traum vom Haus (für Bauinteressenten),497.999 €,"45721 Haltern am See, Recklinghausen (Kreis)
Die vollständige Adresse der Immobilie erhalten Sie vom Anbieter.",5,146 m²,510 m²,3.411 €/m²,Einfamilienhaus (freistehend),150 m²,nil,4,2,nil,Nein,"{'is24qa-gaeste-wc-label': '', 'is24qa-provisionsfrei-fuer-kaufende-label': ''}"
Dein Zuhause der Träume wartet (für Bauinteressenten),497.019 €,"45721 Haltern am See, Recklinghausen (Kreis)
Die vollständige Adresse der Immobilie erhalten Sie vom Anbieter.",5,145 m²,506 m²,3.428 €/m²,Einfamilienhaus (freistehend),150 m²,nil,4,2,nil,Nein,"{'is24qa-gaeste-wc-label': '', 'is24qa-provisionsfrei-fuer-kaufende-label': ''}"
Ihr Traumhaus selbst gestalten (für Bauinteressenten),499.000 €,"45721 Haltern am See, Recklinghausen (Kreis)
Die vollständige Adresse der Immobilie erhalten Sie vom Anbieter.",4,134 m²,500 m²,3.724 €/m²,Einfamilienhaus (freistehend),nil,nil,3,2,nil,Nein,"{'is24qa-gaeste-wc-label': '', 'is24qa-provisionsfrei-fuer-kaufende-label': ''}"
Ihr Traumhaus selbst gestalten (für Bauinteressenten),459.000 €,"45701 Herten, Recklinghausen (Kreis)
Die vollständige Adresse der Immobilie erhalten Sie vom Anbieter.",4,134 m²,500 m²,3.425 €/m²,Einfamilienhaus (freistehend),nil,nil,3,2,nil,Nein,"{'is24qa-gaeste-wc-label': '', 'is24qa-provisionsfrei-fuer-kaufende-label': ''}"
Dein persönliches Traumhaus in einer Doppelhaushälfte (für Bauinteressenten),598.969 €,"45699 Herten, Recklinghausen (Kreis)
Die vollständige Adresse der Immobilie erhalten Sie vom Anbieter.",10,218 m²,587 m²,2.748 €/m²,Doppelhaushälfte,240 m²,nil,6,4,nil,Nein,"{'is24qa-gaeste-wc-label': '', 'is24qa-einliegerwohnung-label': '', 'is24qa-provisionsfrei-fuer-kaufende-label': ''}"
Dein persönliches Traumhaus in einer Doppelhaushälfte (für Bauinteressenten),598.969 €,"Ostviertel, 45665 Recklinghausen
Die vollständige Adresse der Immobilie erhalten Sie vom Anbieter.",10,218 m²,587 m²,2.748 €/m²,Doppelhaushälfte,240 m²,nil,6,4,nil,Nein,"{'is24qa-gaeste-wc-label': '', 'is24qa-einliegerwohnung-label': '', 'is24qa-provisionsfrei-fuer-kaufende-label': ''}"
Ihr Traumhaus selbst gestalten (für Bauinteressenten),449.000 €,"Paulusviertel, 45663 Recklinghausen
Die vollständige Adresse der Immobilie erhalten Sie vom Anbieter.",4,134 m²,500 m²,3.351 €/m²,Einfamilienhaus (freistehend),nil,nil,3,2,nil,Nein,"{'is24qa-gaeste-wc-label': '', 'is24qa-provisionsfrei-fuer-kaufende-label': ''}"
"Deine Vision, deine Realität (für Bauinteressenten)",492.499 €,"45661 Recklinghausen, Recklinghausen (Kreis)
Die vollständige Adresse der Immobilie erhalten Sie vom Anbieter.",6,162 m²,576 m²,3.040 €/m²,Einfamilienhaus (freistehend),168 m²,nil,4,3,nil,Nein,"{'is24qa-gaeste-wc-label': '', 'is24qa-provisionsfrei-fuer-kaufende-label': ''}"
Dein Zuhause der Träume wartet (für Bauinteressenten),467.019 €,"Nordviertel, 45659 Recklinghausen
Die vollständige Adresse der Immobilie erhalten Sie vom Anbieter.",5,145 m²,506 m²,3.221 €/m²,Einfamilienhaus (freistehend),150 m²,nil,4,2,nil,Nein,"{'is24qa-gaeste-wc-label': '', 'is24qa-provisionsfrei-fuer-kaufende-label': ''}"
Dein Traum vom Haus (für Bauinteressenten),478.999 €,"Hochlar, 45657 Recklinghausen
Die vollständige Adresse der Immobilie erhalten Sie vom Anbieter.",5,146 m²,510 m²,3.281 €/m²,Einfamilienhaus (freistehend),150 m²,nil,4,2,nil,Nein,"{'is24qa-gaeste-wc-label': '', 'is24qa-provisionsfrei-fuer-kaufende-label': ''}"
Dein Traum vom Haus (für Bauinteressenten),477.999 €,"44581 Castrop-Rauxel, Recklinghausen (Kreis)
Die vollständige Adresse der Immobilie erhalten Sie vom Anbieter.",5,146 m²,510 m²,3.274 €/m²,Einfamilienhaus (freistehend),150 m²,nil,4,2,nil,Nein,"{'is24qa-gaeste-wc-label': '', 'is24qa-provisionsfrei-fuer-kaufende-label': ''}"
Dein Zuhause der Träume wartet (für Bauinteressenten),467.019 €,"44575 Castrop-Rauxel, Recklinghausen (Kreis)
Die vollständige Adresse der Immobilie erhalten Sie vom Anbieter.",5,145 m²,506 m²,3.221 €/m²,Einfamilienhaus (freistehend),150 m²,nil,4,2,nil,Nein,"{'is24qa-gaeste-wc-label': '', 'is24qa-provisionsfrei-fuer-kaufende-label': ''}"
"Deine Vision, deine Realität (für Bauinteressenten)",492.499 €,"44579 Castrop-Rauxel, Recklinghausen (Kreis)
Die vollständige Adresse der Immobilie erhalten Sie vom Anbieter.",6,162 m²,576 m²,3.040 €/m²,Einfamilienhaus (freistehend),168 m²,nil,4,3,nil,Nein,"{'is24qa-gaeste-wc-label': '', 'is24qa-provisionsfrei-fuer-kaufende-label': ''}"
Ihr Traumhaus selbst gestalten (für Bauinteressenten),449.000 €,"44581 Castrop-Rauxel, Recklinghausen (Kreis)
Die vollständige Adresse der Immobilie erhalten Sie vom Anbieter.",4,134 m²,500 m²,3.351 €/m²,Einfamilienhaus (freistehend),nil,nil,3,2,nil,Nein,"{'is24qa-gaeste-wc-label': '', 'is24qa-provisionsfrei-fuer-kaufende-label': ''}"
Dein persönliches Traumhaus in einer Doppelhaushälfte (für Bauinteressenten),597.969 €,"44577 Castrop-Rauxel, Recklinghausen (Kreis)
Die vollständige Adresse der Immobilie erhalten Sie vom Anbieter.",10,218 m²,587 m²,2.743 €/m²,Doppelhaushälfte,240 m²,nil,6,4,nil,Nein,"{'is24qa-gaeste-wc-label': '', 'is24qa-einliegerwohnung-label': '', 'is24qa-provisionsfrei-fuer-kaufende-label': ''}"
Dein persönliches Traumhaus in einer Doppelhaushälfte (für Bauinteressenten),596.969 €,"Bismarck, 45889 Gelsenkirchen
Die vollständige Adresse der Immobilie erhalten Sie vom Anbieter.",10,218 m²,587 m²,2.738 €/m²,Doppelhaushälfte,240 m²,nil,6,4,nil,Nein,"{'is24qa-gaeste-wc-label': '', 'is24qa-einliegerwohnung-label': '', 'is24qa-provisionsfrei-fuer-kaufende-label': ''}"
"Deine Vision, deine Realität (für Bauinteressenten)",492.499 €,"Ückendorf, 45886 Gelsenkirchen
Die vollständige Adresse der Immobilie erhalten Sie vom Anbieter.",6,162 m²,576 m²,3.040 €/m²,Einfamilienhaus (freistehend),168 m²,nil,4,3,nil,Nein,"{'is24qa-gaeste-wc-label': '', 'is24qa-provisionsfrei-fuer-kaufende-label': ''}"
Dein Zuhause der Träume wartet (für Bauinteressenten),467.019 €,"Erle, 45891 Gelsenkirchen
Die vollständige Adresse der Immobilie erhalten Sie vom Anbieter.",5,145 m²,506 m²,3.221 €/m²,Einfamilienhaus (freistehend),150 m²,nil,4,2,nil,Nein,"{'is24qa-gaeste-wc-label': '', 'is24qa-provisionsfrei-fuer-kaufende-label': ''}"
Dein Traum vom Haus (für Bauinteressenten),477.999 €,"Buer, 45894 Gelsenkirchen
Die vollständige Adresse der Immobilie erhalten Sie vom Anbieter.",5,146 m²,510 m²,3.274 €/m²,Einfamilienhaus (freistehend),150 m²,nil,4,2,nil,Nein,"{'is24qa-gaeste-wc-label': '', 'is24qa-provisionsfrei-fuer-kaufende-label': ''}"
Ihr Traumhaus selbst gestalten (für Bauinteressenten),449.000 €,"Buer, 45897 Gelsenkirchen
Die vollständige Adresse der Immobilie erhalten Sie vom Anbieter.",4,134 m²,500 m²,3.351 €/m²,Einfamilienhaus (freistehend),nil,nil,3,2,nil,Nein,"{'is24qa-gaeste-wc-label': '', 'is24qa-provisionsfrei-fuer-kaufende-label': ''}"
Trendline S6 - Exklusiv Leben in Düsseldorf Unterbach,929.999 €,"Unterbach, 40627 Düsseldorf
Die vollständige Adresse der Immobilie erhalten Sie vom Anbieter.",5,173 m²,0 m²,5.376 €/m²,Einfamilienhaus (freistehend),nil,nil,3,1,nil,Nein,"{'is24qa-gaeste-wc-label': '', 'is24qa-provisionsfrei-fuer-kaufende-label': ''}"
Moderne Doppelhaushälfte in Düsseldorf Unterbach - Ihren Wohntraum verwirklichen!,729.999 €,"Unterbach, 40627 Düsseldorf
Die vollständige Adresse der Immobilie erhalten Sie vom Anbieter.",4,"131,37 m²",700 m²,5.557 €/m²,Doppelhaushälfte,nil,nil,6,2,nil,Nein,"{'is24qa-gaeste-wc-label': '', 'is24qa-einliegerwohnung-label': '', 'is24qa-provisionsfrei-fuer-kaufende-label': ''}"
Trendline S 6 - Exklusiv Leben in Düsseldorf Unterbach,829.999 €,"Unterbach, 40627 Düsseldorf
Die vollständige Adresse der Immobilie erhalten Sie vom Anbieter.",5,173 m²,0 m²,4.798 €/m²,Einfamilienhaus (freistehend),nil,nil,3,1,nil,nil,{'is24qa-gaeste-wc-label': ''}
Moderne Doppelhaushälfte in Düsseldorf Unterbach - Ihren Wohntraum nach eigenen Vorstellungen gestal,729.999 €,"Unterbach, 40627 Düsseldorf
Die vollständige Adresse der Immobilie erhalten Sie vom Anbieter.",4,"131,37 m²",0 m²,5.557 €/m²,Doppelhaushälfte,nil,nil,6,2,nil,nil,"{'is24qa-gaeste-wc-label': '', 'is24qa-einliegerwohnung-label': ''}"
Modernes Mehrfamilienhaus in Düsseldorf Unterbach mit individueller Gestaltung,969.999 €,"Unterbach, 40627 Düsseldorf
Die vollständige Adresse der Immobilie erhalten Sie vom Anbieter.",6,"262,84 m²",0 m²,3.690 €/m²,Mehrfamilienhaus,nil,nil,4,2,nil,nil,"{'is24qa-gaeste-wc-label': '', 'is24qa-einliegerwohnung-label': ''}"
Genießen Sie das Leben in seiner Vollkommenheit - Das Home 13 macht es möglich,894.999 €,"Unterbach, 40213 Düsseldorf
Die vollständige Adresse der Immobilie erhalten Sie vom Anbieter.",6,"181,77 m²",0 m²,4.924 €/m²,Einfamilienhaus (freistehend),nil,nil,5,1,nil,nil,{'is24qa-gaeste-wc-label': ''}
Generationenhaus Generation 1 V2 - durchdachtes Raumwunder,385.999 €,"40882 Ratingen, Mettmann (Kreis)
Die vollständige Adresse der Immobilie erhalten Sie vom Anbieter.",7,"218,32 m²",0 m²,1.768 €/m²,Mehrfamilienhaus,nil,nil,5,2,nil,nil,{'is24qa-einliegerwohnung-label': ''}
Doppelhaus Double 10 - puristische Eleganz,231.999 €,"Düsseltal, 40211 Düsseldorf
Die vollständige Adresse der Immobilie erhalten Sie vom Anbieter.",4,"123,24 m²",0 m²,1.882 €/m²,Doppelhaushälfte,nil,nil,3,1,nil,nil,"{'is24qa-gaeste-wc-label': '', 'is24qa-stufenloser-zugang-label': ''}"
Doppelhaus Double 10 - puristische Eleganz,231.999 €,"West, 40882 Ratingen
Die vollständige Adresse der Immobilie erhalten Sie vom Anbieter.",4,"123,24 m²",0 m²,1.882 €/m²,Doppelhaushälfte,nil,nil,3,1,nil,nil,"{'is24qa-gaeste-wc-label': '', 'is24qa-stufenloser-zugang-label': ''}"
Einfamilienhaus Home 1 - endlich in die eigenen vier Wände,245.999 €,"40885 Ratingen, Mettmann (Kreis)
Die vollständige Adresse der Immobilie erhalten Sie vom Anbieter.",4,"124,9 m²",0 m²,1.970 €/m²,nil,nil,nil,3,1,nil,nil,{'is24qa-gaeste-wc-label': ''}
Einfamilienhaus Home 1 - endlich in die eigenen vier Wände,245.999 €,"Tiefenbroich, 40885 Ratingen
Die vollständige Adresse der Immobilie erhalten Sie vom Anbieter.",4,"124,9 m²",0 m²,1.970 €/m²,nil,nil,nil,3,1,nil,nil,{'is24qa-gaeste-wc-label': ''}
Stadtvilla City Villa 2 - ein modernes Highlight,334.999 €,"41849 Wassenberg, Heinsberg (Kreis)
Die vollständige Adresse der Immobilie erhalten Sie vom Anbieter.",6,"196,34 m²",0 m²,1.706 €/m²,Villa,nil,nil,5,1,nil,nil,"{'is24qa-gaeste-wc-label': '', 'is24qa-stufenloser-zugang-label': ''}"
Stadtvilla City Villa 2 - ein modernes Highlight,334.999 €,"41844 Wegberg, Heinsberg (Kreis)
Die vollständige Adresse der Immobilie erhalten Sie vom Anbieter.",6,"196,34 m²",0 m²,1.706 €/m²,Villa,nil,nil,5,1,nil,nil,"{'is24qa-gaeste-wc-label': '', 'is24qa-stufenloser-zugang-label': ''}"
Stadtvilla City Villa 2 - ein modernes Highlight,334.999 €,"41812 Erkelenz, Heinsberg (Kreis)
Die vollständige Adresse der Immobilie erhalten Sie vom Anbieter.",6,"196,34 m²",0 m²,1.706 €/m²,Villa,nil,nil,5,1,nil,nil,"{'is24qa-gaeste-wc-label': '', 'is24qa-stufenloser-zugang-label': ''}"
Stadtvilla City Villa 2 - ein modernes Highlight,334.999 €,"Fischeln, 47807 Krefeld
Die vollständige Adresse der Immobilie erhalten Sie vom Anbieter.",6,"196,34 m²",0 m²,1.706 €/m²,Villa,nil,nil,5,1,nil,nil,"{'is24qa-gaeste-wc-label': '', 'is24qa-stufenloser-zugang-label': ''}"
Stadtvilla City Villa 2 - ein modernes Highlight,334.999 €,"Fischeln, 47807 Krefeld
Die vollständige Adresse der Immobilie erhalten Sie vom Anbieter.",6,"196,34 m²",0 m²,1.706 €/m²,Villa,nil,nil,5,1,nil,nil,"{'is24qa-gaeste-wc-label': '', 'is24qa-stufenloser-zugang-label': ''}"
Stadtvilla City Villa 2 - ein modernes Highlight,334.999 €,"Stadtmitte, 47798 Krefeld
Die vollständige Adresse der Immobilie erhalten Sie vom Anbieter.",6,"196,34 m²",0 m²,1.706 €/m²,Villa,nil,nil,5,1,nil,nil,"{'is24qa-gaeste-wc-label': '', 'is24qa-stufenloser-zugang-label': ''}"
Stadtvilla City Villa 2 - ein modernes Highlight,334.999 €,"41747 Viersen, Viersen (Kreis)
Die vollständige Adresse der Immobilie erhalten Sie vom Anbieter.",6,"196,34 m²",0 m²,1.706 €/m²,Villa,nil,nil,5,1,nil,nil,"{'is24qa-gaeste-wc-label': '', 'is24qa-stufenloser-zugang-label': ''}"
Stadtvilla City Villa 2 - ein modernes Highlight,334.999 €,"41747 Viersen, Viersen (Kreis)
Die vollständige Adresse der Immobilie erhalten Sie vom Anbieter.",6,"196,34 m²",0 m²,1.706 €/m²,Villa,nil,nil,5,1,nil,nil,"{'is24qa-gaeste-wc-label': '', 'is24qa-stufenloser-zugang-label': ''}"
Stadtvilla City Villa 2 - ein modernes Highlight,334.999 €,"Heerdt, 40549 Düsseldorf
Die vollständige Adresse der Immobilie erhalten Sie vom Anbieter.",6,"196,34 m²",0 m²,1.706 €/m²,Villa,nil,nil,5,1,nil,nil,"{'is24qa-gaeste-wc-label': '', 'is24qa-stufenloser-zugang-label': ''}"
Stadtvilla City Villa 2 - ein modernes Highlight,334.999 €,"Augustinusviertel, 40549 Neuss
Die vollständige Adresse der Immobilie erhalten Sie vom Anbieter.",6,"196,34 m²",0 m²,1.706 €/m²,Villa,nil,nil,5,1,nil,nil,"{'is24qa-gaeste-wc-label': '', 'is24qa-stufenloser-zugang-label': ''}"
Stadtvilla City Villa 2 - ein modernes Highlight,334.999 €,"Norf, 40549 Neuss
Die vollständige Adresse der Immobilie erhalten Sie vom Anbieter.",6,"196,34 m²",0 m²,1.706 €/m²,Villa,nil,nil,5,1,nil,nil,"{'is24qa-gaeste-wc-label': '', 'is24qa-stufenloser-zugang-label': ''}"
Stadtvilla City Villa 2 - ein modernes Highlight,334.999 €,"41542 Dormagen, Neuss (Rhein-Kreis)
Die vollständige Adresse der Immobilie erhalten Sie vom Anbieter.",6,"196,34 m²",0 m²,1.706 €/m²,Villa,nil,nil,5,1,nil,nil,"{'is24qa-gaeste-wc-label': '', 'is24qa-stufenloser-zugang-label': ''}"
Stadtvilla City Villa 2 - ein modernes Highlight,334.999 €,"41542 Dormagen, Neuss (Rhein-Kreis)
Die vollständige Adresse der Immobilie erhalten Sie vom Anbieter.",6,"196,34 m²",0 m²,1.706 €/m²,Villa,nil,nil,5,1,nil,nil,"{'is24qa-gaeste-wc-label': '', 'is24qa-stufenloser-zugang-label': ''}"
Stadtvilla City Villa 2 - ein modernes Highlight,334.999 €,"Rheindahlen-Land, 41179 Mönchengladbach
Die vollständige Adresse der Immobilie erhalten Sie vom Anbieter.",6,"196,34 m²",0 m²,1.706 €/m²,Villa,nil,nil,5,1,nil,nil,"{'is24qa-gaeste-wc-label': '', 'is24qa-stufenloser-zugang-label': ''}"
Stadtvilla City Villa 2 - ein modernes Highlight,334.999 €,"Gladbach, 41179 Mönchengladbach
Die vollständige Adresse der Immobilie erhalten Sie vom Anbieter.",6,"196,34 m²",0 m²,1.706 €/m²,Villa,nil,nil,5,1,nil,nil,"{'is24qa-gaeste-wc-label': '', 'is24qa-stufenloser-zugang-label': ''}"
Stadtvilla City Villa 2 - ein modernes Highlight,334.999 €,"Gladbach, 41179 Mönchengladbach
Die vollständige Adresse der Immobilie erhalten Sie vom Anbieter.",6,"196,34 m²",0 m²,1.706 €/m²,Villa,nil,nil,5,1,nil,nil,"{'is24qa-gaeste-wc-label': '', 'is24qa-stufenloser-zugang-label': ''}"
Stadtvilla City Villa 2 - ein modernes Highlight,334.999 €,"Menden-Holthausen, 45470 Mülheim an der Ruhr
Die vollständige Adresse der Immobilie erhalten Sie vom Anbieter.",6,"196,34 m²",0 m²,1.706 €/m²,Villa,nil,nil,5,1,nil,nil,"{'is24qa-gaeste-wc-label': '', 'is24qa-stufenloser-zugang-label': ''}"
Stadtvilla City Villa 2 - ein modernes Highlight,334.999 €,"Menden-Holthausen, 45470 Mülheim an der Ruhr
Die vollständige Adresse der Immobilie erhalten Sie vom Anbieter.",6,"196,34 m²",0 m²,1.706 €/m²,Villa,nil,nil,5,1,nil,nil,"{'is24qa-gaeste-wc-label': '', 'is24qa-stufenloser-zugang-label': ''}"
Stadtvilla City Villa 2 - ein modernes Highlight,334.999 €,"Altstadt I, 45470 Mülheim an der Ruhr
Die vollständige Adresse der Immobilie erhalten Sie vom Anbieter.",6,"196,34 m²",0 m²,1.706 €/m²,Villa,nil,nil,5,1,nil,nil,"{'is24qa-gaeste-wc-label': '', 'is24qa-stufenloser-zugang-label': ''}"
Stadtvilla City Villa 2 - ein modernes Highlight,334.999 €,"46535 Dinslaken, Wesel (Kreis)
Die vollständige Adresse der Immobilie erhalten Sie vom Anbieter.",6,"196,34 m²",0 m²,1.706 €/m²,Villa,nil,nil,5,1,nil,nil,"{'is24qa-gaeste-wc-label': '', 'is24qa-stufenloser-zugang-label': ''}"
Stadtvilla City Villa 2 - ein modernes Highlight,334.999 €,"46535 Dinslaken, Wesel (Kreis)
Die vollständige Adresse der Immobilie erhalten Sie vom Anbieter.",6,"196,34 m²",0 m²,1.706 €/m²,Villa,nil,nil,5,1,nil,nil,"{'is24qa-gaeste-wc-label': '', 'is24qa-stufenloser-zugang-label': ''}"
Stadtvilla City Villa 2 - ein modernes Highlight,334.999 €,"40667 Meerbusch, Neuss (Rhein-Kreis)
Die vollständige Adresse der Immobilie erhalten Sie vom Anbieter.",6,"196,34 m²",0 m²,1.706 €/m²,Villa,nil,nil,5,1,nil,nil,"{'is24qa-gaeste-wc-label': '', 'is24qa-stufenloser-zugang-label': ''}"
Stadtvilla City Villa 2 - ein modernes Highlight,334.999 €,"40667 Meerbusch, Neuss (Rhein-Kreis)
Die vollständige Adresse der Immobilie erhalten Sie vom Anbieter.",6,"196,34 m²",0 m²,1.706 €/m²,Villa,nil,nil,5,1,nil,nil,"{'is24qa-gaeste-wc-label': '', 'is24qa-stufenloser-zugang-label': ''}"
Stadtvilla City Villa 2 - ein modernes Highlight,334.999 €,"Duissern, 47058 Duisburg
Die vollständige Adresse der Immobilie erhalten Sie vom Anbieter.",6,"196,34 m²",0 m²,1.706 €/m²,Villa,nil,nil,5,1,nil,nil,"{'is24qa-gaeste-wc-label': '', 'is24qa-stufenloser-zugang-label': ''}"
Stadtvilla City Villa 2 - ein modernes Highlight,334.999 €,"Duissern, 47058 Duisburg
Die vollständige Adresse der Immobilie erhalten Sie vom Anbieter.",6,"196,34 m²",0 m²,1.706 €/m²,Villa,nil,nil,5,1,nil,nil,"{'is24qa-gaeste-wc-label': '', 'is24qa-stufenloser-zugang-label': ''}"
Stadtvilla City Villa 2 - ein modernes Highlight,334.999 €,"41564 Kaarst, Neuss (Rhein-Kreis)
Die vollständige Adresse der Immobilie erhalten Sie vom Anbieter.",6,"196,34 m²",0 m²,1.706 €/m²,Villa,nil,nil,5,1,nil,nil,"{'is24qa-gaeste-wc-label': '', 'is24qa-stufenloser-zugang-label': ''}"
Stadtvilla City Villa 2 - ein modernes Highlight,334.999 €,"41564 Kaarst, Neuss (Rhein-Kreis)
Die vollständige Adresse der Immobilie erhalten Sie vom Anbieter.",6,"196,34 m²",0 m²,1.706 €/m²,Villa,nil,nil,5,1,nil,nil,"{'is24qa-gaeste-wc-label': '', 'is24qa-stufenloser-zugang-label': ''}"
Stadtvilla City Villa 2 - ein modernes Highlight,334.999 €,"Breitscheid, 40885 Ratingen
Die vollständige Adresse der Immobilie erhalten Sie vom Anbieter.",6,"196,34 m²",0 m²,1.706 €/m²,Villa,nil,nil,5,1,nil,nil,"{'is24qa-gaeste-wc-label': '', 'is24qa-stufenloser-zugang-label': ''}"
Stadtvilla City Villa 2 - ein modernes Highlight,334.999 €,"Homberg, 40882 Ratingen
Die vollständige Adresse der Immobilie erhalten Sie vom Anbieter.",6,"196,34 m²",0 m²,1.706 €/m²,Villa,nil,nil,5,1,nil,nil,"{'is24qa-gaeste-wc-label': '', 'is24qa-stufenloser-zugang-label': ''}"
Stadtvilla City Villa 2 - ein modernes Highlight,334.999 €,"Ost, 40882 Ratingen
Die vollständige Adresse der Immobilie erhalten Sie vom Anbieter.",6,"196,34 m²",0 m²,1.706 €/m²,Villa,nil,nil,5,1,nil,nil,"{'is24qa-gaeste-wc-label': '', 'is24qa-stufenloser-zugang-label': ''}"
Stadtvilla City Villa 2 - ein modernes Highlight,334.999 €,"Zentrum, 40878 Ratingen
Die vollständige Adresse der Immobilie erhalten Sie vom Anbieter.",6,"196,34 m²",0 m²,1.706 €/m²,Villa,nil,nil,5,1,nil,nil,"{'is24qa-gaeste-wc-label': '', 'is24qa-stufenloser-zugang-label': ''}"
Stadtvilla City Villa 2 - ein modernes Highlight,334.999 €,"Altstadt, 40235 Düsseldorf
Die vollständige Adresse der Immobilie erhalten Sie vom Anbieter.",6,"196,34 m²",0 m²,1.706 €/m²,Villa,nil,nil,5,1,nil,nil,"{'is24qa-gaeste-wc-label': '', 'is24qa-stufenloser-zugang-label': ''}"
Stadtvilla City Villa 2 - ein modernes Highlight,334.999 €,"Wittlaer, 40235 Düsseldorf
Die vollständige Adresse der Immobilie erhalten Sie vom Anbieter.",6,"196,34 m²",0 m²,1.706 €/m²,Villa,nil,nil,5,1,nil,nil,"{'is24qa-gaeste-wc-label': '', 'is24qa-stufenloser-zugang-label': ''}"
Stadtvilla City Villa 2 - ein modernes Highlight,334.999 €,"Benrath, 40235 Düsseldorf
Die vollständige Adresse der Immobilie erhalten Sie vom Anbieter.",6,"196,34 m²",0 m²,1.706 €/m²,Villa,nil,nil,5,1,nil,nil,"{'is24qa-gaeste-wc-label': '', 'is24qa-stufenloser-zugang-label': ''}"
Das Leben in voller Blüte: Entdecke das allkauf-Haus Generation 7 - Dein Zuhause für Generationen!,379.999 €,"41844 Wegberg, Heinsberg (Kreis)
Die vollständige Adresse der Immobilie erhalten Sie vom Anbieter.",8,"262,37 m²",0 m²,1.448 €/m²,Doppelhaushälfte,nil,nil,6,2,nil,nil,"{'is24qa-gaeste-wc-label': '', 'is24qa-einliegerwohnung-label': ''}"
Das Leben in voller Blüte: Entdecke das allkauf-Haus Generation 7 - Dein Zuhause für Generationen!,379.999 €,"41844 Wegberg, Heinsberg (Kreis)
Die vollständige Adresse der Immobilie erhalten Sie vom Anbieter.",8,"262,37 m²",0 m²,1.448 €/m²,Doppelhaushälfte,nil,nil,6,2,nil,nil,"{'is24qa-gaeste-wc-label': '', 'is24qa-einliegerwohnung-label': ''}"
Das Leben in voller Blüte: Entdecke das allkauf-Haus Generation 7 - Dein Zuhause für Generationen!,379.999 €,"41844 Wegberg, Heinsberg (Kreis)
Die vollständige Adresse der Immobilie erhalten Sie vom Anbieter.",8,"262,37 m²",0 m²,1.448 €/m²,Doppelhaushälfte,nil,nil,6,2,nil,nil,"{'is24qa-gaeste-wc-label': '', 'is24qa-einliegerwohnung-label': ''}"
Das Leben in voller Blüte: Entdecke das allkauf-Haus Generation 7 - Dein Zuhause für Generationen!,379.999 €,"41849 Wassenberg, Heinsberg (Kreis)
Die vollständige Adresse der Immobilie erhalten Sie vom Anbieter.",8,"262,37 m²",0 m²,1.448 €/m²,Doppelhaushälfte,nil,nil,6,2,nil,nil,"{'is24qa-gaeste-wc-label': '', 'is24qa-einliegerwohnung-label': ''}"
Das Leben in voller Blüte: Entdecke das allkauf-Haus Generation 7 - Dein Zuhause für Generationen!,379.999 €,"41849 Wassenberg, Heinsberg (Kreis)
Die vollständige Adresse der Immobilie erhalten Sie vom Anbieter.",8,"262,37 m²",0 m²,1.448 €/m²,Doppelhaushälfte,nil,nil,6,2,nil,nil,"{'is24qa-gaeste-wc-label': '', 'is24qa-einliegerwohnung-label': ''}"
Das Leben in voller Blüte: Entdecke das allkauf-Haus Generation 7 - Dein Zuhause für Generationen!,379.999 €,"41849 Wassenberg, Heinsberg (Kreis)
Die vollständige Adresse der Immobilie erhalten Sie vom Anbieter.",8,"262,37 m²",0 m²,1.448 €/m²,Doppelhaushälfte,nil,nil,6,2,nil,nil,"{'is24qa-gaeste-wc-label': '', 'is24qa-einliegerwohnung-label': ''}"
Das Leben in voller Blüte: Entdecke das allkauf-Haus Generation 7 - Dein Zuhause für Generationen!,379.999 €,"Ost, 40882 Ratingen
Die vollständige Adresse der Immobilie erhalten Sie vom Anbieter.",8,"262,37 m²",0 m²,1.448 €/m²,Doppelhaushälfte,nil,nil,6,2,nil,nil,"{'is24qa-gaeste-wc-label': '', 'is24qa-einliegerwohnung-label': ''}"
Das Leben in voller Blüte: Entdecke das allkauf-Haus Generation 7 - Dein Zuhause für Generationen!,379.999 €,"Lintorf, 40885 Ratingen
Die vollständige Adresse der Immobilie erhalten Sie vom Anbieter.",8,"262,37 m²",0 m²,1.448 €/m²,Doppelhaushälfte,nil,nil,6,2,nil,nil,"{'is24qa-gaeste-wc-label': '', 'is24qa-einliegerwohnung-label': ''}"
Das Leben in voller Blüte: Entdecke das allkauf-Haus Generation 7 - Dein Zuhause für Generationen!,379.999 €,"Lintorf, 40885 Ratingen
Die vollständige Adresse der Immobilie erhalten Sie vom Anbieter.",8,"262,37 m²",0 m²,1.448 €/m²,Doppelhaushälfte,nil,nil,6,2,nil,nil,"{'is24qa-gaeste-wc-label': '', 'is24qa-einliegerwohnung-label': ''}"
Das Leben in voller Blüte: Entdecke das allkauf-Haus Generation 7 - Dein Zuhause für Generationen!,379.999 €,"Furth Mitte, 41462 Neuss
Die vollständige Adresse der Immobilie erhalten Sie vom Anbieter.",8,"262,37 m²",0 m²,1.448 €/m²,Doppelhaushälfte,nil,nil,6,2,nil,nil,"{'is24qa-gaeste-wc-label': '', 'is24qa-einliegerwohnung-label': ''}"
Das Leben in voller Blüte: Entdecke das allkauf-Haus Generation 7 - Dein Zuhause für Generationen!,379.999 €,"Reuschenberg, 41466 Neuss
Die vollständige Adresse der Immobilie erhalten Sie vom Anbieter.",8,"262,37 m²",0 m²,1.448 €/m²,Doppelhaushälfte,nil,nil,6,2,nil,nil,"{'is24qa-gaeste-wc-label': '', 'is24qa-einliegerwohnung-label': ''}"
Das Leben in voller Blüte: Entdecke das allkauf-Haus Generation 7 - Dein Zuhause für Generationen!,379.999 €,"Rosellen, 41470 Neuss
Die vollständige Adresse der Immobilie erhalten Sie vom Anbieter.",8,"262,37 m²",0 m²,1.448 €/m²,Doppelhaushälfte,nil,nil,6,2,nil,nil,"{'is24qa-gaeste-wc-label': '', 'is24qa-einliegerwohnung-label': ''}"
Das Leben in voller Blüte: Entdecke das allkauf-Haus Generation 7 - Dein Zuhause für Generationen!,379.999 €,"Dümpten, 45475 Mülheim an der Ruhr
Die vollständige Adresse der Immobilie erhalten Sie vom Anbieter.",8,"262,37 m²",0 m²,1.448 €/m²,Doppelhaushälfte,nil,nil,6,2,nil,nil,"{'is24qa-gaeste-wc-label': '', 'is24qa-einliegerwohnung-label': ''}"
Das Leben in voller Blüte: Entdecke das allkauf-Haus Generation 7 - Dein Zuhause für Generationen!,379.999 €,"Saarn, 45481 Mülheim an der Ruhr
Die vollständige Adresse der Immobilie erhalten Sie vom Anbieter.",8,"262,37 m²",0 m²,1.448 €/m²,Doppelhaushälfte,nil,nil,6,2,nil,nil,"{'is24qa-gaeste-wc-label': '', 'is24qa-einliegerwohnung-label': ''}"
Das Leben in voller Blüte: Entdecke das allkauf-Haus Generation 7 - Dein Zuhause für Generationen!,379.999 €,"Saarn, 45481 Mülheim an der Ruhr
Die vollständige Adresse der Immobilie erhalten Sie vom Anbieter.",8,"262,37 m²",0 m²,1.448 €/m²,Doppelhaushälfte,nil,nil,6,2,nil,nil,"{'is24qa-gaeste-wc-label': '', 'is24qa-einliegerwohnung-label': ''}"
Das Leben in voller Blüte: Entdecke das allkauf-Haus Generation 7 - Dein Zuhause für Generationen!,379.999 €,"47533 Kleve, Kleve (Kreis)
Die vollständige Adresse der Immobilie erhalten Sie vom Anbieter.",8,"262,37 m²",0 m²,1.448 €/m²,Doppelhaushälfte,nil,nil,6,2,nil,nil,"{'is24qa-gaeste-wc-label': '', 'is24qa-einliegerwohnung-label': ''}"
Das Leben in voller Blüte: Entdecke das allkauf-Haus Generation 7 - Dein Zuhause für Generationen!,379.999 €,"47533 Kleve, Kleve (Kreis)
Die vollständige Adresse der Immobilie erhalten Sie vom Anbieter.",8,"262,37 m²",0 m²,1.448 €/m²,Doppelhaushälfte,nil,nil,6,2,nil,nil,"{'is24qa-gaeste-wc-label': '', 'is24qa-einliegerwohnung-label': ''}"
Das Leben in voller Blüte: Entdecke das allkauf-Haus Generation 7 - Dein Zuhause für Generationen!,379.999 €,"47533 Kleve, Kleve (Kreis)
Die vollständige Adresse der Immobilie erhalten Sie vom Anbieter.",8,"262,37 m²",0 m²,1.448 €/m²,Doppelhaushälfte,nil,nil,6,2,nil,nil,"{'is24qa-gaeste-wc-label': '', 'is24qa-einliegerwohnung-label': ''}"
Das Leben in voller Blüte: Entdecke das allkauf-Haus Generation 7 - Dein Zuhause für Generationen!,379.999 €,"Inrath/Kliedbruch, 47803 Krefeld
Die vollständige Adresse der Immobilie erhalten Sie vom Anbieter.",8,"262,37 m²",0 m²,1.448 €/m²,Doppelhaushälfte,nil,nil,6,2,nil,nil,"{'is24qa-gaeste-wc-label': '', 'is24qa-einliegerwohnung-label': ''}"
Das Leben in voller Blüte: Entdecke das allkauf-Haus Generation 7 - Dein Zuhause für Generationen!,379.999 €,"Hüls, 47839 Krefeld
Die vollständige Adresse der Immobilie erhalten Sie vom Anbieter.",8,"262,37 m²",0 m²,1.448 €/m²,Doppelhaushälfte,nil,nil,6,2,nil,nil,"{'is24qa-gaeste-wc-label': '', 'is24qa-einliegerwohnung-label': ''}"
Das Leben in voller Blüte: Entdecke das allkauf-Haus Generation 7 - Dein Zuhause für Generationen!,379.999 €,"Fischeln, 47807 Krefeld
Die vollständige Adresse der Immobilie erhalten Sie vom Anbieter.",8,"262,37 m²",0 m²,1.448 €/m²,Doppelhaushälfte,nil,nil,6,2,nil,nil,"{'is24qa-gaeste-wc-label': '', 'is24qa-einliegerwohnung-label': ''}"
Das Leben in voller Blüte: Entdecke das allkauf-Haus Generation 7 - Dein Zuhause für Generationen!,379.999 €,"41812 Erkelenz, Heinsberg (Kreis)
Die vollständige Adresse der Immobilie erhalten Sie vom Anbieter.",8,"262,37 m²",0 m²,1.448 €/m²,Doppelhaushälfte,nil,nil,6,2,nil,nil,"{'is24qa-gaeste-wc-label': '', 'is24qa-einliegerwohnung-label': ''}"
Das Leben in voller Blüte: Entdecke das allkauf-Haus Generation 7 - Dein Zuhause für Generationen!,379.999 €,"41812 Erkelenz, Heinsberg (Kreis)
Die vollständige Adresse der Immobilie erhalten Sie vom Anbieter.",8,"262,37 m²",0 m²,1.448 €/m²,Doppelhaushälfte,nil,nil,6,2,nil,nil,"{'is24qa-gaeste-wc-label': '', 'is24qa-einliegerwohnung-label': ''}"
Das Leben in voller Blüte: Entdecke das allkauf-Haus Generation 7 - Dein Zuhause für Generationen!,379.999 €,"41812 Erkelenz, Heinsberg (Kreis)
Die vollständige Adresse der Immobilie erhalten Sie vom Anbieter.",8,"262,37 m²",0 m²,1.448 €/m²,Doppelhaushälfte,nil,nil,6,2,nil,nil,"{'is24qa-gaeste-wc-label': '', 'is24qa-einliegerwohnung-label': ''}"
Das Leben in voller Blüte: Entdecke das allkauf-Haus Generation 7 - Dein Zuhause für Generationen!,379.999 €,"Alt-Walsum, 47178 Duisburg
Die vollständige Adresse der Immobilie erhalten Sie vom Anbieter.",8,"262,37 m²",0 m²,1.448 €/m²,Doppelhaushälfte,nil,nil,6,2,nil,nil,"{'is24qa-gaeste-wc-label': '', 'is24qa-einliegerwohnung-label': ''}"
Das Leben in voller Blüte: Entdecke das allkauf-Haus Generation 7 - Dein Zuhause für Generationen!,379.999 €,"Overbruch, 47178 Duisburg
Die vollständige Adresse der Immobilie erhalten Sie vom Anbieter.",8,"262,37 m²",0 m²,1.448 €/m²,Doppelhaushälfte,nil,nil,6,2,nil,nil,"{'is24qa-gaeste-wc-label': '', 'is24qa-einliegerwohnung-label': ''}"
Das Leben in voller Blüte: Entdecke das allkauf-Haus Generation 7 - Dein Zuhause für Generationen!,379.999 €,"Overbruch, 47178 Duisburg
Die vollständige Adresse der Immobilie erhalten Sie vom Anbieter.",8,"262,37 m²",0 m²,1.448 €/m²,Doppelhaushälfte,nil,nil,6,2,nil,nil,"{'is24qa-gaeste-wc-label': '', 'is24qa-einliegerwohnung-label': ''}"
Das Leben in voller Blüte: Entdecke das allkauf-Haus Generation 7 - Dein Zuhause für Generationen!,379.999 €,"Angermund, 40489 Düsseldorf
Die vollständige Adresse der Immobilie erhalten Sie vom Anbieter.",8,"262,37 m²",0 m²,1.448 €/m²,Doppelhaushälfte,nil,nil,6,2,nil,nil,"{'is24qa-gaeste-wc-label': '', 'is24qa-einliegerwohnung-label': ''}"
Das Leben in voller Blüte: Entdecke das allkauf-Haus Generation 7 - Dein Zuhause für Generationen!,379.999 €,"Unterbilk, 40217 Düsseldorf
Die vollständige Adresse der Immobilie erhalten Sie vom Anbieter.",8,"262,37 m²",0 m²,1.448 €/m²,Doppelhaushälfte,nil,nil,6,2,nil,nil,"{'is24qa-gaeste-wc-label': '', 'is24qa-einliegerwohnung-label': ''}"
Das Leben in voller Blüte: Entdecke das allkauf-Haus Generation 7 - Dein Zuhause für Generationen!,379.999 €,"Hassels, 40599 Düsseldorf
Die vollständige Adresse der Immobilie erhalten Sie vom Anbieter.",8,"262,37 m²",0 m²,1.448 €/m²,Doppelhaushälfte,nil,nil,6,2,nil,nil,"{'is24qa-gaeste-wc-label': '', 'is24qa-einliegerwohnung-label': ''}"
Lifetime 3,512.000 €,"47918 Tönisvorst, Viersen (Kreis)
Die vollständige Adresse der Immobilie erhalten Sie vom Anbieter.",4,"107,17 m²",0 m²,4.777 €/m²,Bungalow,nil,nil,3,1,nil,nil,{'is24qa-stufenloser-zugang-label': ''}
Einfamilienhaus Home 2 - klassisch und modern leben,247.999 €,"Dümpten, 45475 Mülheim an der Ruhr
Die vollständige Adresse der Immobilie erhalten Sie vom Anbieter.",4,"133,7 m²",0 m²,1.855 €/m²,Einfamilienhaus (freistehend),nil,nil,3,1,nil,nil,{'is24qa-gaeste-wc-label': ''}
Einfamilienhaus Home 2 - klassisch und modern leben,247.999 €,"Saarn, 45481 Mülheim an der Ruhr
Die vollständige Adresse der Immobilie erhalten Sie vom Anbieter.",4,"133,7 m²",0 m²,1.855 €/m²,Einfamilienhaus (freistehend),nil,nil,3,1,nil,nil,{'is24qa-gaeste-wc-label': ''}
Einfamilienhaus Home 2 - klassisch und modern leben,247.999 €,"Saarn, 45481 Mülheim an der Ruhr
Die vollständige Adresse der Immobilie erhalten Sie vom Anbieter.",4,"133,7 m²",0 m²,1.855 €/m²,Einfamilienhaus (freistehend),nil,nil,3,1,nil,nil,{'is24qa-gaeste-wc-label': ''}
Einfamilienhaus Home 2 - klassisch und modern leben,247.999 €,"47533 Kleve, Kleve (Kreis)
Die vollständige Adresse der Immobilie erhalten Sie vom Anbieter.",4,"133,7 m²",0 m²,1.855 €/m²,Einfamilienhaus (freistehend),nil,nil,3,1,nil,nil,{'is24qa-gaeste-wc-label': ''}
Einfamilienhaus Home 2 - klassisch und modern leben,247.999 €,"47533 Kleve, Kleve (Kreis)
Die vollständige Adresse der Immobilie erhalten Sie vom Anbieter.",4,"133,7 m²",0 m²,1.855 €/m²,Einfamilienhaus (freistehend),nil,nil,3,1,nil,nil,{'is24qa-gaeste-wc-label': ''}
Einfamilienhaus Home 2 - klassisch und modern leben,247.999 €,"47533 Kleve, Kleve (Kreis)
Die vollständige Adresse der Immobilie erhalten Sie vom Anbieter.",4,"133,7 m²",0 m²,1.855 €/m²,Einfamilienhaus (freistehend),nil,nil,3,1,nil,nil,{'is24qa-gaeste-wc-label': ''}
Einfamilienhaus Home 2 - klassisch und modern leben,247.999 €,"Ost, 40882 Ratingen
Die vollständige Adresse der Immobilie erhalten Sie vom Anbieter.",4,"133,7 m²",0 m²,1.855 €/m²,Einfamilienhaus (freistehend),nil,nil,3,1,nil,nil,{'is24qa-gaeste-wc-label': ''}
Einfamilienhaus Home 2 - klassisch und modern leben,247.999 €,"Lintorf, 40885 Ratingen
Die vollständige Adresse der Immobilie erhalten Sie vom Anbieter.",4,"133,7 m²",0 m²,1.855 €/m²,Einfamilienhaus (freistehend),nil,nil,3,1,nil,nil,{'is24qa-gaeste-wc-label': ''}
Einfamilienhaus Home 2 - klassisch und modern leben,247.999 €,"Lintorf, 40885 Ratingen
Die vollständige Adresse der Immobilie erhalten Sie vom Anbieter.",4,"133,7 m²",0 m²,1.855 €/m²,Einfamilienhaus (freistehend),nil,nil,3,1,nil,nil,{'is24qa-gaeste-wc-label': ''}
Einfamilienhaus Home 2 - klassisch und modern leben,247.999 €,"Furth Mitte, 41462 Neuss
Die vollständige Adresse der Immobilie erhalten Sie vom Anbieter.",4,"133,7 m²",0 m²,1.855 €/m²,Einfamilienhaus (freistehend),nil,nil,3,1,nil,nil,{'is24qa-gaeste-wc-label': ''}
Einfamilienhaus Home 2 - klassisch und modern leben,247.999 €,"Reuschenberg, 41466 Neuss
Die vollständige Adresse der Immobilie erhalten Sie vom Anbieter.",4,"133,7 m²",0 m²,1.855 €/m²,Einfamilienhaus (freistehend),nil,nil,3,1,nil,nil,{'is24qa-gaeste-wc-label': ''}
Einfamilienhaus Home 2 - klassisch und modern leben,247.999 €,"Rosellen, 41470 Neuss
Die vollständige Adresse der Immobilie erhalten Sie vom Anbieter.",4,"133,7 m²",0 m²,1.855 €/m²,Einfamilienhaus (freistehend),nil,nil,3,1,nil,nil,{'is24qa-gaeste-wc-label': ''}
City Villa 1 - Stilvoller Klassiker in Wassenberg,470.000 €,"41849 Wassenberg, Heinsberg (Kreis)
Die vollständige Adresse der Immobilie erhalten Sie vom Anbieter.",6,"195,5 m²",490 m²,2.404 €/m²,Einfamilienhaus (freistehend),nil,nil,nil,nil,nil,nil,{}
Einfamilienhaus Home 2 - klassisch und modern leben,247.999 €,"Angermund, 40489 Düsseldorf
Die vollständige Adresse der Immobilie erhalten Sie vom Anbieter.",4,"133,7 m²",0 m²,1.855 €/m²,Einfamilienhaus (freistehend),nil,nil,3,1,nil,nil,{'is24qa-gaeste-wc-label': ''}
Einfamilienhaus Home 2 - klassisch und modern leben,247.999 €,"Unterbilk, 40217 Düsseldorf
Die vollständige Adresse der Immobilie erhalten Sie vom Anbieter.",4,"133,7 m²",0 m²,1.855 €/m²,Einfamilienhaus (freistehend),nil,nil,3,1,nil,nil,{'is24qa-gaeste-wc-label': ''}
Einfamilienhaus Home 2 - klassisch und modern leben,247.999 €,"Hassels, 40599 Düsseldorf
Die vollständige Adresse der Immobilie erhalten Sie vom Anbieter.",4,"133,7 m²",0 m²,1.855 €/m²,Einfamilienhaus (freistehend),nil,nil,3,1,nil,nil,{'is24qa-gaeste-wc-label': ''}
Einfamilienhaus Home 2 - klassisch und modern leben,247.999 €,"41812 Erkelenz, Heinsberg (Kreis)
Die vollständige Adresse der Immobilie erhalten Sie vom Anbieter.",4,"133,7 m²",0 m²,1.855 €/m²,Einfamilienhaus (freistehend),nil,nil,3,1,nil,nil,{'is24qa-gaeste-wc-label': ''}
Einfamilienhaus Home 2 - klassisch und modern leben,247.999 €,"41812 Erkelenz, Heinsberg (Kreis)
Die vollständige Adresse der Immobilie erhalten Sie vom Anbieter.",4,"133,7 m²",0 m²,1.855 €/m²,Einfamilienhaus (freistehend),nil,nil,3,1,nil,nil,{'is24qa-gaeste-wc-label': ''}
Einfamilienhaus Home 2 - klassisch und modern leben,247.999 €,"41812 Erkelenz, Heinsberg (Kreis)
Die vollständige Adresse der Immobilie erhalten Sie vom Anbieter.",4,"133,7 m²",0 m²,1.855 €/m²,Einfamilienhaus (freistehend),nil,nil,3,1,nil,nil,{'is24qa-gaeste-wc-label': ''}
Einfamilienhaus Home 2 - klassisch und modern leben,247.999 €,"41849 Wassenberg, Heinsberg (Kreis)
Die vollständige Adresse der Immobilie erhalten Sie vom Anbieter.",4,"133,7 m²",0 m²,1.855 €/m²,Einfamilienhaus (freistehend),nil,nil,3,1,nil,nil,{'is24qa-gaeste-wc-label': ''}
Einfamilienhaus Home 2 - klassisch und modern leben,247.999 €,"41849 Wassenberg, Heinsberg (Kreis)
Die vollständige Adresse der Immobilie erhalten Sie vom Anbieter.",4,"133,7 m²",0 m²,1.855 €/m²,Einfamilienhaus (freistehend),nil,nil,3,1,nil,nil,{'is24qa-gaeste-wc-label': ''}
Einfamilienhaus Home 2 - klassisch und modern leben,247.999 €,"41849 Wassenberg, Heinsberg (Kreis)
Die vollständige Adresse der Immobilie erhalten Sie vom Anbieter.",4,"133,7 m²",0 m²,1.855 €/m²,Einfamilienhaus (freistehend),nil,nil,3,1,nil,nil,{'is24qa-gaeste-wc-label': ''}
Einfamilienhaus Home 2 - klassisch und modern leben,247.999 €,"41844 Wegberg, Heinsberg (Kreis)
Die vollständige Adresse der Immobilie erhalten Sie vom Anbieter.",4,"133,7 m²",0 m²,1.855 €/m²,Einfamilienhaus (freistehend),nil,nil,3,1,nil,nil,{'is24qa-gaeste-wc-label': ''}
Einfamilienhaus Home 2 - klassisch und modern leben,247.999 €,"41844 Wegberg, Heinsberg (Kreis)
Die vollständige Adresse der Immobilie erhalten Sie vom Anbieter.",4,"133,7 m²",0 m²,1.855 €/m²,Einfamilienhaus (freistehend),nil,nil,3,1,nil,nil,{'is24qa-gaeste-wc-label': ''}
Einfamilienhaus Home 2 - klassisch und modern leben,247.999 €,"47807 Wegberg, Heinsberg (Kreis)
Die vollständige Adresse der Immobilie erhalten Sie vom Anbieter.",4,"133,7 m²",0 m²,1.855 €/m²,Einfamilienhaus (freistehend),nil,nil,3,1,nil,nil,{'is24qa-gaeste-wc-label': ''}
