title,price,address,rooms,living_space,property_area,price_per_m2,type,usable_area,available_from,bedrooms,bathrooms,garage_parking,buyer_commission,criteriagroup_boolean_listing
Perfekte Anlage - MFH mit 7 Wohnungen in KfW 55-Standard direkt in Regenstauf,1.376.000 €,"93128 Regenstauf, Regensburg (Kreis)
Die vollständige Adresse der Immobilie erhalten Sie vom Anbieter.",15,442 m²,826 m²,3.113 €/m²,Wohnimmobilie (sonstige),nil,nil,nil,nil,Garage,"3,57 % inkl. Ust.","{'is24qa-online-besichtigung-moeglich-label': '', 'is24qa-keller-label': '', 'is24qa-vermietet-label': ''}"
"Reihenendhaus mit 2 bis 3 Wohnungen, Garten und Garage in Burtenbach",350.000 €,"Tonberg 38,
89349 Burtenbach, Günzburg (Kreis)",7,150 m²,225 m²,2.333 €/m²,Reiheneckhaus,nil,01.09.2024,4,3,1 Garage,12.495,"{'is24qa-online-besichtigung-moeglich-label': '', 'is24qa-gaeste-wc-label': '', 'is24qa-keller-label': '', 'is24qa-als-ferienhaus-geeignet-label': '', 'is24qa-vermietet-label': ''}"
Große Doppelhaushälfte – auch als Mehrfamilienhaus,795.000 €,"85399 Hallbergmoos, Freising (Kreis)
Die vollständige Adresse der Immobilie erhalten Sie vom Anbieter.",7,"195,03 m²",416 m²,4.076 €/m²,Doppelhaushälfte,"359,92 m²",nach Absprache,5,4,3 Garagen,"1,785 % inkl. MwSt.**","{'is24qa-gaeste-wc-label': '', 'is24qa-keller-label': ''}"
"Anfangsrendite ca. 4,6 % p.a. (BMR) - Zinshaus mit Perspektive im Heiliggeist-Viertel in Amberg",1.759.000 €,"Philipp-Melanchthon-Straße 9-11,
Kernstadt, 92224 Amberg",36,878 m²,3.084 m²,2.003 €/m²,Mehrfamilienhaus,nil,nil,nil,12,2 Garagen,Nein,"{'is24qa-vermietet-label': '', 'is24qa-provisionsfrei-fuer-kaufende-label': ''}"
"Wohnhaus (nutzbar als EFH, ZFH oder Mehrgenerationenhaus) und Wirtschaftsgebäude mit ca. 14.500 m²",990.000 €,"Unterthalham 13,
84564 Oberbergkirchen, Mühldorf am Inn (Kreis)",6,404 m²,14.500 m²,2.450 €/m²,Einfamilienhaus (freistehend),425 m²,7.2024,2,2,nil,"2,38% inkl. 19% MwSt",{'is24qa-keller-label': ''}
ANWESEN - BESTEHEND AUS BUNGALOW U. ZWEIFAM. HAUS,398.000 €,"94133 Röhrnbach, Freyung-Grafenau (Kreis)
Die vollständige Adresse der Immobilie erhalten Sie vom Anbieter.",9,240 m²,1.480 m²,1.658 €/m²,Einfamilienhaus (freistehend),nil,ca. 3 Monate nach Kauf,nil,nil,nil,3% zzgl. ges. MwSt.,{}
Renovierungsbedürftiges Einfamilienhaus in Abensberg - Pullach,259.000 €,"93326 Abensberg, Kelheim (Kreis)
Die vollständige Adresse der Immobilie erhalten Sie vom Anbieter.",5,125 m²,280 m²,2.072 €/m²,Einfamilienhaus (freistehend),50 m²,bezugsfrei,4,1,2 Außenstellplätze,"3,570 % inkl. ges. MwSt.",{}
*** Klare Linien - Platz genug für 2 Familien - ruhig und sonnig ***,1.790.000 €,"82319 Starnberg, Starnberg (Kreis)
Die vollständige Adresse der Immobilie erhalten Sie vom Anbieter.",8,200 m²,1.087 m²,8.950 €/m²,Einfamilienhaus (freistehend),nil,sofort,4,2,2 Garagen,"3,57 % Käuferprovision inkl. Mwst.","{'is24qa-gaeste-wc-label': '', 'is24qa-keller-label': '', 'is24qa-stufenloser-zugang-label': ''}"
Neubau - Hochwertiges Reiheneckhaus in attraktiver Rosenheimer Lage!,695.000 €,"Nord, 83024 Rosenheim
Die vollständige Adresse der Immobilie erhalten Sie vom Anbieter.",4,105 m²,206 m²,6.619 €/m²,Reiheneckhaus,159 m²,nil,nil,nil,2 Außenstellplätze,Nein,"{'is24qa-gaeste-wc-label': '', 'is24qa-keller-label': '', 'is24qa-provisionsfrei-fuer-kaufende-label': ''}"
NEUBAU: Stilvoll wohnen am Seidlpark in Murnau,1.299.900 €,"82418 Murnau am Staffelsee, Garmisch-Partenkirchen (Kreis)
Die vollständige Adresse der Immobilie erhalten Sie vom Anbieter.",5,133 m²,"347,5 m²",9.774 €/m²,Doppelhaushälfte,45 m²,nil,4,2,4 Garagen,Nein,"{'is24qa-gaeste-wc-label': '', 'is24qa-provisionsfrei-fuer-kaufende-label': ''}"
Stadtwohnen mit kleinem Garten,96.000 €,"63864 Glattbach, Aschaffenburg (Kreis)
Die vollständige Adresse der Immobilie erhalten Sie vom Anbieter.",2,60 m²,142 m²,1.600 €/m²,Einfamilienhaus (freistehend),nil,sofort,1,1,nil,"3,57 % inkl. ges. MwSt.",{'is24qa-keller-label': ''}
Top gelegener Hausklassiker mit zwei großen Wohnungen in Neuhaus am Inn!,690.000 €,"94152 Neuhaus am Inn, Passau (Kreis)
Die vollständige Adresse der Immobilie erhalten Sie vom Anbieter.",12,319 m²,889 m²,2.163 €/m²,Mehrfamilienhaus,60 m²,nach Vereinbarung,6,2,1 Garage,"3,57 % inkl. ges. MwSt.","{'is24qa-gaeste-wc-label': '', 'is24qa-vermietet-label': ''}"
Zweifamilienhaus in zentraler Lage mit Dachterrasse,60.000 €,"95671 Bärnau, Tirschenreuth (Kreis)
Die vollständige Adresse der Immobilie erhalten Sie vom Anbieter.",8,180 m²,277 m²,333 €/m²,Mehrfamilienhaus,nil,nil,nil,nil,1 Garage,"3,57% inkl. Mwst",{}
Doppelhaushälfte in Wasserburg,649.000 €,"89312 Günzburg, Günzburg (Kreis)
Die vollständige Adresse der Immobilie erhalten Sie vom Anbieter.",6,"139,58 m²",273 m²,4.650 €/m²,Doppelhaushälfte,nil,01.08.2023,3,2,2 Außenstellplätze,"3,57 % inkl. ges. MwSt.",{'is24qa-keller-label': ''}
Tolles Einfamilienhaus,320.000 €,"95195 Röslau, Wunsiedel im Fichtelgebirge (Kreis)
Die vollständige Adresse der Immobilie erhalten Sie vom Anbieter.",6,150 m²,987 m²,2.133 €/m²,Einfamilienhaus (freistehend),nil,"sofort, Vereinbarung",4,2,Garage,"3% plus MWST = 3,57% inkl. 19% Mehrwertsteuer. Fällig bei notariellem Vertragsabschluss.","{'is24qa-keller-label': '', 'is24qa-als-ferienhaus-geeignet-label': ''}"
Katip | Immopaket - gepflegtes Mehr- und Einfamilienhaus in Augsburg-Lechhausen,1.949.000 €,"Lechhausen-Süd, 86165 Augsburg
Die vollständige Adresse der Immobilie erhalten Sie vom Anbieter.",19,490 m²,630 m²,3.978 €/m²,Mehrfamilienhaus,nil,nach Vereinbarung,nil,nil,3 Stellplätze,"3,57","{'is24qa-online-besichtigung-moeglich-label': '', 'is24qa-gaeste-wc-label': '', 'is24qa-vermietet-label': ''}"
Nähe Hutthurm / Kalteneck großzügiges Einfamilienhaus,399.000 €,"94116 Hutthurm, Passau (Kreis)
Die vollständige Adresse der Immobilie erhalten Sie vom Anbieter.",5,186 m²,1.537 m²,2.145 €/m²,Einfamilienhaus (freistehend),nil,Nach Vereinbarung!,3,2,1 Garage,"3,57 % incl. MwSt. Käufermaklercourtage.",{}
Neubau - Hochwertiges Reiheneckhaus in attraktiver Rosenheimer Lage!,735.000 €,"Nord, 83024 Rosenheim
Die vollständige Adresse der Immobilie erhalten Sie vom Anbieter.",4,105 m²,246 m²,7.000 €/m²,Reiheneckhaus,159 m²,nil,nil,nil,2 Außenstellplätze,Nein,"{'is24qa-gaeste-wc-label': '', 'is24qa-keller-label': '', 'is24qa-provisionsfrei-fuer-kaufende-label': ''}"
** Splitlevel Architektenhaus ** über 320 qm ** Schwimmbad ** ca. 195 qm Nfl. ** 9 Stellplätze **,879.650 €,"Goethestrasse 10,
90552 Röthenbach an der Pegnitz, Nürnberger Land (Kreis)",7,"331,58 m²",1.050 m²,2.653 €/m²,Einfamilienhaus (freistehend),"195,01 m²",sofort,4,2,9 Tiefgaragen-Stellplätze,36637 EUR brutto,"{'is24qa-online-besichtigung-moeglich-label': '', 'is24qa-gaeste-wc-label': '', 'is24qa-keller-label': '', 'is24qa-stufenloser-zugang-label': ''}"
Renovierungsbedürftiges Zweifamilienhaus in Hutthurm,285.000 €,"94116 Hutthurm, Passau (Kreis)
Die vollständige Adresse der Immobilie erhalten Sie vom Anbieter.",7,160 m²,572 m²,1.781 €/m²,Mehrfamilienhaus,nil,Nach Vereinbarung!,5,2,2 Garagen,"3,57 % incl. MwSt. Käufermaklercourtage.",{'is24qa-keller-label': ''}
