title,price,address,rooms,living_space,property_area,price_per_m2,type,usable_area,available_from,bedrooms,bathrooms,garage_parking,buyer_commission,criteriagroup_boolean_listing
Gartenidylle pur! Großzügiges Anwesen mit 3 Wohnungen und traumhaftem Garten,749.000 €,"72666 Neckartailfingen, Esslingen (Kreis)
Die vollständige Adresse der Immobilie erhalten Sie vom Anbieter.",10,235 m²,1.114 m²,3.187 €/m²,Mehrfamilienhaus,nil,nil,5,3,2 Garagen,"3,57% inkl. MwSt",{'is24qa-keller-label': ''}
Großzügiges Reihenmittelhaus in zentraler Lage von Steinheim an der Murr!,445.000 €,"71711 Steinheim an der Murr, Ludwigsburg (Kreis)
Die vollständige Adresse der Immobilie erhalten Sie vom Anbieter.",5,146 m²,200 m²,3.048 €/m²,Reihenmittelhaus,nil,nil,nil,nil,2 Stellplätze,"3,57 % inkl. ges. MwSt.","{'is24qa-gaeste-wc-label': '', 'is24qa-keller-label': ''}"
Frisch saniertes Reihenmittelhaus 5 Zimmer mit Garten nähe Palatin zu verkaufen,549.000 €,"Am Danielsbrunnen 5,
69168 Wiesloch, Rhein-Neckar-Kreis",5,124 m²,175 m²,4.427 €/m²,Reihenmittelhaus,nil,nil,nil,nil,2 Stellplätze,"2,975% inkl. Mwst vom Kaufpreis, fällig 7 Tage nach Notartermin.","{'is24qa-online-besichtigung-moeglich-label': '', 'is24qa-vermietet-label': ''}"
Ihr neues Reihenendhaus mit Raum für Individualität und Entspannung,549.000 €,"73230 Kirchheim unter Teck, Esslingen (Kreis)
Die vollständige Adresse der Immobilie erhalten Sie vom Anbieter.",5,"131,37 m²",371 m²,4.179 €/m²,Einfamilienhaus (freistehend),nil,nil,3,2,1 Außenstellplatz,"3,57 % inkl. MwSt.","{'is24qa-gaeste-wc-label': '', 'is24qa-keller-label': ''}"
INVESTIEREN SIE CLEVER!! Gepflegtes Wohn- und Geschäftshaus mit Optimierungspotenzial--,1.690.000 €,"75328 Schömberg, Calw (Kreis)
Die vollständige Adresse der Immobilie erhalten Sie vom Anbieter.",42,702 m²,1.055 m²,2.407 €/m²,Mehrfamilienhaus,468 m²,Nach Vereinbarung,17,10,16 Außenstellplätze,"4,76 % inkl. MwSt","{'is24qa-online-besichtigung-moeglich-label': '', 'is24qa-gaeste-wc-label': '', 'is24qa-keller-label': ''}"
"Einzigartiges Domizil, stilsicher, kultiviert",8.000.000 €,"Weilimdorf (Ortsteil), 70499 Stuttgart
Die vollständige Adresse der Immobilie erhalten Sie vom Anbieter.",8,450 m²,2.300 m²,17.778 €/m²,Villa,nil,nach Vereinbarung,6,3,4 Stellplätze,"3,57 % des Kaufpreises inkl. gesetzlicher Mehrwertsteuer","{'is24qa-gaeste-wc-label': '', 'is24qa-keller-label': ''}"
Wohneigentum und Familie,710.000 €,"69254 Malsch, Rhein-Neckar-Kreis
Die vollständige Adresse der Immobilie erhalten Sie vom Anbieter.",5,150 m²,593 m²,4.733 €/m²,Einfamilienhaus (freistehend),nil,nach Absprache,3,2,1 Garage,"3,57 %",{'is24qa-keller-label': ''}
Elegantes Stadthaus mit Garten und luxuriöser Ausstattung - Wohnen auf höchstem Niveau,649.000 €,"74821 Mosbach, Neckar-Odenwald-Kreis
Die vollständige Adresse der Immobilie erhalten Sie vom Anbieter.",6,227 m²,365 m²,2.859 €/m²,Reiheneckhaus,nil,nil,nil,2,2 Garagen,"3,57","{'is24qa-gaeste-wc-label': '', 'is24qa-keller-label': ''}"
Viel Platz für Ihre Ideen im 2 FH mit 2 Appartements ....,680.000 €,"79410 Badenweiler, Breisgau-Hochschwarzwald (Kreis)
Die vollständige Adresse der Immobilie erhalten Sie vom Anbieter.",7,208 m²,508 m²,3.269 €/m²,Einfamilienhaus (freistehend),nil,nil,nil,nil,nil,"3,57 % inkl. MwSt",{}
Zentral gelegenes Wohnhaus in Heidenheim - gutes Renditeobjekt,385.000 €,"89518 Heidenheim an der Brenz, Heidenheim (Kreis)
Die vollständige Adresse der Immobilie erhalten Sie vom Anbieter.",6,"104,1 m²",283 m²,3.698 €/m²,Einfamilienhaus (freistehend),nil,nach Vereinbarung,nil,nil,nil,"3,57 % inkl. MwSt.",{'is24qa-online-besichtigung-moeglich-label': ''}
Schönes Einfamilienhaus mit Einliegerwohnung in Horb-Ihlingen,295.000 €,"Burghalde 21,
72160 Horb am Neckar, Freudenstadt (Kreis)",6,177 m²,400 m²,1.667 €/m²,nil,nil,sofort,4,2,1 Garage,"3,57% inkl. 19% MwSt.","{'is24qa-gaeste-wc-label': '', 'is24qa-keller-label': '', 'is24qa-stufenloser-zugang-label': ''}"
Wohn- und Geschäftshaus - Gesamtnutzfläche 218 m² - ideal zur Kapitalanlage,459.000 €,"74599 Wallhausen, Schwäbisch Hall (Kreis)
Die vollständige Adresse der Immobilie erhalten Sie vom Anbieter.",11,99 m²,571 m²,4.636 €/m²,nil,nil,Vermietet,nil,nil,nil,"Käuferprovision 3,57 % inkl. MwSt. vom Kaufpreis","{'is24qa-keller-label': '', 'is24qa-vermietet-label': ''}"
Rheinsheim: großzügiges 1-2 Familienhaus mit Scheune,295.000 €,"76661 Philippsburg, Karlsruhe (Kreis)
Die vollständige Adresse der Immobilie erhalten Sie vom Anbieter.",11,"225,46 m²",595 m²,1.308 €/m²,Einfamilienhaus (freistehend),"126,6 m²",nach Absprache,9,2,nil,"3,57 % inkl. MwSt.","{'is24qa-gaeste-wc-label': '', 'is24qa-keller-label': ''}"
"Ein-/Zweifamilienhaus in sehr guter Lage am ""Tüllinger"" in Weil am Rhein",1.490.000 €,"79576 Weil am Rhein, Lörrach (Kreis)
Die vollständige Adresse der Immobilie erhalten Sie vom Anbieter.",9,"245,48 m²",1.575 m²,6.070 €/m²,Einfamilienhaus (freistehend),nil,nil,nil,3,nil,"3,57 % inkl. ges. MwSt.","{'is24qa-gaeste-wc-label': '', 'is24qa-keller-label': '', 'is24qa-einliegerwohnung-label': ''}"
- Herrliche Südlage mit Teilseesicht - Großzügiges und solides Zweifamilienhaus,975.000 €,"78333 Stockach, Konstanz (Kreis)
Die vollständige Adresse der Immobilie erhalten Sie vom Anbieter.",9,277 m²,709 m²,3.520 €/m²,Einfamilienhaus (freistehend),58 m²,nil,5,nil,5 Außenstellplätze,"3,57 % inkl. MwSt.",{'is24qa-gaeste-wc-label': ''}
Großes Einfamilienhaus mit exklusivem Grundriss in ruhiger Lage in Teningen,859.000 €,"79331 Teningen, Emmendingen (Kreis)
Die vollständige Adresse der Immobilie erhalten Sie vom Anbieter.",8,182 m²,916 m²,4.720 €/m²,Einfamilienhaus (freistehend),"25,89 m²",nil,nil,1,4 Stellplätze,"3,27 %","{'is24qa-gaeste-wc-label': '', 'is24qa-keller-label': ''}"
Langfristig voll verm. Renditeobjekt mit 16 Apartments in AA (Nähe Klinikum/BSZ),1.250.000 €,"Stadtmitte, 73430 Aalen
Die vollständige Adresse der Immobilie erhalten Sie vom Anbieter.",19,433 m²,992 m²,2.887 €/m²,Mehrfamilienhaus,nil,nil,nil,nil,nil,"4,76",{}
Exclusive Unternehmervilla mit 2 Einliegerwohnungen in Traumhafter Aussichtslage,Auf Anfrage,"74182 Obersulm, Heilbronn (Kreis)
Die vollständige Adresse der Immobilie erhalten Sie vom Anbieter.",13,522 m²,1.228 m²,nil,Villa,162 m²,sofort,6,5,7 Garagen,"2,5 %vom Kaufpreis","{'is24qa-gaeste-wc-label': '', 'is24qa-keller-label': '', 'is24qa-stufenloser-zugang-label': '', 'is24qa-einliegerwohnung-label': ''}"
Wohneinheit eines Zweifamilienhaus in Konstanz-Dingelsdorf für Sie!,757.860 €,"Dingelsdorf, 78465 Konstanz
Die vollständige Adresse der Immobilie erhalten Sie vom Anbieter.",4,131 m²,277 m²,5.785 €/m²,Mehrfamilienhaus,60 m²,nil,3,1,nil,nil,"{'is24qa-gaeste-wc-label': '', 'is24qa-keller-label': ''}"
Zweifamilienhaus in Konstanz-Dingelsdorf für Sie!,1.480.439 €,"Dingelsdorf, 78465 Konstanz
Die vollständige Adresse der Immobilie erhalten Sie vom Anbieter.",8,"239,85 m²",555 m²,6.172 €/m²,Mehrfamilienhaus,120 m²,nil,6,2,nil,nil,"{'is24qa-gaeste-wc-label': '', 'is24qa-keller-label': '', 'is24qa-einliegerwohnung-label': ''}"
Ihr Traumhaus in Dingelsdorf: Nach Ihren Wünschen projektiert,1.281.029 €,"Dingelsdorf, 78465 Konstanz
Die vollständige Adresse der Immobilie erhalten Sie vom Anbieter.",5,"192,91 m²",555 m²,6.641 €/m²,Einfamilienhaus (freistehend),nil,nil,4,1,nil,nil,{'is24qa-gaeste-wc-label': ''}
Modernes Einfamilienhaus in Dingelsdorf - individuell nach Ihren Wünschen gebaut!,1.231.764 €,"Dingelsdorf, 78465 Konstanz
Die vollständige Adresse der Immobilie erhalten Sie vom Anbieter.",5,"172,25 m²",555 m²,7.151 €/m²,Einfamilienhaus (freistehend),nil,nil,4,1,nil,nil,{'is24qa-gaeste-wc-label': ''}
QNG und KFN förderfähiges Einfamilienhaus - bezugsfertige City Villa in Bestlage,998.000 €,"79639 Grenzach-Wyhlen, Lörrach (Kreis)
Die vollständige Adresse der Immobilie erhalten Sie vom Anbieter.",4,"166,69 m²",517 m²,5.987 €/m²,Villa,nil,nil,3,1,nil,nil,"{'is24qa-gaeste-wc-label': '', 'is24qa-stufenloser-zugang-label': ''}"
QNG und KFN förderfähiges Einfamilienhaus - damit der Traum vom Eigenheim wahr werden kann,858.000 €,"79639 Grenzach-Wyhlen, Lörrach (Kreis)
Die vollständige Adresse der Immobilie erhalten Sie vom Anbieter.",4,"142,23 m²",517 m²,6.032 €/m²,Einfamilienhaus (freistehend),nil,nil,3,1,nil,Nein,"{'is24qa-gaeste-wc-label': '', 'is24qa-provisionsfrei-fuer-kaufende-label': ''}"
Schönes freistehendes Einfamilienhaus - mit Eigenleistung ins Eigenheim,729.000 €,"79639 Grenzach-Wyhlen, Lörrach (Kreis)
Die vollständige Adresse der Immobilie erhalten Sie vom Anbieter.",4,"142,23 m²",517 m²,5.126 €/m²,Einfamilienhaus (freistehend),nil,nil,3,1,nil,Nein,"{'is24qa-gaeste-wc-label': '', 'is24qa-provisionsfrei-fuer-kaufende-label': ''}"
QNG und KFN förderfähiges Zweifamilienhaus - mit doppelter Förderung unschlagbare Zinsvorteile siche,1.060.000 €,"79639 Grenzach-Wyhlen, Lörrach (Kreis)
Die vollständige Adresse der Immobilie erhalten Sie vom Anbieter.",6,"203,17 m²",517 m²,5.217 €/m²,Mehrfamilienhaus,nil,nil,4,2,nil,nil,"{'is24qa-gaeste-wc-label': '', 'is24qa-einliegerwohnung-label': ''}"
Bauen Sie Ihr Traumhaus,885.850 €,"77933 Lahr/Schwarzwald, Ortenaukreis
Die vollständige Adresse der Immobilie erhalten Sie vom Anbieter.",5,182 m²,"582,5 m²",4.867 €/m²,Einfamilienhaus (freistehend),nil,nil,nil,1,nil,"3,57 %","{'is24qa-gaeste-wc-label': '', 'is24qa-keller-label': ''}"
Der beste Weg in Ihr neues Zuhause mit Keller,990.550 €,"77933 Lahr/Schwarzwald, Ortenaukreis
Die vollständige Adresse der Immobilie erhalten Sie vom Anbieter.",7,192 m²,"582,5 m²",5.159 €/m²,Mehrfamilienhaus,nil,nil,4,2,nil,"3,57 %","{'is24qa-gaeste-wc-label': '', 'is24qa-keller-label': ''}"
Bauen Sie Ihr Traumhaus,945.350 €,"77933 Lahr/Schwarzwald, Ortenaukreis
Die vollständige Adresse der Immobilie erhalten Sie vom Anbieter.",6,201 m²,"582,5 m²",4.703 €/m²,Einfamilienhaus (freistehend),nil,nil,nil,nil,nil,"3,57 %","{'is24qa-gaeste-wc-label': '', 'is24qa-keller-label': ''}"
