title,price,address,rooms,living_space,property_area,price_per_m2,type,usable_area,available_from,bedrooms,bathrooms,garage_parking,buyer_commission,criteriagroup_boolean_listing
Gemütliches Bauernhaus mit Einliegerwohnung in freundlicher Nachbarschaft,559.000 €,"64853 Otzberg, Darmstadt-Dieburg (Kreis)
Die vollständige Adresse der Immobilie erhalten Sie vom Anbieter.",9,265 m²,355 m²,2.109 €/m²,Bauernhaus,72 m²,August 2024,6,4,2 Stellplätze,"3,57%","{'is24qa-gaeste-wc-label': '', 'is24qa-keller-label': '', 'is24qa-als-ferienhaus-geeignet-label': ''}"
Gemütliche Hofreite mit Einliegerwohnung in freundlicher Nachbarschaft,559.000 €,"64853 Otzberg, Darmstadt-Dieburg (Kreis)
Die vollständige Adresse der Immobilie erhalten Sie vom Anbieter.",9,265 m²,355 m²,2.109 €/m²,Einfamilienhaus (freistehend),72 m²,August 2024,6,4,2 Stellplätze,"3,57%","{'is24qa-gaeste-wc-label': '', 'is24qa-keller-label': '', 'is24qa-als-ferienhaus-geeignet-label': ''}"
Provisionsfrei!!! Top gepflegtes Haus mit vielen Nutzungsmöglichkeiten,449.000 €,"63500 Seligenstadt, Offenbach (Kreis)
Die vollständige Adresse der Immobilie erhalten Sie vom Anbieter.",4,130 m²,140 m²,3.454 €/m²,Einfamilienhaus (freistehend),130 m²,Frühjahr 2024,3,2,nil,Nein,"{'is24qa-keller-label': '', 'is24qa-provisionsfrei-fuer-kaufende-label': ''}"
Freistehendes 1-2 Familienhaus in Bestlage von Wiesbaden-Sonnenberg zum Sofortbezug,1.590.000 €,"Forststraße 20,
Sonnenberg, 65193 Wiesbaden",6,200 m²,683 m²,7.950 €/m²,Besondere Immobilie,nil,nil,nil,2,Garage,Nein,"{'is24qa-gaeste-wc-label': '', 'is24qa-keller-label': '', 'is24qa-provisionsfrei-fuer-kaufende-label': ''}"
Aarbergen-Kettenbach: 2 Wohnhäuser auf einem Grundstück!,299.000 €,"65326 Aarbergen, Rheingau-Taunus-Kreis
Die vollständige Adresse der Immobilie erhalten Sie vom Anbieter.",9,300 m²,321 m²,997 €/m²,Besondere Immobilie,nil,nil,7,4,1 Garage,"3,57 % (inkl. 19 % MwSt.)",{'is24qa-keller-label': ''}
Investoren und Bauträger aufgepasst: Grundstück mit MFH im Waldweg in Rüsselsheim zu verkaufen,Auf Anfrage,"65428 Rüsselsheim am Main, Groß-Gerau (Kreis)
Die vollständige Adresse der Immobilie erhalten Sie vom Anbieter.",10,300 m²,620 m²,nil,Mehrfamilienhaus,nil,sofort,7,3,nil,"2,98%",{'is24qa-gaeste-wc-label': ''}
Ihr neues Zuhause! - Charmantes Einfamilienhaus mit separater Wohneinheit -,490.000 €,"64354 Reinheim, Darmstadt-Dieburg (Kreis)
Die vollständige Adresse der Immobilie erhalten Sie vom Anbieter.",6,180 m²,504 m²,2.722 €/m²,Einfamilienhaus (freistehend),nil,01.05.2024,3,2,2 Garagen,"2,975%","{'is24qa-gaeste-wc-label': '', 'is24qa-keller-label': ''}"
Gemütliches Landhaus auf traumhaftem Grundstück mit Weinkeller und Wintergarten,450.000 €,"64739 Höchst im Odenwald, Odenwaldkreis
Die vollständige Adresse der Immobilie erhalten Sie vom Anbieter.",5,140 m²,614 m²,3.214 €/m²,Einfamilienhaus (freistehend),60 m²,Nach Vereinbarung,3,2,4 Stellplätze,"3,57%","{'is24qa-gaeste-wc-label': '', 'is24qa-keller-label': ''}"
Ruhig gelegenes 2-Familien-Haus in Wiesbaden-Biebrich mit traumhaftem Gartenbereich,749.000 €,"Biebrich, 65187 Wiesbaden
Die vollständige Adresse der Immobilie erhalten Sie vom Anbieter.",6,161 m²,500 m²,4.652 €/m²,Wohnimmobilie (sonstige),nil,Nach Vereinbarung,3,2,3 Garagen,"3,57%","{'is24qa-gaeste-wc-label': '', 'is24qa-keller-label': ''}"
HANDWERKER AUFGEPASST! 2-FH mit diversen Nebengebäuden und historischem Flair in Klein-Welzheim,Auf Anfrage,"63500 Seligenstadt, Offenbach (Kreis)
Die vollständige Adresse der Immobilie erhalten Sie vom Anbieter.",9,160 m²,566 m²,nil,Wohnimmobilie (sonstige),100 m²,sofort,6,2,1 Stellplatz,"3,57%",{'is24qa-keller-label': ''}
Schöner Neubau-Bungalow mit Top-Ausstattung und vielen Extras,550.000 €,"35260 Stadtallendorf, Marburg-Biedenkopf (Kreis)
Die vollständige Adresse der Immobilie erhalten Sie vom Anbieter.",5,167 m²,690 m²,3.293 €/m²,Bungalow,90 m²,Nach Absprache,4,2,3 Garagen,"3,57%","{'is24qa-gaeste-wc-label': '', 'is24qa-stufenloser-zugang-label': ''}"
Einzigartiges Ensemble: 4 Doppelhaushälften und 1 Villa,Auf Anfrage,"63150 Heusenstamm, Offenbach (Kreis)
Die vollständige Adresse der Immobilie erhalten Sie vom Anbieter.",23,780 m²,1.300 m²,nil,Besondere Immobilie,nil,Sofort,nil,nil,nil,"4,76%","{'is24qa-gaeste-wc-label': '', 'is24qa-als-ferienhaus-geeignet-label': ''}"
TOP-ANGEBOT! Schönes Zweifamilienhaus in Reinhardshain,340.000 €,"35305 Grünberg, Gießen (Kreis)
Die vollständige Adresse der Immobilie erhalten Sie vom Anbieter.",6,176 m²,575 m²,1.932 €/m²,Wohnimmobilie (sonstige),60 m²,nach Absprache,4,2,6 Stellplätze,"3,57","{'is24qa-gaeste-wc-label': '', 'is24qa-keller-label': '', 'is24qa-als-ferienhaus-geeignet-label': ''}"
Pfungstadt-Hahn 5-Zi-Reihenendhaus von privat,459.000 €,"64319 Pfungstadt, Darmstadt-Dieburg (Kreis)
Die vollständige Adresse der Immobilie erhalten Sie vom Anbieter.",5,133 m²,115 m²,3.451 €/m²,Reiheneckhaus,nil,24.5.2024,4,2,1 Außenstellplatz,Nein,"{'is24qa-gaeste-wc-label': '', 'is24qa-keller-label': '', 'is24qa-stufenloser-zugang-label': '', 'is24qa-provisionsfrei-fuer-kaufende-label': ''}"
"Exklusives Architekten Einfamilienhaus mit Einliegerwohnung, 3 Garagen, PV Anlage und Kamin",1.299.000 €,"61449 Steinbach (Taunus), Hochtaunuskreis
Die vollständige Adresse der Immobilie erhalten Sie vom Anbieter.",7,226 m²,434 m²,5.748 €/m²,Einfamilienhaus (freistehend),29 m²,sofort,3,3,6 Garagen,"3,57%","{'is24qa-gaeste-wc-label': '', 'is24qa-keller-label': '', 'is24qa-als-ferienhaus-geeignet-label': ''}"
Bungalow mit traumhaftem Erbpachtgrundstück in begehrter Lage von Kalbach-Riedberg,440.000 €,"Kalbach-Riedberg, 60437 Frankfurt am Main
Die vollständige Adresse der Immobilie erhalten Sie vom Anbieter.",5,96 m²,1.120 m²,4.583 €/m²,Bungalow,142 m²,2024-10-01,1,2,1 Garage,3.57 % inkl. MwSt.,"{'is24qa-gaeste-wc-label': '', 'is24qa-keller-label': ''}"
Provisionsfrei! Ihr neues Familiendomizil! Geräumige Doppelhaushälfte in TOP Lage von Königstein,649.000 €,"61462 Königstein im Taunus, Hochtaunuskreis
Die vollständige Adresse der Immobilie erhalten Sie vom Anbieter.",5,107 m²,330 m²,6.065 €/m²,Wohnimmobilie (sonstige),nil,sofort,4,2,2 Garagen,Nein,"{'is24qa-gaeste-wc-label': '', 'is24qa-keller-label': '', 'is24qa-provisionsfrei-fuer-kaufende-label': ''}"
Provisionsfrei!!! Top gepflegtes Haus mit vielen Nutzungsmöglichkeiten,Auf Anfrage,"63500 Seligenstadt, Offenbach (Kreis)
Die vollständige Adresse der Immobilie erhalten Sie vom Anbieter.",4,130 m²,140 m²,nil,Einfamilienhaus (freistehend),130 m²,Frühjahr 2024,3,2,nil,0%,{'is24qa-keller-label': ''}
Eine Entscheidung für den Kopf und den Bauch Haus mit KFW-Forderung,544.500 €,"Siegfriedstraße 394,
64646 Heppenheim (Bergstraße), Bergstraße (Kreis)",6,133 m²,195 m²,4.094 €/m²,Doppelhaushälfte,nil,März 2025,3,1,nil,Nein,"{'is24qa-gaeste-wc-label': '', 'is24qa-keller-label': '', 'is24qa-provisionsfrei-fuer-kaufende-label': ''}"
"Gelnhausen-Meerholz | Umweltfreundlicher, energieeffizienter Neubau – Reihenendhaus",529.900 €,"63571 Gelnhausen, Main-Kinzig-Kreis
Die vollständige Adresse der Immobilie erhalten Sie vom Anbieter.","5,5",136 m²,274 m²,3.896 €/m²,Reiheneckhaus,nil,2025/2026,4,1,nil,Nein,{'is24qa-provisionsfrei-fuer-kaufende-label': ''}
"Gelnhausen-Meerholz | Umweltfreundlicher, energieeffizienter Neubau – Reihenmittelhaus",494.900 €,"63571 Gelnhausen, Main-Kinzig-Kreis
Die vollständige Adresse der Immobilie erhalten Sie vom Anbieter.","5,5",136 m²,229 m²,3.639 €/m²,Reihenmittelhaus,nil,2025/2026,4,1,nil,Nein,{'is24qa-provisionsfrei-fuer-kaufende-label': ''}
Gelnhausen-Meerholz | Reihenendhaus: Familienfreundlicher & energieeffizienter Neubau KFW-40-NH,614.900 €,"63571 Gelnhausen, Main-Kinzig-Kreis
Die vollständige Adresse der Immobilie erhalten Sie vom Anbieter.","5,5",136 m²,274 m²,4.521 €/m²,Reiheneckhaus,nil,2025/2026,4,1,nil,Nein,{'is24qa-provisionsfrei-fuer-kaufende-label': ''}
Gelnhausen-Meerholz | Reihenmittelhaus: Familienfreundlicher & energieeffizienter Neubau KFW-40-NH,579.900 €,"63571 Gelnhausen, Main-Kinzig-Kreis
Die vollständige Adresse der Immobilie erhalten Sie vom Anbieter.","5,5",136 m²,229 m²,4.264 €/m²,Reihenmittelhaus,nil,2025/2026,4,1,nil,Nein,{'is24qa-provisionsfrei-fuer-kaufende-label': ''}
