title,price,address,rooms,living_space,property_area,price_per_m2,type,usable_area,available_from,bedrooms,bathrooms,garage_parking,buyer_commission,criteriagroup_boolean_listing
+++ Top gepflegte DHH mit Garage in beliebter Lage von Neuss-Grimlinghausen +++,620.000 €,"Grimlinghausen, 41468 Neuss
Die vollständige Adresse der Immobilie erhalten Sie vom Anbieter.",5,133 m²,259 m²,4.662 €/m²,Doppelhaushälfte,49 m²,nach Absprache,3,1,1 Garage,"3,57% inkl. MwSt.","{'is24qa-gaeste-wc-label': '', 'is24qa-keller-label': ''}"
Offen für Angebote: 13.0-Zimmer Haus in Dortmund,481.000 €,"Kurl-Husen, 44319 Dortmund
Die vollständige Adresse der Immobilie erhalten Sie vom Anbieter.",13,230 m²,550 m²,2.091 €/m²,nil,nil,nil,nil,nil,nil,nil,{}
"TOP-Doppelhaushälfte m. Wintergarten super Lage schöner Garten, 311 qm Grund, ca. 150 qm WF, Carport",479.000 €,"Lennep Nord, 42897 Remscheid
Die vollständige Adresse der Immobilie erhalten Sie vom Anbieter.",6,150 m²,311 m²,3.193 €/m²,Doppelhaushälfte,50 m²,sofort,3,2,4 Carports,"1,785 % inkl. MwSt.","{'is24qa-gaeste-wc-label': '', 'is24qa-keller-label': ''}"
freistehender Bungalow auf parkähnlichem Grundstück zur Sanierung oder Freilegung und Neubebauung,990.000 €,"Ohligser Weg 24,
40723 Hilden, Mettmann (Kreis)",6,170 m²,1.958 m²,5.824 €/m²,Bungalow,122 m²,nach Vereinbarung,3,3,4 Stellplätze,"17.671,50 €","{'is24qa-gaeste-wc-label': '', 'is24qa-keller-label': ''}"
Toprenoviertes EFH mit unverbaubarem Talblick,349.900 €,"51580 Reichshof, Oberbergischer Kreis
Die vollständige Adresse der Immobilie erhalten Sie vom Anbieter.",5,140 m²,1.068 m²,2.499 €/m²,Einfamilienhaus (freistehend),30 m²,01.10.2024,3,1,2 Garagen,"12.491,43 €","{'is24qa-gaeste-wc-label': '', 'is24qa-keller-label': ''}"
Zweifamilienhaus in Warstein Suttrop mit potential!,149.000 €,"59581 Warstein, Soest (Kreis)
Die vollständige Adresse der Immobilie erhalten Sie vom Anbieter.",10,178 m²,338 m²,837 €/m²,Mehrfamilienhaus,89 m²,sofort,8,2,1 Garage,"3,57 % inkl. MwSt. vom notariellen Kaufpreis",{'is24qa-keller-label': ''}
Einfamilienhaus im Bismarckviertel,719.000 €,"Inrath/Kliedbruch, 47803 Krefeld
Die vollständige Adresse der Immobilie erhalten Sie vom Anbieter.","6,5",190 m²,274 m²,3.784 €/m²,Reihenmittelhaus,nil,1.12.2024,nil,nil,nil,Nein,{'is24qa-provisionsfrei-fuer-kaufende-label': ''}
Historischer Vierkanthof mit idyllischem Ambiente,450.000 €,"41821 Erkelenz, Heinsberg (Kreis)
Die vollständige Adresse der Immobilie erhalten Sie vom Anbieter.",11,240 m²,1.017 m²,1.875 €/m²,Bauernhaus,nil,01.08.2024,nil,2,nil,nil,{'is24qa-keller-label': ''}
Schönes freistehendes Einfamilienhaus zentrumsnah in Jülich (provisionsfrei),399.000 €,"Siemensstr. 8,
52428 Jülich, Düren (Kreis)",5,140 m²,493 m²,2.850 €/m²,Einfamilienhaus (freistehend),158 m²,16.6.2024,nil,1,1 Stellplatz,Nein,"{'is24qa-gaeste-wc-label': '', 'is24qa-keller-label': '', 'is24qa-provisionsfrei-fuer-kaufende-label': ''}"
MPB IMMOBILIEN - Kernsaniertes Haus am See: Einfach einziehen und wohlfühlen,568.000 €,"50354 Hürth, Rhein-Erft-Kreis
Die vollständige Adresse der Immobilie erhalten Sie vom Anbieter.",5,150 m²,303 m²,3.787 €/m²,Reihenmittelhaus,nil,nach Absprache,3,2,2 Außenstellplätze,"3,57 % inkl. MwSt vom Kaufpreis","{'is24qa-gaeste-wc-label': '', 'is24qa-keller-label': ''}"
565000 € - 195 m² - 8.0 Zi.,565.000 €,"Opladen, 51379 Leverkusen
Die vollständige Adresse der Immobilie erhalten Sie vom Anbieter.",8,195 m²,443 m²,2.897 €/m²,Einfamilienhaus (freistehend),nil,Ab sofort bezugsfrei,nil,2,3 Garagen,nil,{'is24qa-gaeste-wc-label': ''}
Provisionsfrei! Mehrfamilienhaus mit 5 Wohnungen in Alt-Meckenheim!,598.000 €,"Stolper Straße 2,
53340 Meckenheim, Rhein-Sieg-Kreis",11,273 m²,329 m²,2.190 €/m²,Mehrfamilienhaus,nil,nil,nil,5,1 Außenstellplatz,Nein,"{'is24qa-keller-label': '', 'is24qa-vermietet-label': '', 'is24qa-provisionsfrei-fuer-kaufende-label': ''}"
MFH mit Ausbaureserve,474.000 €,"Rotthausen, 45884 Gelsenkirchen
Die vollständige Adresse der Immobilie erhalten Sie vom Anbieter.",8,577 m²,348 m²,821 €/m²,Mehrfamilienhaus,nil,sofort,10,8,nil,"4,76% inkl. MwSt.",{'is24qa-keller-label': ''}
"Grevenbroicher Straße 49, 41516 Grevenbroich",485.000 €,"41516 Grevenbroich, Neuss (Rhein-Kreis)
Die vollständige Adresse der Immobilie erhalten Sie vom Anbieter.",8,155 m²,1.400 m²,3.129 €/m²,Mehrfamilienhaus,155 m²,nil,6,3,4 Außenstellplätze,Nein,"{'is24qa-keller-label': '', 'is24qa-vermietet-label': '', 'is24qa-provisionsfrei-fuer-kaufende-label': ''}"
Wohn-/Geschäftshaus mit separatem Baugrundstück,380.000 €,"Alte Ommerbornstraße 6,
51789 Lindlar, Oberbergischer Kreis",8,260 m²,1.080 m²,1.462 €/m²,Mehrfamilienhaus,445 m²,16.6.2024,6,3,4 Garagen,Nein,"{'is24qa-keller-label': '', 'is24qa-provisionsfrei-fuer-kaufende-label': ''}"
Geräumiges und gepflegtes 5-Zimmer-Haus zum Verkauf in Bergisch Gladbach.,400.000 €,"Damaschkestraße 22a,
Gronau, 51469 Bergisch Gladbach",5,125 m²,500 m²,3.200 €/m²,Einfamilienhaus (freistehend),nil,Ab sofort bezugsfrei,nil,1,nil,Nein,"{'is24qa-gaeste-wc-label': '', 'is24qa-provisionsfrei-fuer-kaufende-label': ''}"
EFH mit großem Garten Nähe Sechs Seen Platte in Duisburg Wedau,549.000 €,"Wedau, 47279 Duisburg
Die vollständige Adresse der Immobilie erhalten Sie vom Anbieter.",7,190 m²,539 m²,2.889 €/m²,Reihenmittelhaus,36 m²,17.6.2024,2,2,3 Außenstellplätze,Nein,"{'is24qa-gaeste-wc-label': '', 'is24qa-keller-label': '', 'is24qa-provisionsfrei-fuer-kaufende-label': ''}"
Geräumiges und renoviertes 5-Zimmer-Haus zum Kauf in Solingen,539.000 €,"Solingen-Mitte, 42655 Solingen
Die vollständige Adresse der Immobilie erhalten Sie vom Anbieter.",5,140 m²,198 m²,3.850 €/m²,Reiheneckhaus,nil,nil,nil,1,2 Außenstellplätze,Nein,"{'is24qa-gaeste-wc-label': '', 'is24qa-keller-label': '', 'is24qa-provisionsfrei-fuer-kaufende-label': ''}"
"Euskirchen-Kuchenheim Neubau Mehrfamilienhaus, 6 Wohnungen, Barrierefrei Solar KFW EE 40 mögl.",1.690.000 €,"53881 Euskirchen, Euskirchen (Kreis)
Die vollständige Adresse der Immobilie erhalten Sie vom Anbieter.",15,430 m²,550 m²,3.930 €/m²,Mehrfamilienhaus,10 m²,2024,9,6,6 Außenstellplätze,Nein,{'is24qa-provisionsfrei-fuer-kaufende-label': ''}
Doppelhaushälfte jetzt PROVISIONSFREI in Mettmann,495.000 €,"Helenenweg 12b,
40822 Mettmann, Mettmann (Kreis)",5,145 m²,342 m²,3.414 €/m²,Doppelhaushälfte,70 m²,nil,3,1,3 Garagen,Nein,"{'is24qa-gaeste-wc-label': '', 'is24qa-keller-label': '', 'is24qa-provisionsfrei-fuer-kaufende-label': ''}"
