title,price,address,rooms,living_space,property_area,price_per_m2,type,usable_area,available_from,bedrooms,bathrooms,garage_parking,buyer_commission,criteriagroup_boolean_listing
Wohnen am Feld im Bungalow,469.000 €,"46286 Dorsten, Recklinghausen (Kreis)
Die vollständige Adresse der Immobilie erhalten Sie vom Anbieter.",5,182 m²,875 m²,2.577 €/m²,Bungalow,182 m²,nach Vereinbarung,3,1,nil,Nein,{'is24qa-provisionsfrei-fuer-kaufende-label': ''}
Wohnen mit Pferden in Stadtnähe,1.390.000 €,"52428 Jülich, Düren (Kreis)
Die vollständige Adresse der Immobilie erhalten Sie vom Anbieter.",10,288 m²,3.844 m²,4.826 €/m²,Einfamilienhaus (freistehend),nil,nil,5,3,2 Garagen,"Käuferprovision 2,38 % (inkl. MwSt.) des beurkundeten Kaufpreises.","{'is24qa-online-besichtigung-moeglich-label': '', 'is24qa-gaeste-wc-label': '', 'is24qa-keller-label': '', 'is24qa-einliegerwohnung-label': ''}"
Bielefeld-Babenhausen: großes EFH-ZFH | stadtnah & grüne Aussicht | ca. 210 m² WNFL| Dachstudio,460.000 €,"Dornberg, 33619 Bielefeld
Die vollständige Adresse der Immobilie erhalten Sie vom Anbieter.",7,210 m²,381 m²,2.190 €/m²,Doppelhaushälfte,50 m²,nil,3,4,2 Außenstellplätze,"Käuferprovision beträgt 3,57 % (inkl. MwSt.) des beurkundeten Kaufpreises",{'is24qa-keller-label': ''}
Stolberg-Breinig: Großzügiges Eigenheim mit Einliegerwohnung in Toplage!,574.000 €,"52223 Stolberg (Rheinland), Aachen (Kreis)
Die vollständige Adresse der Immobilie erhalten Sie vom Anbieter.",7,233 m²,876 m²,2.464 €/m²,Einfamilienhaus (freistehend),nil,nach Vereinbarung,nil,nil,4 Stellplätze,"3,57 % inkl. MwSt",{'is24qa-einliegerwohnung-label': ''}
Gehobenes Landhaus - voll möbliert!,748.000 €,"48317 Drensteinfurt, Warendorf (Kreis)
Die vollständige Adresse der Immobilie erhalten Sie vom Anbieter.",6,148 m²,851 m²,5.054 €/m²,Einfamilienhaus (freistehend),90 m²,nil,nil,nil,1 Carport,"2,38 %",{'is24qa-keller-label': ''}
Einfamilienhaus mit großem Garten über den Dächern von Hagen,490.000 €,"Mittelstadt, 58091 Hagen
Die vollständige Adresse der Immobilie erhalten Sie vom Anbieter.",5,150 m²,3.900 m²,3.267 €/m²,Einfamilienhaus (freistehend),120 m²,nil,3,1,2 Garagen,"Käuferprovision beträgt 3,57 % (inkl. MwSt.) des beurkundeten Kaufpreises",{'is24qa-keller-label': ''}
Verzauberndes Grundstück mit bestehenden Gebäuden zu Verkaufen,235.000 €,"Hellweg 37,
45721 Haltern am See, Recklinghausen (Kreis)",6,130 m²,798 m²,1.808 €/m²,Einfamilienhaus (freistehend),120 m²,nil,3,1,1 Außenstellplatz,Nein,"{'is24qa-online-besichtigung-moeglich-label': '', 'is24qa-gaeste-wc-label': '', 'is24qa-provisionsfrei-fuer-kaufende-label': ''}"
Machen Sie Ihre Familie glücklich!! Zweifamiliendoppelhaushälfte in Duisburg-Bruckhausen,259.000 €,"Bruckhausen, 47166 Duisburg
Die vollständige Adresse der Immobilie erhalten Sie vom Anbieter.",6,169 m²,267 m²,1.533 €/m²,Doppelhaushälfte,nil,nil,nil,4,2 Stellplätze,"3,57 %","{'is24qa-gaeste-wc-label': '', 'is24qa-keller-label': ''}"
Freistehendes 3-Familienhaus mit Pkw-Garage in stadtnaher Wohnlage von Herdecke-Nacken,599.000 €,"58313 Herdecke, Ennepe-Ruhr-Kreis
Die vollständige Adresse der Immobilie erhalten Sie vom Anbieter.",10,"240,8 m²",644 m²,2.488 €/m²,Mehrfamilienhaus,nil,nil,7,3,6 Stellplätze,"3,57 % inkl. ges. MwSt.",{'is24qa-gaeste-wc-label': ''}
Einfamilienhaus im beliebten Münster-Amelsbüren,649.000 €,"Amelsbüren, 48163 Münster
Die vollständige Adresse der Immobilie erhalten Sie vom Anbieter.",6,223 m²,804 m²,2.910 €/m²,Einfamilienhaus (freistehend),nil,ab sofort,nil,3,1 Garage,2.68 %,{}
Modernes Stadthaus mit Garten,849.000 €,"Rumphorst, 48147 Münster
Die vollständige Adresse der Immobilie erhalten Sie vom Anbieter.",5,178 m²,361 m²,4.770 €/m²,Doppelhaushälfte,nil,nach Vereinbarung,4,2,2 Stellplätze,3.57 %,{'is24qa-keller-label': ''}
Freistehendes Einfamilienhaus (Bungalow),280.000 €,"Nikolausstraße 34,
50374 Erftstadt, Rhein-Erft-Kreis",4,110 m²,454 m²,2.545 €/m²,Bungalow,150 m²,26.01.2023,nil,nil,nil,"3,57 % Käuferprovision inkl. 19 % MwSt.",{}
"NIEDERKASSEL RHEIDT, großes, helles EFH, ca. 142 m² Wfl. 5-6 Zimmer mit ca. 352 m² GrSt., Vollkeller",389.000 €,"53859 Niederkassel, Rhein-Sieg-Kreis
Die vollständige Adresse der Immobilie erhalten Sie vom Anbieter.",6,142 m²,352 m²,2.739 €/m²,Reiheneckhaus,70 m²,nil,4,1,2 Garagen,"3,57 % vom Kaufpreis inkl. der ges. MwSt. unbeschadet einer Courtagezahlung der Verkäuferseite.","{'is24qa-online-besichtigung-moeglich-label': '', 'is24qa-keller-label': ''}"
Mehrfamilienhaus mit Gewerbe in absoluter Zentrumsnähe von Radevormwald für Kapitalanleger,480.000 €,"42477 Radevormwald, Oberbergischer Kreis
Die vollständige Adresse der Immobilie erhalten Sie vom Anbieter.",13,320 m²,320 m²,1.500 €/m²,nil,nil,nach Vereinbarung,8,5,2 Außenstellplätze,"3,57 %",{'is24qa-keller-label': ''}
Kleines Mehrfamilienhaus mit großem Grundstück in ruhiger Lage von Radevormwald,340.000 €,"42477 Radevormwald, Oberbergischer Kreis
Die vollständige Adresse der Immobilie erhalten Sie vom Anbieter.",9,298 m²,1.534 m²,1.141 €/m²,Mehrfamilienhaus,85 m²,nach Vereinbarung,7,4,3 Garagen,"3,57%",{'is24qa-keller-label': ''}
Moderner Wohntraum in Menden!,450.000 €,"53757 Sankt Augustin, Rhein-Sieg-Kreis
Die vollständige Adresse der Immobilie erhalten Sie vom Anbieter.",4,125 m²,196 m²,3.600 €/m²,Einfamilienhaus (freistehend),nil,nach Vereinbarung,3,1,2 Außenstellplätze,"3,57%","{'is24qa-gaeste-wc-label': '', 'is24qa-keller-label': ''}"
Wunderschöner Altbau mit großem Potenzial!,430.000 €,"53332 Bornheim, Rhein-Sieg-Kreis
Die vollständige Adresse der Immobilie erhalten Sie vom Anbieter.",8,192 m²,234 m²,2.240 €/m²,Einfamilienhaus (freistehend),nil,Ab Sofort,6,1,nil,"3,57%",{'is24qa-keller-label': ''}
Erwecken Sie dieses Haus zu neuem Leben!,299.000 €,"51570 Windeck, Rhein-Sieg-Kreis
Die vollständige Adresse der Immobilie erhalten Sie vom Anbieter.",5,130 m²,1.362 m²,2.300 €/m²,Einfamilienhaus (freistehend),nil,sofort,2,1,2 Außenstellplätze,"3,094%","{'is24qa-gaeste-wc-label': '', 'is24qa-keller-label': ''}"
"Kürten Bechen - ein Haus, viele Möglichkeiten.",625.000 €,"51515 Kürten, Rheinisch-Bergischer Kreis
Die vollständige Adresse der Immobilie erhalten Sie vom Anbieter.",9,307 m²,1.203 m²,2.036 €/m²,Mehrfamilienhaus,nil,vermietet / nach Vereinbarung,7,2,nil,"3,57%","{'is24qa-gaeste-wc-label': '', 'is24qa-keller-label': ''}"
Ihr neues Zuhause in Höxter,250.000 €,"37671 Höxter, Höxter (Kreis)
Die vollständige Adresse der Immobilie erhalten Sie vom Anbieter.",6,160 m²,535 m²,1.563 €/m²,Einfamilienhaus (freistehend),nil,nil,nil,nil,1 Garage,"3,57 % inkl. ges. MwSt.","{'is24qa-gaeste-wc-label': '', 'is24qa-keller-label': ''}"
