title,price,address,rooms,living_space,property_area,price_per_m2,type,usable_area,available_from,bedrooms,bathrooms,garage_parking,buyer_commission,criteriagroup_boolean_listing
"""Charmantes Haus sucht geschickte Hände""",249.000 €,"93128 Regenstauf, Regensburg (Kreis)
Die vollständige Adresse der Immobilie erhalten Sie vom Anbieter.",6,225 m²,337 m²,1.107 €/m²,Einfamilienhaus (freistehend),nil,nil,4,2,1 Garage,"3,57 % aus dem Kaufpreis inkl. gesetzl. Mwst.",{}
**Der Berg ruft**,975.000 €,"87527 Sonthofen, Oberallgäu (Kreis)
Die vollständige Adresse der Immobilie erhalten Sie vom Anbieter.",6,220 m²,800 m²,4.432 €/m²,Mehrfamilienhaus,110 m²,nil,3,4,1 Garage,"4,12 % inkl. MwSt.",{'is24qa-gaeste-wc-label': ''}
**Reserviert**Vielseitiges Wohnjuwel in Rottau: Haus mit Einliegerwohnung auf großzügigem Grundstück,685.000 €,"83224 Grassau, Traunstein (Kreis)
Die vollständige Adresse der Immobilie erhalten Sie vom Anbieter.",8,156 m²,773 m²,4.391 €/m²,Einfamilienhaus (freistehend),32 m²,nil,5,3,1 Garage,"3,57% inkl. MWSt.","{'is24qa-gaeste-wc-label': '', 'is24qa-keller-label': '', 'is24qa-einliegerwohnung-label': ''}"
Exklusive Landhausvilla mit unverbaubarem Weitblick,2.250.000 €,"Achdorf, 84036 Landshut
Die vollständige Adresse der Immobilie erhalten Sie vom Anbieter.",7,293 m²,995 m²,7.679 €/m²,Villa,105 m²,sofort,4,4,2 Garagen,"3,57% inkl. gesetzlicher Mehrwertsteuer vom wirtschaftlichen Kaufpreis.","{'is24qa-online-besichtigung-moeglich-label': '', 'is24qa-gaeste-wc-label': '', 'is24qa-keller-label': '', 'is24qa-einliegerwohnung-label': ''}"
Naturnahes Zweifamilienwohnhaus – perfekt für die Familie,269.000 €,"95336 Mainleus, Kulmbach (Kreis)
Die vollständige Adresse der Immobilie erhalten Sie vom Anbieter.",6,184 m²,350 m²,1.462 €/m²,Wohnimmobilie (sonstige),nil,nil,4,3,2 Stellplätze,"3,57 % inkl. MwSt.","{'is24qa-gaeste-wc-label': '', 'is24qa-keller-label': '', 'is24qa-als-ferienhaus-geeignet-label': ''}"
Vorankündigung: Kleines Einfamilienhaus im beliebten Nürnberger-Marterlach,399.000 €,"Werderau, 90441 Nürnberg
Die vollständige Adresse der Immobilie erhalten Sie vom Anbieter.",4,84 m²,418 m²,4.750 €/m²,Einfamilienhaus (freistehend),nil,nil,nil,2,3 Stellplätze,"3,57 %","{'is24qa-gaeste-wc-label': '', 'is24qa-keller-label': ''}"
Vollvermietete Gewerbeimmobilie mit kleinem Wohnhaus und Parkplatzfläche als Kapitalanlage,475.000 €,"95326 Kulmbach, Kulmbach (Kreis)
Die vollständige Adresse der Immobilie erhalten Sie vom Anbieter.",15,446 m²,1.550 m²,1.065 €/m²,nil,nil,nil,nil,nil,15 Außenstellplätze,"3,57% inkl. Mwst.",{'is24qa-vermietet-label': ''}
Familienglück mit Eigenleistung,795.000 €,"Lechhausen-Ost, 86152 Augsburg
Die vollständige Adresse der Immobilie erhalten Sie vom Anbieter.",10,"118,16 m²",414 m²,6.728 €/m²,Einfamilienhaus (freistehend),nil,nil,3,1,nil,Nein,"{'is24qa-gaeste-wc-label': '', 'is24qa-provisionsfrei-fuer-kaufende-label': ''}"
Wohnen zur Hartwaldwiese,2.385.000 €,"86415 Mering, Aichach-Friedberg (Kreis)
Die vollständige Adresse der Immobilie erhalten Sie vom Anbieter.",10,"220,55 m²","836,15 m²",10.814 €/m²,Einfamilienhaus (freistehend),"220,55 m²",2024,3,2,nil,Nein,{'is24qa-provisionsfrei-fuer-kaufende-label': ''}
Wohnglück in Augsburg Lechhausen,920.000 €,"Lechhausen-Ost, 86165 Augsburg
Die vollständige Adresse der Immobilie erhalten Sie vom Anbieter.",9,"193,08 m²",414 m²,4.765 €/m²,Einfamilienhaus (freistehend),nil,nil,3,1,nil,Nein,"{'is24qa-gaeste-wc-label': '', 'is24qa-provisionsfrei-fuer-kaufende-label': ''}"
Idylle am Stadtrand,825.800 €,"Lechhausen-Ost, 86152 Augsburg
Die vollständige Adresse der Immobilie erhalten Sie vom Anbieter.",10,"118,16 m²",414 m²,6.989 €/m²,Einfamilienhaus (freistehend),nil,nil,3,1,nil,Nein,"{'is24qa-gaeste-wc-label': '', 'is24qa-provisionsfrei-fuer-kaufende-label': ''}"
Traumhafter Bungalow an der Wertach,690.000 €,"Oberhausen-Nord, 86154 Augsburg
Die vollständige Adresse der Immobilie erhalten Sie vom Anbieter.",3,"93,2 m²","403,5 m²",7.403 €/m²,Bungalow,nil,nil,2,1,nil,Nein,"{'is24qa-gaeste-wc-label': '', 'is24qa-provisionsfrei-fuer-kaufende-label': ''}"
Traumhafter Bungalow an der Wertach,690.000 €,"Oberhausen-Nord, 86154 Augsburg
Die vollständige Adresse der Immobilie erhalten Sie vom Anbieter.",3,"93,2 m²","403,5 m²",7.403 €/m²,Bungalow,nil,nil,2,1,nil,Nein,"{'is24qa-gaeste-wc-label': '', 'is24qa-provisionsfrei-fuer-kaufende-label': ''}"
Idylle am Stadtrand,825.800 €,"Lechhausen-Ost, 86152 Augsburg
Die vollständige Adresse der Immobilie erhalten Sie vom Anbieter.",10,"118,16 m²",414 m²,6.989 €/m²,Einfamilienhaus (freistehend),nil,nil,3,1,nil,Nein,"{'is24qa-gaeste-wc-label': '', 'is24qa-provisionsfrei-fuer-kaufende-label': ''}"
VERSETZEN SIE SICH MAL IN DIESE LAGE...,1.880.000 €,"82041 Oberhaching, München (Kreis)
Die vollständige Adresse der Immobilie erhalten Sie vom Anbieter.",6,209 m²,566 m²,8.995 €/m²,Einfamilienhaus (freistehend),110 m²,nil,4,1,2 Garagen,"3,57% inkl. gesetzlicher Mwst.",{'is24qa-keller-label': ''}
Stark Renovierungsbedürftiges EFH mit großem Grundstück in ruhiger Lage!,725.000 €,"83059 Kolbermoor, Rosenheim (Kreis)
Die vollständige Adresse der Immobilie erhalten Sie vom Anbieter.",5,123 m²,703 m²,5.894 €/m²,Einfamilienhaus (freistehend),nil,sofort,nil,nil,1 Garage,"2,50 % inkl. ges. Mwst. vom Kaufpreis",{}
Verpassen Sie nicht Ihre Chance - Attraktives Reihenmittelhaus in Nilkheim,699.000 €,"Nilkheim, 63741 Aschaffenburg
Die vollständige Adresse der Immobilie erhalten Sie vom Anbieter.",4,141 m²,211 m²,4.957 €/m²,Einfamilienhaus (freistehend),nil,Sommer 2024,3,1,2 Außenstellplätze,Keine zusätzliche Käuferprovision,{}
Großzügige Doppelhaushälfte im begehrten Elmer-Fryar-Ring,1.049.000 €,"Elmer-Fryar-Ring 100,
86391 Stadtbergen, Augsburg (Kreis)",5,180 m²,600 m²,5.828 €/m²,Doppelhaushälfte,270 m²,flexibel,4,2,2 Garagen,"3,57 % inkl. MwSt.",{}
Freistehendes Einfamilienhaus in beliebter Wohngegend in Mauerstetten,799.000 €,"87665 Mauerstetten, Ostallgäu (Kreis)
Die vollständige Adresse der Immobilie erhalten Sie vom Anbieter.",5,181 m²,635 m²,4.414 €/m²,Einfamilienhaus (freistehend),nil,nach Vereinbarung,nil,1,nil,"3,57 %","{'is24qa-gaeste-wc-label': '', 'is24qa-keller-label': ''}"
Viel viel Haus fürs Geld. Und jede Menge Grün drum rum.,429.000 €,"94121 Salzweg, Passau (Kreis)
Die vollständige Adresse der Immobilie erhalten Sie vom Anbieter.",5,130 m²,950 m²,3.300 €/m²,Einfamilienhaus (freistehend),nil,nil,4,2,nil,Nein,{'is24qa-provisionsfrei-fuer-kaufende-label': ''}
"Ihr erster Schritt zum Eigentum. Wer früher geht, ist eher da.",349.000 €,"94163 Saldenburg, Freyung-Grafenau (Kreis)
Die vollständige Adresse der Immobilie erhalten Sie vom Anbieter.",5,130 m²,750 m²,2.685 €/m²,Einfamilienhaus (freistehend),nil,nil,4,2,nil,Nein,{'is24qa-provisionsfrei-fuer-kaufende-label': ''}
Traumhaus fürs tägliche sanfte Erwachen,439.000 €,"94163 Saldenburg, Freyung-Grafenau (Kreis)
Die vollständige Adresse der Immobilie erhalten Sie vom Anbieter.",5,162 m²,750 m²,2.710 €/m²,nil,nil,nil,3,2,nil,Nein,{'is24qa-provisionsfrei-fuer-kaufende-label': ''}
Großes Einfamilienhaus. Der Schmuckkasten für Ihre Familienschätze,398.000 €,"94136 Saldenburg, Freyung-Grafenau (Kreis)
Die vollständige Adresse der Immobilie erhalten Sie vom Anbieter.",5,147 m²,750 m²,2.707 €/m²,Einfamilienhaus (freistehend),nil,nil,4,2,nil,Nein,"{'is24qa-gaeste-wc-label': '', 'is24qa-provisionsfrei-fuer-kaufende-label': ''}"
"Ihr erster Schritt zum Eigentum. Wer früher geht, ist eher da.",348.000 €,"94081 Fürstenzell, Passau (Kreis)
Die vollständige Adresse der Immobilie erhalten Sie vom Anbieter.",5,130 m²,500 m²,2.677 €/m²,Einfamilienhaus (freistehend),nil,nil,4,2,nil,Nein,{'is24qa-provisionsfrei-fuer-kaufende-label': ''}
Dieses Haus ist ein kreatives „Living House“ zum Wohlfühlen und Abschalten,630.000 €,"94113 Tiefenbach, Passau (Kreis)
Die vollständige Adresse der Immobilie erhalten Sie vom Anbieter.",4,147 m²,960 m²,4.286 €/m²,Bungalow,nil,nil,nil,nil,nil,Nein,{'is24qa-provisionsfrei-fuer-kaufende-label': ''}
Großes Einfamilienhaus. Der Schmuckkasten für Ihre Familienschätze,579.000 €,"94113 Tiefenbach, Passau (Kreis)
Die vollständige Adresse der Immobilie erhalten Sie vom Anbieter.",5,147 m²,960 m²,3.939 €/m²,Einfamilienhaus (freistehend),nil,nil,4,2,nil,Nein,"{'is24qa-gaeste-wc-label': '', 'is24qa-provisionsfrei-fuer-kaufende-label': ''}"
Großes Einfamilienhaus. Der Schmuckkasten für Ihre Familienschätze,495.000 €,"94104 Tittling, Passau (Kreis)
Die vollständige Adresse der Immobilie erhalten Sie vom Anbieter.",5,147 m²,799 m²,3.367 €/m²,Einfamilienhaus (freistehend),nil,nil,4,2,nil,Nein,"{'is24qa-gaeste-wc-label': '', 'is24qa-provisionsfrei-fuer-kaufende-label': ''}"
Traumhaus fürs tägliche sanfte Erwachen,490.000 €,"94121 Salzweg, Passau (Kreis)
Die vollständige Adresse der Immobilie erhalten Sie vom Anbieter.",5,162 m²,950 m²,3.025 €/m²,nil,nil,nil,3,2,nil,Nein,{'is24qa-provisionsfrei-fuer-kaufende-label': ''}
Traumhaus fürs tägliche sanfte Erwachen,469.000 €,"94104 Tittling, Passau (Kreis)
Die vollständige Adresse der Immobilie erhalten Sie vom Anbieter.",5,162 m²,900 m²,2.895 €/m²,nil,nil,nil,3,2,nil,Nein,{'is24qa-provisionsfrei-fuer-kaufende-label': ''}
Kapitalanlage- Bringen Sie Ihr Geld in Sicherheit!,670.000 €,"94104 Tittling, Passau (Kreis)
Die vollständige Adresse der Immobilie erhalten Sie vom Anbieter.",8,"217,62 m²",1.800 m²,3.079 €/m²,nil,nil,nil,6,2,nil,Nein,{'is24qa-provisionsfrei-fuer-kaufende-label': ''}
Traumhaus fürs tägliche sanfte Erwachen,569.000 €,"94104 Tittling, Passau (Kreis)
Die vollständige Adresse der Immobilie erhalten Sie vom Anbieter.",5,162 m²,1.800 m²,3.512 €/m²,nil,nil,nil,3,2,nil,Nein,{'is24qa-provisionsfrei-fuer-kaufende-label': ''}
Traumhaus fürs tägliche sanfte Erwachen,449.000 €,"94538 Fürstenstein, Passau (Kreis)
Die vollständige Adresse der Immobilie erhalten Sie vom Anbieter.",5,162 m²,890 m²,2.772 €/m²,nil,nil,nil,3,2,nil,Nein,{'is24qa-provisionsfrei-fuer-kaufende-label': ''}
Großes Einfamilienhaus. Der Schmuckkasten für Ihre Familienschätze,493.000 €,"94124 Büchlberg, Passau (Kreis)
Die vollständige Adresse der Immobilie erhalten Sie vom Anbieter.",5,147 m²,750 m²,3.354 €/m²,Einfamilienhaus (freistehend),nil,nil,4,2,nil,Nein,"{'is24qa-gaeste-wc-label': '', 'is24qa-provisionsfrei-fuer-kaufende-label': ''}"
Großes Einfamilienhaus. Der Schmuckkasten für Ihre Familienschätze,495.000 €,"94501 Aldersbach, Passau (Kreis)
Die vollständige Adresse der Immobilie erhalten Sie vom Anbieter.",5,147 m²,750 m²,3.367 €/m²,Einfamilienhaus (freistehend),nil,nil,4,2,nil,Nein,"{'is24qa-gaeste-wc-label': '', 'is24qa-provisionsfrei-fuer-kaufende-label': ''}"
"Heute schon wissen, wo in der Zukunft Ihr Zuhause ist.",610.000 €,"94501 Beutelsbach, Passau (Kreis)
Die vollständige Adresse der Immobilie erhalten Sie vom Anbieter.",8,"217,62 m²",1.150 m²,2.803 €/m²,nil,nil,nil,6,2,nil,Nein,{'is24qa-provisionsfrei-fuer-kaufende-label': ''}
Kapitalanlage- Bringen Sie Ihr Geld in Sicherheit!,599.000 €,"94099 Ruhstorf an der Rott, Passau (Kreis)
Die vollständige Adresse der Immobilie erhalten Sie vom Anbieter.",8,"217,62 m²",1.150 m²,2.753 €/m²,nil,nil,nil,6,2,nil,Nein,{'is24qa-provisionsfrei-fuer-kaufende-label': ''}
Kapitalanlage- Bringen Sie Ihr Geld in Sicherheit!,760.000 €,"84347 Pfarrkirchen, Rottal-Inn (Kreis)
Die vollständige Adresse der Immobilie erhalten Sie vom Anbieter.",8,"217,62 m²",1.150 m²,3.492 €/m²,nil,nil,nil,6,2,nil,Nein,{'is24qa-provisionsfrei-fuer-kaufende-label': ''}
Nicht Einfamilienhaus – Meinfamilienhaus,479.000 €,"94501 Aldersbach, Passau (Kreis)
Die vollständige Adresse der Immobilie erhalten Sie vom Anbieter.",5,130 m²,1.460 m²,3.685 €/m²,Einfamilienhaus (freistehend),nil,nil,4,2,nil,Nein,{'is24qa-provisionsfrei-fuer-kaufende-label': ''}
"Schöner wohnen war gestern, heute ist schöner leben.",470.000 €,"94099 Ruhstorf an der Rott, Passau (Kreis)
Die vollständige Adresse der Immobilie erhalten Sie vom Anbieter.",5,130 m²,1.460 m²,3.615 €/m²,Einfamilienhaus (freistehend),nil,nil,4,2,nil,Nein,{'is24qa-provisionsfrei-fuer-kaufende-label': ''}
"Schöner wohnen war gestern, heute ist schöner leben.",520.000 €,"84384 Wittibreut, Rottal-Inn (Kreis)
Die vollständige Adresse der Immobilie erhalten Sie vom Anbieter.",5,130 m²,630 m²,4.000 €/m²,Einfamilienhaus (freistehend),nil,nil,4,2,nil,Nein,{'is24qa-provisionsfrei-fuer-kaufende-label': ''}
"Ihr erster Schritt zum Eigentum. Wer früher geht, ist eher da.",499.000 €,"94474 Vilshofen an der Donau, Passau (Kreis)
Die vollständige Adresse der Immobilie erhalten Sie vom Anbieter.",5,130 m²,630 m²,3.838 €/m²,Einfamilienhaus (freistehend),nil,nil,4,2,nil,Nein,{'is24qa-provisionsfrei-fuer-kaufende-label': ''}
"Bungalow, 84qm. Klein, fein und alles Mein.",495.000 €,"84359 Simbach am Inn, Rottal-Inn (Kreis)
Die vollständige Adresse der Immobilie erhalten Sie vom Anbieter.",2,84 m²,716 m²,5.893 €/m²,Bungalow,nil,2024,nil,nil,nil,Nein,{'is24qa-provisionsfrei-fuer-kaufende-label': ''}
Der 6. Stock war Gestern – Traumarchitektur alles auf einer Ebene,645.000 €,"84359 Simbach am Inn, Rottal-Inn (Kreis)
Die vollständige Adresse der Immobilie erhalten Sie vom Anbieter.",4,147 m²,716 m²,4.388 €/m²,Bungalow,nil,2024,nil,nil,nil,Nein,{'is24qa-provisionsfrei-fuer-kaufende-label': ''}
"Ihr erster Schritt zum Eigentum. Wer früher geht, ist eher da.",549.000 €,"Schalding rechts der Donau, 94036 Passau
Die vollständige Adresse der Immobilie erhalten Sie vom Anbieter.",5,130 m²,1.047 m²,4.223 €/m²,Einfamilienhaus (freistehend),nil,nil,4,2,nil,Nein,{'is24qa-provisionsfrei-fuer-kaufende-label': ''}
"Ihr erster Schritt zum Eigentum. Wer früher geht, ist eher da.",870.000 €,"Grubweg, 94034 Passau
Die vollständige Adresse der Immobilie erhalten Sie vom Anbieter.",5,217 m²,792 m²,4.009 €/m²,nil,nil,nil,4,2,nil,Nein,{'is24qa-provisionsfrei-fuer-kaufende-label': ''}
