title,price,address,rooms,living_space,property_area,price_per_m2,type,usable_area,available_from,bedrooms,bathrooms,garage_parking,buyer_commission,criteriagroup_boolean_listing
"Moderne Doppelhaushälfte, nahe der Stadt Frohburg",199.000 €,"04654 Eulatal, Leipzig (Kreis)
Die vollständige Adresse der Immobilie erhalten Sie vom Anbieter.",5,"123,27 m²",550 m²,1.614 €/m²,Doppelhaushälfte,nil,nil,nil,2,3 Garagen,"3,57 % inkl. MwSt.",{'is24qa-keller-label': ''}
Sowohl in der Stadt wohnen als auch am Waldrand...,280.000 €,"01744 Dippoldiswalde, Sächsische Schweiz-Osterzgebirge (Kreis)
Die vollständige Adresse der Immobilie erhalten Sie vom Anbieter.",14,284 m²,816 m²,986 €/m²,Mehrfamilienhaus,nil,nil,nil,nil,nil,"5,95% des Kaufpreises",{}
Geräumig und Ideal für eine große Familie,45.000 €,"Plohner Hauptstr. 8,
08485 Lengenfeld, Vogtlandkreis",10,250 m²,529 m²,180 €/m²,Mehrfamilienhaus,nil,nil,3,nil,nil,"3.000,00 € zzgl. MwSt.","{'is24qa-gaeste-wc-label': '', 'is24qa-keller-label': ''}"
Grundstück in Chemnitz- Euba,45.000 €,"Euba, 09128 Chemnitz
Die vollständige Adresse der Immobilie erhalten Sie vom Anbieter.",6,150 m²,400 m²,300 €/m²,Einfamilienhaus (freistehend),nil,sofort,nil,nil,3 Stellplätze,"4,76 % inkl. ges. MwSt.",{}
Einfamilienhaus mit Bauland in Dresden Leubnitz-Neuostra zum Kauf,469.000 €,"Leubnitz-Neuostra, 01219 Dresden
Die vollständige Adresse der Immobilie erhalten Sie vom Anbieter.",6,"104,6 m²",850 m²,4.484 €/m²,Einfamilienhaus (freistehend),241 m²,nil,nil,nil,1 Stellplatz,"3,57% des Kaufpreises",{}
"Landliebe, hier können Sie Ihre Träume entfalten",140.000 €,"01909 Frankenthal, Bautzen (Kreis)
Die vollständige Adresse der Immobilie erhalten Sie vom Anbieter.",8,200 m²,2.710 m²,700 €/m²,Doppelhaushälfte,nil,nil,nil,nil,2 Garagen,"3,56 % inkl. ges. MwSt.",{}
Kleines Haus auf kleinem Grundstück,148.000 €,"08359 Breitenbrunn/Erzgebirge, Erzgebirgskreis
Die vollständige Adresse der Immobilie erhalten Sie vom Anbieter.",3,110 m²,339 m²,1.345 €/m²,Einfamilienhaus (freistehend),nil,Kaufpreiszahlung,2,2,2 Außenstellplätze,"3,57 % inkl. ges. MwSt.",{}
Saniertes 7-Familien-Haus zu verkaufen,159.000 €,"08468 Reichenbach im Vogtland, Vogtlandkreis
Die vollständige Adresse der Immobilie erhalten Sie vom Anbieter.",11,336 m²,280 m²,473 €/m²,Einfamilienhaus (freistehend),nil,nach Vereinbarung,nil,nil,nil,"pauschal 5950,00 Euro incl. Mwst.",{'is24qa-keller-label': ''}
Kauf gegen Gebot,Auf Anfrage,"09573 Leubsdorf, Mittelsachsen (Kreis)
Die vollständige Adresse der Immobilie erhalten Sie vom Anbieter.",8,215 m²,930 m²,nil,Einfamilienhaus (freistehend),10 m²,nil,nil,1,nil,"4,76 % inkl. ges. MwSt.",{}
Villa in Crimmitschau,499.000 €,"08451 Crimmitschau, Zwickau (Kreis)
Die vollständige Adresse der Immobilie erhalten Sie vom Anbieter.",10,"335,68 m²",1.510 m²,1.487 €/m²,Villa,nil,nil,9,3,nil,"3,57% des Kaufpreises inkl. MwSt.","{'is24qa-gaeste-wc-label': '', 'is24qa-keller-label': ''}"
MFH mit Gewerbetrakt und super Rendite,210.000 €,"Wehrstraße 14c,
08371 Glauchau, Zwickau (Kreis)",13,"234,1 m²",1.900 m²,897 €/m²,Mehrfamilienhaus,nil,nil,3,3,nil,"5,95 % incl. MwSt.",{'is24qa-keller-label': ''}
Besonderes Einfamilienhaus mit viel Platz,85.000 €,"01774 Pretzschendorf, Sächsische Schweiz-Osterzgebirge (Kreis)
Die vollständige Adresse der Immobilie erhalten Sie vom Anbieter.",12,120 m²,1.074 m²,708 €/m²,Einfamilienhaus (freistehend),204 m²,nil,nil,nil,nil,Nein,{'is24qa-provisionsfrei-fuer-kaufende-label': ''}
solides Mehrfamilienhaus mit 4 Wohneinheiten zur Eigennutzung oder als Anlageobjekt zu verkaufen,265.000 €,"Raschauer Straße 38,
08606 Oelsnitz/Vogtland, Vogtlandkreis",8,240 m²,240 m²,1.104 €/m²,Mehrfamilienhaus,15 m²,nil,nil,nil,3 Außenstellplätze,"7,14% inkl. Mwst.",{'is24qa-vermietet-label': ''}
"Denkmalgeschütztes, vermietetes MFH im Zentrum",310.000 €,"04720 Döbeln, Mittelsachsen (Kreis)
Die vollständige Adresse der Immobilie erhalten Sie vom Anbieter.",24,465 m²,400 m²,667 €/m²,Mehrfamilienhaus,nil,nil,7,8,nil,"7,14 % inkl. ges. MwSt.",{'is24qa-vermietet-label': ''}
Vollvermietetes MFH auf dem Sonnenberg !,799.000 €,"Sonnenberg, 09130 Chemnitz
Die vollständige Adresse der Immobilie erhalten Sie vom Anbieter.",53,668 m²,380 m²,1.196 €/m²,Mehrfamilienhaus,802 m²,nil,10,10,nil,"5,95","{'is24qa-keller-label': '', 'is24qa-vermietet-label': ''}"
MFH + Kaßberg + Stellplätze - PASST !,1.294.000 €,"Kaßberg, 09112 Chemnitz
Die vollständige Adresse der Immobilie erhalten Sie vom Anbieter.",1,816 m²,721 m²,1.586 €/m²,nil,816 m²,nil,1,1,8 Außenstellplätze,"5,95","{'is24qa-keller-label': '', 'is24qa-vermietet-label': ''}"
MFH - fertig gestellt ! VOLL vermietet ! Was will man mehr ?,1.110.000 €,"Bernsdorf, 09126 Chemnitz
Die vollständige Adresse der Immobilie erhalten Sie vom Anbieter.",35,"786,89 m²",380 m²,1.411 €/m²,Mehrfamilienhaus,973 m²,nil,10,10,nil,"5,95",{'is24qa-keller-label': ''}
100 % vermietet in Schloßchemnitz !,1.350.000 €,"Schloßchemnitz, 09113 Chemnitz
Die vollständige Adresse der Immobilie erhalten Sie vom Anbieter.",51,1.174 m²,840 m²,1.150 €/m²,Mehrfamilienhaus,1.302 m²,nil,14,14,2 Stellplätze,"5,95","{'is24qa-keller-label': '', 'is24qa-vermietet-label': ''}"
Idyllischer großer Gutshof mit unverbautem Blick über die Parthenaue,295.000 €,"04683 Naunhof, Leipzig (Kreis)
Die vollständige Adresse der Immobilie erhalten Sie vom Anbieter.",8,120 m²,1.850 m²,2.458 €/m²,Bauernhaus,nil,nil,nil,2,5 Stellplätze,"3,57% inkl. ges. USt.",{'is24qa-online-besichtigung-moeglich-label': ''}
***RESERVIERT***Komplett saniert und gut vermietet!,315.000 €,"Bergstraße 12,
02763 Zittau, Görlitz (Kreis)",12,320 m²,450 m²,984 €/m²,Mehrfamilienhaus,100 m²,nil,nil,4,1 Garage,"3,57% inklusive MwSt.","{'is24qa-keller-label': '', 'is24qa-vermietet-label': ''}"
