title,price,address,rooms,living_space,property_area,price_per_m2,type,usable_area,available_from,bedrooms,bathrooms,garage_parking,buyer_commission,criteriagroup_boolean_listing
Traumhäuschen für Handwerker & Bastler in Rudersberg-Steinenberg 🏠 🛠️,190.000 €,"Lenkstraße 13,
73635 Rudersberg, Rems-Murr-Kreis",4,101 m²,211 m²,1.881 €/m²,Doppelhaushälfte,70 m²,Sofort,nil,nil,1 Garage,"2,50 % inkl. MwSt.","{'is24qa-gaeste-wc-label': '', 'is24qa-keller-label': ''}"
++ Wohnen am Waldrand - Großzügiges Einfamilienhaus mit herrlicher Terrasse und Garten ++,745.000 €,"Buckenberg, 75181 Pforzheim
Die vollständige Adresse der Immobilie erhalten Sie vom Anbieter.",6,171 m²,410 m²,4.357 €/m²,Einfamilienhaus (freistehend),136 m²,nil,4,2,1 Garage,3 % inkl. gesetzlicher MwSt.,"{'is24qa-listonlyonis24-label': 'Nur hier gefunden', 'is24qa-gaeste-wc-label': '', 'is24qa-keller-label': ''}"
"Exklusives Anwesen im Raum Backnang mit großem Grundstück & Schwimmhalle | 14 Zimmer, 4 Bäder",2.100.000 €,"71522 Backnang, Rems-Murr-Kreis
Die vollständige Adresse der Immobilie erhalten Sie vom Anbieter.",14,537 m²,1.891 m²,3.911 €/m²,Villa,200 m²,nil,7,4,3 Garagen,"3,57 %","{'is24qa-gaeste-wc-label': '', 'is24qa-keller-label': ''}"
LUXURIÖSE NEUBAU-ZWEIFAMILIENVILLA MIT EIGENER TIEFGARAGE AM ANNABERG,4.200.000 €,"Innenstadt, 76530 Baden-Baden
Die vollständige Adresse der Immobilie erhalten Sie vom Anbieter.",11,656 m²,613 m²,6.402 €/m²,Villa,782 m²,nil,7,6,5 Stellplätze,"3,57% inkl. gesetzlicher MwSt.","{'is24qa-online-besichtigung-moeglich-label': '', 'is24qa-gaeste-wc-label': '', 'is24qa-keller-label': '', 'is24qa-stufenloser-zugang-label': ''}"
DHH mit 2 Wohnungen - herrliche Aussicht,349.000 €,"88454 Hochdorf, Biberach (Kreis)
Die vollständige Adresse der Immobilie erhalten Sie vom Anbieter.",7,158 m²,560 m²,2.209 €/m²,Doppelhaushälfte,75 m²,ab sofort,4,2,2 Stellplätze,3.0 %,"{'is24qa-online-besichtigung-moeglich-label': '', 'is24qa-gaeste-wc-label': '', 'is24qa-keller-label': ''}"
Traum-Einfamilienhaus mit ELW und herrlichem Garten,950.000 €,"77855 Achern, Ortenaukreis
Die vollständige Adresse der Immobilie erhalten Sie vom Anbieter.",8,"211,88 m²",1.079 m²,4.484 €/m²,Einfamilienhaus (freistehend),119 m²,nil,7,3,nil,"3,57% Vermittlungsprovision aus dem Kaufpreis",{}
Exklusives Traumhaus mit Einliegerwohnung in ruhiger Lage von Stühlingen zu verkaufen,1.275.000 €,"79780 Stühlingen, Waldshut (Kreis)
Die vollständige Adresse der Immobilie erhalten Sie vom Anbieter.","7,5",274 m²,769 m²,4.653 €/m²,Besondere Immobilie,274 m²,nil,4,2,nil,3.57 % inkl. gesetzl. MwSt,"{'is24qa-gaeste-wc-label': '', 'is24qa-keller-label': ''}"
Großes Ausbaupotenzial-Pool möglich-Selbstversorgergarten große Scheune und vieles mehr,1.070.000 €,"74336 Brackenheim, Heilbronn (Kreis)
Die vollständige Adresse der Immobilie erhalten Sie vom Anbieter.",7,200 m²,1.862 m²,5.350 €/m²,Mehrfamilienhaus,"385,84 m²",nach Vereinbarung,4,3,6 Garagen,"2,38% von der Kaufpreissumme incl. Mwst.","{'is24qa-gaeste-wc-label': '', 'is24qa-keller-label': ''}"
Ideales Angebot! Gemütliches Einfamilienhaus mit ELW in sonniger Wohnlage!,312.000 €,"73326 Deggingen, Göppingen (Kreis)
Die vollständige Adresse der Immobilie erhalten Sie vom Anbieter.",7,157 m²,424 m²,1.987 €/m²,Einfamilienhaus (freistehend),nil,nach Vereinbarung,5,2,1 Außenstellplatz,"2,975 % v. Brutto-VKP inkl. MwSt.","{'is24qa-gaeste-wc-label': '', 'is24qa-keller-label': ''}"
Hier stimmt alles - sofort bebaubares Grundstück für freistehendes Einfamilienhaus,795.000 €,"74321 Bietigheim-Bissingen, Ludwigsburg (Kreis)
Die vollständige Adresse der Immobilie erhalten Sie vom Anbieter.",5,150 m²,359 m²,5.300 €/m²,Einfamilienhaus (freistehend),nil,nil,3,2,nil,"3,57% auf das Grundstück inkl. gesetzlicher Mwst.",{'is24qa-gaeste-wc-label': ''}
"""Mehrfamilienhaus mit Gewerbe in zentraler Lage""",450.000 €,"73061 Ebersbach an der Fils, Göppingen (Kreis)
Die vollständige Adresse der Immobilie erhalten Sie vom Anbieter.","10,5",319 m²,355 m²,1.411 €/m²,Mehrfamilienhaus,nil,nil,nil,nil,2 Garagen,"4,76 % inkl. MwSt",{}
MODERN & REPRÄSENTATIV: großzügiges Wohnhaus in bester Aussichtslage zu verkaufen (Niederstotzingen),1.198.500 €,"89168 Niederstotzingen, Heidenheim (Kreis)
Die vollständige Adresse der Immobilie erhalten Sie vom Anbieter.","8,5","315,64 m²",1.256 m²,3.797 €/m²,Einfamilienhaus (freistehend),nil,laut Absprache,5,2,2 Stellplätze,"2,975 % inkl. MwSt.","{'is24qa-gaeste-wc-label': '', 'is24qa-keller-label': '', 'is24qa-stufenloser-zugang-label': ''}"
"**Solides Dreifamilienwohnhaus mit Garten, Doppelgarage und Stellplatz**Aufgeteilt nach WEG**",895.000 €,"71069 Sindelfingen, Böblingen (Kreis)
Die vollständige Adresse der Immobilie erhalten Sie vom Anbieter.","11,5","288,22 m²",644 m²,3.105 €/m²,Mehrfamilienhaus,"187,49 m²",Nach Vereinbarung,7,4,2 Garagen,3 % inkl. 19 % MwSt.,{'is24qa-keller-label': ''}
Objekt 018/31 3-Familien-Wohnhaus in 74172 Neckarsulm-Obereisesheim,985.000 €,"74172 Neckarsulm, Heilbronn (Kreis)
Die vollständige Adresse der Immobilie erhalten Sie vom Anbieter.",11,300 m²,532 m²,3.283 €/m²,Mehrfamilienhaus,420 m²,Nach Vereinbarung,6,3,4 Stellplätze,4 % aus beurkundetem Kaufpreis zuzüglich gesetzlicher Mehrwertsteuer,"{'is24qa-gaeste-wc-label': '', 'is24qa-keller-label': '', 'is24qa-vermietet-label': ''}"
"Großzügiges MFH mit 2 Wohnungen, ideal für Generationenwohnen oder Vermietung",374.000 €,"76706 Dettenheim, Karlsruhe (Kreis)
Die vollständige Adresse der Immobilie erhalten Sie vom Anbieter.",6,146 m²,546 m²,2.562 €/m²,Mehrfamilienhaus,0 m²,nil,4,2,5 Garagen,"3,57% vom Kaufpreis inkl. MwSt.","{'is24qa-keller-label': '', 'is24qa-vermietet-label': ''}"
"TRAUMHAFTES EINFAMILIENHAUS MIT EINLIEGERWOHNUNG, Doppelgarage, Sauna - 204-23",1.350.000 €,"Liebersbronn, 73732 Esslingen am Neckar
Die vollständige Adresse der Immobilie erhalten Sie vom Anbieter.",7,308 m²,1.225 m²,4.383 €/m²,Einfamilienhaus (freistehend),416 m²,sofort,4,5,4 Garagen,"3,57 % inkl. MwSt.","{'is24qa-online-besichtigung-moeglich-label': '', 'is24qa-gaeste-wc-label': '', 'is24qa-keller-label': '', 'is24qa-einliegerwohnung-label': ''}"
Baudenkmal mit Blick in die freie Natur,825.000 €,"Nordstadt, 76133 Karlsruhe
Die vollständige Adresse der Immobilie erhalten Sie vom Anbieter.",6,206 m²,"310,25 m²",4.005 €/m²,Bungalow,"52,14 m²",01.06.2024,3,3,1 Garage,"1,79% inkl. MwSt.","{'is24qa-gaeste-wc-label': '', 'is24qa-stufenloser-zugang-label': '', 'is24qa-einliegerwohnung-label': ''}"
"Ravensburg-Süd, junge Villa in Aussichtslage auf rund 2.500qm Grundstück!",2.950.000 €,"88214 Ravensburg, Ravensburg (Kreis)
Die vollständige Adresse der Immobilie erhalten Sie vom Anbieter.",6,360 m²,2.532 m²,8.194 €/m²,Villa,nil,nil,nil,nil,2 Garagen,"3,57",{'is24qa-keller-label': ''}
In einem beliebten Wohngebiet! Einfamilienhaus mit schönem Garten und Ausbaupotential,509.900 €,"88471 Laupheim, Biberach (Kreis)
Die vollständige Adresse der Immobilie erhalten Sie vom Anbieter.","3,5","118,31 m²",637 m²,4.310 €/m²,Einfamilienhaus (freistehend),"75,03 m²",Oktober 2024,2,1,3 Stellplätze,"3,57 % inkl. 19 % MwSt.","{'is24qa-gaeste-wc-label': '', 'is24qa-keller-label': ''}"
Mit herrlichem Garten! Schön gelegene Doppelhaushälfte mit großem Raumangebot,499.900 €,"88471 Laupheim, Biberach (Kreis)
Die vollständige Adresse der Immobilie erhalten Sie vom Anbieter.","5,5","152,01 m²",492 m²,3.289 €/m²,Doppelhaushälfte,"84,53 m²",Ende 2024,4,2,2 Garagen,"3,57 % inkl. 19 % MwSt.","{'is24qa-gaeste-wc-label': '', 'is24qa-keller-label': ''}"
