title,price,address,rooms,living_space,property_area,price_per_m2,type,usable_area,available_from,bedrooms,bathrooms,garage_parking,buyer_commission,criteriagroup_boolean_listing
Einfamilienhaus mit Garage in Kiel-Meimersdorf,625.000 €,"Meimersdorf, 24145 Kiel
Die vollständige Adresse der Immobilie erhalten Sie vom Anbieter.",5,167 m²,551 m²,3.743 €/m²,Einfamilienhaus (freistehend),nil,nach Vereinbarung,4,2,1 Garage,"3,57% inkl. MwSt.",{}
Einfamilienhaus auf idyllischem 2030qm Grundstück I Gehobene Ausstattung mit Sauna & Kamin!,Auf Anfrage,"25436 Tornesch, Pinneberg (Kreis)
Die vollständige Adresse der Immobilie erhalten Sie vom Anbieter.",7,"147,31 m²",2.030 m²,nil,Einfamilienhaus (freistehend),"198,5 m²",nil,4,3,nil,"3,57% inkl. MwSt.","{'is24qa-online-besichtigung-moeglich-label': '', 'is24qa-gaeste-wc-label': ''}"
"Gute Lage, Supersicht. Doppelhaushälfte auf einem alten Binnendeich",195.000 €,"25845 Nordstrand, Nordfriesland (Kreis)
Die vollständige Adresse der Immobilie erhalten Sie vom Anbieter.",5,100 m²,494 m²,1.950 €/m²,Doppelhaushälfte,40 m²,nil,4,1,nil,"2,97 % inkl. MwSt.","{'is24qa-gaeste-wc-label': '', 'is24qa-keller-label': '', 'is24qa-als-ferienhaus-geeignet-label': ''}"
Vermietete Doppelhaushälfte in der Dornbreite,380.000 €,"Sankt Lorenz Nord, 23556 Lübeck
Die vollständige Adresse der Immobilie erhalten Sie vom Anbieter.",4,92 m²,452 m²,4.130 €/m²,Doppelhaushälfte,20 m²,sofort,3,2,2 Stellplätze,"3,57 % inkl. MwSt.","{'is24qa-gaeste-wc-label': '', 'is24qa-keller-label': ''}"
Imposantes Anwesen unter Reet mit Einliegerwohnung und zusätzlichem Bauplatz,749.000 €,"23795 Bad Segeberg, Segeberg (Kreis)
Die vollständige Adresse der Immobilie erhalten Sie vom Anbieter.",7,200 m²,1.794 m²,3.745 €/m²,Einfamilienhaus (freistehend),50 m²,nach Vereinbarung,5,2,4 Carports,"21396,2","{'is24qa-keller-label': '', 'is24qa-stufenloser-zugang-label': '', 'is24qa-einliegerwohnung-label': ''}"
"Gepflegtes, massiv gebautes Einfamilienhaus als Anlageimmobilie in Sackgassenlage (A 2903)",395.000 €,"22964 Steinburg, Stormarn (Kreis)
Die vollständige Adresse der Immobilie erhalten Sie vom Anbieter.",4,"125,43 m²",475 m²,3.149 €/m²,Einfamilienhaus (freistehend),nil,vermietet,3,1,1 Außenstellplatz,"3,57% inkl. ges. MwSt.*",{'is24qa-vermietet-label': ''}
Gepflegtes Mittelreihenhaus auf Eigenland Lübeck St. Gertrud - Bereich Marli,275.000 €,"Sankt Gertrud, 23566 Lübeck
Die vollständige Adresse der Immobilie erhalten Sie vom Anbieter.",5,85 m²,162 m²,3.235 €/m²,Reihenmittelhaus,30 m²,sofort,nil,1,nil,"3,00% (inkl. MwSt.), jeweils zahlbar durch Käufer und Verkäufer nach Beurkundung","{'is24qa-gaeste-wc-label': '', 'is24qa-keller-label': ''}"
Wochenendhaus mit Sauna und viel Komfort am Ostseestrand in Kalifornien,585.000 €,"24217 Schönberg (Holstein), Plön (Kreis)
Die vollständige Adresse der Immobilie erhalten Sie vom Anbieter.",4,"100,11 m²","1.383,11 m²",5.844 €/m²,Einfamilienhaus (freistehend),nil,nach Absprache,2,2,1 Außenstellplatz,"3,57 %","{'is24qa-online-besichtigung-moeglich-label': '', 'is24qa-vermietet-label': ''}"
Voll vermietetes Wohn- und Geschäftshaus mit 4 WE und 1 GE in beliebter Lage von Glinde,970.000 €,"21509 Glinde, Stormarn (Kreis)
Die vollständige Adresse der Immobilie erhalten Sie vom Anbieter.",12,"340,2 m²","800,2 m²",2.851 €/m²,Mehrfamilienhaus,65 m²,nach Absprache,8,5,nil,"5,95 %",{'is24qa-online-besichtigung-moeglich-label': ''}
Investmentgelegenheit: Neu- und hochwertiges MFH 9 voll vermieteten Einheiten in Glinde,2.499.000 €,"21509 Glinde, Stormarn (Kreis)
Die vollständige Adresse der Immobilie erhalten Sie vom Anbieter.",19,"641,26 m²","672,26 m²",3.897 €/m²,Mehrfamilienhaus,nil,nach Absprache,15,9,5 Außenstellplätze,"5,95 %","{'is24qa-online-besichtigung-moeglich-label': '', 'is24qa-keller-label': ''}"
Bungalow in Sackgassenlage,182.000 €,"25361 Krempe, Steinburg (Kreis)
Die vollständige Adresse der Immobilie erhalten Sie vom Anbieter.",4,81 m²,686 m²,2.247 €/m²,Einfamilienhaus (freistehend),nil,nil,3,1,1 Garage,3 % inkl. ges. MwSt.,{'is24qa-online-besichtigung-moeglich-label': ''}
Charmantes Einfamilienhaus in ruhiger Wohnlage von Nübbel mit Blick auf den Kanal,269.000 €,"24809 Nübbel, Rendsburg-Eckernförde (Kreis)
Die vollständige Adresse der Immobilie erhalten Sie vom Anbieter.",4,157 m²,699 m²,1.713 €/m²,Einfamilienhaus (freistehend),nil,nil,3,1,Garage,"3,57 % (inkl. MwSt.) vom Kaufpreis",{'is24qa-gaeste-wc-label': ''}
Wohntraum unter Reet mit Einliegerwohnung direkt am Ufer der Schlei,1.900.000 €,"24376 Kappeln, Schleswig-Flensburg (Kreis)
Die vollständige Adresse der Immobilie erhalten Sie vom Anbieter.",10,203 m²,2.285 m²,9.360 €/m²,Besondere Immobilie,nil,nil,nil,3,1 Garage,"Käuferprovision beträgt 2,975 % (inkl. MwSt.) des beurkundeten Kaufpreises",{}
Charmantes 4-Zi.-Reihenhaus mit Garten und Carport in ruhiger Anwohnerstraße von Bad Oldesloe!,350.000 €,"23843 Bad Oldesloe, Stormarn (Kreis)
Die vollständige Adresse der Immobilie erhalten Sie vom Anbieter.",4,105 m²,123 m²,3.333 €/m²,Reihenmittelhaus,44 m²,nil,2,1,Carport,"3,57 % (inkl. MwSt.) vom Kaufpreis","{'is24qa-gaeste-wc-label': '', 'is24qa-keller-label': ''}"
Wohn- und Geschäftshaus mit viel Potential!,495.000 €,"Kleiner Sand 55,
25436 Uetersen, Pinneberg (Kreis)",8,200 m²,380 m²,2.475 €/m²,Besondere Immobilie,50 m²,nach Absprache,1,1,2 Garagen,Nein,{'is24qa-provisionsfrei-fuer-kaufende-label': ''}
Familien-Domizil in ruhiger Sackgassenlage,319.000 €,"25821 Bredstedt, Nordfriesland (Kreis)
Die vollständige Adresse der Immobilie erhalten Sie vom Anbieter.",5,140 m²,654 m²,2.279 €/m²,Einfamilienhaus (freistehend),nil,nil,nil,2,2 Stellplätze,"3,57%",{}
Reetdach im Wasserkoog sucht Liebhaber,595.000 €,"25882 Tetenbüll, Nordfriesland (Kreis)
Die vollständige Adresse der Immobilie erhalten Sie vom Anbieter.",5,170 m²,1.199 m²,3.500 €/m²,nil,nil,nil,nil,2,nil,"3,57",{'is24qa-gaeste-wc-label': ''}
Eleganz der Jahrhundertwende Ein Herrenhaus auf Eiderstedt,2.250.000 €,"25836 Garding, Nordfriesland (Kreis)
Die vollständige Adresse der Immobilie erhalten Sie vom Anbieter.",10,390 m²,16.457 m²,5.769 €/m²,nil,944 m²,nil,nil,nil,nil,"3,57",{}
"KINDERFREUNDLICHES RIESENGRUNDSTÜCK !!! ENDreihenhaus mit Vollkeller, Carport & Viel Potential !!!",289.000 €,"24576 Bad Bramstedt, Segeberg (Kreis)
Die vollständige Adresse der Immobilie erhalten Sie vom Anbieter.",5,103 m²,545 m²,2.806 €/m²,Reiheneckhaus,50 m²,nil,4,2,3 Stellplätze,Nein,"{'is24qa-keller-label': '', 'is24qa-provisionsfrei-fuer-kaufende-label': ''}"
Über 210 m² FamilienTRAUM inkl. Einliegerwohnung mit Blick auf die Elbe * URLAUBsfeeling GARANTIE...,259.000 €,"25572 Sankt Margarethen, Steinburg (Kreis)
Die vollständige Adresse der Immobilie erhalten Sie vom Anbieter.",6,211 m²,449 m²,1.227 €/m²,Einfamilienhaus (freistehend),100 m²,nil,3,3,1 Garage,Nein,{'is24qa-provisionsfrei-fuer-kaufende-label': ''}
