title,price,address,rooms,living_space,property_area,price_per_m2,type,usable_area,available_from,bedrooms,bathrooms,garage_parking,buyer_commission,criteriagroup_boolean_listing
Hochwertig gebaute Doppelhaushälfte mit 5 (Schlaf)zimmern bei Landsberg,598.000 €,"86875 Waal, Ostallgäu (Kreis)
Die vollständige Adresse der Immobilie erhalten Sie vom Anbieter.",5,"158,14 m²",325 m²,3.781 €/m²,Doppelhaushälfte,"62,77 m²",nach Vereinbarung,4,2,1 Außenstellplatz,"Faire 2,49 % inkl. 19 % MwSt. vom Kaufpreis, fällig nach notariellem Kaufvertrag.",{'is24qa-keller-label': ''}
Verkauf von einem freistehenden Einfamilienhaus in Schrobenhausen!,519.000 €,"86529 Schrobenhausen, Neuburg-Schrobenhausen (Kreis)
Die vollständige Adresse der Immobilie erhalten Sie vom Anbieter.",6,150 m²,551 m²,3.460 €/m²,Einfamilienhaus (freistehend),nil,nach Absprache,nil,nil,2 Garagen,"2,38 % inkl. MwSt. Käuferprovision","{'is24qa-gaeste-wc-label': '', 'is24qa-keller-label': ''}"
"+++0,94% Zins kann übernommen werden+++ Neu saniertes Mehrfamilienhaus in der Maxvorstadt",12.500.000 €,"Am alten nördlichen Friedhof, 80799 München
Die vollständige Adresse der Immobilie erhalten Sie vom Anbieter.",32,769 m²,421 m²,16.255 €/m²,Mehrfamilienhaus,nil,nil,nil,nil,2 Duplex-Stellplätze,Nein,"{'is24qa-keller-label': '', 'is24qa-vermietet-label': '', 'is24qa-provisionsfrei-fuer-kaufende-label': ''}"
***provisionsfrei*** Altstadthaus mit 2 Wohnungen,279.300 €,"Untere Wallstraße 41,
63785 Obernburg am Main, Miltenberg (Kreis)",4,88 m²,78 m²,3.174 €/m²,nil,30 m²,nil,2,2,nil,Nein,"{'is24qa-vermietet-label': '', 'is24qa-provisionsfrei-fuer-kaufende-label': ''}"
Sehr selten: Reiterhof in TOP-LAGE und TOP-ZUSTAND!,3.300.000 €,"82389 Böbing, Weilheim-Schongau (Kreis)
Die vollständige Adresse der Immobilie erhalten Sie vom Anbieter.","4,5",160 m²,30.000 m²,20.625 €/m²,Besondere Immobilie,nil,nach Absprache,2,nil,5 Carports,"3,57 % inkl. MwSt. aus dem notariellen Kaufpreis","{'is24qa-listonlyonis24-label': 'Nur hier gefunden', 'is24qa-gaeste-wc-label': '', 'is24qa-als-ferienhaus-geeignet-label': ''}"
Exklusives Reiheneckhaus mit Fernblick im Zentrum Mammings,465.000 €,"94437 Mamming, Dingolfing-Landau (Kreis)
Die vollständige Adresse der Immobilie erhalten Sie vom Anbieter.",4,108 m²,300 m²,4.306 €/m²,Reiheneckhaus,108 m²,2024,3,2,2 Außenstellplätze,"3,57%",{'is24qa-gaeste-wc-label': ''}
Einfamilienhaus mit historischem Charme und allen modernem Annehmlichkeiten in Zell a. Main!,197.000 €,"97299 Zell am Main, Würzburg (Kreis)
Die vollständige Adresse der Immobilie erhalten Sie vom Anbieter.","5,5",180 m²,140 m²,1.094 €/m²,Einfamilienhaus (freistehend),25 m²,nach vereinbarung,nil,1,nil,"3,57 % inkl. MwSt.",{}
"Kapitalanlage - 4 Parteien/10 Zimmer - ""Möbliertes Wohnen / Wohnen auf Zeit"" - 56.080€ p.a.",900.000 €,"89231 Neu-Ulm, Neu-Ulm (Kreis)
Die vollständige Adresse der Immobilie erhalten Sie vom Anbieter.",10,"213,74 m²",200 m²,4.211 €/m²,Mehrfamilienhaus,"48,54 m²",Voll vermietet,nil,4,nil,"3,57% vom beurkundeten Kaufpreis inkl. 19% gesetzl. MwSt.","{'is24qa-online-besichtigung-moeglich-label': '', 'is24qa-keller-label': '', 'is24qa-vermietet-label': ''}"
Rarität auf dem Markt - Frei verfügbares Wohn-/Geschäftshaus,1.200.000 €,"85084 Reichertshofen, Pfaffenhofen an der Ilm (Kreis)
Die vollständige Adresse der Immobilie erhalten Sie vom Anbieter.",17,504 m²,580 m²,2.381 €/m²,Besondere Immobilie,578 m²,nach Absprache,13,8,nil,"3,57% inkl. 19% gesetzl. MwSt.",{'is24qa-vermietet-label': ''}
"*PROVISIONSFREI* Zweifamilienhaus: geräumige Wohnungen, großer Garten, ruhige Lage, gute Anbindung!",845.000 €,"82140 Olching, Fürstenfeldbruck (Kreis)
Die vollständige Adresse der Immobilie erhalten Sie vom Anbieter.",5,133 m²,353 m²,6.353 €/m²,Doppelhaushälfte,nil,nach Vereinbarung,3,2,2 Außenstellplätze,Nein,"{'is24qa-online-besichtigung-moeglich-label': '', 'is24qa-keller-label': '', 'is24qa-vermietet-label': '', 'is24qa-provisionsfrei-fuer-kaufende-label': ''}"
Renovierungsbedürftiges Haus in Fechheim!!!,48.000 €,"96465 Neustadt bei Coburg, Coburg (Kreis)
Die vollständige Adresse der Immobilie erhalten Sie vom Anbieter.",6,130 m²,702 m²,369 €/m²,Wohnimmobilie (sonstige),nil,ab sofort,nil,nil,2 Garagen,2950,"{'is24qa-gaeste-wc-label': '', 'is24qa-keller-label': ''}"
"Nähe München-Ost: Hochwertige, luxuriöse Villen-Hälfte in ruhiger Wohnlage - Baujahr 2022 / neu",Auf Anfrage,"85570 Markt Schwaben, Ebersberg (Kreis)
Die vollständige Adresse der Immobilie erhalten Sie vom Anbieter.",4,248 m²,403 m²,nil,Doppelhaushälfte,nil,nil,3,3,2 Garagen,"1,79% inklusive 19% Umsatzsteuer",{'is24qa-gaeste-wc-label': ''}
Einfamilienhaus in Passau-Grubweg,498.000 €,"Grubweg, 94034 Passau
Die vollständige Adresse der Immobilie erhalten Sie vom Anbieter.",6,140 m²,979 m²,3.557 €/m²,Einfamilienhaus (freistehend),nil,nach Vereinbarung!,4,2,1 Garage,"3,57 % incl. MwSt. Käufermaklercourtage.",{'is24qa-keller-label': ''}
Ⓣ Vorankündigung. Häuschen mit Charme. In Pöcking. Am Starnberger See.,1.458.000 €,"82343 Pöcking, Starnberg (Kreis)
Die vollständige Adresse der Immobilie erhalten Sie vom Anbieter.","4,5","150,18 m²",291 m²,9.708 €/m²,Einfamilienhaus (freistehend),nil,sofort oder nach Absprache,3,2,2 Garagen,"3,57 % (inkl. 19 % MwSt.) aus dem Kaufpreis","{'is24qa-gaeste-wc-label': '', 'is24qa-keller-label': '', 'is24qa-als-ferienhaus-geeignet-label': '', 'is24qa-einliegerwohnung-label': ''}"
Sehr gepflegtes Zweifamilienhaus mit Einliegerwohnung in Wendelstein,680.000 €,"90530 Wendelstein, Roth (Kreis)
Die vollständige Adresse der Immobilie erhalten Sie vom Anbieter.",10,263 m²,980 m²,2.586 €/m²,Einfamilienhaus (freistehend),nil,nach Vereinbarung,5,4,2 Garagen,"3,57 % inkl. MwSt.","{'is24qa-online-besichtigung-moeglich-label': '', 'is24qa-gaeste-wc-label': '', 'is24qa-keller-label': '', 'is24qa-einliegerwohnung-label': ''}"
Work-Life-Balance ist gesichert! Neubau eines Einfamilienhauses incl. Grundstück und Baunebenkosten!,499.000 €,"89358 Kammeltal, Günzburg (Kreis)
Die vollständige Adresse der Immobilie erhalten Sie vom Anbieter.","5,5",138 m²,870 m²,3.616 €/m²,Einfamilienhaus (freistehend),nil,Herbst 2025,nil,nil,Garage,"-auf den Grundstückskaufpreis 3,57% inkl. MwSt. -auf den Preis des Werkvertrags: 3,57% inkl. MwSt.",{}
... AIGNER - DHH im Grünen ca. 7 Minuten von Mühldorf - Preis VB ...,245.000 €,"84570 Polling, Mühldorf am Inn (Kreis)
Die vollständige Adresse der Immobilie erhalten Sie vom Anbieter.",6,120 m²,354 m²,2.042 €/m²,Doppelhaushälfte,nil,nach Absprache,5,1,2 Außenstellplätze,"3,57 % Käuferprovision inkl. 19 % MwSt. vom tatsächlich notariell beurkundeten Kaufpreis.","{'is24qa-online-besichtigung-moeglich-label': '', 'is24qa-als-ferienhaus-geeignet-label': '', 'is24qa-vermietet-label': ''}"
Wunderschönes KfW 40 Haus: Einziehen und wohlfühlen,795.000 €,"86920 Denklingen, Landsberg am Lech (Kreis)
Die vollständige Adresse der Immobilie erhalten Sie vom Anbieter.",4,165 m²,639 m²,4.818 €/m²,Einfamilienhaus (freistehend),nil,Nach Absprache,3,1,1 Garage,"3,57 % v. KP",{'is24qa-gaeste-wc-label': ''}
Moderne Doppelhaushälfte mit Charme und viel Platz,495.000 €,"94431 Pilsting, Dingolfing-Landau (Kreis)
Die vollständige Adresse der Immobilie erhalten Sie vom Anbieter.",5,"130,17 m²",182 m²,3.803 €/m²,Doppelhaushälfte,nil,nil,4,2,1 Garage,"3,57 %",{}
Ⓣ Secret Sale. Solide Kapitalanlage. Am Starnberger See. In Seenähe.,2.000.000 €,"82319 Starnberg, Starnberg (Kreis)
Die vollständige Adresse der Immobilie erhalten Sie vom Anbieter.",10,202 m²,200 m²,9.901 €/m²,Mehrfamilienhaus,nil,sofort oder nach Absprache,6,nil,nil,"3,57 % (inkl. 19 % MwSt.) aus dem Kaufpreis",{'is24qa-keller-label': ''}
