title,price,address,rooms,living_space,property_area,price_per_m2,type,usable_area,available_from,bedrooms,bathrooms,garage_parking,buyer_commission,criteriagroup_boolean_listing
Einfamilienhaus - Seeshaupt/Starnberger See,2.650.000 €,"82402 Seeshaupt, Weilheim-Schongau (Kreis)
Die vollständige Adresse der Immobilie erhalten Sie vom Anbieter.",4,132 m²,1.327 m²,20.076 €/m²,nil,nil,nil,nil,nil,Garage,"2,38%",{}
Sonnengrund mit kleinem Haus,695.000 €,"Melchior-Fanger-Straße 33,
82205 Gilching, Starnberg (Kreis)",3,75 m²,437 m²,9.267 €/m²,Doppelhaushälfte,40 m²,sofort,1,2,2 Außenstellplätze,"2,38",{'is24qa-keller-label': ''}
*Bungalow mit Photovoltaik* traumhafte Lage in Wald an der Alz,530.000 €,"84518 Garching an der Alz, Altötting (Kreis)
Die vollständige Adresse der Immobilie erhalten Sie vom Anbieter.",4,126 m²,950 m²,4.206 €/m²,Bungalow,nil,01.07.2024,3,1,2 Garagen,"Vermittlungsprovision beträgt 2,38 % inklusive MwSt","{'is24qa-online-besichtigung-moeglich-label': '', 'is24qa-gaeste-wc-label': '', 'is24qa-stufenloser-zugang-label': '', 'is24qa-als-ferienhaus-geeignet-label': '', 'is24qa-vermietet-label': ''}"
Einzigartige Villa in absoluter Alleinlage mit atemberaubender Weitsicht,2.300.000 €,"87616 Marktoberdorf, Ostallgäu (Kreis)
Die vollständige Adresse der Immobilie erhalten Sie vom Anbieter.",10,404 m²,6.792 m²,5.693 €/m²,Villa,nil,nach Vereinbarung,5,6,2 Garagen,"3,57% inkl. MwSt.","{'is24qa-gaeste-wc-label': '', 'is24qa-keller-label': '', 'is24qa-einliegerwohnung-label': ''}"
Energetisch saniertes Wohn- und Geschäftshaus in absoluter Toplage!,14.500.000 €,"Josephsplatz, 80798 München
Die vollständige Adresse der Immobilie erhalten Sie vom Anbieter.",65,1.613 m²,460 m²,8.989 €/m²,nil,nil,Sofort!,nil,nil,nil,"3,57% inkl. MwSt. vom beurkundeten Kaufpreis",{}
Sonniges Grundstück mit Altbestand in traumhafter Lage!,1.599.000 €,"82131 Gauting, Starnberg (Kreis)
Die vollständige Adresse der Immobilie erhalten Sie vom Anbieter.",8,"170,44 m²",758 m²,9.382 €/m²,Einfamilienhaus (freistehend),"76,11 m²",Sofort!,6,2,nil,"3,57% inkl. MwSt. vom beurkundeten Kaufpreis","{'is24qa-keller-label': '', 'is24qa-einliegerwohnung-label': ''}"
Es gibt sie IMMER noch: Hier die einzigartige Lösung für Ihr bezahlbares Eigenheim!!!,499.000 €,"86668 Karlshuld, Neuburg-Schrobenhausen (Kreis)
Die vollständige Adresse der Immobilie erhalten Sie vom Anbieter.",6,140 m²,350 m²,3.564 €/m²,nil,nil,nil,3,1,2 Stellplätze,"3,57",{'is24qa-gaeste-wc-label': ''}
Ihr Traumhaus in Bestlage direkt am Valentinspark!,1.377.000 €,"85716 Unterschleißheim, München (Kreis)
Die vollständige Adresse der Immobilie erhalten Sie vom Anbieter.",5,171 m²,383 m²,8.053 €/m²,Doppelhaushälfte,268 m²,31.12.2024 oder nach Vereinbarung,4,2,2 Stellplätze,"2,38%","{'is24qa-gaeste-wc-label': '', 'is24qa-keller-label': ''}"
"Einzigartiges Bauernhof-Ensemble, 120.000 qm Wald & Wiese, TG, Pool, Quelle, exklusivste Ausstattung",Auf Anfrage,"83703 Gmund am Tegernsee, Miesbach (Kreis)
Die vollständige Adresse der Immobilie erhalten Sie vom Anbieter.",16,1.000 m²,120.000 m²,nil,nil,270 m²,nil,7,6,11 Tiefgaragen-Stellplätze,"3,57 % inkl. 19 % MwSt.",{}
TOP PREIS - Traumhafte Lage zwischen Pilsensee & Wörthsee - Neubau DHH -,873.000 €,"82229 Seefeld, Starnberg (Kreis)
Die vollständige Adresse der Immobilie erhalten Sie vom Anbieter.",5,127 m²,307 m²,6.874 €/m²,Doppelhaushälfte,nil,nach Vereinbarung,3,1,2 Stellplätze,"3,57 % auf Grundstücksanteil inkl. MwSt.","{'is24qa-gaeste-wc-label': '', 'is24qa-keller-label': ''}"
"Exklusive, ruhige Bauhaus-Villa mit Penthouse",3.875.000 €,"Ehrenpreisstr. 12b,
Blumenau, 80689 München",4,186 m²,578 m²,20.833 €/m²,Einfamilienhaus (freistehend),20 m²,nach Absprache,nil,nil,2 Tiefgaragen-Stellplätze,Nein,"{'is24qa-gaeste-wc-label': '', 'is24qa-keller-label': '', 'is24qa-provisionsfrei-fuer-kaufende-label': ''}"
Denkmalgeschütztes fränkisches Bauernhaus Ferienhaus Falkenlust in Haundorf,690.000 €,"91729 Haundorf, Weißenburg-Gunzenhausen (Kreis)
Die vollständige Adresse der Immobilie erhalten Sie vom Anbieter.",7,180 m²,450 m²,3.833 €/m²,Wohnimmobilie (sonstige),180 m²,01.12.2024,5,4,2 Außenstellplätze,Nein,"{'is24qa-gaeste-wc-label': '', 'is24qa-keller-label': '', 'is24qa-vermietet-label': '', 'is24qa-provisionsfrei-fuer-kaufende-label': ''}"
"***Wohnen wie im Urlaub - Außergewöhnliches Wohnambiente auf 258 m² Wfl., Doppelgarage u.v.m...***",779.000 €,"63755 Alzenau, Aschaffenburg (Kreis)
Die vollständige Adresse der Immobilie erhalten Sie vom Anbieter.",8,258 m²,772 m²,3.019 €/m²,Einfamilienhaus (freistehend),nil,nil,nil,nil,Garage,"Käuferprovision 3,57 % inkl. MwSt. vom Kaufpreis.",{}
Schnuckliger Bungalow in ruhiger Lage,475.000 €,"Wendelsteinstr. .,
85395 Attenkirchen, Freising (Kreis)",4,63 m²,510 m²,7.540 €/m²,Bungalow,25 m²,ca. Juli 2024,nil,1,1 Carport,Nein,"{'is24qa-keller-label': '', 'is24qa-provisionsfrei-fuer-kaufende-label': ''}"
Bezugsfertig im Mai 2024 - Schöne Doppelhaushälfte in ruhiger Lage,1.495.000 €,"Weinberg 30,
82211 Herrsching am Ammersee, Starnberg (Kreis)",5,170 m²,207 m²,8.794 €/m²,Doppelhaushälfte,nil,Frühjahr 2024,4,2,2 Duplex-Stellplätze,Nein,"{'is24qa-keller-label': '', 'is24qa-provisionsfrei-fuer-kaufende-label': ''}"
Wohnen wo andere Urlaub machen! Gepflegtes 1-2 Familienhaus mit energieeffizienter Ausstattung,790.000 €,"93346 Ihrlerstein, Kelheim (Kreis)
Die vollständige Adresse der Immobilie erhalten Sie vom Anbieter.",7,"180,29 m²",663 m²,4.382 €/m²,Mehrfamilienhaus,0 m²,Nach Vereinbarung,5,2,3 Garagen,"3,57% vom Kaufpreis inkl. MwSt.",{'is24qa-keller-label': ''}
EFH im Bamberger Berggebiet mit großem Garten,748.000 €,"Babenberger Viertel, 96049 Bamberg
Die vollständige Adresse der Immobilie erhalten Sie vom Anbieter.",6,"205,64 m²",1.185 m²,3.637 €/m²,Einfamilienhaus (freistehend),nil,nil,nil,nil,1 Stellplatz,"1,9 % vom Kaufpreis inkl. 19 % MWSt",{}
ELEGANTES WOHNGLÜCK MIT ZWEI EINHEITEN,1.346.900 €,"82346 Andechs, Starnberg (Kreis)
Die vollständige Adresse der Immobilie erhalten Sie vom Anbieter.",8,"218,12 m²",744 m²,6.175 €/m²,Mehrfamilienhaus,nil,nil,4,2,nil,nil,"{'is24qa-gaeste-wc-label': '', 'is24qa-als-ferienhaus-geeignet-label': ''}"
EIN­FA­MI­LI­EN­HAUS MIT MODERNEM DE­SI­GNAN­SPRUCH,1.030.900 €,"82269 Geltendorf, Landsberg am Lech (Kreis)
Die vollständige Adresse der Immobilie erhalten Sie vom Anbieter.",5,174 m²,750 m²,5.925 €/m²,Einfamilienhaus (freistehend),nil,nil,3,1,nil,Nein,"{'is24qa-gaeste-wc-label': '', 'is24qa-provisionsfrei-fuer-kaufende-label': ''}"
Investiere in Deine Zukunft!,602.149 €,"85276 Pfaffenhofen an der Ilm, Pfaffenhofen an der Ilm (Kreis)
Die vollständige Adresse der Immobilie erhalten Sie vom Anbieter.",4,134 m²,450 m²,4.494 €/m²,nil,nil,nil,nil,2,nil,Nein,"{'is24qa-gaeste-wc-label': '', 'is24qa-provisionsfrei-fuer-kaufende-label': ''}"
Traumhaus - Traumlage - Traumleben,604.279 €,"85092 Kösching, Eichstätt (Kreis)
Die vollständige Adresse der Immobilie erhalten Sie vom Anbieter.",4,134 m²,438 m²,4.510 €/m²,nil,nil,nil,nil,2,nil,Nein,"{'is24qa-gaeste-wc-label': '', 'is24qa-provisionsfrei-fuer-kaufende-label': ''}"
Gestalte Deinen Traum,607.149 €,"85088 Vohburg an der Donau, Pfaffenhofen an der Ilm (Kreis)
Die vollständige Adresse der Immobilie erhalten Sie vom Anbieter.",5,143 m²,634 m²,4.246 €/m²,Einfamilienhaus (freistehend),nil,nil,4,nil,nil,Nein,"{'is24qa-gaeste-wc-label': '', 'is24qa-provisionsfrei-fuer-kaufende-label': ''}"
Raus aus der Miete! Rein ins Leben!,625.729 €,"85098 Großmehring, Eichstätt (Kreis)
Die vollständige Adresse der Immobilie erhalten Sie vom Anbieter.",6,144 m²,587 m²,4.345 €/m²,Einfamilienhaus (freistehend),nil,nil,4,nil,nil,Nein,"{'is24qa-gaeste-wc-label': '', 'is24qa-provisionsfrei-fuer-kaufende-label': ''}"
Das Leben wie es sein sollte!,637.149 €,"85276 Pfaffenhofen an der Ilm, Pfaffenhofen an der Ilm (Kreis)
Die vollständige Adresse der Immobilie erhalten Sie vom Anbieter.",4,134 m²,503 m²,4.755 €/m²,nil,nil,nil,nil,2,nil,Nein,"{'is24qa-gaeste-wc-label': '', 'is24qa-provisionsfrei-fuer-kaufende-label': ''}"
Das Leben wie es sein sollte!,637.149 €,"93352 Rohr in Niederbayern, Kelheim (Kreis)
Die vollständige Adresse der Immobilie erhalten Sie vom Anbieter.",4,134 m²,362 m²,4.755 €/m²,nil,nil,nil,nil,2,nil,Nein,"{'is24qa-gaeste-wc-label': '', 'is24qa-provisionsfrei-fuer-kaufende-label': ''}"
Attraktives Doppelhaus!,640.489 €,"85119 Ernsgaden, Pfaffenhofen an der Ilm (Kreis)
Die vollständige Adresse der Immobilie erhalten Sie vom Anbieter.",4,217 m²,482 m²,2.952 €/m²,Doppelhaushälfte,nil,nil,3,2,nil,Nein,"{'is24qa-gaeste-wc-label': '', 'is24qa-provisionsfrei-fuer-kaufende-label': ''}"
Investieren Sie in Ihre Zukunft!,646.719 €,"86556 Kühbach, Aichach-Friedberg (Kreis)
Die vollständige Adresse der Immobilie erhalten Sie vom Anbieter.",4,134 m²,1.033 m²,4.826 €/m²,nil,nil,nil,nil,2,nil,Nein,"{'is24qa-gaeste-wc-label': '', 'is24qa-provisionsfrei-fuer-kaufende-label': ''}"
Ab ins Eigenheim!,654.449 €,"85098 Großmehring, Eichstätt (Kreis)
Die vollständige Adresse der Immobilie erhalten Sie vom Anbieter.",6,162 m²,588 m²,4.040 €/m²,Einfamilienhaus (freistehend),nil,nil,4,nil,nil,Nein,"{'is24qa-gaeste-wc-label': '', 'is24qa-provisionsfrei-fuer-kaufende-label': ''}"
"Suchst du noch, oder baust du schon?",663.329 €,"85101 Lenting, Eichstätt (Kreis)
Die vollständige Adresse der Immobilie erhalten Sie vom Anbieter.",6,153 m²,373 m²,4.335 €/m²,Doppelhaushälfte,nil,nil,5,2,nil,Nein,"{'is24qa-gaeste-wc-label': '', 'is24qa-provisionsfrei-fuer-kaufende-label': ''}"
