title,price,address,rooms,living_space,property_area,price_per_m2,type,usable_area,available_from,bedrooms,bathrooms,garage_parking,buyer_commission,criteriagroup_boolean_listing
360° I Doppelhaushälfte in Bad Wurzach - sofort bezugsfrei!,359.000 €,"88410 Bad Wurzach, Ravensburg (Kreis)
Die vollständige Adresse der Immobilie erhalten Sie vom Anbieter.",8,140 m²,318 m²,2.564 €/m²,Doppelhaushälfte,nil,nil,nil,nil,1 Garage,"3,57 %",{'is24qa-keller-label': ''}
"360°I Beliebte, ruhige Wohnlage: Charmante Doppelhaushälfte mit guter Infrastruktur in Ulm/Söflingen",375.000 €,"Söflingen, 89081 Ulm
Die vollständige Adresse der Immobilie erhalten Sie vom Anbieter.",2,66 m²,217 m²,5.682 €/m²,Doppelhaushälfte,nil,nil,nil,nil,1 Außenstellplatz,"3,57 %",{'is24qa-keller-label': ''}
360° I Exklusive Doppelhaushälfte in Aussichtslage von Weingarten,795.000 €,"88250 Weingarten, Ravensburg (Kreis)
Die vollständige Adresse der Immobilie erhalten Sie vom Anbieter.",5,156 m²,273 m²,5.096 €/m²,Doppelhaushälfte,nil,nil,nil,nil,1 Garage,"3,57 %",{'is24qa-keller-label': ''}
"""1-2 Familienhaus mit großem Garten in schöner Wohnlage von Sigmaringen""",398.000 €,"72488 Sigmaringen, Sigmaringen (Kreis)
Die vollständige Adresse der Immobilie erhalten Sie vom Anbieter.",7,170 m²,1.070 m²,2.341 €/m²,Einfamilienhaus (freistehend),nil,nil,nil,nil,2 Garagen,"3,57 %","{'is24qa-keller-label': '', 'is24qa-vermietet-label': ''}"
Zuhause bei Riedlingen: BJ 2016 mit Erdwärme in absolutem Top-Zustand!,599.000 €,"88499 Riedlingen, Biberach (Kreis)
Die vollständige Adresse der Immobilie erhalten Sie vom Anbieter.",5,154 m²,700 m²,3.890 €/m²,Einfamilienhaus (freistehend),nil,nil,nil,nil,1 Garage,"3,57 %",{}
360° I Haus mit XXL Grundstück direkt vor Bad Schussenried!,479.000 €,"88427 Bad Schussenried, Biberach (Kreis)
Die vollständige Adresse der Immobilie erhalten Sie vom Anbieter.",4,103 m²,2.445 m²,4.650 €/m²,Einfamilienhaus (freistehend),nil,nil,nil,nil,2 Garagen,"3,57 %",{}
Modernes Einfamilienhaus mit Pool in Neufra/Riedlingen. Neuwertig und hochwertig ausgestattet!,498.000 €,"88499 Riedlingen, Biberach (Kreis)
Die vollständige Adresse der Immobilie erhalten Sie vom Anbieter.",7,184 m²,586 m²,2.707 €/m²,Einfamilienhaus (freistehend),nil,nil,nil,nil,2 Garagen,"3,57 %",{}
360° I Hand- und Hobbyhandwerker aufgepasst! Gelegenheit für Selbermacher,329.000 €,"88339 Bad Waldsee, Ravensburg (Kreis)
Die vollständige Adresse der Immobilie erhalten Sie vom Anbieter.",9,124 m²,741 m²,2.653 €/m²,Einfamilienhaus (freistehend),nil,nil,nil,nil,3 Garagen,"3,57 %",{'is24qa-keller-label': ''}
"360° I Renditekracher mit 5,73 % - Gepflegtes 3-Familienhaus in Scheer",380.000 €,"72516 Scheer, Sigmaringen (Kreis)
Die vollständige Adresse der Immobilie erhalten Sie vom Anbieter.",11,288 m²,553 m²,1.319 €/m²,Mehrfamilienhaus,nil,nil,nil,nil,3 Garagen,"3,57 %",{'is24qa-vermietet-label': ''}
"""Sanierungsbedürftiges Reihenhaus in der Galgenhalde, Ravensburg-West""",370.000 €,"88213 Ravensburg, Ravensburg (Kreis)
Die vollständige Adresse der Immobilie erhalten Sie vom Anbieter.",4,87 m²,216 m²,4.253 €/m²,Reihenmittelhaus,nil,nil,nil,nil,1 Garage,"3,57 %",{}
360° I Sofort verfügbar: Einfamilienhaus mit tollem Grundstück in Ostrach-Wangen,225.000 €,"88356 Ostrach, Sigmaringen (Kreis)
Die vollständige Adresse der Immobilie erhalten Sie vom Anbieter.",5,129 m²,1.149 m²,1.744 €/m²,Einfamilienhaus (freistehend),nil,nil,nil,nil,2 Garagen,"3,57 %",{}
Zentral und modern! Einfamilienhaus im Herzen von Pfullendorf,345.000 €,"88630 Pfullendorf, Sigmaringen (Kreis)
Die vollständige Adresse der Immobilie erhalten Sie vom Anbieter.",4,137 m²,57 m²,2.518 €/m²,Reiheneckhaus,nil,nil,nil,nil,nil,"3,57 %",{'is24qa-keller-label': ''}
Ihr neues Zuhause wartet auf Sie!,345.000 €,"73527 Schwäbisch Gmünd, Ostalbkreis
Die vollständige Adresse der Immobilie erhalten Sie vom Anbieter.",5,"128,58 m²",434 m²,2.683 €/m²,Einfamilienhaus (freistehend),nil,nil,nil,nil,6 Stellplätze,"3,57 % inkl. MwSt",{'is24qa-listonlyonis24-label': 'Nur hier gefunden'}
Großes Einfamilienhaus mit Einliegerwohnung in Toplage von Haigerloch mit tollem Grundstück!,439.000 €,"72401 Haigerloch, Zollernalbkreis
Die vollständige Adresse der Immobilie erhalten Sie vom Anbieter.","7,5",170 m²,593 m²,2.582 €/m²,Mehrfamilienhaus,50 m²,nach Absprache,4,3,3 Außenstellplätze,"Die Käuferprovision beträgt 3% zzgl. gesetzl. USt. von derzeit 19 % somit 3,57%","{'is24qa-listonlyonis24-label': 'Nur hier gefunden', 'is24qa-gaeste-wc-label': '', 'is24qa-keller-label': '', 'is24qa-einliegerwohnung-label': ''}"
Rohdiamant mit unendlichen Möglichkeiten!,140.000 €,"73571 Göggingen, Ostalbkreis
Die vollständige Adresse der Immobilie erhalten Sie vom Anbieter.",6,"114,61 m²",509 m²,1.222 €/m²,Einfamilienhaus (freistehend),nil,nil,nil,nil,nil,"3,57 % inkl. MwSt",{'is24qa-listonlyonis24-label': 'Nur hier gefunden'}
Ihr Traum vom eigenen Zuhause wird wahr!,349.000 €,"73557 Mutlangen, Ostalbkreis
Die vollständige Adresse der Immobilie erhalten Sie vom Anbieter.",8,"123,5 m²",545 m²,2.826 €/m²,Einfamilienhaus (freistehend),nil,nil,nil,nil,3 Stellplätze,"3,57 % inkl. MwSt",{'is24qa-listonlyonis24-label': 'Nur hier gefunden'}
Haus zum Preis von einer Wohnung!,121.000 €,"73453 Abtsgmünd, Ostalbkreis
Die vollständige Adresse der Immobilie erhalten Sie vom Anbieter.",5,"115,04 m²",330 m²,1.052 €/m²,Einfamilienhaus (freistehend),nil,nil,4,nil,nil,"3,57 % inkl. MwSt","{'is24qa-listonlyonis24-label': 'Nur hier gefunden', 'is24qa-gaeste-wc-label': '', 'is24qa-keller-label': ''}"
Gemütliches Leben im Herzen von Ruppertshofen!,198.000 €,"73577 Ruppertshofen, Ostalbkreis
Die vollständige Adresse der Immobilie erhalten Sie vom Anbieter.",5,"129,92 m²",527 m²,1.524 €/m²,Einfamilienhaus (freistehend),nil,nil,nil,nil,2 Garagen,"3,57 % inkl. MwSt",{'is24qa-listonlyonis24-label': 'Nur hier gefunden'}
!Platz für die ganze Familie!Gepflegtes Einfamilienwohnhaus in Kaisersbach,349.000 €,"73667 Kaisersbach, Rems-Murr-Kreis
Die vollständige Adresse der Immobilie erhalten Sie vom Anbieter.",6,138 m²,439 m²,2.529 €/m²,Einfamilienhaus (freistehend),nil,sofort,3,2,2 Garagen,"3,57 % inkl. MwSt",{'is24qa-keller-label': ''}
"MFH zentral in Baden-Baden: 6 Wohnungen, saniert mit neuer Heizung & Dach - mit top Rendite",1.250.000 €,"Fremersbergstraße 97,
Innenstadt, 76530 Baden-Baden",18,396 m²,282 m²,3.157 €/m²,Mehrfamilienhaus,100 m²,Nach Absprache,12,6,nil,"3,57 %","{'is24qa-keller-label': '', 'is24qa-als-ferienhaus-geeignet-label': '', 'is24qa-vermietet-label': ''}"
