title,price,address,rooms,living_space,property_area,price_per_m2,type,usable_area,available_from,bedrooms,bathrooms,garage_parking,buyer_commission,criteriagroup_boolean_listing
"...eins, zwei, drei, mietfrei!",450.000 €,"74182 Obersulm, Heilbronn (Kreis)
Die vollständige Adresse der Immobilie erhalten Sie vom Anbieter.",6,162 m²,457 m²,2.778 €/m²,Einfamilienhaus (freistehend),166 m²,nach Vereinbarung,4,2,1 Stellplatz,"3,57 inkl. MwSt.","{'is24qa-gaeste-wc-label': '', 'is24qa-keller-label': ''}"
VBU Immobilien - Ein Traum wird wahr,939.000 €,"74226 Nordheim, Heilbronn (Kreis)
Die vollständige Adresse der Immobilie erhalten Sie vom Anbieter.",7,232 m²,481 m²,4.047 €/m²,Mehrfamilienhaus,nil,Nach Vereinbarung,nil,nil,4 Stellplätze,"4,76 % inkl. MwSt",{}
Idyllisches Wohnhaus und Gästehaus,1.500.000 €,"79837 Ibach, Waldshut (Kreis)
Die vollständige Adresse der Immobilie erhalten Sie vom Anbieter.",12,876 m²,4.072 m²,1.712 €/m²,Mehrfamilienhaus,nil,nil,nil,nil,nil,"3,57 % inkl. MwSt.",{}
Villa der Extraklasse mit Weitblick,1.830.000 €,"79194 Gundelfingen, Breisgau-Hochschwarzwald (Kreis)
Die vollständige Adresse der Immobilie erhalten Sie vom Anbieter.","5,5",195 m²,698 m²,9.385 €/m²,Einfamilienhaus (freistehend),nil,nil,4,2,2 Garagen,"3,57 %","{'is24qa-gaeste-wc-label': '', 'is24qa-keller-label': ''}"
"Wiesen & Wälder, statt Ruß & Asphalt! Einfamilienhaus in Aussichtslage!",438.000 €,"73072 Donzdorf, Göppingen (Kreis)
Die vollständige Adresse der Immobilie erhalten Sie vom Anbieter.","5,5",119 m²,865 m²,3.681 €/m²,Einfamilienhaus (freistehend),nil,nach Vereinbarung,5,2,2 Garagen,"2,975% v. Brutto-VKP inkl. MwSt.","{'is24qa-gaeste-wc-label': '', 'is24qa-keller-label': '', 'is24qa-stufenloser-zugang-label': ''}"
CHARMANTES MEHRFAMILIENHAUS MIT GEWERBEFLÄCHE & ZUKUNFTSPOTENZIAL IN BALINGER INNENSTADT,850.000 €,"72336 Balingen, Zollernalbkreis
Die vollständige Adresse der Immobilie erhalten Sie vom Anbieter.",7,240 m²,160 m²,3.542 €/m²,Mehrfamilienhaus,nil,nil,7,3,nil,"4,76","{'is24qa-gaeste-wc-label': '', 'is24qa-keller-label': '', 'is24qa-einliegerwohnung-label': '', 'is24qa-vermietet-label': ''}"
"Ispringen ""... Mehrgenerationenhaus ..."" 4 Familienhaus mit Ladengeschäft",595.000 €,"75228 Ispringen, Enzkreis
Die vollständige Adresse der Immobilie erhalten Sie vom Anbieter.",12,272 m²,582 m²,2.188 €/m²,Mehrfamilienhaus,nil,nil,9,5,4 Stellplätze,"2,98 % inkl. der gesetzlichen MwSt.","{'is24qa-gaeste-wc-label': '', 'is24qa-keller-label': ''}"
Einfamilienhaus in grünem und ruhigen Höhenstadtteil von Karlsruhe,585.000 €,"Grünwettersbach, 76228 Karlsruhe
Die vollständige Adresse der Immobilie erhalten Sie vom Anbieter.",5,182 m²,279 m²,3.214 €/m²,nil,nil,sofort,4,2,nil,"3,57 % inkl. MwSt. aus dem Kaufpreis",{}
"""Diesen Sommer im eigenen Garten verbringen!"" Attraktives 2-FH mit großem Garten in Herrenberg",648.000 €,"71083 Herrenberg, Böblingen (Kreis)
Die vollständige Adresse der Immobilie erhalten Sie vom Anbieter.",6,160 m²,820 m²,4.050 €/m²,Mehrfamilienhaus,nil,nil,4,2,1 Garage,"4,76% inkl. MwSt.",{'is24qa-keller-label': ''}
2 Häuser ** kernsaniertes 1-2 FH mit Wintergarten und sep. kleines EFH ** 3 Garagen**,729.000 €,"74379 Ingersheim, Ludwigsburg (Kreis)
Die vollständige Adresse der Immobilie erhalten Sie vom Anbieter.",7,214 m²,344 m²,3.407 €/m²,Einfamilienhaus (freistehend),84 m²,01.08.2022,5,3,3 Garagen,"3,57 % vom Kaufpreis",{'is24qa-einliegerwohnung-label': ''}
"Freistehendes, solides 1-2 FH mit Werkstatt, Garage und Außenstellplätze",699.000 €,"71691 Freiberg am Neckar, Ludwigsburg (Kreis)
Die vollständige Adresse der Immobilie erhalten Sie vom Anbieter.",5,130 m²,530 m²,5.377 €/m²,Mehrfamilienhaus,60 m²,nach Absprache,3,1,Garage,"3,57 % vom Kaufpreis",{}
4 Familienhaus mit Balkone und Garten in sehr guter Lage,939.000 €,"Rotenbergstr. 78,
Ostheim, 70190 Stuttgart",8,220 m²,105 m²,4.268 €/m²,Mehrfamilienhaus,nil,01.05.2024,8,4,nil,"3,57 % vom Kaufpreis","{'is24qa-gaeste-wc-label': '', 'is24qa-einliegerwohnung-label': '', 'is24qa-vermietet-label': ''}"
Großes Haus in Albstadt-Tailfingen mit grenzenlosem Potenzial und einer Einliegerwohnung!,395.000 €,"72461 Albstadt, Zollernalbkreis
Die vollständige Adresse der Immobilie erhalten Sie vom Anbieter.",11,250 m²,637 m²,1.580 €/m²,Einfamilienhaus (freistehend),nil,nil,nil,nil,4 Garagen,4.76 % inkl. MwSt,"{'is24qa-gaeste-wc-label': '', 'is24qa-keller-label': ''}"
Schluss mit Mieten: Ihr energieeffizientes Eigenheim zum Preis einer Miete *Bezugsfertig*,499.000 €,"74399 Walheim, Ludwigsburg (Kreis)
Die vollständige Adresse der Immobilie erhalten Sie vom Anbieter.","5,5",137 m²,145 m²,3.642 €/m²,Doppelhaushälfte,38 m²,14.5.2024,3,1,2 Außenstellplätze,"3,57% inkl. MwSt.",{'is24qa-gaeste-wc-label': ''}
EFH mit ELW + Doppelgarage + Wohnmobilplatz + 100 qm Ausbaufläche im DG,829.000 €,"74193 Schwaigern, Heilbronn (Kreis)
Die vollständige Adresse der Immobilie erhalten Sie vom Anbieter.",6,"206,29 m²",1.130 m²,4.019 €/m²,Einfamilienhaus (freistehend),nil,ab sofort,5,2,2 Garagen,"3,57","{'is24qa-online-besichtigung-moeglich-label': '', 'is24qa-gaeste-wc-label': '', 'is24qa-keller-label': '', 'is24qa-einliegerwohnung-label': ''}"
Energetisch saniertes & gepflegtes 4-Parteien-Mietshaus,725.000 €,"Brötzingen, 75179 Pforzheim
Die vollständige Adresse der Immobilie erhalten Sie vom Anbieter.",10,"261,8 m²",293 m²,2.769 €/m²,Mehrfamilienhaus,nil,nach Absprache,7,4,Garage,"4,76% inkl. MwSt.","{'is24qa-listonlyonis24-label': 'Nur hier gefunden', 'is24qa-keller-label': '', 'is24qa-vermietet-label': ''}"
Wohn- und Geschäftshaus in Friedrichshafen mit sehr guter Infrastruktur!!,630.000 €,"88046 Friedrichshafen, Bodenseekreis
Die vollständige Adresse der Immobilie erhalten Sie vom Anbieter.",10,241 m²,499 m²,2.614 €/m²,Mehrfamilienhaus,nil,nil,5,3,5 Außenstellplätze,"3,57% inkl. 19% MwSt.","{'is24qa-gaeste-wc-label': '', 'is24qa-keller-label': ''}"
Renditehaus mit 4 Wohnungen in ruhiger Lage mit super Infrastruktur in S-Wangen zu verkaufen.,998.000 €,"Wangen, 70237 Stuttgart
Die vollständige Adresse der Immobilie erhalten Sie vom Anbieter.",13,225 m²,200 m²,4.436 €/m²,Mehrfamilienhaus,60 m²,nil,nil,nil,nil,4.76 % Inkl. Mw.St.,"{'is24qa-online-besichtigung-moeglich-label': '', 'is24qa-keller-label': '', 'is24qa-vermietet-label': ''}"
Sonniges 4-Familienhaus mit großen Südbalkonen in ruhiger und grüner Lage von S-Vaihingen,1.900.000 €,"Vaihingen-Mitte, 70563 Stuttgart
Die vollständige Adresse der Immobilie erhalten Sie vom Anbieter.",13,291 m²,510 m²,6.529 €/m²,Mehrfamilienhaus,110 m²,nil,nil,nil,1 Garage,"4,76 % vom Kaufpreis inkl. Mw.St.","{'is24qa-online-besichtigung-moeglich-label': '', 'is24qa-gaeste-wc-label': '', 'is24qa-keller-label': '', 'is24qa-vermietet-label': ''}"
Maßgeschneiderte Architektur. Individuell geplant.,383.255 €,"74889 Sinsheim, Rhein-Neckar-Kreis
Die vollständige Adresse der Immobilie erhalten Sie vom Anbieter.",4,127 m²,450 m²,3.018 €/m²,Einfamilienhaus (freistehend),0 m²,nil,1,1,nil,Nein,"{'is24qa-gaeste-wc-label': '', 'is24qa-provisionsfrei-fuer-kaufende-label': ''}"
Danhaus: Exklusives Zuhause für zeitlose Eleganz.,394.785 €,"74889 Sinsheim, Rhein-Neckar-Kreis
Die vollständige Adresse der Immobilie erhalten Sie vom Anbieter.",4,118 m²,450 m²,3.346 €/m²,Bungalow,0 m²,nil,3,1,nil,Nein,"{'is24qa-gaeste-wc-label': '', 'is24qa-provisionsfrei-fuer-kaufende-label': ''}"
Danhaus: Exklusives Zuhause für zeitlose Eleganz.,394.785 €,"74889 Sinsheim, Rhein-Neckar-Kreis
Die vollständige Adresse der Immobilie erhalten Sie vom Anbieter.",4,118 m²,450 m²,3.346 €/m²,Bungalow,0 m²,nil,3,1,nil,Nein,"{'is24qa-gaeste-wc-label': '', 'is24qa-provisionsfrei-fuer-kaufende-label': ''}"
Innovative Bautechnik - Zukunftssicher wohnen,294.093 €,"74889 Sinsheim, Rhein-Neckar-Kreis
Die vollständige Adresse der Immobilie erhalten Sie vom Anbieter.",6,157 m²,450 m²,1.873 €/m²,Bauernhaus,0 m²,nil,1,1,nil,Nein,"{'is24qa-gaeste-wc-label': '', 'is24qa-provisionsfrei-fuer-kaufende-label': ''}"
Bauen mit Vertrauen: Die Zukunft für Ihre Familie,411.199 €,"74889 Sinsheim, Rhein-Neckar-Kreis
Die vollständige Adresse der Immobilie erhalten Sie vom Anbieter.",5,140 m²,450 m²,2.937 €/m²,Villa,0 m²,nil,1,1,nil,Nein,"{'is24qa-gaeste-wc-label': '', 'is24qa-provisionsfrei-fuer-kaufende-label': ''}"
Danhaus: Exklusives Zuhause für zeitlose Eleganz.,442.832 €,"74889 Sinsheim, Rhein-Neckar-Kreis
Die vollständige Adresse der Immobilie erhalten Sie vom Anbieter.",5,174 m²,450 m²,2.545 €/m²,Einfamilienhaus (freistehend),0 m²,nil,2,2,nil,Nein,"{'is24qa-gaeste-wc-label': '', 'is24qa-einliegerwohnung-label': '', 'is24qa-provisionsfrei-fuer-kaufende-label': ''}"
Familientraum – Glücklich leben im Eigenheim,411.199 €,"74889 Sinsheim, Rhein-Neckar-Kreis
Die vollständige Adresse der Immobilie erhalten Sie vom Anbieter.",5,140 m²,450 m²,2.937 €/m²,Villa,0 m²,nil,1,1,nil,Nein,"{'is24qa-gaeste-wc-label': '', 'is24qa-provisionsfrei-fuer-kaufende-label': ''}"
Danhaus: Exklusives Zuhause für zeitlose Eleganz.,294.199 €,"69514 Laudenbach, Rhein-Neckar-Kreis
Die vollständige Adresse der Immobilie erhalten Sie vom Anbieter.",5,140 m²,377 m²,2.101 €/m²,Villa,0 m²,nil,1,1,nil,Nein,"{'is24qa-gaeste-wc-label': '', 'is24qa-provisionsfrei-fuer-kaufende-label': ''}"
Familientraum – Glücklich leben im Eigenheim,325.832 €,"69514 Laudenbach, Rhein-Neckar-Kreis
Die vollständige Adresse der Immobilie erhalten Sie vom Anbieter.",5,174 m²,377 m²,1.873 €/m²,Einfamilienhaus (freistehend),0 m²,nil,2,2,nil,Nein,"{'is24qa-gaeste-wc-label': '', 'is24qa-einliegerwohnung-label': '', 'is24qa-provisionsfrei-fuer-kaufende-label': ''}"
Danhaus: Exklusives Zuhause für zeitlose Eleganz.,266.244 €,"69514 Laudenbach, Rhein-Neckar-Kreis
Die vollständige Adresse der Immobilie erhalten Sie vom Anbieter.",4,127 m²,377 m²,2.096 €/m²,Einfamilienhaus (freistehend),0 m²,nil,1,1,nil,Nein,"{'is24qa-gaeste-wc-label': '', 'is24qa-provisionsfrei-fuer-kaufende-label': ''}"
Innovative Bautechnik - Zukunftssicher wohnen,260.542 €,"69514 Laudenbach, Rhein-Neckar-Kreis
Die vollständige Adresse der Immobilie erhalten Sie vom Anbieter.",4,102 m²,377 m²,2.554 €/m²,Doppelhaushälfte,0 m²,nil,1,1,nil,Nein,"{'is24qa-gaeste-wc-label': '', 'is24qa-provisionsfrei-fuer-kaufende-label': ''}"
