title,price,address,rooms,living_space,property_area,price_per_m2,type,usable_area,available_from,bedrooms,bathrooms,garage_parking,buyer_commission,criteriagroup_boolean_listing
Hofreite in Mücke-Bernsfeld,129.000 €,"35325 Mücke, Vogelsbergkreis
Die vollständige Adresse der Immobilie erhalten Sie vom Anbieter.",8,160 m²,1.183 m²,806 €/m²,Einfamilienhaus (freistehend),200 m²,nil,nil,1,2 Außenstellplätze,"4,76 % inkl. MwSt","{'is24qa-gaeste-wc-label': '', 'is24qa-keller-label': ''}"
Großkrotzenburg: Charmantes & potentielles Mehrgenerationenhaus mit großem Grundstück,625.000 €,"63538 Großkrotzenburg, Main-Kinzig-Kreis
Die vollständige Adresse der Immobilie erhalten Sie vom Anbieter.",8,"229,87 m²",616 m²,2.719 €/m²,Mehrfamilienhaus,"84,75 m²",nach Vereinbarung,5,3,6 Stellplätze,"3,57 % inkl. ges. MwSt.",{}
"----Sanierungsbedürftiges Wohnhaus mit Anbauten, Werkstatt und Garten auf 1507 m²-----",1.170.000 €,"61462 Königstein im Taunus, Hochtaunuskreis
Die vollständige Adresse der Immobilie erhalten Sie vom Anbieter.",6,146 m²,1.507 m²,8.014 €/m²,Einfamilienhaus (freistehend),121 m²,nach Vereinbarung,4,3,2 Garagen,"2,975 % vom Kaufpreis inkl. ges.MwSt.","{'is24qa-online-besichtigung-moeglich-label': '', 'is24qa-keller-label': ''}"
Villa der vielen Möglichkeiten!,699.000 €,"35683 Dillenburg, Lahn-Dill-Kreis
Die vollständige Adresse der Immobilie erhalten Sie vom Anbieter.",12,"253,58 m²",892 m²,2.757 €/m²,Mehrfamilienhaus,nil,nil,5,4,2 Garagen,"3,57 % des Kaufpreises incl. MwSt.","{'is24qa-gaeste-wc-label': '', 'is24qa-keller-label': '', 'is24qa-einliegerwohnung-label': ''}"
Bungalow in Ortsrandnähe in Büdingen-Düdelsheim,268.000 €,"63654 Büdingen, Wetteraukreis
Die vollständige Adresse der Immobilie erhalten Sie vom Anbieter.",6,"114,06 m²",613 m²,2.350 €/m²,Bungalow,"72,32 m²",nach Absprache,4,2,2 Stellplätze,3 % inkl. ges. MwSt.,"{'is24qa-gaeste-wc-label': '', 'is24qa-keller-label': ''}"
Einfach nur schön - Toller Aussiedlerhof in Gedern,985.000 €,"63688 Gedern, Wetteraukreis
Die vollständige Adresse der Immobilie erhalten Sie vom Anbieter.",16,473 m²,62.483 m²,2.082 €/m²,Bauernhaus,131 m²,nach Absprache,11,5,23 Stellplätze,Nein,"{'is24qa-gaeste-wc-label': '', 'is24qa-keller-label': '', 'is24qa-einliegerwohnung-label': '', 'is24qa-provisionsfrei-fuer-kaufende-label': ''}"
DIETZ: Gepflegter Bungalow mit herrlichem Garten und Garage in beliebter Wohnlage!,535.000 €,"64832 Babenhausen, Darmstadt-Dieburg (Kreis)
Die vollständige Adresse der Immobilie erhalten Sie vom Anbieter.",6,135 m²,644 m²,3.963 €/m²,Bungalow,155 m²,nach Absprache,3,2,2 Außenstellplätze,"3,57 % vom Kaufpreis","{'is24qa-gaeste-wc-label': '', 'is24qa-keller-label': ''}"
Doppelhaushälfte mit Garten in Bensheim auf Erbbaurecht,415.000 €,"64625 Bensheim, Bergstraße (Kreis)
Die vollständige Adresse der Immobilie erhalten Sie vom Anbieter.",7,"227,36 m²",336 m²,1.825 €/m²,Doppelhaushälfte,nil,ab sofort,6,3,3 Garagen,"1,80%","{'is24qa-listonlyonis24-label': 'Nur hier gefunden', 'is24qa-online-besichtigung-moeglich-label': '', 'is24qa-gaeste-wc-label': '', 'is24qa-keller-label': ''}"
Ideal für die Familie - Großzügiges Reihenmittelhaus mit Garage,429.000 €,"Lauterborn, 63069 Offenbach am Main
Die vollständige Adresse der Immobilie erhalten Sie vom Anbieter.",4,"147,59 m²",245 m²,2.907 €/m²,Reihenmittelhaus,"27,07 m²",sofort,3,1,1 Garage,"3,57 % inkl. ges. MwSt.","{'is24qa-gaeste-wc-label': '', 'is24qa-keller-label': ''}"
Ars Vivendi Immobilien: Kleines Raumwunder für Ihre Familie!,339.000 €,"63571 Gelnhausen, Main-Kinzig-Kreis
Die vollständige Adresse der Immobilie erhalten Sie vom Anbieter.",4,123 m²,221 m²,2.756 €/m²,Reihenmittelhaus,45 m²,nil,3,1,1 Garage,"3,57% Käuferprovision inkl. MwSt.",{'is24qa-online-besichtigung-moeglich-label': ''}
Modernisiertes Fachwerkhaus mit Anbau und idyllischem Garten,539.000 €,"61203 Reichelsheim (Wetterau), Wetteraukreis
Die vollständige Adresse der Immobilie erhalten Sie vom Anbieter.",5,150 m²,1.201 m²,3.593 €/m²,Einfamilienhaus (freistehend),nil,nil,3,2,nil,"Käuferprovision beträgt 3,57 % (inkl. MwSt.) des beurkundeten Kaufpreises",{'is24qa-keller-label': ''}
Moderne Architektenvilla mit Einliegerwohnung und hervorragender Ausstattung,1.345.000 €,"65779 Kelkheim (Taunus), Main-Taunus-Kreis
Die vollständige Adresse der Immobilie erhalten Sie vom Anbieter.",7,"265,92 m²",838 m²,5.058 €/m²,Villa,nil,nil,2,2,2 Garagen,"Käuferprovision beträgt 2,975 € (inkl. MwSt.)","{'is24qa-gaeste-wc-label': '', 'is24qa-keller-label': '', 'is24qa-einliegerwohnung-label': ''}"
Geräumiges Einfamilienhaus mit großem Hof und Garten,630.000 €,"65830 Kriftel, Main-Taunus-Kreis
Die vollständige Adresse der Immobilie erhalten Sie vom Anbieter.",10,"199,55 m²",365 m²,3.157 €/m²,Einfamilienhaus (freistehend),nil,nil,3,2,1 Garage,"Käuferprovision beträgt 3,57 % (inkl. MwSt.) des beurkundeten",{'is24qa-keller-label': ''}
"Neuwertiges A+-Massivhaus mit schöner EBK, Doppelgarage, Vollunterkellerung in ruhiger grüner Lage",1.050.000 €,"61267 Neu-Anspach, Hochtaunuskreis
Die vollständige Adresse der Immobilie erhalten Sie vom Anbieter.","6,5",195 m²,439 m²,5.385 €/m²,Einfamilienhaus (freistehend),159 m²,26.4.2024,5,2,2 Außenstellplätze,"Käuferprovision beträgt 3,57 % (inkl. MwSt.) des beurkundeten Kaufpreises","{'is24qa-gaeste-wc-label': '', 'is24qa-keller-label': '', 'is24qa-stufenloser-zugang-label': '', 'is24qa-als-ferienhaus-geeignet-label': '', 'is24qa-einliegerwohnung-label': ''}"
Zwei Klang - modernes Doppelhaus mit Außenpool und Wellnessbereich,1.800.000 €,"35578 Wetzlar, Lahn-Dill-Kreis
Die vollständige Adresse der Immobilie erhalten Sie vom Anbieter.",11,"383,77 m²",719 m²,4.690 €/m²,Mehrfamilienhaus,nil,1.3.2025,6,4,2 Garagen,"Käuferprovision beträgt 3,57 % (inkl. MwSt.) des beurkundeten Kaufpreises","{'is24qa-gaeste-wc-label': '', 'is24qa-keller-label': ''}"
"Großzügiges Mehrfamilienhaus mit 3 getrennten Wohnungen, mit viel Potential",Auf Anfrage,"36124 Eichenzell, Fulda (Kreis)
Die vollständige Adresse der Immobilie erhalten Sie vom Anbieter.",10,279 m²,1.301 m²,nil,Mehrfamilienhaus,nil,nil,6,3,2 Außenstellplätze,"5,98","{'is24qa-keller-label': '', 'is24qa-einliegerwohnung-label': ''}"
Gemütliches Familiendomizil in ruhiger Zentrumslage,430.000 €,"65428 Rüsselsheim am Main, Groß-Gerau (Kreis)
Die vollständige Adresse der Immobilie erhalten Sie vom Anbieter.",5,121 m²,189 m²,3.554 €/m²,Reihenmittelhaus,nil,nil,4,1,2 Außenstellplätze,"Käuferprovision beträgt 3,57 % (inkl. MwSt.) des beurkundeten Kaufpreises",{'is24qa-gaeste-wc-label': ''}
Geräumiges Mehrfamilienhaus mit großem Innenhof und Anbau,580.000 €,"65451 Kelsterbach, Groß-Gerau (Kreis)
Die vollständige Adresse der Immobilie erhalten Sie vom Anbieter.",8,213 m²,345 m²,2.723 €/m²,Mehrfamilienhaus,nil,nil,5,3,1 Außenstellplatz,"Käuferprovision beträgt 5,95 % (inkl. MwSt.) des beurkundeten Kaufpreises",{'is24qa-keller-label': ''}
Freistehendes Einfamilienhaus auf großzügigem Grundstück in bevorzugter Wohnlage,725.000 €,"64546 Mörfelden-Walldorf, Groß-Gerau (Kreis)
Die vollständige Adresse der Immobilie erhalten Sie vom Anbieter.",4,122 m²,624 m²,5.943 €/m²,Einfamilienhaus (freistehend),71 m²,nil,3,2,1 Garage,"Käuferprovision beträgt 3,57 % (inkl. MwSt.) des beurkundeten Kaufpreises","{'is24qa-gaeste-wc-label': '', 'is24qa-keller-label': ''}"
Geräumige Doppelhaushälfte mit vielseitigem Potential,498.000 €,"61381 Friedrichsdorf, Hochtaunuskreis
Die vollständige Adresse der Immobilie erhalten Sie vom Anbieter.",5,147 m²,275 m²,3.388 €/m²,Doppelhaushälfte,50 m²,nach Vereinbarung,2,1,3 Stellplätze,"für Käufer: 2,975% des Kaufpreises inkl. MwSt.","{'is24qa-gaeste-wc-label': '', 'is24qa-keller-label': ''}"
