title,price,address,rooms,living_space,property_area,price_per_m2,type,usable_area,available_from,bedrooms,bathrooms,garage_parking,buyer_commission,criteriagroup_boolean_listing
Nachtclub an der Mosel,750.000 €,"56820 Senheim, Cochem-Zell (Kreis)
Die vollständige Adresse der Immobilie erhalten Sie vom Anbieter.",8,313 m²,3.050 m²,2.396 €/m²,Besondere Immobilie,nil,nil,nil,nil,nil,"3,57 %",{}
Gepflegtes Ferienhaus (958),160.000 €,"Am Kellerborn 1,
56812 Cochem, Cochem-Zell (Kreis)",4,73 m²,273 m²,2.192 €/m²,Wohnimmobilie (sonstige),nil,nil,3,2,Außenstellplatz,Nein,{'is24qa-provisionsfrei-fuer-kaufende-label': ''}
Aufwändig saniertes Wohn und Geschäftshaus in der Innenstadt,689.800 €,"Kernstadt, 67433 Neustadt an der Weinstraße
Die vollständige Adresse der Immobilie erhalten Sie vom Anbieter.",8,209 m²,103 m²,3.300 €/m²,nil,185 m²,Nach Absprache,4,4,nil,"3,57% inkl. 19% MwSt. Käuferprovision",{'is24qa-online-besichtigung-moeglich-label': ''}
Ferienhaus in der schönen Stadt Cochem zu verkaufen (592),172.500 €,"Am Kellerborn 1,
56812 Cochem, Cochem-Zell (Kreis)",4,83 m²,409 m²,2.078 €/m²,Wohnimmobilie (sonstige),nil,nil,3,2,Außenstellplatz,Nein,{'is24qa-provisionsfrei-fuer-kaufende-label': ''}
Ferienhaus in der schönen Stadt Cochem zu verkaufen (592),172.500 €,"Am Kellerborn 1,
56812 Ediger-Eller, Cochem-Zell (Kreis)",4,83 m²,409 m²,2.078 €/m²,Wohnimmobilie (sonstige),nil,nil,3,2,Außenstellplatz,Nein,{'is24qa-provisionsfrei-fuer-kaufende-label': ''}
Ferienhaus auf dem Golfplatz für 4 Personen zu verkaufen (514),175.000 €,"Am Kellerborn 1,
56812 Ediger-Eller, Cochem-Zell (Kreis)",4,73 m²,449 m²,2.397 €/m²,Wohnimmobilie (sonstige),nil,nil,3,2,Außenstellplatz,Nein,{'is24qa-provisionsfrei-fuer-kaufende-label': ''}
Ferienhaus mit Blick auf den Golfplatz zu verkaufen (478),279.000 €,"Am Kellerborn 1,
56812 Cochem, Cochem-Zell (Kreis)",6,152 m²,491 m²,1.836 €/m²,Wohnimmobilie (sonstige),nil,nil,5,4,2 Außenstellplätze,Nein,{'is24qa-provisionsfrei-fuer-kaufende-label': ''}
Ferienhaus mit Blick auf den Golfplatz zu verkaufen (478),295.000 €,"Am Kellerborn 1,
56812 Cochem, Cochem-Zell (Kreis)",6,152 m²,491 m²,1.941 €/m²,Wohnimmobilie (sonstige),nil,nil,5,4,2 Außenstellplätze,Nein,{'is24qa-provisionsfrei-fuer-kaufende-label': ''}
Elegantes Ferienhaus in schöner Umgebung (208),309.000 €,"Am Kellerborn 1,
56812 Ediger-Eller, Cochem-Zell (Kreis)",6,152 m²,481 m²,2.033 €/m²,Wohnimmobilie (sonstige),nil,nil,5,4,1 Außenstellplatz,Nein,{'is24qa-provisionsfrei-fuer-kaufende-label': ''}
"Ferienhaus zu verkaufen, wo Sie sich mit der ganzen Familie erholen können. (204)",249.000 €,"Am Kellerborn 1,
56812 Ediger-Eller, Cochem-Zell (Kreis)",6,152 m²,401 m²,1.638 €/m²,Wohnimmobilie (sonstige),nil,nil,5,4,1 Außenstellplatz,Nein,{'is24qa-provisionsfrei-fuer-kaufende-label': ''}
Ferienhaus in der Nähe der Mosel zu verkaufen (203),198.000 €,"Am Kellerborn 1,
56812 Cochem, Cochem-Zell (Kreis)",4,83 m²,383 m²,2.386 €/m²,Wohnimmobilie (sonstige),nil,nil,3,2,1 Außenstellplatz,Nein,{'is24qa-provisionsfrei-fuer-kaufende-label': ''}
Ferienhaus in der Nähe der Mosel zu verkaufen (203),198.000 €,"Am Kellerborn 1,
56812 Ediger-Eller, Cochem-Zell (Kreis)",4,83 m²,383 m²,2.386 €/m²,Wohnimmobilie (sonstige),nil,nil,3,2,1 Außenstellplatz,Nein,{'is24qa-provisionsfrei-fuer-kaufende-label': ''}
"445.000 €, 110 m², 4 Zimmer",445.000 €,"67278 Bockenheim an der Weinstraße, Bad Dürkheim (Kreis)
Die vollständige Adresse der Immobilie erhalten Sie vom Anbieter.",4,110 m²,556 m²,4.045 €/m²,Bungalow,nil,nach Vereinbarung,nil,2,nil,Nein,"{'is24qa-gaeste-wc-label': '', 'is24qa-keller-label': '', 'is24qa-provisionsfrei-fuer-kaufende-label': ''}"
Schönes und gepflegtes Einfamilienhaus,220.000 €,"54295 Horath, Bernkastel-Wittlich (Kreis)
Die vollständige Adresse der Immobilie erhalten Sie vom Anbieter.",3,90 m²,420 m²,2.444 €/m²,nil,nil,nil,nil,1,nil,Nein,{'is24qa-provisionsfrei-fuer-kaufende-label': ''}
"Hochwertiges Wohnobjekt mit viel Platz und Potenzial, bis zu 4 Parteien, top Lage!",535.000 €,"Buchenstraße 7,
76846 Hauenstein, Südwestpfalz (Kreis)",20,550 m²,870 m²,973 €/m²,Mehrfamilienhaus,nil,nil,8,5,4 Stellplätze,Nein,"{'is24qa-gaeste-wc-label': '', 'is24qa-keller-label': '', 'is24qa-stufenloser-zugang-label': '', 'is24qa-als-ferienhaus-geeignet-label': '', 'is24qa-einliegerwohnung-label': '', 'is24qa-provisionsfrei-fuer-kaufende-label': ''}"
Anlageobjekt Vermietet- Bevorzugte Wohnlage - sehr schönes Einfamilienhaus neu renoviert Festpreis,429.950 €,"Hohenecken, 67661 Kaiserslautern
Die vollständige Adresse der Immobilie erhalten Sie vom Anbieter.",5,151 m²,500 m²,2.847 €/m²,Reiheneckhaus,203 m²,1.2.2023,nil,1,nil,Nein,"{'is24qa-gaeste-wc-label': '', 'is24qa-keller-label': '', 'is24qa-als-ferienhaus-geeignet-label': '', 'is24qa-vermietet-label': '', 'is24qa-provisionsfrei-fuer-kaufende-label': ''}"
Holzblockhaus mit Carport und Nebengebäude,385.000 €,"Oberstwiese 26,
54426 Heidenburg, Bernkastel-Wittlich (Kreis)",6,180 m²,2.120 m²,2.139 €/m²,Einfamilienhaus (freistehend),nil,nil,nil,2,Duplex-Stellplatz,Nein,"{'is24qa-gaeste-wc-label': '', 'is24qa-keller-label': '', 'is24qa-als-ferienhaus-geeignet-label': '', 'is24qa-einliegerwohnung-label': '', 'is24qa-provisionsfrei-fuer-kaufende-label': ''}"
Stilvolles Wohn- und/oder Bürohaus in Waldfischbach-Burgalben,295.000 €,"Friedhofstrasse 1,
67714 Waldfischbach-Burgalben, Südwestpfalz (Kreis)",10,370 m²,573 m²,797 €/m²,Mehrfamilienhaus,nil,sofort,nil,nil,8 Außenstellplätze,Nein,{'is24qa-provisionsfrei-fuer-kaufende-label': ''}
Sommer im Eigenheim ! Gemütliches EFH mit 2 Südbalkonen - SOFORT FREI !!,178.500 €,"54568 Gerolstein, Vulkaneifel (Kreis)
Die vollständige Adresse der Immobilie erhalten Sie vom Anbieter.",6,150 m²,349 m²,1.190 €/m²,Einfamilienhaus (freistehend),50 m²,sofort,4,2,3 Garagen,"3,57 % incl. MwSt.","{'is24qa-gaeste-wc-label': '', 'is24qa-keller-label': '', 'is24qa-als-ferienhaus-geeignet-label': '', 'is24qa-einliegerwohnung-label': ''}"
Wohn und Geschäftshaus,419.000 €,"Ringstr. 8,
57578 Elkenroth, Altenkirchen (Westerwald) (Kreis)",10,500 m²,500 m²,838 €/m²,nil,nil,nil,nil,nil,Garage,Nein,"{'is24qa-keller-label': '', 'is24qa-als-ferienhaus-geeignet-label': '', 'is24qa-vermietet-label': '', 'is24qa-provisionsfrei-fuer-kaufende-label': ''}"
