title,price,address,rooms,living_space,property_area,price_per_m2,type,usable_area,available_from,bedrooms,bathrooms,garage_parking,buyer_commission,criteriagroup_boolean_listing
Haben Sie Lust auf etwas Großes?,575.000 €,"21706 Drochtersen, Stade (Kreis)
Die vollständige Adresse der Immobilie erhalten Sie vom Anbieter.",14,403 m²,12.000 m²,1.427 €/m²,nil,360 m²,nil,9,3,2 Garagen,"3,57 % inkl. MwSt.","{'is24qa-gaeste-wc-label': '', 'is24qa-keller-label': ''}"
Sanierter Bungalow mit schönem Garten in Geismar!,749.000 €,"Geismar, 37085 Göttingen
Die vollständige Adresse der Immobilie erhalten Sie vom Anbieter.",6,133 m²,739 m²,5.632 €/m²,Einfamilienhaus (freistehend),130 m²,nil,nil,2,nil,"3,57 % inkl. der gesetzl. MwSt., bezogen auf den Kaufpreis",{}
Bungalow mit herrlichem Garten in Weende-Nord!,369.000 €,"Weende, 37077 Göttingen
Die vollständige Adresse der Immobilie erhalten Sie vom Anbieter.",6,126 m²,710 m²,2.929 €/m²,Bungalow,126 m²,nil,nil,1,nil,"3,57 % inkl. der gesetzl. MwSt., bezogen auf den Kaufpreis",{}
Ein Traum vom Landleben - großer Bauernhof in Staffhorst,130.000 €,"27254 Staffhorst, Diepholz (Kreis)
Die vollständige Adresse der Immobilie erhalten Sie vom Anbieter.",7,150 m²,4.503 m²,867 €/m²,Bauernhaus,nil,01.08.2024,4,1,Carport,provisionsfrei,"{'is24qa-online-besichtigung-moeglich-label': '', 'is24qa-keller-label': ''}"
Außergewöhnliches Anwesen für Pferdeliebhaber ...,2.200.000 €,"29690 Gilten, Heidekreis
Die vollständige Adresse der Immobilie erhalten Sie vom Anbieter.",16,770 m²,63.363 m²,2.857 €/m²,Besondere Immobilie,498 m²,nach Absprache,10,7,5 Garagen,3.57 %,"{'is24qa-gaeste-wc-label': '', 'is24qa-einliegerwohnung-label': ''}"
*Resse* großes 2-Fam.-Architektenhaus direkt am Teich und Waldrand.,795.000 €,"30900 Wedemark, Hannover (Kreis)
Die vollständige Adresse der Immobilie erhalten Sie vom Anbieter.",10,325 m²,1.685 m²,2.446 €/m²,Mehrfamilienhaus,30 m²,nach Absprache,nil,nil,nil,"2,9 % inkl. 19 % MwSt.","{'is24qa-gaeste-wc-label': '', 'is24qa-keller-label': '', 'is24qa-einliegerwohnung-label': ''}"
Sichere Kapitalanlage - Charmantes Mehrfamilienhaus in malerischer Lage von Melle-Buer!,349.000 €,"49328 Melle, Osnabrück (Kreis)
Die vollständige Adresse der Immobilie erhalten Sie vom Anbieter.",15,300 m²,697 m²,1.163 €/m²,Mehrfamilienhaus,nil,sofort!,nil,nil,nil,Käuferprovision 6 % (zzgl. 19 % MwSt.) des beurkundeten Kaufpreises.,{'is24qa-keller-label': ''}
Solide vermietetes MFH mit 12 WE und 14 Stellplätzen in guter Lage bei Bremen,799.000 €,"28857 Syke, Diepholz (Kreis)
Die vollständige Adresse der Immobilie erhalten Sie vom Anbieter.",14,"661,11 m²","2.977,11 m²",1.209 €/m²,Mehrfamilienhaus,nil,ab sofort,10,12,14 Außenstellplätze,"5,95 %",{'is24qa-online-besichtigung-moeglich-label': ''}
Wesentlich modernisiert und leerstehend bei Übergabe: Mehrfamilienhaus mit 4 WE in guter Lage,799.000 €,"49124 Georgsmarienhütte, Osnabrück (Kreis)
Die vollständige Adresse der Immobilie erhalten Sie vom Anbieter.",13,"332,15 m²","827,15 m²",2.406 €/m²,Mehrfamilienhaus,nil,nach Absprache,9,5,5 Außenstellplätze,"3,57 %","{'is24qa-online-besichtigung-moeglich-label': '', 'is24qa-keller-label': ''}"
Elegante voll möblierte Villa mit Poolhaus und Tiefgarage in ruhiger Feldrandlage,850.000 €,"38527 Meine, Gifhorn (Kreis)
Die vollständige Adresse der Immobilie erhalten Sie vom Anbieter.",6,"253,01 m²","830,01 m²",3.360 €/m²,Villa,nil,ab sofort,4,1,4 Tiefgaragen-Stellplätze,"3,57 %","{'is24qa-online-besichtigung-moeglich-label': '', 'is24qa-gaeste-wc-label': '', 'is24qa-keller-label': ''}"
Großes Zweifamilienhaus mit ELW auf weitläufigem Grundstück in Hollenstedt,1.275.000 €,"21279 Hollenstedt, Harburg (Kreis)
Die vollständige Adresse der Immobilie erhalten Sie vom Anbieter.",8,"420,13 m²","2.500,13 m²",3.035 €/m²,Mehrfamilienhaus,nil,nach Absprache,5,3,2 Garagen,"3,57 %","{'is24qa-online-besichtigung-moeglich-label': '', 'is24qa-gaeste-wc-label': '', 'is24qa-einliegerwohnung-label': ''}"
Exklusiver Bungalow - Hier wird Wohnen zum Zuhause,495.000 €,"49419 Wagenfeld, Diepholz (Kreis)
Die vollständige Adresse der Immobilie erhalten Sie vom Anbieter.",3,125 m²,754 m²,3.960 €/m²,Bungalow,nil,nil,2,2,1 Außenstellplatz,"Käuferprovision beträgt 3,57 % (inkl. MwSt.) des beurkundeten Kaufpreises",{'is24qa-gaeste-wc-label': ''}
Gemütliches Haus mit herrlichem Blick in ruhiger Wohnlage,349.000 €,"37603 Holzminden, Holzminden (Kreis)
Die vollständige Adresse der Immobilie erhalten Sie vom Anbieter.",8,"230,05 m²",1.193 m²,1.517 €/m²,Einfamilienhaus (freistehend),"62,73 m²",17.3.2024,4,4,2 Garagen,"Käuferprovision beträgt 3,57 % (inkl. MwSt.) des beurkundeten Kaufpreises","{'is24qa-gaeste-wc-label': '', 'is24qa-keller-label': ''}"
Solides Mehrfamilienhaus mit großzügigem Hinterhaus zur Neuvermietung mit Carport,1.080.000 €,"Östliches Ringgebiet, 38106 Braunschweig
Die vollständige Adresse der Immobilie erhalten Sie vom Anbieter.",20,628 m²,448 m²,1.720 €/m²,Mehrfamilienhaus,nil,nil,5,6,1 Carport,"Käuferprovision beträgt 7,14 % (inkl. MwSt.) des beurkundeten Kaufpreises","{'is24qa-gaeste-wc-label': '', 'is24qa-keller-label': ''}"
Kleines Wohnhaus mit einer Wohnfläche von 145 m² und Grundstück von 194 m² im Zentrum von Osterode,98.500 €,"37520 Osterode am Harz, Osterode am Harz (Kreis)
Die vollständige Adresse der Immobilie erhalten Sie vom Anbieter.",7,145 m²,194 m²,679 €/m²,Einfamilienhaus (freistehend),60 m²,nil,nil,2,1 Garage,"Käuferprovision beträgt 3,57 % (inkl. MwSt.) des beurkundeten Kaufpreises",{'is24qa-keller-label': ''}
Familienparadies - Raumwunder in Norden in ruhiger Lage mit Garten,289.000 €,"26506 Norden, Aurich (Kreis)
Die vollständige Adresse der Immobilie erhalten Sie vom Anbieter.",9,174 m²,562 m²,1.661 €/m²,Einfamilienhaus (freistehend),25 m²,nil,6,2,4 Außenstellplätze,"Käuferprovision beträgt 3,57 % (inkl. MwSt.) des beurkundeten Kaufpreises","{'is24qa-gaeste-wc-label': '', 'is24qa-keller-label': '', 'is24qa-stufenloser-zugang-label': ''}"
"Familienglück in Doppelpack: Ein Haus, Zwei Generationen!",249.900 €,"Uphusen/Marienwehr, 26725 Emden
Die vollständige Adresse der Immobilie erhalten Sie vom Anbieter.",7,"197,74 m²",1.022 m²,1.264 €/m²,Einfamilienhaus (freistehend),151 m²,nil,5,2,4 Außenstellplätze,"Käuferprovision beträgt 3,57 % (inkl. MwSt.) des beurkundeten Kaufpreises","{'is24qa-gaeste-wc-label': '', 'is24qa-keller-label': '', 'is24qa-stufenloser-zugang-label': ''}"
Heller und ruhiger Bungalow zum Verlieben,285.000 €,"21717 Fredenbeck, Stade (Kreis)
Die vollständige Adresse der Immobilie erhalten Sie vom Anbieter.",4,101 m²,681 m²,2.822 €/m²,Einfamilienhaus (freistehend),"13,9 m²",nil,3,1,3 Garagen,"Käuferprovision beträgt 3,57 % (inkl. MwSt.) des beurkundeten Kaufpreiseskeine Mieterprovision",{'is24qa-gaeste-wc-label': ''}
Zweifamilienhaus in gesuchter Lage,598.000 €,"21244 Buchholz in der Nordheide, Harburg (Kreis)
Die vollständige Adresse der Immobilie erhalten Sie vom Anbieter.",7,187 m²,945 m²,3.198 €/m²,Mehrfamilienhaus,100 m²,7.6.2024,nil,2,2 Carports,"Käuferprovision beträgt 3,57 % (inkl. MwSt.) des beurkundeten Kaufpreises","{'is24qa-gaeste-wc-label': '', 'is24qa-keller-label': ''}"
**Beliebte Lage! Familienfreundliches Einfamilienhaus mit schönem Garten im Stadtgebiet**,295.000 €,"29223 Celle, Celle (Kreis)
Die vollständige Adresse der Immobilie erhalten Sie vom Anbieter.",8,152 m²,600 m²,1.941 €/m²,Einfamilienhaus (freistehend),nil,nil,6,2,1 Garage,"Käuferprovision beträgt 3,57 % (inkl. MwSt.) des beurkundeten Kaufpreises","{'is24qa-gaeste-wc-label': '', 'is24qa-keller-label': ''}"
