title,price,address,rooms,living_space,property_area,price_per_m2,type,usable_area,available_from,bedrooms,bathrooms,garage_parking,buyer_commission,criteriagroup_boolean_listing
1222 - Großes Haus mit Garten und PV-Anlage bei Bad Steben,150.000 €,"95138 Bad Steben, Hof (Kreis)
Die vollständige Adresse der Immobilie erhalten Sie vom Anbieter.",7,230 m²,1.000 m²,652 €/m²,Wohnimmobilie (sonstige),nil,nil,nil,nil,nil,"4,76% inkl. MwSt.",{}
DHH in absoluter Toplage am Marktplatz,875.000 €,"82216 Maisach, Fürstenfeldbruck (Kreis)
Die vollständige Adresse der Immobilie erhalten Sie vom Anbieter.",4,118 m²,280 m²,7.415 €/m²,Doppelhaushälfte,nil,ab sofort,nil,nil,nil,"Bei Abschluss ist jeweils eine Provision von 3,57 Prozent des Kaufpreises inkl. MwSt. an uns fällig.",{'is24qa-online-besichtigung-moeglich-label': ''}
"Luxus Anwesen mit Bergblick und großem, parkähnlichen Grundstück.",Auf Anfrage,"82327 Tutzing, Starnberg (Kreis)
Die vollständige Adresse der Immobilie erhalten Sie vom Anbieter.",12,500 m²,10.000 m²,nil,nil,700 m²,Nach Vereinbarung,5,4,7 Stellplätze,"3,57 % inkl. MwSt","{'is24qa-gaeste-wc-label': '', 'is24qa-keller-label': ''}"
2 4 0 qm Wohnfläche im SOFORT freien 2 bis 3 Familienhaus mit Doppelgarage,340.000 €,"91245 Simmelsdorf, Nürnberger Land (Kreis)
Die vollständige Adresse der Immobilie erhalten Sie vom Anbieter.",10,240 m²,271 m²,1.417 €/m²,Mehrfamilienhaus,nil,SOFORT - f r e i,7,4,Garage,"4,76% vom Kaufpreis (inkl. MwSt.)","{'is24qa-gaeste-wc-label': '', 'is24qa-keller-label': ''}"
Reizvolles Einfamilienhaus in ruhiger Lage,575.000 €,"84478 Waldkraiburg, Mühldorf am Inn (Kreis)
Die vollständige Adresse der Immobilie erhalten Sie vom Anbieter.",5,122 m²,400 m²,4.713 €/m²,Einfamilienhaus (freistehend),nil,nach Vereinbarung,nil,nil,1 Garage,"2,38 % inkl. ges. MwSt.","{'is24qa-gaeste-wc-label': '', 'is24qa-keller-label': ''}"
Zweifamilienhaus in Kaufbeuren-Kleinkemnat,685.000 €,"Kemnat, 87600 Kaufbeuren
Die vollständige Adresse der Immobilie erhalten Sie vom Anbieter.","8,5",214 m²,1.908 m²,3.201 €/m²,Mehrfamilienhaus,269 m²,nach Absprache,6,2,4 Stellplätze,"3,57 % inkl. ges. MwSt.","{'is24qa-gaeste-wc-label': '', 'is24qa-keller-label': '', 'is24qa-einliegerwohnung-label': '', 'is24qa-vermietet-label': ''}"
Familien aufgepasst - Großzügige Doppelhaushälfte mit Einzelgarage im idyllischen Sattelberg!,599.000 €,"86565 Gachenbach, Neuburg-Schrobenhausen (Kreis)
Die vollständige Adresse der Immobilie erhalten Sie vom Anbieter.",4,"142,89 m²",320 m²,4.192 €/m²,Doppelhaushälfte,nil,nil,nil,nil,1 Garage,"2,975 % inkl. MwSt",{}
Doppelhaushälfte - Neubauprojekt mit gehobener Ausstattung in Deggendorf,590.000 €,"94469 Deggendorf, Deggendorf (Kreis)
Die vollständige Adresse der Immobilie erhalten Sie vom Anbieter.",6,150 m²,275 m²,3.933 €/m²,Doppelhaushälfte,nil,voraussichtlich 2024,4,2,2 Außenstellplätze,"3,57% Käuferprovision inkl. MwSt.","{'is24qa-gaeste-wc-label': '', 'is24qa-keller-label': ''}"
Bestlage / Geräumiger Bungalow mit idyllischem Südgrundstück,1.350.000 €,"85567 Grafing bei München, Ebersberg (Kreis)
Die vollständige Adresse der Immobilie erhalten Sie vom Anbieter.",5,"168,23 m²",850 m²,8.025 €/m²,Bungalow,120 m²,"kurzfristig, nach Absprache",3,2,3 Carports,"2,38% inkl. MwSt.","{'is24qa-gaeste-wc-label': '', 'is24qa-keller-label': ''}"
Entspannen in Ihrer eigenen Gartenoase? - Hier kein Problem!,1.450.000 €,"Meggendorfer Str. 44,
Alt-Moosach, 80992 München",4,"108,48 m²","220,25 m²",13.367 €/m²,Doppelhaushälfte,nil,nil,2,1,1 Garage,Nein,{'is24qa-provisionsfrei-fuer-kaufende-label': ''}
QVIII - IN GRÜNWALD ZUHAUSE!,2.695.000 €,"82031 Grünwald, München (Kreis)
Die vollständige Adresse der Immobilie erhalten Sie vom Anbieter.",6,166 m²,1.256 m²,16.235 €/m²,Einfamilienhaus (freistehend),257 m²,Nach Vereinbarung,3,2,3 Garagen,"zzgl. 2,38% Käuferprovision inkl. 19% MwSt.","{'is24qa-keller-label': '', 'is24qa-einliegerwohnung-label': ''}"
Älteres Haus mit viel Charme!,Auf Anfrage,"83395 Freilassing, Berchtesgadener Land (Kreis)
Die vollständige Adresse der Immobilie erhalten Sie vom Anbieter.",4,100 m²,650 m²,nil,nil,nil,nil,nil,nil,nil,"3,57 %",{}
Zum Selbstbezug oder als Anlage: Renovierungsbedürftiges EFH in Ortenburg,320.000 €,"94496 Ortenburg, Passau (Kreis)
Die vollständige Adresse der Immobilie erhalten Sie vom Anbieter.",5,133 m²,911 m²,2.406 €/m²,Einfamilienhaus (freistehend),nil,Sofort,4,2,2 Außenstellplätze,"3,57% Käuferprovision inkl. MwSt.",{'is24qa-keller-label': ''}
Im Grünen leben - Gepflegtes Einfamilienhaus in ruhiger Siedlungsrandlage im schönen Tittling!,349.000 €,"94104 Tittling, Passau (Kreis)
Die vollständige Adresse der Immobilie erhalten Sie vom Anbieter.",5,125 m²,950 m²,2.792 €/m²,Einfamilienhaus (freistehend),140 m²,01.03.2027,3,1,1 Garage,"3,57% Käuferprovision inkl. MwSt.",{'is24qa-vermietet-label': ''}
Hochwertige und moderne Doppelhaushälften in Toplage von Haunstetten,839.000 €,"Haunstetten-Nord, 86179 Augsburg
Die vollständige Adresse der Immobilie erhalten Sie vom Anbieter.",6,137 m²,240 m²,6.124 €/m²,Doppelhaushälfte,55 m²,nil,5,1,1 Garage,Nein,"{'is24qa-gaeste-wc-label': '', 'is24qa-keller-label': '', 'is24qa-provisionsfrei-fuer-kaufende-label': ''}"
Einfach frei fühlen! - Großzügige Villa für zwei Generationen,699.000 €,"84137 Vilsbiburg, Landshut (Kreis)
Die vollständige Adresse der Immobilie erhalten Sie vom Anbieter.",10,298 m²,1.300 m²,2.346 €/m²,Einfamilienhaus (freistehend),144 m²,nil,6,3,nil,"Käuferprovision beträgt 3,57 % (inkl. MwSt.) des beurkundeten Kaufpreises","{'is24qa-keller-label': '', 'is24qa-einliegerwohnung-label': ''}"
"Freistehendes EFH, 5 Zi., 118 m² Wfl., 863 m² Grund",571.000 €,"86343 Königsbrunn, Augsburg (Kreis)
Die vollständige Adresse der Immobilie erhalten Sie vom Anbieter.",5,118 m²,863 m²,4.839 €/m²,Einfamilienhaus (freistehend),nil,Nach Vereinbarung,4,1,2 Garagen,"4,76 % inkl. MwSt.","{'is24qa-gaeste-wc-label': '', 'is24qa-keller-label': ''}"
Alle Generationen unter einem Dach - in perfekter Lage!,1.290.000 €,"86356 Neusäß, Augsburg (Kreis)
Die vollständige Adresse der Immobilie erhalten Sie vom Anbieter.","11,5",296 m²,1.150 m²,4.358 €/m²,Mehrfamilienhaus,"71,18 m²",nach Absprache,7,3,4 Außenstellplätze,"4,76 % inkl. MwSt.","{'is24qa-gaeste-wc-label': '', 'is24qa-keller-label': '', 'is24qa-einliegerwohnung-label': ''}"
1221 - 1-3 Familienhaus mit großem Grundstück bei Bad Steben,250.000 €,"95138 Bad Steben, Hof (Kreis)
Die vollständige Adresse der Immobilie erhalten Sie vom Anbieter.",8,198 m²,2.000 m²,1.263 €/m²,Wohnimmobilie (sonstige),nil,nil,nil,nil,2 Garagen,"4,76 % inkl. MwSt.",{}
3-Familienwohnhaus in guter Wohnlage von Freilassing,925.000 €,"83395 Freilassing, Berchtesgadener Land (Kreis)
Die vollständige Adresse der Immobilie erhalten Sie vom Anbieter.",9,"255,2 m²",898 m²,3.625 €/m²,Mehrfamilienhaus,nil,nach Absprache,nil,3,5 Stellplätze,"3,57 %","{'is24qa-gaeste-wc-label': '', 'is24qa-keller-label': '', 'is24qa-vermietet-label': ''}"
