title,price,address,rooms,living_space,property_area,price_per_m2,type,usable_area,available_from,bedrooms,bathrooms,garage_parking,buyer_commission,criteriagroup_boolean_listing
WOHNBAU: STILVOLLES UND GROSSZÜGIGES WOHNAMBIENTE,1.190.000 €,"41515 Grevenbroich, Neuss (Rhein-Kreis)
Die vollständige Adresse der Immobilie erhalten Sie vom Anbieter.",8,297 m²,721 m²,4.007 €/m²,Einfamilienhaus (freistehend),100 m²,sofort,5,3,4 Garagen,"3,57 % Provision inkl. gesetzl. MwSt.","{'is24qa-gaeste-wc-label': '', 'is24qa-keller-label': ''}"
WOHNBAU: LUXUS TRIFFT STIL UND INNOVATION,1.695.000 €,"50259 Pulheim, Rhein-Erft-Kreis
Die vollständige Adresse der Immobilie erhalten Sie vom Anbieter.",8,261 m²,626 m²,6.494 €/m²,Einfamilienhaus (freistehend),75 m²,sofort,6,2,4 Garagen,"3,57 % Provision inkl. gesetzl. MwSt.","{'is24qa-gaeste-wc-label': '', 'is24qa-keller-label': ''}"
Kleines Haus statt Eigentumswohnung !,159.000 €,"33034 Brakel, Höxter (Kreis)
Die vollständige Adresse der Immobilie erhalten Sie vom Anbieter.",3,98 m²,804 m²,1.622 €/m²,Einfamilienhaus (freistehend),nil,nil,2,1,2 Außenstellplätze,"3,570 % inkl. ges. MwSt.","{'is24qa-gaeste-wc-label': '', 'is24qa-keller-label': ''}"
Immobilienverkauf - Dein Makler für Immobilien - Deutschland - Mallorca,299.000 €,"53840 Troisdorf, Rhein-Sieg-Kreis
Die vollständige Adresse der Immobilie erhalten Sie vom Anbieter.",4,80 m²,300 m²,3.738 €/m²,Einfamilienhaus (freistehend),100 m²,nil,2,1,nil,Nein,"{'is24qa-online-besichtigung-moeglich-label': '', 'is24qa-provisionsfrei-fuer-kaufende-label': ''}"
Doppelhaushälfte am Rhein-Herne-Kanal mit Garten und Garage,294.000 €,"Altcrange 28a,
Unser Fritz / Crange, 44653 Herne",4,107 m²,298 m²,2.748 €/m²,Doppelhaushälfte,nil,nil,3,1,1 Garage,nil,"{'is24qa-gaeste-wc-label': '', 'is24qa-keller-label': ''}"
Gepflegtes Einfamilienhaus in idyllischer Lage von Windeck-Dreisel!,299.000 €,"51570 Windeck, Rhein-Sieg-Kreis
Die vollständige Adresse der Immobilie erhalten Sie vom Anbieter.",6,136 m²,787 m²,2.199 €/m²,Einfamilienhaus (freistehend),nil,nach Vereinbarung,3,2,1 Garage,"3,57%",{'is24qa-gaeste-wc-label': ''}
Köln-Poll! Ihr neues Eigenheim in zentraler und ruhiger Lage!,535.000 €,"Poll, 51105 Köln
Die vollständige Adresse der Immobilie erhalten Sie vom Anbieter.",5,"124,52 m²",285 m²,4.296 €/m²,Einfamilienhaus (freistehend),nil,Nach Absprache,3,3,1 Garage,"3,57%",{'is24qa-keller-label': ''}
IDYLLISCH GELEGEN FÜR FAMILIE UND ANLEGER,469.000 €,"59379 Selm, Unna (Kreis)
Die vollständige Adresse der Immobilie erhalten Sie vom Anbieter.",11,218 m²,1.419 m²,2.151 €/m²,Einfamilienhaus (freistehend),nil,nil,nil,nil,1 Garage,2.98% inkl. MwSt.,{}
IHRE BESSERE HÄLFTE MIT STEUERLICHEN VORTEILEN,262.000 €,"Hochlarmark, 45661 Recklinghausen
Die vollständige Adresse der Immobilie erhalten Sie vom Anbieter.",5,140 m²,437 m²,1.871 €/m²,Doppelhaushälfte,nil,nil,nil,nil,1 Garage,2.98% inkl. MwSt.,{}
IN BORNHEIM-HERSEL : DOPPELHAUSHÄLFTE MIT 3-WOHNUNGEN ZU VERKAUFEN,489.000 €,"53332 Bornheim, Rhein-Sieg-Kreis
Die vollständige Adresse der Immobilie erhalten Sie vom Anbieter.",9,176 m²,401 m²,2.778 €/m²,nil,59 m²,nach Absprache,6,3,2 Stellplätze,"2,38 inkl. MwSt","{'is24qa-keller-label': '', 'is24qa-vermietet-label': ''}"
C21 - Heinsberg's Best ++ Mehrfamilienhaus mit 3 Wohnperlen ++ Energiewert C,419.000 €,"52525 Heinsberg, Heinsberg (Kreis)
Die vollständige Adresse der Immobilie erhalten Sie vom Anbieter.",8,265 m²,800 m²,1.581 €/m²,Mehrfamilienhaus,nil,ab sofort,nil,nil,Außenstellplatz,"Die Käuferprovision beträgt 4,76 % des Kaufpreises inkl. 19% MwSt.","{'is24qa-keller-label': '', 'is24qa-vermietet-label': ''}"
Die Leichtigkeit des Lebens...,420.000 €,"Wallstraße 39,
Sinsen-Lenkerbeck, 45770 Marl","5,5",180 m²,484 m²,2.333 €/m²,nil,nil,nil,nil,1,3 Stellplätze,3.57%,"{'is24qa-gaeste-wc-label': '', 'is24qa-keller-label': ''}"
Ihr neues Reihenmittelhaus: Wundervolle Architektur in Alt-Marl!,260.000 €,"Stadtkern, 45768 Marl
Die vollständige Adresse der Immobilie erhalten Sie vom Anbieter.","4,5",110 m²,250 m²,2.364 €/m²,nil,nil,01.05.2024,nil,2,1 Garage,2.38%,"{'is24qa-gaeste-wc-label': '', 'is24qa-keller-label': ''}"
Einzigartige Architektenvilla in bester Lage mit wunderschönem Garten,750.000 €,"41844 Wegberg, Heinsberg (Kreis)
Die vollständige Adresse der Immobilie erhalten Sie vom Anbieter.",10,210 m²,1.100 m²,3.571 €/m²,Einfamilienhaus (freistehend),nil,30.11.2024,nil,2,3 Außenstellplätze,nil,"{'is24qa-gaeste-wc-label': '', 'is24qa-keller-label': ''}"
"Familienfreundliches, modernisiertes Komforthaus mit Dachstudio in ruhiger Lage in Hackenbroich",520.000 €,"41540 Dormagen, Neuss (Rhein-Kreis)
Die vollständige Adresse der Immobilie erhalten Sie vom Anbieter.","5,5",165 m²,360 m²,3.152 €/m²,Reiheneckhaus,nil,Nach Vereinbarung,nil,nil,3 Stellplätze,"3,57 % inkl. ges. MwSt.","{'is24qa-gaeste-wc-label': '', 'is24qa-keller-label': ''}"
Sonniges Familienparadies: Ihr neues Zuhause voller Glück!,653.900 €,"50259 Pulheim, Rhein-Erft-Kreis
Die vollständige Adresse der Immobilie erhalten Sie vom Anbieter.","4,5",142 m²,152 m²,4.605 €/m²,Reihenmittelhaus,51 m²,nil,3,1,1 Außenstellplatz,Nein,"{'is24qa-gaeste-wc-label': '', 'is24qa-keller-label': '', 'is24qa-provisionsfrei-fuer-kaufende-label': ''}"
Sonniges Familienparadies: Exklusives Wohnen mit Wohlfühlgarantie!,663.900 €,"50259 Pulheim, Rhein-Erft-Kreis
Die vollständige Adresse der Immobilie erhalten Sie vom Anbieter.","4,5",142 m²,167 m²,4.675 €/m²,Reihenmittelhaus,51 m²,nil,3,1,1 Außenstellplatz,Nein,"{'is24qa-gaeste-wc-label': '', 'is24qa-keller-label': '', 'is24qa-provisionsfrei-fuer-kaufende-label': ''}"
Familienglück mit grünem Paradies: Haus mit großem Garten zum Verlieben!,787.900 €,"50259 Pulheim, Rhein-Erft-Kreis
Die vollständige Adresse der Immobilie erhalten Sie vom Anbieter.","4,5",142 m²,336 m²,5.549 €/m²,Reiheneckhaus,93 m²,nil,3,1,1 Garage,Nein,"{'is24qa-gaeste-wc-label': '', 'is24qa-keller-label': '', 'is24qa-provisionsfrei-fuer-kaufende-label': ''}"
Neubau von 12 modernen Doppelhaushälften,578.000 €,"Buchholzstraße 48 a,
Wanheimerort, 47055 Duisburg",5,154 m²,180 m²,3.753 €/m²,Doppelhaushälfte,44 m²,nil,4,1,2 Garagen,Nein,"{'is24qa-gaeste-wc-label': '', 'is24qa-provisionsfrei-fuer-kaufende-label': ''}"
Urbanes Wohnen neu definiert: Entdecken Sie die Eleganz einer Cityvilla!,379.000 €,"45731 Waltrop, Recklinghausen (Kreis)
Die vollständige Adresse der Immobilie erhalten Sie vom Anbieter.",5,250 m²,500 m²,1.516 €/m²,Villa,nil,nil,4,1,nil,nil,{'is24qa-gaeste-wc-label': ''}
Neubau - Top Lage in Rheinberg - Wärmepumpe und PV-Anlage inkl.,457.005 €,"47495 Rheinberg, Wesel (Kreis)
Die vollständige Adresse der Immobilie erhalten Sie vom Anbieter.",5,159 m²,492 m²,2.874 €/m²,Einfamilienhaus (freistehend),nil,nil,4,2,nil,Nein,{'is24qa-provisionsfrei-fuer-kaufende-label': ''}
Begehrtes Wohnjuwel: Ihre exklusive Haushälfte!,218.000 €,"45731 Waltrop, Recklinghausen (Kreis)
Die vollständige Adresse der Immobilie erhalten Sie vom Anbieter.",4,120 m²,350 m²,1.817 €/m²,Doppelhaushälfte,nil,nil,3,1,nil,nil,"{'is24qa-gaeste-wc-label': '', 'is24qa-stufenloser-zugang-label': ''}"
Modernes Traumhaus in Simmern: 4-Zimmer Haus nach Ihren Wünschen,218.000 €,"45731 Waltrop, Recklinghausen (Kreis)
Die vollständige Adresse der Immobilie erhalten Sie vom Anbieter.",4,135 m²,400 m²,1.615 €/m²,nil,nil,nil,3,1,nil,nil,{'is24qa-gaeste-wc-label': ''}
Ein Ort der Geborgenheit: Ihr Einfamilienhaus ist mehr als nur ein Haus!,256.000 €,"45731 Waltrop, Recklinghausen (Kreis)
Die vollständige Adresse der Immobilie erhalten Sie vom Anbieter.",5,165 m²,550 m²,1.552 €/m²,nil,nil,nil,4,1,nil,nil,{'is24qa-gaeste-wc-label': ''}
Zwei zum Preis von einem: Traumhäuser zum wohlfühlen!,359.000 €,"45731 Waltrop, Recklinghausen (Kreis)
Die vollständige Adresse der Immobilie erhalten Sie vom Anbieter.",8,260 m²,550 m²,1.381 €/m²,Doppelhaushälfte,nil,nil,6,2,nil,nil,"{'is24qa-gaeste-wc-label': '', 'is24qa-einliegerwohnung-label': ''}"
Traumhaftes Wohnen mit Vielseitigkeit: Ihr Neubau mit Einliegerwohnung!,321.000 €,"45731 Waltrop, Recklinghausen (Kreis)
Die vollständige Adresse der Immobilie erhalten Sie vom Anbieter.",7,235 m²,600 m²,1.366 €/m²,Mehrfamilienhaus,nil,nil,5,2,nil,nil,"{'is24qa-gaeste-wc-label': '', 'is24qa-stufenloser-zugang-label': '', 'is24qa-einliegerwohnung-label': ''}"
Vielfalt auf einen Blick: Willkommen im Mehrfamilienhaus Ihrer Zukunft!,323.000 €,"45731 Waltrop, Recklinghausen (Kreis)
Die vollständige Adresse der Immobilie erhalten Sie vom Anbieter.",7,255 m²,500 m²,1.267 €/m²,Mehrfamilienhaus,nil,nil,5,2,nil,nil,{'is24qa-einliegerwohnung-label': ''}
Perfektion in jeder Ecke: Ihr Traumbungalow - Das ultimative Wohnhighlight!,267.000 €,"45731 Waltrop, Recklinghausen (Kreis)
Die vollständige Adresse der Immobilie erhalten Sie vom Anbieter.",4,140 m²,600 m²,1.907 €/m²,Bungalow,nil,nil,3,1,nil,nil,"{'is24qa-gaeste-wc-label': '', 'is24qa-stufenloser-zugang-label': ''}"
Ein Leben ohne Stufen: Willkommen im barrierefreien Traum-Bungalow,214.000 €,"45731 Waltrop, Recklinghausen (Kreis)
Die vollständige Adresse der Immobilie erhalten Sie vom Anbieter.",3,98 m²,400 m²,2.184 €/m²,Bungalow,nil,nil,2,1,nil,nil,{'is24qa-stufenloser-zugang-label': ''}
Willkommen im Reich der Träume: Ihr Einfamilienhaus erfüllt alle Wünsche!,303.000 €,"45731 Waltrop, Recklinghausen (Kreis)
Die vollständige Adresse der Immobilie erhalten Sie vom Anbieter.",5,210 m²,549 m²,1.443 €/m²,Einfamilienhaus (freistehend),nil,nil,4,1,nil,nil,{'is24qa-gaeste-wc-label': ''}
Entdecken Sie Ihr persönliches Wohlfühlparadies: Ihr Einfamilienhaus wartet auf Sie!,291.000 €,"45731 Waltrop, Recklinghausen (Kreis)
Die vollständige Adresse der Immobilie erhalten Sie vom Anbieter.",5,195 m²,600 m²,1.492 €/m²,Einfamilienhaus (freistehend),nil,nil,4,1,nil,nil,{'is24qa-gaeste-wc-label': ''}
Ein Ort der Harmonie: Ihr Einfamilienhaus ist der Schlüssel zu Ihrem Glück!,266.000 €,"45731 Waltrop, Recklinghausen (Kreis)
Die vollständige Adresse der Immobilie erhalten Sie vom Anbieter.",6,180 m²,499 m²,1.478 €/m²,Einfamilienhaus (freistehend),nil,nil,5,1,nil,nil,{'is24qa-gaeste-wc-label': ''}
Willkommen im Zentrum Ihrer Welt: Ihr Einfamilienhaus lädt zum Träumen ein!,240.000 €,"45731 Waltrop, Recklinghausen (Kreis)
Die vollständige Adresse der Immobilie erhalten Sie vom Anbieter.",5,160 m²,500 m²,1.500 €/m²,Einfamilienhaus (freistehend),nil,nil,4,1,nil,nil,{'is24qa-gaeste-wc-label': ''}
Entdecken Sie Ihr perfektes Einfamilienhaus: Ein Ort für Ihre Träume!,220.000 €,"45731 Waltrop, Recklinghausen (Kreis)
Die vollständige Adresse der Immobilie erhalten Sie vom Anbieter.",4,140 m²,450 m²,1.571 €/m²,Einfamilienhaus (freistehend),nil,nil,3,1,nil,nil,{'is24qa-gaeste-wc-label': ''}
"Ein Haus, ein Herz: Entdecken Sie die Liebe zum Detail in Ihrem Einfamilienhaus!",210.000 €,"45731 Waltrop, Recklinghausen (Kreis)
Die vollständige Adresse der Immobilie erhalten Sie vom Anbieter.",4,120 m²,450 m²,1.750 €/m²,nil,nil,nil,3,1,nil,nil,{'is24qa-gaeste-wc-label': ''}
Urbanes Wohnen neu definiert: Entdecken Sie die Eleganz einer Cityvilla!,379.000 €,"59379 Selm, Unna (Kreis)
Die vollständige Adresse der Immobilie erhalten Sie vom Anbieter.",5,250 m²,500 m²,1.516 €/m²,Villa,nil,nil,4,1,nil,nil,{'is24qa-gaeste-wc-label': ''}
Begehrtes Wohnjuwel: Ihre exklusive Haushälfte!,218.000 €,"59379 Selm, Unna (Kreis)
Die vollständige Adresse der Immobilie erhalten Sie vom Anbieter.",4,120 m²,350 m²,1.817 €/m²,Doppelhaushälfte,nil,nil,3,1,nil,nil,"{'is24qa-gaeste-wc-label': '', 'is24qa-stufenloser-zugang-label': ''}"
Modernes Traumhaus in Simmern: 4-Zimmer Haus nach Ihren Wünschen,218.000 €,"59379 Selm, Unna (Kreis)
Die vollständige Adresse der Immobilie erhalten Sie vom Anbieter.",4,135 m²,400 m²,1.615 €/m²,nil,nil,nil,3,1,nil,nil,{'is24qa-gaeste-wc-label': ''}
Ein Ort der Geborgenheit: Ihr Einfamilienhaus ist mehr als nur ein Haus!,256.000 €,"59379 Selm, Unna (Kreis)
Die vollständige Adresse der Immobilie erhalten Sie vom Anbieter.",5,165 m²,550 m²,1.552 €/m²,nil,nil,nil,4,1,nil,nil,{'is24qa-gaeste-wc-label': ''}
Zwei zum Preis von einem: Traumhäuser zum wohlfühlen!,359.000 €,"59379 Selm, Unna (Kreis)
Die vollständige Adresse der Immobilie erhalten Sie vom Anbieter.",8,260 m²,550 m²,1.381 €/m²,Doppelhaushälfte,nil,nil,6,2,nil,nil,"{'is24qa-gaeste-wc-label': '', 'is24qa-einliegerwohnung-label': ''}"
Traumhaftes Wohnen mit Vielseitigkeit: Ihr Neubau mit Einliegerwohnung!,321.000 €,"59379 Selm, Unna (Kreis)
Die vollständige Adresse der Immobilie erhalten Sie vom Anbieter.",7,235 m²,600 m²,1.366 €/m²,Mehrfamilienhaus,nil,nil,5,2,nil,nil,"{'is24qa-gaeste-wc-label': '', 'is24qa-stufenloser-zugang-label': '', 'is24qa-einliegerwohnung-label': ''}"
Vielfalt auf einen Blick: Willkommen im Mehrfamilienhaus Ihrer Zukunft!,323.000 €,"59379 Selm, Unna (Kreis)
Die vollständige Adresse der Immobilie erhalten Sie vom Anbieter.",7,255 m²,500 m²,1.267 €/m²,Mehrfamilienhaus,nil,nil,5,2,nil,nil,{'is24qa-einliegerwohnung-label': ''}
Perfektion in jeder Ecke: Ihr Traumbungalow - Das ultimative Wohnhighlight!,267.000 €,"59379 Selm, Unna (Kreis)
Die vollständige Adresse der Immobilie erhalten Sie vom Anbieter.",4,140 m²,600 m²,1.907 €/m²,Bungalow,nil,nil,3,1,nil,nil,"{'is24qa-gaeste-wc-label': '', 'is24qa-stufenloser-zugang-label': ''}"
Ein Leben ohne Stufen: Willkommen im barrierefreien Traum-Bungalow,214.000 €,"59379 Selm, Unna (Kreis)
Die vollständige Adresse der Immobilie erhalten Sie vom Anbieter.",3,98 m²,400 m²,2.184 €/m²,Bungalow,nil,nil,2,1,nil,nil,{'is24qa-stufenloser-zugang-label': ''}
Willkommen im Reich der Träume: Ihr Einfamilienhaus erfüllt alle Wünsche!,303.000 €,"59379 Selm, Unna (Kreis)
Die vollständige Adresse der Immobilie erhalten Sie vom Anbieter.",5,210 m²,549 m²,1.443 €/m²,Einfamilienhaus (freistehend),nil,nil,4,1,nil,nil,{'is24qa-gaeste-wc-label': ''}
Entdecken Sie Ihr persönliches Wohlfühlparadies: Ihr Einfamilienhaus wartet auf Sie!,291.000 €,"59379 Selm, Unna (Kreis)
Die vollständige Adresse der Immobilie erhalten Sie vom Anbieter.",5,195 m²,600 m²,1.492 €/m²,Einfamilienhaus (freistehend),nil,nil,4,1,nil,nil,{'is24qa-gaeste-wc-label': ''}
Ein Ort der Harmonie: Ihr Einfamilienhaus ist der Schlüssel zu Ihrem Glück!,266.000 €,"59379 Selm, Unna (Kreis)
Die vollständige Adresse der Immobilie erhalten Sie vom Anbieter.",6,180 m²,499 m²,1.478 €/m²,Einfamilienhaus (freistehend),nil,nil,5,1,nil,nil,{'is24qa-gaeste-wc-label': ''}
Willkommen im Zentrum Ihrer Welt: Ihr Einfamilienhaus lädt zum Träumen ein!,240.000 €,"59379 Selm, Unna (Kreis)
Die vollständige Adresse der Immobilie erhalten Sie vom Anbieter.",5,160 m²,500 m²,1.500 €/m²,Einfamilienhaus (freistehend),nil,nil,4,1,nil,nil,{'is24qa-gaeste-wc-label': ''}
Entdecken Sie Ihr perfektes Einfamilienhaus: Ein Ort für Ihre Träume!,220.000 €,"59379 Selm, Unna (Kreis)
Die vollständige Adresse der Immobilie erhalten Sie vom Anbieter.",4,140 m²,450 m²,1.571 €/m²,Einfamilienhaus (freistehend),nil,nil,3,1,nil,nil,{'is24qa-gaeste-wc-label': ''}
"Ein Haus, ein Herz: Entdecken Sie die Liebe zum Detail in Ihrem Einfamilienhaus!",210.000 €,"59379 Selm, Unna (Kreis)
Die vollständige Adresse der Immobilie erhalten Sie vom Anbieter.",4,120 m²,450 m²,1.750 €/m²,nil,nil,nil,3,1,nil,nil,{'is24qa-gaeste-wc-label': ''}
Urbanes Wohnen neu definiert: Entdecken Sie die Eleganz einer Cityvilla!,379.000 €,"58239 Schwerte, Unna (Kreis)
Die vollständige Adresse der Immobilie erhalten Sie vom Anbieter.",5,250 m²,500 m²,1.516 €/m²,Villa,nil,nil,4,1,nil,nil,{'is24qa-gaeste-wc-label': ''}
Begehrtes Wohnjuwel: Ihre exklusive Haushälfte!,218.000 €,"58239 Schwerte, Unna (Kreis)
Die vollständige Adresse der Immobilie erhalten Sie vom Anbieter.",4,120 m²,350 m²,1.817 €/m²,Doppelhaushälfte,nil,nil,3,1,nil,nil,"{'is24qa-gaeste-wc-label': '', 'is24qa-stufenloser-zugang-label': ''}"
Modernes Traumhaus in Simmern: 4-Zimmer Haus nach Ihren Wünschen,218.000 €,"58239 Schwerte, Unna (Kreis)
Die vollständige Adresse der Immobilie erhalten Sie vom Anbieter.",4,135 m²,400 m²,1.615 €/m²,nil,nil,nil,3,1,nil,nil,{'is24qa-gaeste-wc-label': ''}
Ein Ort der Geborgenheit: Ihr Einfamilienhaus ist mehr als nur ein Haus!,256.000 €,"58239 Schwerte, Unna (Kreis)
Die vollständige Adresse der Immobilie erhalten Sie vom Anbieter.",5,165 m²,550 m²,1.552 €/m²,nil,nil,nil,4,1,nil,nil,{'is24qa-gaeste-wc-label': ''}
Zwei zum Preis von einem: Traumhäuser zum wohlfühlen!,359.000 €,"58239 Schwerte, Unna (Kreis)
Die vollständige Adresse der Immobilie erhalten Sie vom Anbieter.",8,260 m²,550 m²,1.381 €/m²,Doppelhaushälfte,nil,nil,6,2,nil,nil,"{'is24qa-gaeste-wc-label': '', 'is24qa-einliegerwohnung-label': ''}"
Traumhaftes Wohnen mit Vielseitigkeit: Ihr Neubau mit Einliegerwohnung!,321.000 €,"58239 Schwerte, Unna (Kreis)
Die vollständige Adresse der Immobilie erhalten Sie vom Anbieter.",7,235 m²,600 m²,1.366 €/m²,Mehrfamilienhaus,nil,nil,5,2,nil,nil,"{'is24qa-gaeste-wc-label': '', 'is24qa-stufenloser-zugang-label': '', 'is24qa-einliegerwohnung-label': ''}"
Vielfalt auf einen Blick: Willkommen im Mehrfamilienhaus Ihrer Zukunft!,323.000 €,"58239 Schwerte, Unna (Kreis)
Die vollständige Adresse der Immobilie erhalten Sie vom Anbieter.",7,255 m²,500 m²,1.267 €/m²,Mehrfamilienhaus,nil,nil,5,2,nil,nil,{'is24qa-einliegerwohnung-label': ''}
Perfektion in jeder Ecke: Ihr Traumbungalow - Das ultimative Wohnhighlight!,267.000 €,"58239 Schwerte, Unna (Kreis)
Die vollständige Adresse der Immobilie erhalten Sie vom Anbieter.",4,140 m²,600 m²,1.907 €/m²,Bungalow,nil,nil,3,1,nil,nil,"{'is24qa-gaeste-wc-label': '', 'is24qa-stufenloser-zugang-label': ''}"
Ein Leben ohne Stufen: Willkommen im barrierefreien Traum-Bungalow,214.000 €,"58239 Schwerte, Unna (Kreis)
Die vollständige Adresse der Immobilie erhalten Sie vom Anbieter.",3,98 m²,400 m²,2.184 €/m²,Bungalow,nil,nil,2,1,nil,nil,{'is24qa-stufenloser-zugang-label': ''}
Willkommen im Reich der Träume: Ihr Einfamilienhaus erfüllt alle Wünsche!,303.000 €,"58239 Schwerte, Unna (Kreis)
Die vollständige Adresse der Immobilie erhalten Sie vom Anbieter.",5,210 m²,549 m²,1.443 €/m²,Einfamilienhaus (freistehend),nil,nil,4,1,nil,nil,{'is24qa-gaeste-wc-label': ''}
Entdecken Sie Ihr persönliches Wohlfühlparadies: Ihr Einfamilienhaus wartet auf Sie!,291.000 €,"58239 Schwerte, Unna (Kreis)
Die vollständige Adresse der Immobilie erhalten Sie vom Anbieter.",5,195 m²,600 m²,1.492 €/m²,Einfamilienhaus (freistehend),nil,nil,4,1,nil,nil,{'is24qa-gaeste-wc-label': ''}
Ein Ort der Harmonie: Ihr Einfamilienhaus ist der Schlüssel zu Ihrem Glück!,266.000 €,"58239 Schwerte, Unna (Kreis)
Die vollständige Adresse der Immobilie erhalten Sie vom Anbieter.",6,180 m²,499 m²,1.478 €/m²,Einfamilienhaus (freistehend),nil,nil,5,1,nil,nil,{'is24qa-gaeste-wc-label': ''}
Willkommen im Zentrum Ihrer Welt: Ihr Einfamilienhaus lädt zum Träumen ein!,240.000 €,"58239 Schwerte, Unna (Kreis)
Die vollständige Adresse der Immobilie erhalten Sie vom Anbieter.",5,160 m²,500 m²,1.500 €/m²,Einfamilienhaus (freistehend),nil,nil,4,1,nil,nil,{'is24qa-gaeste-wc-label': ''}
Entdecken Sie Ihr perfektes Einfamilienhaus: Ein Ort für Ihre Träume!,220.000 €,"58239 Schwerte, Unna (Kreis)
Die vollständige Adresse der Immobilie erhalten Sie vom Anbieter.",4,140 m²,450 m²,1.571 €/m²,Einfamilienhaus (freistehend),nil,nil,3,1,nil,nil,{'is24qa-gaeste-wc-label': ''}
"Ein Haus, ein Herz: Entdecken Sie die Liebe zum Detail in Ihrem Einfamilienhaus!",210.000 €,"58239 Schwerte, Unna (Kreis)
Die vollständige Adresse der Immobilie erhalten Sie vom Anbieter.",4,120 m²,450 m²,1.750 €/m²,nil,nil,nil,3,1,nil,nil,{'is24qa-gaeste-wc-label': ''}
Urbanes Wohnen neu definiert: Entdecken Sie die Eleganz einer Cityvilla!,379.000 €,"Alt-Marl, 45768 Marl
Die vollständige Adresse der Immobilie erhalten Sie vom Anbieter.",5,250 m²,500 m²,1.516 €/m²,Villa,nil,nil,4,1,nil,nil,{'is24qa-gaeste-wc-label': ''}
Begehrtes Wohnjuwel: Ihre exklusive Haushälfte!,218.000 €,"Alt-Marl, 45768 Marl
Die vollständige Adresse der Immobilie erhalten Sie vom Anbieter.",4,120 m²,350 m²,1.817 €/m²,Doppelhaushälfte,nil,nil,3,1,nil,nil,"{'is24qa-gaeste-wc-label': '', 'is24qa-stufenloser-zugang-label': ''}"
Modernes Traumhaus in Simmern: 4-Zimmer Haus nach Ihren Wünschen,218.000 €,"Alt-Marl, 45768 Marl
Die vollständige Adresse der Immobilie erhalten Sie vom Anbieter.",4,135 m²,400 m²,1.615 €/m²,nil,nil,nil,3,1,nil,nil,{'is24qa-gaeste-wc-label': ''}
Ein Ort der Geborgenheit: Ihr Einfamilienhaus ist mehr als nur ein Haus!,256.000 €,"Alt-Marl, 45768 Marl
Die vollständige Adresse der Immobilie erhalten Sie vom Anbieter.",5,165 m²,550 m²,1.552 €/m²,nil,nil,nil,4,1,nil,nil,{'is24qa-gaeste-wc-label': ''}
Zwei zum Preis von einem: Traumhäuser zum wohlfühlen!,359.000 €,"Alt-Marl, 45768 Marl
Die vollständige Adresse der Immobilie erhalten Sie vom Anbieter.",8,260 m²,550 m²,1.381 €/m²,Doppelhaushälfte,nil,nil,6,2,nil,nil,"{'is24qa-gaeste-wc-label': '', 'is24qa-einliegerwohnung-label': ''}"
Traumhaftes Wohnen mit Vielseitigkeit: Ihr Neubau mit Einliegerwohnung!,321.000 €,"Alt-Marl, 45768 Marl
Die vollständige Adresse der Immobilie erhalten Sie vom Anbieter.",7,235 m²,600 m²,1.366 €/m²,Mehrfamilienhaus,nil,nil,5,2,nil,nil,"{'is24qa-gaeste-wc-label': '', 'is24qa-stufenloser-zugang-label': '', 'is24qa-einliegerwohnung-label': ''}"
Vielfalt auf einen Blick: Willkommen im Mehrfamilienhaus Ihrer Zukunft!,323.000 €,"Alt-Marl, 45768 Marl
Die vollständige Adresse der Immobilie erhalten Sie vom Anbieter.",7,255 m²,500 m²,1.267 €/m²,Mehrfamilienhaus,nil,nil,5,2,nil,nil,{'is24qa-einliegerwohnung-label': ''}
Perfektion in jeder Ecke: Ihr Traumbungalow - Das ultimative Wohnhighlight!,267.000 €,"Alt-Marl, 45768 Marl
Die vollständige Adresse der Immobilie erhalten Sie vom Anbieter.",4,140 m²,600 m²,1.907 €/m²,Bungalow,nil,nil,3,1,nil,nil,"{'is24qa-gaeste-wc-label': '', 'is24qa-stufenloser-zugang-label': ''}"
Ein Leben ohne Stufen: Willkommen im barrierefreien Traum-Bungalow,214.000 €,"Alt-Marl, 45768 Marl
Die vollständige Adresse der Immobilie erhalten Sie vom Anbieter.",3,98 m²,400 m²,2.184 €/m²,Bungalow,nil,nil,2,1,nil,nil,{'is24qa-stufenloser-zugang-label': ''}
Willkommen im Reich der Träume: Ihr Einfamilienhaus erfüllt alle Wünsche!,303.000 €,"Alt-Marl, 45768 Marl
Die vollständige Adresse der Immobilie erhalten Sie vom Anbieter.",5,210 m²,549 m²,1.443 €/m²,Einfamilienhaus (freistehend),nil,nil,4,1,nil,nil,{'is24qa-gaeste-wc-label': ''}
Entdecken Sie Ihr persönliches Wohlfühlparadies: Ihr Einfamilienhaus wartet auf Sie!,291.000 €,"Alt-Marl, 45768 Marl
Die vollständige Adresse der Immobilie erhalten Sie vom Anbieter.",5,195 m²,600 m²,1.492 €/m²,Einfamilienhaus (freistehend),nil,nil,4,1,nil,nil,{'is24qa-gaeste-wc-label': ''}
Ein Ort der Harmonie: Ihr Einfamilienhaus ist der Schlüssel zu Ihrem Glück!,266.000 €,"Alt-Marl, 45768 Marl
Die vollständige Adresse der Immobilie erhalten Sie vom Anbieter.",6,180 m²,499 m²,1.478 €/m²,Einfamilienhaus (freistehend),nil,nil,5,1,nil,nil,{'is24qa-gaeste-wc-label': ''}
Willkommen im Zentrum Ihrer Welt: Ihr Einfamilienhaus lädt zum Träumen ein!,240.000 €,"Alt-Marl, 45768 Marl
Die vollständige Adresse der Immobilie erhalten Sie vom Anbieter.",5,160 m²,500 m²,1.500 €/m²,Einfamilienhaus (freistehend),nil,nil,4,1,nil,nil,{'is24qa-gaeste-wc-label': ''}
Entdecken Sie Ihr perfektes Einfamilienhaus: Ein Ort für Ihre Träume!,220.000 €,"Alt-Marl, 45768 Marl
Die vollständige Adresse der Immobilie erhalten Sie vom Anbieter.",4,140 m²,450 m²,1.571 €/m²,Einfamilienhaus (freistehend),nil,nil,3,1,nil,nil,{'is24qa-gaeste-wc-label': ''}
"Ein Haus, ein Herz: Entdecken Sie die Liebe zum Detail in Ihrem Einfamilienhaus!",210.000 €,"Alt-Marl, 45768 Marl
Die vollständige Adresse der Immobilie erhalten Sie vom Anbieter.",4,120 m²,450 m²,1.750 €/m²,nil,nil,nil,3,1,nil,nil,{'is24qa-gaeste-wc-label': ''}
Urbanes Wohnen neu definiert: Entdecken Sie die Eleganz einer Cityvilla!,379.000 €,"Horstmar, 44532 Lünen
Die vollständige Adresse der Immobilie erhalten Sie vom Anbieter.",5,250 m²,500 m²,1.516 €/m²,Villa,nil,nil,4,1,nil,nil,{'is24qa-gaeste-wc-label': ''}
Begehrtes Wohnjuwel: Ihre exklusive Haushälfte!,218.000 €,"Horstmar, 44532 Lünen
Die vollständige Adresse der Immobilie erhalten Sie vom Anbieter.",4,120 m²,350 m²,1.817 €/m²,Doppelhaushälfte,nil,nil,3,1,nil,nil,"{'is24qa-gaeste-wc-label': '', 'is24qa-stufenloser-zugang-label': ''}"
Modernes Traumhaus in Simmern: 4-Zimmer Haus nach Ihren Wünschen,218.000 €,"Horstmar, 44532 Lünen
Die vollständige Adresse der Immobilie erhalten Sie vom Anbieter.",4,135 m²,400 m²,1.615 €/m²,nil,nil,nil,3,1,nil,nil,{'is24qa-gaeste-wc-label': ''}
Ein Ort der Geborgenheit: Ihr Einfamilienhaus ist mehr als nur ein Haus!,256.000 €,"Horstmar, 44532 Lünen
Die vollständige Adresse der Immobilie erhalten Sie vom Anbieter.",5,165 m²,550 m²,1.552 €/m²,nil,nil,nil,4,1,nil,nil,{'is24qa-gaeste-wc-label': ''}
Zwei zum Preis von einem: Traumhäuser zum wohlfühlen!,359.000 €,"Horstmar, 44532 Lünen
Die vollständige Adresse der Immobilie erhalten Sie vom Anbieter.",8,260 m²,550 m²,1.381 €/m²,Doppelhaushälfte,nil,nil,6,2,nil,nil,"{'is24qa-gaeste-wc-label': '', 'is24qa-einliegerwohnung-label': ''}"
Traumhaftes Wohnen mit Vielseitigkeit: Ihr Neubau mit Einliegerwohnung!,321.000 €,"Horstmar, 44532 Lünen
Die vollständige Adresse der Immobilie erhalten Sie vom Anbieter.",7,235 m²,600 m²,1.366 €/m²,Mehrfamilienhaus,nil,nil,5,2,nil,nil,"{'is24qa-gaeste-wc-label': '', 'is24qa-stufenloser-zugang-label': '', 'is24qa-einliegerwohnung-label': ''}"
Vielfalt auf einen Blick: Willkommen im Mehrfamilienhaus Ihrer Zukunft!,323.000 €,"Horstmar, 44532 Lünen
Die vollständige Adresse der Immobilie erhalten Sie vom Anbieter.",7,255 m²,500 m²,1.267 €/m²,Mehrfamilienhaus,nil,nil,5,2,nil,nil,{'is24qa-einliegerwohnung-label': ''}
Perfektion in jeder Ecke: Ihr Traumbungalow - Das ultimative Wohnhighlight!,267.000 €,"Horstmar, 44532 Lünen
Die vollständige Adresse der Immobilie erhalten Sie vom Anbieter.",4,140 m²,600 m²,1.907 €/m²,Bungalow,nil,nil,3,1,nil,nil,"{'is24qa-gaeste-wc-label': '', 'is24qa-stufenloser-zugang-label': ''}"
Ein Leben ohne Stufen: Willkommen im barrierefreien Traum-Bungalow,214.000 €,"Horstmar, 44532 Lünen
Die vollständige Adresse der Immobilie erhalten Sie vom Anbieter.",3,98 m²,400 m²,2.184 €/m²,Bungalow,nil,nil,2,1,nil,nil,{'is24qa-stufenloser-zugang-label': ''}
Willkommen im Reich der Träume: Ihr Einfamilienhaus erfüllt alle Wünsche!,303.000 €,"Horstmar, 44532 Lünen
Die vollständige Adresse der Immobilie erhalten Sie vom Anbieter.",5,210 m²,549 m²,1.443 €/m²,Einfamilienhaus (freistehend),nil,nil,4,1,nil,nil,{'is24qa-gaeste-wc-label': ''}
Entdecken Sie Ihr persönliches Wohlfühlparadies: Ihr Einfamilienhaus wartet auf Sie!,291.000 €,"Horstmar, 44532 Lünen
Die vollständige Adresse der Immobilie erhalten Sie vom Anbieter.",5,195 m²,600 m²,1.492 €/m²,Einfamilienhaus (freistehend),nil,nil,4,1,nil,nil,{'is24qa-gaeste-wc-label': ''}
Ein Ort der Harmonie: Ihr Einfamilienhaus ist der Schlüssel zu Ihrem Glück!,266.000 €,"Horstmar, 44532 Lünen
Die vollständige Adresse der Immobilie erhalten Sie vom Anbieter.",6,180 m²,499 m²,1.478 €/m²,Einfamilienhaus (freistehend),nil,nil,5,1,nil,nil,{'is24qa-gaeste-wc-label': ''}
Willkommen im Zentrum Ihrer Welt: Ihr Einfamilienhaus lädt zum Träumen ein!,240.000 €,"Horstmar, 44532 Lünen
Die vollständige Adresse der Immobilie erhalten Sie vom Anbieter.",5,160 m²,500 m²,1.500 €/m²,Einfamilienhaus (freistehend),nil,nil,4,1,nil,nil,{'is24qa-gaeste-wc-label': ''}
Entdecken Sie Ihr perfektes Einfamilienhaus: Ein Ort für Ihre Träume!,220.000 €,"Horstmar, 44532 Lünen
Die vollständige Adresse der Immobilie erhalten Sie vom Anbieter.",4,140 m²,450 m²,1.571 €/m²,Einfamilienhaus (freistehend),nil,nil,3,1,nil,nil,{'is24qa-gaeste-wc-label': ''}
"Ein Haus, ein Herz: Entdecken Sie die Liebe zum Detail in Ihrem Einfamilienhaus!",210.000 €,"Horstmar, 44532 Lünen
Die vollständige Adresse der Immobilie erhalten Sie vom Anbieter.",4,120 m²,450 m²,1.750 €/m²,nil,nil,nil,3,1,nil,nil,{'is24qa-gaeste-wc-label': ''}
Urbanes Wohnen neu definiert: Entdecken Sie die Eleganz einer Cityvilla!,379.000 €,"59174 Kamen, Unna (Kreis)
Die vollständige Adresse der Immobilie erhalten Sie vom Anbieter.",5,250 m²,500 m²,1.516 €/m²,Villa,nil,nil,4,1,nil,nil,{'is24qa-gaeste-wc-label': ''}
Begehrtes Wohnjuwel: Ihre exklusive Haushälfte!,218.000 €,"59174 Kamen, Unna (Kreis)
Die vollständige Adresse der Immobilie erhalten Sie vom Anbieter.",4,120 m²,350 m²,1.817 €/m²,Doppelhaushälfte,nil,nil,3,1,nil,nil,"{'is24qa-gaeste-wc-label': '', 'is24qa-stufenloser-zugang-label': ''}"
Modernes Traumhaus in Simmern: 4-Zimmer Haus nach Ihren Wünschen,218.000 €,"59174 Kamen, Unna (Kreis)
Die vollständige Adresse der Immobilie erhalten Sie vom Anbieter.",4,135 m²,400 m²,1.615 €/m²,nil,nil,nil,3,1,nil,nil,{'is24qa-gaeste-wc-label': ''}
Ein Ort der Geborgenheit: Ihr Einfamilienhaus ist mehr als nur ein Haus!,256.000 €,"59174 Kamen, Unna (Kreis)
Die vollständige Adresse der Immobilie erhalten Sie vom Anbieter.",5,165 m²,550 m²,1.552 €/m²,nil,nil,nil,4,1,nil,nil,{'is24qa-gaeste-wc-label': ''}
Zwei zum Preis von einem: Traumhäuser zum wohlfühlen!,359.000 €,"59174 Kamen, Unna (Kreis)
Die vollständige Adresse der Immobilie erhalten Sie vom Anbieter.",8,260 m²,550 m²,1.381 €/m²,Doppelhaushälfte,nil,nil,6,2,nil,nil,"{'is24qa-gaeste-wc-label': '', 'is24qa-einliegerwohnung-label': ''}"
Traumhaftes Wohnen mit Vielseitigkeit: Ihr Neubau mit Einliegerwohnung!,321.000 €,"59174 Kamen, Unna (Kreis)
Die vollständige Adresse der Immobilie erhalten Sie vom Anbieter.",7,235 m²,600 m²,1.366 €/m²,Mehrfamilienhaus,nil,nil,5,2,nil,nil,"{'is24qa-gaeste-wc-label': '', 'is24qa-stufenloser-zugang-label': '', 'is24qa-einliegerwohnung-label': ''}"
Vielfalt auf einen Blick: Willkommen im Mehrfamilienhaus Ihrer Zukunft!,323.000 €,"59174 Kamen, Unna (Kreis)
Die vollständige Adresse der Immobilie erhalten Sie vom Anbieter.",7,255 m²,500 m²,1.267 €/m²,Mehrfamilienhaus,nil,nil,5,2,nil,nil,{'is24qa-einliegerwohnung-label': ''}
Perfektion in jeder Ecke: Ihr Traumbungalow - Das ultimative Wohnhighlight!,267.000 €,"59174 Kamen, Unna (Kreis)
Die vollständige Adresse der Immobilie erhalten Sie vom Anbieter.",4,140 m²,600 m²,1.907 €/m²,Bungalow,nil,nil,3,1,nil,nil,"{'is24qa-gaeste-wc-label': '', 'is24qa-stufenloser-zugang-label': ''}"
Ein Leben ohne Stufen: Willkommen im barrierefreien Traum-Bungalow,214.000 €,"59174 Kamen, Unna (Kreis)
Die vollständige Adresse der Immobilie erhalten Sie vom Anbieter.",3,98 m²,400 m²,2.184 €/m²,Bungalow,nil,nil,2,1,nil,nil,{'is24qa-stufenloser-zugang-label': ''}
Willkommen im Reich der Träume: Ihr Einfamilienhaus erfüllt alle Wünsche!,303.000 €,"59174 Kamen, Unna (Kreis)
Die vollständige Adresse der Immobilie erhalten Sie vom Anbieter.",5,210 m²,549 m²,1.443 €/m²,Einfamilienhaus (freistehend),nil,nil,4,1,nil,nil,{'is24qa-gaeste-wc-label': ''}
Entdecken Sie Ihr persönliches Wohlfühlparadies: Ihr Einfamilienhaus wartet auf Sie!,291.000 €,"59174 Kamen, Unna (Kreis)
Die vollständige Adresse der Immobilie erhalten Sie vom Anbieter.",5,195 m²,600 m²,1.492 €/m²,Einfamilienhaus (freistehend),nil,nil,4,1,nil,nil,{'is24qa-gaeste-wc-label': ''}
Ein Ort der Harmonie: Ihr Einfamilienhaus ist der Schlüssel zu Ihrem Glück!,266.000 €,"59174 Kamen, Unna (Kreis)
Die vollständige Adresse der Immobilie erhalten Sie vom Anbieter.",6,180 m²,499 m²,1.478 €/m²,Einfamilienhaus (freistehend),nil,nil,5,1,nil,nil,{'is24qa-gaeste-wc-label': ''}
Willkommen im Zentrum Ihrer Welt: Ihr Einfamilienhaus lädt zum Träumen ein!,240.000 €,"59174 Kamen, Unna (Kreis)
Die vollständige Adresse der Immobilie erhalten Sie vom Anbieter.",5,160 m²,500 m²,1.500 €/m²,Einfamilienhaus (freistehend),nil,nil,4,1,nil,nil,{'is24qa-gaeste-wc-label': ''}
Entdecken Sie Ihr perfektes Einfamilienhaus: Ein Ort für Ihre Träume!,220.000 €,"59174 Kamen, Unna (Kreis)
Die vollständige Adresse der Immobilie erhalten Sie vom Anbieter.",4,140 m²,450 m²,1.571 €/m²,Einfamilienhaus (freistehend),nil,nil,3,1,nil,nil,{'is24qa-gaeste-wc-label': ''}
"Ein Haus, ein Herz: Entdecken Sie die Liebe zum Detail in Ihrem Einfamilienhaus!",210.000 €,"59174 Kamen, Unna (Kreis)
Die vollständige Adresse der Immobilie erhalten Sie vom Anbieter.",4,120 m²,450 m²,1.750 €/m²,nil,nil,nil,3,1,nil,nil,{'is24qa-gaeste-wc-label': ''}
Urbanes Wohnen neu definiert: Entdecken Sie die Eleganz einer Cityvilla!,379.000 €,"59439 Holzwickede, Unna (Kreis)
Die vollständige Adresse der Immobilie erhalten Sie vom Anbieter.",5,250 m²,500 m²,1.516 €/m²,Villa,nil,nil,4,1,nil,nil,{'is24qa-gaeste-wc-label': ''}
Begehrtes Wohnjuwel: Ihre exklusive Haushälfte!,218.000 €,"59439 Holzwickede, Unna (Kreis)
Die vollständige Adresse der Immobilie erhalten Sie vom Anbieter.",4,120 m²,350 m²,1.817 €/m²,Doppelhaushälfte,nil,nil,3,1,nil,nil,"{'is24qa-gaeste-wc-label': '', 'is24qa-stufenloser-zugang-label': ''}"
Modernes Traumhaus in Simmern: 4-Zimmer Haus nach Ihren Wünschen,218.000 €,"59439 Holzwickede, Unna (Kreis)
Die vollständige Adresse der Immobilie erhalten Sie vom Anbieter.",4,135 m²,400 m²,1.615 €/m²,nil,nil,nil,3,1,nil,nil,{'is24qa-gaeste-wc-label': ''}
Ein Ort der Geborgenheit: Ihr Einfamilienhaus ist mehr als nur ein Haus!,256.000 €,"59439 Holzwickede, Unna (Kreis)
Die vollständige Adresse der Immobilie erhalten Sie vom Anbieter.",5,165 m²,550 m²,1.552 €/m²,nil,nil,nil,4,1,nil,nil,{'is24qa-gaeste-wc-label': ''}
Zwei zum Preis von einem: Traumhäuser zum wohlfühlen!,359.000 €,"59439 Holzwickede, Unna (Kreis)
Die vollständige Adresse der Immobilie erhalten Sie vom Anbieter.",8,260 m²,550 m²,1.381 €/m²,Doppelhaushälfte,nil,nil,6,2,nil,nil,"{'is24qa-gaeste-wc-label': '', 'is24qa-einliegerwohnung-label': ''}"
Traumhaftes Wohnen mit Vielseitigkeit: Ihr Neubau mit Einliegerwohnung!,321.000 €,"59439 Holzwickede, Unna (Kreis)
Die vollständige Adresse der Immobilie erhalten Sie vom Anbieter.",7,235 m²,600 m²,1.366 €/m²,Mehrfamilienhaus,nil,nil,5,2,nil,nil,"{'is24qa-gaeste-wc-label': '', 'is24qa-stufenloser-zugang-label': '', 'is24qa-einliegerwohnung-label': ''}"
Vielfalt auf einen Blick: Willkommen im Mehrfamilienhaus Ihrer Zukunft!,323.000 €,"59439 Holzwickede, Unna (Kreis)
Die vollständige Adresse der Immobilie erhalten Sie vom Anbieter.",7,255 m²,500 m²,1.267 €/m²,Mehrfamilienhaus,nil,nil,5,2,nil,nil,{'is24qa-einliegerwohnung-label': ''}
Perfektion in jeder Ecke: Ihr Traumbungalow - Das ultimative Wohnhighlight!,267.000 €,"59439 Holzwickede, Unna (Kreis)
Die vollständige Adresse der Immobilie erhalten Sie vom Anbieter.",4,140 m²,600 m²,1.907 €/m²,Bungalow,nil,nil,3,1,nil,nil,"{'is24qa-gaeste-wc-label': '', 'is24qa-stufenloser-zugang-label': ''}"
Ein Leben ohne Stufen: Willkommen im barrierefreien Traum-Bungalow,214.000 €,"59439 Holzwickede, Unna (Kreis)
Die vollständige Adresse der Immobilie erhalten Sie vom Anbieter.",3,98 m²,400 m²,2.184 €/m²,Bungalow,nil,nil,2,1,nil,nil,{'is24qa-stufenloser-zugang-label': ''}
Willkommen im Reich der Träume: Ihr Einfamilienhaus erfüllt alle Wünsche!,303.000 €,"59439 Holzwickede, Unna (Kreis)
Die vollständige Adresse der Immobilie erhalten Sie vom Anbieter.",5,210 m²,549 m²,1.443 €/m²,Einfamilienhaus (freistehend),nil,nil,4,1,nil,nil,{'is24qa-gaeste-wc-label': ''}
Entdecken Sie Ihr persönliches Wohlfühlparadies: Ihr Einfamilienhaus wartet auf Sie!,291.000 €,"59439 Holzwickede, Unna (Kreis)
Die vollständige Adresse der Immobilie erhalten Sie vom Anbieter.",5,195 m²,600 m²,1.492 €/m²,Einfamilienhaus (freistehend),nil,nil,4,1,nil,nil,{'is24qa-gaeste-wc-label': ''}
Lang genug gewartet! JETZT WIRD GESPART! Hausbau in Emmerich - Neu!,419.557 €,"46446 Emmerich am Rhein, Kleve (Kreis)
Die vollständige Adresse der Immobilie erhalten Sie vom Anbieter.",5,133 m²,412 m²,3.155 €/m²,Einfamilienhaus (freistehend),nil,nil,3,1,nil,Nein,"{'is24qa-gaeste-wc-label': '', 'is24qa-provisionsfrei-fuer-kaufende-label': ''}"
Lang genug gewartet! JETZT WIRD GESPART! Hausbau in Willich - Neu!,428.448 €,"47877 Willich, Viersen (Kreis)
Die vollständige Adresse der Immobilie erhalten Sie vom Anbieter.",5,133 m²,385 m²,3.221 €/m²,Einfamilienhaus (freistehend),nil,nil,3,1,nil,Nein,"{'is24qa-gaeste-wc-label': '', 'is24qa-provisionsfrei-fuer-kaufende-label': ''}"
großes Haus in Kempen - weitere Infos unter: 0171- 28 76 423,623.885 €,"47906 Kempen, Viersen (Kreis)
Die vollständige Adresse der Immobilie erhalten Sie vom Anbieter.",6,246 m²,785 m²,2.536 €/m²,Einfamilienhaus (freistehend),nil,nil,5,2,nil,Nein,"{'is24qa-gaeste-wc-label': '', 'is24qa-provisionsfrei-fuer-kaufende-label': ''}"
Hausbau in Kleve ohne Kompromisse - Neu!,405.847 €,"47533 Kleve, Kleve (Kreis)
Die vollständige Adresse der Immobilie erhalten Sie vom Anbieter.",5,133 m²,419 m²,3.051 €/m²,Einfamilienhaus (freistehend),nil,nil,3,1,nil,Nein,"{'is24qa-gaeste-wc-label': '', 'is24qa-provisionsfrei-fuer-kaufende-label': ''}"
Hausbau in Goch mit vielen Extras - Neu!,432.489 €,"47574 Goch, Kleve (Kreis)
Die vollständige Adresse der Immobilie erhalten Sie vom Anbieter.",5,133 m²,422 m²,3.252 €/m²,Einfamilienhaus (freistehend),nil,nil,3,1,nil,Nein,"{'is24qa-gaeste-wc-label': '', 'is24qa-provisionsfrei-fuer-kaufende-label': ''}"
Einfamilienhaus in Nettetal-Lobberich / jetzt informieren unter: 0171-2876423,415.142 €,"41334 Nettetal, Viersen (Kreis)
Die vollständige Adresse der Immobilie erhalten Sie vom Anbieter.",5,144 m²,388 m²,2.883 €/m²,Einfamilienhaus (freistehend),nil,nil,3,1,nil,Nein,"{'is24qa-gaeste-wc-label': '', 'is24qa-provisionsfrei-fuer-kaufende-label': ''}"
großes Energiesparhaus - ausgestattet für die Zukunft - in Viersen-Dülken,489.779 €,"41748 Viersen, Viersen (Kreis)
Die vollständige Adresse der Immobilie erhalten Sie vom Anbieter.",5,"185,6 m²",405 m²,2.639 €/m²,Einfamilienhaus (freistehend),nil,nil,4,2,nil,Nein,"{'is24qa-gaeste-wc-label': '', 'is24qa-provisionsfrei-fuer-kaufende-label': ''}"
großes Energiesparhaus - ausgestattet für die Zukunft - in Viersen-Dülken,489.779 €,"41748 Viersen, Viersen (Kreis)
Die vollständige Adresse der Immobilie erhalten Sie vom Anbieter.",5,"185,6 m²",405 m²,2.639 €/m²,Einfamilienhaus (freistehend),nil,nil,4,2,nil,Nein,"{'is24qa-gaeste-wc-label': '', 'is24qa-provisionsfrei-fuer-kaufende-label': ''}"
großes Energiesparhaus - ausgestattet für die Zukunft - in Goch,512.455 €,"47574 Goch, Kleve (Kreis)
Die vollständige Adresse der Immobilie erhalten Sie vom Anbieter.",5,"185,6 m²",598 m²,2.761 €/m²,Einfamilienhaus (freistehend),nil,nil,4,2,nil,Nein,"{'is24qa-gaeste-wc-label': '', 'is24qa-provisionsfrei-fuer-kaufende-label': ''}"
Energieeffizient * Einfamilienhaus in Nettetal-Lobberich / jetzt informieren unter: 0171-2876423,421.259 €,"41334 Nettetal, Viersen (Kreis)
Die vollständige Adresse der Immobilie erhalten Sie vom Anbieter.",5,159 m²,385 m²,2.649 €/m²,Einfamilienhaus (freistehend),nil,nil,3,1,nil,Nein,"{'is24qa-gaeste-wc-label': '', 'is24qa-provisionsfrei-fuer-kaufende-label': ''}"
Energie selbst produzieren mit Photovoltaik und Wärmepumpe - Neubau in Kranenburg,365.877 €,"47559 Kranenburg, Kleve (Kreis)
Die vollständige Adresse der Immobilie erhalten Sie vom Anbieter.",4,143 m²,430 m²,2.559 €/m²,Einfamilienhaus (freistehend),nil,nil,3,1,nil,Nein,"{'is24qa-gaeste-wc-label': '', 'is24qa-provisionsfrei-fuer-kaufende-label': ''}"
Da wo man sich wohlfühlt: Hausbau in Viersen / Energieeffizient,479.896 €,"41748 Viersen, Viersen (Kreis)
Die vollständige Adresse der Immobilie erhalten Sie vom Anbieter.",5,169 m²,432 m²,2.840 €/m²,Einfamilienhaus (freistehend),nil,nil,4,2,nil,Nein,"{'is24qa-gaeste-wc-label': '', 'is24qa-provisionsfrei-fuer-kaufende-label': ''}"
Neues Wohngefühl im Eigenheim - moderner Hausbau in Nettetal,415.674 €,"41334 Nettetal, Viersen (Kreis)
Die vollständige Adresse der Immobilie erhalten Sie vom Anbieter.",4,127 m²,401 m²,3.273 €/m²,Einfamilienhaus (freistehend),nil,2024,3,1,nil,Nein,"{'is24qa-gaeste-wc-label': '', 'is24qa-provisionsfrei-fuer-kaufende-label': ''}"
Neues Wohngefühl im Eigenheim - moderner Hausbau in Nettetal,415.641 €,"41334 Nettetal, Viersen (Kreis)
Die vollständige Adresse der Immobilie erhalten Sie vom Anbieter.",4,127 m²,399 m²,3.273 €/m²,Einfamilienhaus (freistehend),nil,2024,3,1,nil,Nein,"{'is24qa-gaeste-wc-label': '', 'is24qa-provisionsfrei-fuer-kaufende-label': ''}"
Da wo man sich wohlfühlt: Hausbau in Niederkrüchten,448.787 €,"41372 Niederkrüchten, Viersen (Kreis)
Die vollständige Adresse der Immobilie erhalten Sie vom Anbieter.",4,127 m²,411 m²,3.534 €/m²,Einfamilienhaus (freistehend),nil,2024,3,1,nil,Nein,"{'is24qa-gaeste-wc-label': '', 'is24qa-provisionsfrei-fuer-kaufende-label': ''}"
Energie selbst produzieren mit Photovoltaik und Wärmepumpe - Neubau in Emmerich,498.778 €,"46446 Emmerich am Rhein, Kleve (Kreis)
Die vollständige Adresse der Immobilie erhalten Sie vom Anbieter.",5,162 m²,548 m²,3.079 €/m²,Einfamilienhaus (freistehend),nil,nil,4,2,nil,Nein,"{'is24qa-gaeste-wc-label': '', 'is24qa-provisionsfrei-fuer-kaufende-label': ''}"
Energie selbst produzieren mit Photovoltaik und Wärmepumpe - Neubau in Emmerich,442.573 €,"46446 Emmerich am Rhein, Kleve (Kreis)
Die vollständige Adresse der Immobilie erhalten Sie vom Anbieter.",5,162 m²,520 m²,2.732 €/m²,Einfamilienhaus (freistehend),nil,nil,4,2,nil,Nein,"{'is24qa-gaeste-wc-label': '', 'is24qa-provisionsfrei-fuer-kaufende-label': ''}"
modernes Haus mit vielen Möglichkeiten *** Grundstück in Schwalmtal** Info unter 0171 2876423,421.578 €,"41366 Schwalmtal, Viersen (Kreis)
Die vollständige Adresse der Immobilie erhalten Sie vom Anbieter.",5,162 m²,455 m²,2.602 €/m²,Einfamilienhaus (freistehend),nil,nil,4,2,nil,Nein,"{'is24qa-gaeste-wc-label': '', 'is24qa-provisionsfrei-fuer-kaufende-label': ''}"
Haus mit hohem Wohlfühlfaktor in schöner Lage von Brüggen,410.548 €,"41379 Brüggen, Viersen (Kreis)
Die vollständige Adresse der Immobilie erhalten Sie vom Anbieter.",5,164 m²,578 m²,2.503 €/m²,Einfamilienhaus (freistehend),nil,2024,4,2,nil,Nein,"{'is24qa-gaeste-wc-label': '', 'is24qa-provisionsfrei-fuer-kaufende-label': ''}"
*** Knaller-Grundstück in Viersen schöne Wohnlage - modernes Haus mit Gestaltungsmöglichkeiten *,521.489 €,"41748 Viersen, Viersen (Kreis)
Die vollständige Adresse der Immobilie erhalten Sie vom Anbieter.",4,143 m²,422 m²,3.647 €/m²,Einfamilienhaus (freistehend),nil,nil,3,1,nil,Nein,"{'is24qa-gaeste-wc-label': '', 'is24qa-provisionsfrei-fuer-kaufende-label': ''}"
Nie mehr Miete zahlen! *** Hausbau in Tönisvorst ** Info unter 0171 2876423,512.545 €,"47918 Tönisvorst, Viersen (Kreis)
Die vollständige Adresse der Immobilie erhalten Sie vom Anbieter.",5,162 m²,375 m²,3.164 €/m²,Einfamilienhaus (freistehend),nil,nil,4,2,nil,Nein,"{'is24qa-gaeste-wc-label': '', 'is24qa-provisionsfrei-fuer-kaufende-label': ''}"
Energie selbst produzieren mit Photovoltaik und Wärmepumpe - Neubau in Tönisvorst,521.214 €,"47918 Tönisvorst, Viersen (Kreis)
Die vollständige Adresse der Immobilie erhalten Sie vom Anbieter.",4,143 m²,403 m²,3.645 €/m²,Einfamilienhaus (freistehend),nil,nil,3,1,nil,Nein,"{'is24qa-gaeste-wc-label': '', 'is24qa-provisionsfrei-fuer-kaufende-label': ''}"
*** seltenes großes Grundstück mit modernem Haus in Brüggen! mehr Infos unter: 0171-2876423***,478.524 €,"41379 Brüggen, Viersen (Kreis)
Die vollständige Adresse der Immobilie erhalten Sie vom Anbieter.",4,143 m²,541 m²,3.346 €/m²,Einfamilienhaus (freistehend),nil,nil,3,1,nil,Nein,"{'is24qa-gaeste-wc-label': '', 'is24qa-provisionsfrei-fuer-kaufende-label': ''}"
*** seltenes großes Grundstück mit modernem Haus in Brüggen! mehr Infos unter: 0171-2876423***,478.524 €,"41379 Brüggen, Viersen (Kreis)
Die vollständige Adresse der Immobilie erhalten Sie vom Anbieter.",4,143 m²,541 m²,3.346 €/m²,Einfamilienhaus (freistehend),nil,nil,3,1,nil,Nein,"{'is24qa-gaeste-wc-label': '', 'is24qa-provisionsfrei-fuer-kaufende-label': ''}"
*** Endlich zu Hause ankommen - Haus in Viersen-Dülken zum Aktionspreis!***,451.059 €,"41751 Viersen, Viersen (Kreis)
Die vollständige Adresse der Immobilie erhalten Sie vom Anbieter.",4,143 m²,402 m²,3.154 €/m²,Einfamilienhaus (freistehend),nil,nil,3,1,nil,Nein,"{'is24qa-gaeste-wc-label': '', 'is24qa-provisionsfrei-fuer-kaufende-label': ''}"
Eigentum - die sinnvolle Altersvorsorge - Neubau in Kleve / mehr Infos unter: 0171 2876423,524.114 €,"47533 Kleve, Kleve (Kreis)
Die vollständige Adresse der Immobilie erhalten Sie vom Anbieter.",5,162 m²,478 m²,3.235 €/m²,Einfamilienhaus (freistehend),nil,nil,4,2,nil,Nein,"{'is24qa-gaeste-wc-label': '', 'is24qa-provisionsfrei-fuer-kaufende-label': ''}"
Nie mehr Miete zahlen *** Hausbau in Emmerich** Info unter 0171 2876423,465.479 €,"46446 Emmerich am Rhein, Kleve (Kreis)
Die vollständige Adresse der Immobilie erhalten Sie vom Anbieter.",5,162 m²,497 m²,2.873 €/m²,Einfamilienhaus (freistehend),nil,nil,4,2,nil,Nein,"{'is24qa-gaeste-wc-label': '', 'is24qa-provisionsfrei-fuer-kaufende-label': ''}"
Nie mehr Miete zahlen *** Hausbau in Kranenburg** Info unter 0171 2876423,501.455 €,"47559 Kranenburg, Kleve (Kreis)
Die vollständige Adresse der Immobilie erhalten Sie vom Anbieter.",5,162 m²,504 m²,3.095 €/m²,Einfamilienhaus (freistehend),nil,nil,4,2,nil,Nein,"{'is24qa-gaeste-wc-label': '', 'is24qa-provisionsfrei-fuer-kaufende-label': ''}"
Energie selbst produzieren mit Photovoltaik und Wärmepumpe - Neubau in Goch,451.145 €,"47574 Goch, Kleve (Kreis)
Die vollständige Adresse der Immobilie erhalten Sie vom Anbieter.",5,162 m²,387 m²,2.785 €/m²,Einfamilienhaus (freistehend),nil,nil,4,2,nil,Nein,"{'is24qa-gaeste-wc-label': '', 'is24qa-provisionsfrei-fuer-kaufende-label': ''}"
"Statt Miete zahlen, Eigentum besitzen in Kalkar - moderne Specs",359.614 €,"47546 Kalkar, Kleve (Kreis)
Die vollständige Adresse der Immobilie erhalten Sie vom Anbieter.",4,99 m²,412 m²,3.632 €/m²,Einfamilienhaus (freistehend),nil,nil,3,1,nil,Nein,"{'is24qa-gaeste-wc-label': '', 'is24qa-provisionsfrei-fuer-kaufende-label': ''}"
Energie selbst produzieren mit Photovoltaik und Wärmepumpe - Neubau in Kleve,512.494 €,"47533 Kleve, Kleve (Kreis)
Die vollständige Adresse der Immobilie erhalten Sie vom Anbieter.",4,134 m²,375 m²,3.825 €/m²,Einfamilienhaus (freistehend),nil,nil,3,1,nil,Nein,"{'is24qa-gaeste-wc-label': '', 'is24qa-provisionsfrei-fuer-kaufende-label': ''}"
Moderne Stadtvilla als Energiesparhaus mit Wärmepumpe in Goch,375.019 €,"47574 Goch, Kleve (Kreis)
Die vollständige Adresse der Immobilie erhalten Sie vom Anbieter.",4,136 m²,400 m²,2.757 €/m²,Einfamilienhaus (freistehend),nil,nil,3,1,nil,Nein,"{'is24qa-gaeste-wc-label': '', 'is24qa-provisionsfrei-fuer-kaufende-label': ''}"
"Goch - Energiesparhaus mit Wärmepumpe, Photovoltaik und Be- und Entlüftungsanlage",411.419 €,"47574 Goch, Kleve (Kreis)
Die vollständige Adresse der Immobilie erhalten Sie vom Anbieter.",4,145 m²,285 m²,2.837 €/m²,Einfamilienhaus (freistehend),nil,nil,3,1,nil,Nein,"{'is24qa-gaeste-wc-label': '', 'is24qa-provisionsfrei-fuer-kaufende-label': ''}"
Energie selbst produzieren mit Photovoltaik und Wärmepumpe - Neubau in Goch,465.875 €,"47551 Goch, Kleve (Kreis)
Die vollständige Adresse der Immobilie erhalten Sie vom Anbieter.",4,143 m²,398 m²,3.258 €/m²,Einfamilienhaus (freistehend),nil,nil,3,1,nil,Nein,"{'is24qa-gaeste-wc-label': '', 'is24qa-provisionsfrei-fuer-kaufende-label': ''}"
Energie selbst produzieren mit Photovoltaik und Wärmepumpe - Neubau in Niederkrüchten,449.554 €,"41372 Niederkrüchten, Viersen (Kreis)
Die vollständige Adresse der Immobilie erhalten Sie vom Anbieter.",5,145 m²,412 m²,3.100 €/m²,Einfamilienhaus (freistehend),nil,nil,3,1,nil,Nein,"{'is24qa-gaeste-wc-label': '', 'is24qa-provisionsfrei-fuer-kaufende-label': ''}"
Energiesparhaus - Neubau in Kempen - Wärmepumpe / Photovoltaik,498.995 €,"47906 Kempen, Viersen (Kreis)
Die vollständige Adresse der Immobilie erhalten Sie vom Anbieter.",4,145 m²,425 m²,3.441 €/m²,Einfamilienhaus (freistehend),nil,2024,3,1,nil,Nein,"{'is24qa-gaeste-wc-label': '', 'is24qa-provisionsfrei-fuer-kaufende-label': ''}"
Energie selbst produzieren mit Photovoltaik und Wärmepumpe - Neubau in Bedburg Hau,514.244 €,"47551 Bedburg-Hau, Kleve (Kreis)
Die vollständige Adresse der Immobilie erhalten Sie vom Anbieter.",5,160 m²,482 m²,3.214 €/m²,Einfamilienhaus (freistehend),nil,nil,3,2,nil,Nein,"{'is24qa-gaeste-wc-label': '', 'is24qa-provisionsfrei-fuer-kaufende-label': ''}"
Energiesparsames Haus in Viersen - Wärmepumpe/Photovoltaik,541.897 €,"41751 Viersen, Viersen (Kreis)
Die vollständige Adresse der Immobilie erhalten Sie vom Anbieter.",6,232 m²,548 m²,2.336 €/m²,nil,nil,nil,4,2,nil,Nein,"{'is24qa-gaeste-wc-label': '', 'is24qa-provisionsfrei-fuer-kaufende-label': ''}"
Energie sparen - Effektive Vorsorge durch Neubau! Hausbau in Viersen,495.554 €,"41748 Viersen, Viersen (Kreis)
Die vollständige Adresse der Immobilie erhalten Sie vom Anbieter.",5,162 m²,475 m²,3.059 €/m²,Einfamilienhaus (freistehend),nil,nil,4,2,nil,Nein,"{'is24qa-gaeste-wc-label': '', 'is24qa-provisionsfrei-fuer-kaufende-label': ''}"
Energie selbst produzieren mit Photovoltaik und Wärmepumpe - Neubau in Viersen,521.440 €,"41748 Viersen, Viersen (Kreis)
Die vollständige Adresse der Immobilie erhalten Sie vom Anbieter.",4,134 m²,399 m²,3.891 €/m²,Einfamilienhaus (freistehend),nil,nil,3,2,nil,Nein,"{'is24qa-gaeste-wc-label': '', 'is24qa-provisionsfrei-fuer-kaufende-label': ''}"
Energiesparhaus in Traumlage von Schwalmtal - Haus mit Charme,475.578 €,"41366 Schwalmtal, Viersen (Kreis)
Die vollständige Adresse der Immobilie erhalten Sie vom Anbieter.",4,145 m²,384 m²,3.280 €/m²,Einfamilienhaus (freistehend),nil,nil,3,1,nil,Nein,"{'is24qa-gaeste-wc-label': '', 'is24qa-provisionsfrei-fuer-kaufende-label': ''}"
Eigentum - die sinnvolle Altersvorsorge - Neubau in Bedburg-Hau/ mehr Infos unter: 0171 2876423,422.632 €,"47551 Bedburg-Hau, Kleve (Kreis)
Die vollständige Adresse der Immobilie erhalten Sie vom Anbieter.",4,143 m²,510 m²,2.955 €/m²,Einfamilienhaus (freistehend),nil,nil,3,1,nil,Nein,"{'is24qa-gaeste-wc-label': '', 'is24qa-provisionsfrei-fuer-kaufende-label': ''}"
Energie selbst produzieren mit Photovoltaik und Wärmepumpe - Neubau in Kleve,421.558 €,"47533 Kleve, Kleve (Kreis)
Die vollständige Adresse der Immobilie erhalten Sie vom Anbieter.",4,143 m²,455 m²,2.948 €/m²,Einfamilienhaus (freistehend),nil,nil,3,1,nil,Nein,"{'is24qa-gaeste-wc-label': '', 'is24qa-provisionsfrei-fuer-kaufende-label': ''}"
Energie selbst produzieren mit Photovoltaik und Wärmepumpe - Neubau in Goch,421.545 €,"47574 Goch, Kleve (Kreis)
Die vollständige Adresse der Immobilie erhalten Sie vom Anbieter.",4,143 m²,410 m²,2.948 €/m²,Einfamilienhaus (freistehend),nil,nil,3,1,nil,Nein,"{'is24qa-gaeste-wc-label': '', 'is24qa-provisionsfrei-fuer-kaufende-label': ''}"
Haus in Nettetal mit Wärmepumpe und Photovoltaik - Info unter 0171 7744817,474.771 €,"41334 Nettetal, Viersen (Kreis)
Die vollständige Adresse der Immobilie erhalten Sie vom Anbieter.",4,145 m²,422 m²,3.274 €/m²,Einfamilienhaus (freistehend),nil,nil,3,1,nil,Nein,"{'is24qa-gaeste-wc-label': '', 'is24qa-provisionsfrei-fuer-kaufende-label': ''}"
Energie selbst produzieren mit Photovoltaik und Wärmepumpe - Neubau in Nettetal,456.785 €,"41334 Nettetal, Viersen (Kreis)
Die vollständige Adresse der Immobilie erhalten Sie vom Anbieter.",4,127 m²,399 m²,3.597 €/m²,Einfamilienhaus (freistehend),nil,nil,5,1,nil,Nein,{'is24qa-provisionsfrei-fuer-kaufende-label': ''}
Energie selbst produzieren mit Photovoltaik und Wärmepumpe - Neubau in Nettetal,421.588 €,"41334 Nettetal, Viersen (Kreis)
Die vollständige Adresse der Immobilie erhalten Sie vom Anbieter.",4,134 m²,389 m²,3.146 €/m²,Einfamilienhaus (freistehend),nil,nil,3,1,nil,Nein,"{'is24qa-gaeste-wc-label': '', 'is24qa-provisionsfrei-fuer-kaufende-label': ''}"
Haus mit vielen Energie-Spar-Optionen * Grundstück in Niederkrüchten *** Info unter 0171 2876423,475.898 €,"41372 Niederkrüchten, Viersen (Kreis)
Die vollständige Adresse der Immobilie erhalten Sie vom Anbieter.",5,169 m²,531 m²,2.816 €/m²,Einfamilienhaus (freistehend),nil,nil,4,2,nil,Nein,"{'is24qa-gaeste-wc-label': '', 'is24qa-provisionsfrei-fuer-kaufende-label': ''}"
Energiesparhaus in ruhiger Lage von Grefrath bei Kempen,485.554 €,"47929 Grefrath, Viersen (Kreis)
Die vollständige Adresse der Immobilie erhalten Sie vom Anbieter.",4,145 m²,475 m²,3.349 €/m²,Einfamilienhaus (freistehend),nil,nil,3,1,nil,Nein,"{'is24qa-gaeste-wc-label': '', 'is24qa-provisionsfrei-fuer-kaufende-label': ''}"
Grundstück in ländlicher Lage von Schwalmtal - Bauen da wo es schön ist.,485.461 €,"41366 Schwalmtal, Viersen (Kreis)
Die vollständige Adresse der Immobilie erhalten Sie vom Anbieter.",5,177 m²,402 m²,2.743 €/m²,Einfamilienhaus (freistehend),nil,nil,5,2,nil,Nein,"{'is24qa-gaeste-wc-label': '', 'is24qa-provisionsfrei-fuer-kaufende-label': ''}"
modernes Haus in Niederkrüchten - Engeriesparen leicht durch Ihr persönliches Konzept,499.659 €,"41372 Niederkrüchten, Viersen (Kreis)
Die vollständige Adresse der Immobilie erhalten Sie vom Anbieter.",4,127 m²,423 m²,3.934 €/m²,Einfamilienhaus (freistehend),nil,2024,3,1,nil,Nein,"{'is24qa-gaeste-wc-label': '', 'is24qa-provisionsfrei-fuer-kaufende-label': ''}"
Haus in Nettetal mit Photovoltaik + Wärmepumpe *** mehr Infos unter: 0171-2876423,432.456 €,"41334 Nettetal, Viersen (Kreis)
Die vollständige Adresse der Immobilie erhalten Sie vom Anbieter.",4,143 m²,389 m²,3.024 €/m²,Einfamilienhaus (freistehend),nil,nil,3,1,nil,Nein,"{'is24qa-gaeste-wc-label': '', 'is24qa-provisionsfrei-fuer-kaufende-label': ''}"
großes Haus in Kranenburg - weitere Infos unter: 0171- 28 76 423,535.887 €,"47559 Kranenburg, Kleve (Kreis)
Die vollständige Adresse der Immobilie erhalten Sie vom Anbieter.",6,246 m²,460 m²,2.178 €/m²,Einfamilienhaus (freistehend),nil,nil,5,2,nil,Nein,"{'is24qa-gaeste-wc-label': '', 'is24qa-provisionsfrei-fuer-kaufende-label': ''}"
großes Haus in Kleve - weitere Infos unter: 0171- 28 76 423,528.277 €,"47533 Kleve, Kleve (Kreis)
Die vollständige Adresse der Immobilie erhalten Sie vom Anbieter.",6,246 m²,489 m²,2.147 €/m²,Einfamilienhaus (freistehend),nil,nil,5,2,nil,Nein,"{'is24qa-gaeste-wc-label': '', 'is24qa-provisionsfrei-fuer-kaufende-label': ''}"
großes Haus in Willich - weitere Infos unter: 0171- 28 76 423,618.049 €,"47877 Willich, Viersen (Kreis)
Die vollständige Adresse der Immobilie erhalten Sie vom Anbieter.",6,246 m²,428 m²,2.512 €/m²,Einfamilienhaus (freistehend),nil,nil,5,2,nil,Nein,"{'is24qa-gaeste-wc-label': '', 'is24qa-provisionsfrei-fuer-kaufende-label': ''}"
großes Haus in Tönisvorst - weitere Infos unter: 0171- 28 76 423,560.559 €,"47918 Tönisvorst, Viersen (Kreis)
Die vollständige Adresse der Immobilie erhalten Sie vom Anbieter.",6,246 m²,388 m²,2.279 €/m²,Einfamilienhaus (freistehend),nil,nil,5,2,nil,Nein,"{'is24qa-gaeste-wc-label': '', 'is24qa-provisionsfrei-fuer-kaufende-label': ''}"
großes Haus in Kleve - weitere Infos unter: 0171- 28 76 423,485.866 €,"47533 Kleve, Kleve (Kreis)
Die vollständige Adresse der Immobilie erhalten Sie vom Anbieter.",6,246 m²,581 m²,1.975 €/m²,Einfamilienhaus (freistehend),nil,nil,5,2,nil,Nein,"{'is24qa-gaeste-wc-label': '', 'is24qa-provisionsfrei-fuer-kaufende-label': ''}"
großes Haus in Grefrath - weitere Infos unter: 0171- 28 76 423,515.866 €,"47929 Grefrath, Viersen (Kreis)
Die vollständige Adresse der Immobilie erhalten Sie vom Anbieter.",6,246 m²,411 m²,2.097 €/m²,Einfamilienhaus (freistehend),nil,nil,5,2,nil,Nein,"{'is24qa-gaeste-wc-label': '', 'is24qa-provisionsfrei-fuer-kaufende-label': ''}"
Neubau in Brüggen inkl. Wärmepumpe + Photovoltaik + autom. Be- und Entlüftungsanlage,468.455 €,"41379 Brüggen, Viersen (Kreis)
Die vollständige Adresse der Immobilie erhalten Sie vom Anbieter.",4,145 m²,458 m²,3.231 €/m²,Einfamilienhaus (freistehend),nil,nil,3,1,nil,Nein,"{'is24qa-gaeste-wc-label': '', 'is24qa-provisionsfrei-fuer-kaufende-label': ''}"
tolles Haus mit vielen Extras in Brüggen - Info unter 0171 2876423,456.899 €,"41379 Brüggen, Viersen (Kreis)
Die vollständige Adresse der Immobilie erhalten Sie vom Anbieter.",5,164 m²,512 m²,2.786 €/m²,Einfamilienhaus (freistehend),nil,nil,4,2,nil,Nein,"{'is24qa-gaeste-wc-label': '', 'is24qa-provisionsfrei-fuer-kaufende-label': ''}"
Energie selbst produzieren mit Photovoltaik und Wärmepumpe - Neubau in Niederkrüchten,455.998 €,"41372 Niederkrüchten, Viersen (Kreis)
Die vollständige Adresse der Immobilie erhalten Sie vom Anbieter.",5,160 m²,445 m²,2.850 €/m²,Einfamilienhaus (freistehend),nil,nil,4,2,nil,Nein,"{'is24qa-gaeste-wc-label': '', 'is24qa-provisionsfrei-fuer-kaufende-label': ''}"
freie Sicht in den eigenen Garten in Schwalmtal - Info unter 0171 7744817,461.589 €,"41366 Schwalmtal, Viersen (Kreis)
Die vollständige Adresse der Immobilie erhalten Sie vom Anbieter.",6,232 m²,422 m²,1.990 €/m²,nil,nil,nil,4,2,nil,Nein,"{'is24qa-gaeste-wc-label': '', 'is24qa-provisionsfrei-fuer-kaufende-label': ''}"
durchdachte Aufteilung - kleines Haus in Grefrath - inkl. Wärmepumpe,485.874 €,"47929 Grefrath, Viersen (Kreis)
Die vollständige Adresse der Immobilie erhalten Sie vom Anbieter.",5,177 m²,487 m²,2.745 €/m²,Einfamilienhaus (freistehend),nil,nil,5,2,nil,Nein,"{'is24qa-gaeste-wc-label': '', 'is24qa-provisionsfrei-fuer-kaufende-label': ''}"
großes Haus in Brüggen - weitere Infos unter: 0171- 28 76 423,488.278 €,"41379 Brüggen, Viersen (Kreis)
Die vollständige Adresse der Immobilie erhalten Sie vom Anbieter.",6,246 m²,608 m²,1.985 €/m²,Einfamilienhaus (freistehend),nil,nil,5,2,nil,Nein,"{'is24qa-gaeste-wc-label': '', 'is24qa-provisionsfrei-fuer-kaufende-label': ''}"
Brüggen - Haus mit hohem Energiesparlevel - reinschauen lohnt sich!,358.956 €,"41379 Brüggen, Viersen (Kreis)
Die vollständige Adresse der Immobilie erhalten Sie vom Anbieter.",5,126 m²,312 m²,2.849 €/m²,Doppelhaushälfte,nil,nil,3,1,nil,Nein,"{'is24qa-gaeste-wc-label': '', 'is24qa-einliegerwohnung-label': '', 'is24qa-provisionsfrei-fuer-kaufende-label': ''}"
Neu eingetroffen! Wunderschönes Generationenhaus für 2 Familien,553.149 €,"47533 Kleve, Kleve (Kreis)
Die vollständige Adresse der Immobilie erhalten Sie vom Anbieter.",8,270 m²,583 m²,2.049 €/m²,nil,nil,nil,6,2,nil,Nein,"{'is24qa-gaeste-wc-label': '', 'is24qa-provisionsfrei-fuer-kaufende-label': ''}"
Hausbau in Nettetal - Energie sparen - Effektive Vorsorge durch Neubau!,552.569 €,"41334 Nettetal, Viersen (Kreis)
Die vollständige Adresse der Immobilie erhalten Sie vom Anbieter.",6,204 m²,547 m²,2.709 €/m²,Einfamilienhaus (freistehend),nil,2024,4,2,nil,Nein,"{'is24qa-gaeste-wc-label': '', 'is24qa-einliegerwohnung-label': '', 'is24qa-provisionsfrei-fuer-kaufende-label': ''}"
*** Traumhaus mit großem Südgarten! ***,607.008 €,"47551 Bedburg-Hau, Kleve (Kreis)
Die vollständige Adresse der Immobilie erhalten Sie vom Anbieter.",5,160 m²,560 m²,3.794 €/m²,Einfamilienhaus (freistehend),nil,nil,3,2,nil,Nein,"{'is24qa-gaeste-wc-label': '', 'is24qa-provisionsfrei-fuer-kaufende-label': ''}"
Willich - wunderschönes Einfamilienhaus *** Infos unter 0171 2876423,515.877 €,"47877 Willich, Viersen (Kreis)
Die vollständige Adresse der Immobilie erhalten Sie vom Anbieter.",5,162 m²,398 m²,3.184 €/m²,Einfamilienhaus (freistehend),nil,nil,4,2,nil,Nein,"{'is24qa-gaeste-wc-label': '', 'is24qa-provisionsfrei-fuer-kaufende-label': ''}"
Energiesparhaus - Wärmepumpe und Photovoltaikanlage! Haus in Nettetal-Schaag,449.059 €,"41334 Nettetal, Viersen (Kreis)
Die vollständige Adresse der Immobilie erhalten Sie vom Anbieter.",4,145 m²,449 m²,3.097 €/m²,Einfamilienhaus (freistehend),nil,2024,3,1,nil,Nein,"{'is24qa-gaeste-wc-label': '', 'is24qa-provisionsfrei-fuer-kaufende-label': ''}"
Energiesparhaus - Wärmepumpe und Photovoltaikanlage! Haus in Brüggen,441.321 €,"41379 Brüggen, Viersen (Kreis)
Die vollständige Adresse der Immobilie erhalten Sie vom Anbieter.",4,145 m²,489 m²,3.044 €/m²,Einfamilienhaus (freistehend),nil,2024,3,1,nil,Nein,"{'is24qa-gaeste-wc-label': '', 'is24qa-provisionsfrei-fuer-kaufende-label': ''}"
Energiesparhaus - Wärmepumpe und Photovoltaikanlage! Haus in Nettetal-Kaldenkirchen,449.875 €,"41334 Nettetal, Viersen (Kreis)
Die vollständige Adresse der Immobilie erhalten Sie vom Anbieter.",4,145 m²,387 m²,3.103 €/m²,Einfamilienhaus (freistehend),nil,2024,3,1,nil,Nein,"{'is24qa-gaeste-wc-label': '', 'is24qa-provisionsfrei-fuer-kaufende-label': ''}"
Energiesparhaus - Wärmepumpe und Photovoltaikanlage inkl. ! Haus in Schwalmtal-Amern,449.059 €,"41366 Schwalmtal, Viersen (Kreis)
Die vollständige Adresse der Immobilie erhalten Sie vom Anbieter.",4,145 m²,375 m²,3.097 €/m²,Einfamilienhaus (freistehend),nil,2024,3,1,nil,Nein,"{'is24qa-gaeste-wc-label': '', 'is24qa-provisionsfrei-fuer-kaufende-label': ''}"
Gemeinsam stark: Entdecken Sie das Mehrgenerationenhaus als Ort des Zusammenhalts,981.000 €,"Gerresheim, 40625 Düsseldorf
Die vollständige Adresse der Immobilie erhalten Sie vom Anbieter.",8,217 m²,408 m²,4.521 €/m²,Mehrfamilienhaus,nil,nil,6,2,nil,Nein,"{'is24qa-gaeste-wc-label': '', 'is24qa-einliegerwohnung-label': '', 'is24qa-provisionsfrei-fuer-kaufende-label': ''}"
Stilvoll und großzügig: Das perfekte Familienheim für anspruchsvolle Käufer,869.900 €,"Gerresheim, 40625 Düsseldorf
Die vollständige Adresse der Immobilie erhalten Sie vom Anbieter.",5,182 m²,408 m²,4.780 €/m²,Einfamilienhaus (freistehend),nil,nil,4,2,nil,Nein,"{'is24qa-gaeste-wc-label': '', 'is24qa-provisionsfrei-fuer-kaufende-label': ''}"
Energie selbst produzieren mit Photovoltaik und Wärmepumpe - Neubau in Kalkar,397.591 €,"47546 Kalkar, Kleve (Kreis)
Die vollständige Adresse der Immobilie erhalten Sie vom Anbieter.",4,111 m²,375 m²,3.582 €/m²,Einfamilienhaus (freistehend),nil,2024,3,1,nil,Nein,"{'is24qa-gaeste-wc-label': '', 'is24qa-provisionsfrei-fuer-kaufende-label': ''}"
Energie selbst produzieren mit Photovoltaik und Wärmepumpe - Neubau in Emmerich,402.899 €,"46466 Emmerich am Rhein, Kleve (Kreis)
Die vollständige Adresse der Immobilie erhalten Sie vom Anbieter.",4,111 m²,415 m²,3.630 €/m²,Einfamilienhaus (freistehend),nil,2024,3,1,nil,Nein,"{'is24qa-gaeste-wc-label': '', 'is24qa-provisionsfrei-fuer-kaufende-label': ''}"
Energie selbst produzieren mit Photovoltaik und Wärmepumpe - Neubau in Rees,395.459 €,"46459 Rees, Kleve (Kreis)
Die vollständige Adresse der Immobilie erhalten Sie vom Anbieter.",4,111 m²,395 m²,3.563 €/m²,Einfamilienhaus (freistehend),nil,2024,3,1,nil,Nein,"{'is24qa-gaeste-wc-label': '', 'is24qa-provisionsfrei-fuer-kaufende-label': ''}"
Energie selbst produzieren mit Photovoltaik und Wärmepumpe - Neubau in Nettetal,379.895 €,"41334 Nettetal, Viersen (Kreis)
Die vollständige Adresse der Immobilie erhalten Sie vom Anbieter.",4,111 m²,400 m²,3.422 €/m²,Einfamilienhaus (freistehend),nil,2024,3,1,nil,Nein,"{'is24qa-gaeste-wc-label': '', 'is24qa-provisionsfrei-fuer-kaufende-label': ''}"
Energie selbst produzieren mit Photovoltaik und Wärmepumpe - Neubau in Brüggen,408.569 €,"41379 Brüggen, Viersen (Kreis)
Die vollständige Adresse der Immobilie erhalten Sie vom Anbieter.",4,111 m²,384 m²,3.681 €/m²,Einfamilienhaus (freistehend),nil,2024,3,1,nil,Nein,"{'is24qa-gaeste-wc-label': '', 'is24qa-provisionsfrei-fuer-kaufende-label': ''}"
Energie selbst produzieren mit Photovoltaik und Wärmepumpe - Neubau in Viersen,397.891 €,"41372 Niederkrüchten, Viersen (Kreis)
Die vollständige Adresse der Immobilie erhalten Sie vom Anbieter.",4,111 m²,402 m²,3.585 €/m²,Einfamilienhaus (freistehend),nil,2024,3,1,nil,Nein,"{'is24qa-gaeste-wc-label': '', 'is24qa-provisionsfrei-fuer-kaufende-label': ''}"
Energie selbst produzieren mit Photovoltaik und Wärmepumpe - Neubau in Viersen,422.541 €,"41748 Viersen, Viersen (Kreis)
Die vollständige Adresse der Immobilie erhalten Sie vom Anbieter.",4,111 m²,389 m²,3.807 €/m²,Einfamilienhaus (freistehend),nil,2024,3,1,nil,Nein,"{'is24qa-gaeste-wc-label': '', 'is24qa-provisionsfrei-fuer-kaufende-label': ''}"
Energie selbst produzieren mit Photovoltaik und Wärmepumpe - Neubau in Nettetal,396.788 €,"41334 Nettetal, Viersen (Kreis)
Die vollständige Adresse der Immobilie erhalten Sie vom Anbieter.",4,111 m²,385 m²,3.575 €/m²,Einfamilienhaus (freistehend),nil,nil,3,1,nil,Nein,"{'is24qa-gaeste-wc-label': '', 'is24qa-provisionsfrei-fuer-kaufende-label': ''}"
Lang genug gewartet! JETZT WIRD GESPART! Hausbau in Brüggen - Neu!,415.699 €,"41379 Brüggen, Viersen (Kreis)
Die vollständige Adresse der Immobilie erhalten Sie vom Anbieter.",5,133 m²,428 m²,3.126 €/m²,Einfamilienhaus (freistehend),nil,nil,3,1,nil,Nein,"{'is24qa-gaeste-wc-label': '', 'is24qa-provisionsfrei-fuer-kaufende-label': ''}"
Lang genug gewartet! JETZT WIRD GESPART! Hausbau in Niederkrüchten - Neu!,424.412 €,"41372 Niederkrüchten, Viersen (Kreis)
Die vollständige Adresse der Immobilie erhalten Sie vom Anbieter.",5,133 m²,435 m²,3.191 €/m²,Einfamilienhaus (freistehend),nil,nil,3,1,nil,Nein,"{'is24qa-gaeste-wc-label': '', 'is24qa-provisionsfrei-fuer-kaufende-label': ''}"
Lang genug gewartet! JETZT WIRD GESPART! Hausbau in Viersen-Dülken - Neu!,420.588 €,"41748 Viersen, Viersen (Kreis)
Die vollständige Adresse der Immobilie erhalten Sie vom Anbieter.",5,133 m²,379 m²,3.162 €/m²,Einfamilienhaus (freistehend),nil,nil,3,1,nil,Nein,"{'is24qa-gaeste-wc-label': '', 'is24qa-provisionsfrei-fuer-kaufende-label': ''}"
*** Aktionshaus in Duisburg! Gleich ansehen! *** nachhaltige Energiequellen nutzen!,454.778 €,"Hüttenheim, 47259 Duisburg
Die vollständige Adresse der Immobilie erhalten Sie vom Anbieter.",4,111 m²,382 m²,4.097 €/m²,Einfamilienhaus (freistehend),nil,2024,3,2,nil,Nein,{'is24qa-provisionsfrei-fuer-kaufende-label': ''}
*** Aktionshaus in Dinslaken! Gleich ansehen! *** Infos unter 0171 7744817,423.877 €,"46539 Dinslaken, Wesel (Kreis)
Die vollständige Adresse der Immobilie erhalten Sie vom Anbieter.",4,111 m²,435 m²,3.819 €/m²,Einfamilienhaus (freistehend),nil,2024,3,2,nil,Nein,{'is24qa-provisionsfrei-fuer-kaufende-label': ''}
*** Aktionshaus in Hamminkeln! Gleich ansehen! *** Infos unter 0171 7744817,401.591 €,"46499 Hamminkeln, Wesel (Kreis)
Die vollständige Adresse der Immobilie erhalten Sie vom Anbieter.",4,111 m²,387 m²,3.618 €/m²,Einfamilienhaus (freistehend),nil,2024,3,2,nil,Nein,{'is24qa-provisionsfrei-fuer-kaufende-label': ''}
*** Aktionshaus in Kamp-Lintfort! Gleich ansehen! *** Infos unter 0171 7744817,426.599 €,"47475 Kamp-Lintfort, Wesel (Kreis)
Die vollständige Adresse der Immobilie erhalten Sie vom Anbieter.",4,111 m²,406 m²,3.843 €/m²,Einfamilienhaus (freistehend),nil,2024,3,2,nil,Nein,{'is24qa-provisionsfrei-fuer-kaufende-label': ''}
*** Aktionshaus in Alpen! Gleich ansehen! *** Infos unter 0171 7744817,387.998 €,"46519 Alpen, Wesel (Kreis)
Die vollständige Adresse der Immobilie erhalten Sie vom Anbieter.",4,111 m²,385 m²,3.495 €/m²,Einfamilienhaus (freistehend),nil,2024,3,2,nil,Nein,{'is24qa-provisionsfrei-fuer-kaufende-label': ''}
*** Aktionshaus in Sonsbeck! Gleich ansehen! *** Infos unter 0171 7744817,396.745 €,"47665 Sonsbeck, Wesel (Kreis)
Die vollständige Adresse der Immobilie erhalten Sie vom Anbieter.",4,111 m²,398 m²,3.574 €/m²,Einfamilienhaus (freistehend),nil,2024,3,2,nil,Nein,{'is24qa-provisionsfrei-fuer-kaufende-label': ''}
*** Aktionshaus in Neukirchen-Vluyn! Gleich ansehen! *** Infos unter 0171 7744817,425.489 €,"47506 Neukirchen-Vluyn, Wesel (Kreis)
Die vollständige Adresse der Immobilie erhalten Sie vom Anbieter.",4,111 m²,415 m²,3.833 €/m²,Einfamilienhaus (freistehend),nil,2024,3,2,nil,Nein,{'is24qa-provisionsfrei-fuer-kaufende-label': ''}
*** Aktionshaus in Hünxe! Gleich ansehen! *** Infos unter 0171 7744817,401.569 €,"46569 Hünxe, Wesel (Kreis)
Die vollständige Adresse der Immobilie erhalten Sie vom Anbieter.",4,111 m²,457 m²,3.618 €/m²,Einfamilienhaus (freistehend),nil,2024,3,2,nil,Nein,{'is24qa-provisionsfrei-fuer-kaufende-label': ''}
*** Aktionshaus in Voerde! Gleich ansehen! *** Infos unter 0171 7744817,387.522 €,"46562 Voerde (Niederrhein), Wesel (Kreis)
Die vollständige Adresse der Immobilie erhalten Sie vom Anbieter.",4,111 m²,405 m²,3.491 €/m²,Einfamilienhaus (freistehend),nil,2024,3,2,nil,Nein,{'is24qa-provisionsfrei-fuer-kaufende-label': ''}
*** Aktionshaus in Rheinberg! Gleich ansehen! *** Infos unter 0171 7744817,399.428 €,"47495 Rheinberg, Wesel (Kreis)
Die vollständige Adresse der Immobilie erhalten Sie vom Anbieter.",4,111 m²,410 m²,3.598 €/m²,Einfamilienhaus (freistehend),nil,2024,3,2,nil,Nein,"{'is24qa-gaeste-wc-label': '', 'is24qa-provisionsfrei-fuer-kaufende-label': ''}"
*** Aktionshaus in Moers! Gleich ansehen! *** Infos unter 0171 7744817,475.422 €,"Hülsdonk, 47441 Moers
Die vollständige Adresse der Immobilie erhalten Sie vom Anbieter.",4,111 m²,397 m²,4.283 €/m²,Einfamilienhaus (freistehend),nil,nil,3,2,nil,Nein,{'is24qa-provisionsfrei-fuer-kaufende-label': ''}
Hausbau in Voerde mit massa - Info unter 0171 7744817,483.389 €,"46562 Voerde (Niederrhein), Wesel (Kreis)
Die vollständige Adresse der Immobilie erhalten Sie vom Anbieter.",4,145 m²,600 m²,3.334 €/m²,Einfamilienhaus (freistehend),nil,nil,3,1,nil,Nein,"{'is24qa-gaeste-wc-label': '', 'is24qa-provisionsfrei-fuer-kaufende-label': ''}"
Hausbau in Hünxe * schönes Einfamilienhaus * Info unter 0171 7744817,473.419 €,"46569 Hünxe, Wesel (Kreis)
Die vollständige Adresse der Immobilie erhalten Sie vom Anbieter.",4,145 m²,600 m²,3.265 €/m²,Einfamilienhaus (freistehend),nil,nil,3,1,nil,Nein,"{'is24qa-gaeste-wc-label': '', 'is24qa-provisionsfrei-fuer-kaufende-label': ''}"
Hausbau in Neukirchen-Vluyn - Info unter 0171 7744817,475.419 €,"47506 Neukirchen-Vluyn, Wesel (Kreis)
Die vollständige Adresse der Immobilie erhalten Sie vom Anbieter.",4,145 m²,500 m²,3.279 €/m²,Einfamilienhaus (freistehend),nil,nil,3,1,nil,Nein,"{'is24qa-gaeste-wc-label': '', 'is24qa-provisionsfrei-fuer-kaufende-label': ''}"
*** Kompakt und clever geplant mit offenem Wohn-Essbereich *** Infos unter: 0171 7744817,478.889 €,"46519 Alpen, Wesel (Kreis)
Die vollständige Adresse der Immobilie erhalten Sie vom Anbieter.",5,131 m²,630 m²,3.656 €/m²,Einfamilienhaus (freistehend),nil,nil,4,2,nil,Nein,{'is24qa-provisionsfrei-fuer-kaufende-label': ''}
*** Kompakt und clever geplant mit offenem Wohn-Essbereich *** Infos unter: 0171 7744817,438.809 €,"47495 Rheinberg, Wesel (Kreis)
Die vollständige Adresse der Immobilie erhalten Sie vom Anbieter.",5,131 m²,545 m²,3.350 €/m²,Einfamilienhaus (freistehend),nil,nil,4,2,nil,Nein,{'is24qa-provisionsfrei-fuer-kaufende-label': ''}
Wir sind gerne für Sie da - Hausbau in Hünxe - Infos unter 0171 7744817,432.689 €,"46569 Hünxe, Wesel (Kreis)
Die vollständige Adresse der Immobilie erhalten Sie vom Anbieter.",5,159 m²,600 m²,2.721 €/m²,Einfamilienhaus (freistehend),nil,nil,4,2,nil,Nein,{'is24qa-provisionsfrei-fuer-kaufende-label': ''}
Neubau in Sonsbeck * Energie effizient bauen - Info unter 0171 7744817,433.809 €,"47665 Sonsbeck, Wesel (Kreis)
Die vollständige Adresse der Immobilie erhalten Sie vom Anbieter.",5,131 m²,500 m²,3.312 €/m²,Einfamilienhaus (freistehend),nil,nil,4,2,nil,Nein,{'is24qa-provisionsfrei-fuer-kaufende-label': ''}
Neubau in Kamp-Lintfort * Energie effizient bauen - Info unter 0171 7744817,456.599 €,"47475 Kamp-Lintfort, Wesel (Kreis)
Die vollständige Adresse der Immobilie erhalten Sie vom Anbieter.",5,162 m²,585 m²,2.819 €/m²,Einfamilienhaus (freistehend),nil,nil,3,2,nil,Nein,"{'is24qa-gaeste-wc-label': '', 'is24qa-provisionsfrei-fuer-kaufende-label': ''}"
Neubau in Hünxe - Energie effizient bauen Info unter 0171 7744817,435.689 €,"46569 Hünxe, Wesel (Kreis)
Die vollständige Adresse der Immobilie erhalten Sie vom Anbieter.",5,159 m²,600 m²,2.740 €/m²,Einfamilienhaus (freistehend),nil,nil,4,2,nil,Nein,{'is24qa-provisionsfrei-fuer-kaufende-label': ''}
Neubau in Alpen - Energie effizient bauen - Info unter 0171 7744817,428.089 €,"46519 Alpen, Wesel (Kreis)
Die vollständige Adresse der Immobilie erhalten Sie vom Anbieter.",5,159 m²,630 m²,2.692 €/m²,Einfamilienhaus (freistehend),nil,nil,4,2,nil,Nein,{'is24qa-provisionsfrei-fuer-kaufende-label': ''}
Neubau in Sonsbeck - Energie effizient bauen - Info unter 0171 7744817,443.809 €,"47665 Sonsbeck, Wesel (Kreis)
Die vollständige Adresse der Immobilie erhalten Sie vom Anbieter.",5,131 m²,500 m²,3.388 €/m²,Einfamilienhaus (freistehend),nil,nil,4,2,nil,Nein,{'is24qa-provisionsfrei-fuer-kaufende-label': ''}
Neubau in Hamminkeln - Energie effizient bauen *** Infos unter 0171 7744817,471.969 €,"46499 Hamminkeln, Wesel (Kreis)
Die vollständige Adresse der Immobilie erhalten Sie vom Anbieter.",5,162 m²,500 m²,2.913 €/m²,Einfamilienhaus (freistehend),nil,nil,4,2,nil,Nein,{'is24qa-provisionsfrei-fuer-kaufende-label': ''}
*** Modernes Wohnen raffiniert umgesetzt und mit gerader Treppe *** Infos unter 0171 7744817,453.999 €,"47475 Kamp-Lintfort, Wesel (Kreis)
Die vollständige Adresse der Immobilie erhalten Sie vom Anbieter.",5,169 m²,585 m²,2.686 €/m²,Einfamilienhaus (freistehend),nil,nil,3,2,nil,Nein,"{'is24qa-gaeste-wc-label': '', 'is24qa-provisionsfrei-fuer-kaufende-label': ''}"
*** Durchdacht strukturiertes Einfamilienhaus mit gerader Treppe *** Infos unter: 0171 7744817,432.689 €,"47665 Sonsbeck, Wesel (Kreis)
Die vollständige Adresse der Immobilie erhalten Sie vom Anbieter.",5,159 m²,500 m²,2.721 €/m²,Einfamilienhaus (freistehend),nil,nil,4,2,nil,Nein,{'is24qa-provisionsfrei-fuer-kaufende-label': ''}
*** Moderne Architektur für individuelles Wohnen *** Infos unter 0171 7744817,392.969 €,"47556 Sonsbeck, Wesel (Kreis)
Die vollständige Adresse der Immobilie erhalten Sie vom Anbieter.",5,162 m²,500 m²,2.426 €/m²,Einfamilienhaus (freistehend),nil,nil,3,2,nil,Nein,"{'is24qa-gaeste-wc-label': '', 'is24qa-provisionsfrei-fuer-kaufende-label': ''}"
Neubau in Alpen - Energie effizient bauen - Infos unter 0171 7744817,438.089 €,"46519 Alpen, Wesel (Kreis)
Die vollständige Adresse der Immobilie erhalten Sie vom Anbieter.",5,159 m²,630 m²,2.755 €/m²,Einfamilienhaus (freistehend),nil,nil,4,2,nil,Nein,{'is24qa-provisionsfrei-fuer-kaufende-label': ''}
Neubau in Xanten - Energie effizient bauen - Info unter 0171 7744817,465.899 €,"46509 Xanten, Wesel (Kreis)
Die vollständige Adresse der Immobilie erhalten Sie vom Anbieter.",5,169 m²,550 m²,2.757 €/m²,Einfamilienhaus (freistehend),nil,nil,3,2,nil,Nein,"{'is24qa-gaeste-wc-label': '', 'is24qa-provisionsfrei-fuer-kaufende-label': ''}"
Chices Haus für die ganze Familie / Infos unter 0171 7744817,440.399 €,"47556 Sonsbeck, Wesel (Kreis)
Die vollständige Adresse der Immobilie erhalten Sie vom Anbieter.",5,169 m²,500 m²,2.606 €/m²,Einfamilienhaus (freistehend),nil,nil,3,2,nil,Nein,"{'is24qa-gaeste-wc-label': '', 'is24qa-provisionsfrei-fuer-kaufende-label': ''}"
*** Überzeugendes Raumangebot und helles Wohlfühlwohnen *** Infos unter: 0171 4477817,467.989 €,"47475 Kamp-Lintfort, Wesel (Kreis)
Die vollständige Adresse der Immobilie erhalten Sie vom Anbieter.",5,185 m²,585 m²,2.530 €/m²,Einfamilienhaus (freistehend),nil,nil,4,2,nil,Nein,"{'is24qa-gaeste-wc-label': '', 'is24qa-provisionsfrei-fuer-kaufende-label': ''}"
Haus mit vielen Extras in Kamp-Lintfort - Info unter 0171 7744817,443.319 €,"47475 Kamp-Lintfort, Wesel (Kreis)
Die vollständige Adresse der Immobilie erhalten Sie vom Anbieter.",4,145 m²,585 m²,3.057 €/m²,Einfamilienhaus (freistehend),nil,nil,3,1,nil,Nein,"{'is24qa-gaeste-wc-label': '', 'is24qa-provisionsfrei-fuer-kaufende-label': ''}"
Hausbau in Xanten - so einfach kann es sein ... Info unter 0171 7744817,475.899 €,"46509 Xanten, Wesel (Kreis)
Die vollständige Adresse der Immobilie erhalten Sie vom Anbieter.",5,169 m²,550 m²,2.816 €/m²,Einfamilienhaus (freistehend),nil,nil,3,2,nil,Nein,"{'is24qa-gaeste-wc-label': '', 'is24qa-provisionsfrei-fuer-kaufende-label': ''}"
Sie suchen ein Haus in Hünxe? Hier ist genau das Richtige für Sie! - Info unter 0171 7744817,490.969 €,"46569 Hünxe, Wesel (Kreis)
Die vollständige Adresse der Immobilie erhalten Sie vom Anbieter.",5,162 m²,600 m²,3.031 €/m²,Einfamilienhaus (freistehend),nil,nil,4,2,nil,Nein,{'is24qa-provisionsfrei-fuer-kaufende-label': ''}
Da wo man sich wohlfühlt: Hausbau in Alpen - Info unter 0171 7744817,503.599 €,"46519 Alpen, Wesel (Kreis)
Die vollständige Adresse der Immobilie erhalten Sie vom Anbieter.",5,169 m²,630 m²,2.980 €/m²,Einfamilienhaus (freistehend),nil,nil,3,2,nil,Nein,"{'is24qa-gaeste-wc-label': '', 'is24qa-provisionsfrei-fuer-kaufende-label': ''}"
Werden Sie Bauherr: Bauen in Hamminkeln - Info unter 0171 7744817,468.399 €,"46499 Hamminkeln, Wesel (Kreis)
Die vollständige Adresse der Immobilie erhalten Sie vom Anbieter.",5,169 m²,510 m²,2.772 €/m²,Einfamilienhaus (freistehend),nil,nil,3,2,nil,Nein,"{'is24qa-gaeste-wc-label': '', 'is24qa-provisionsfrei-fuer-kaufende-label': ''}"
*** Viel Platz zum Wohlfühlen! *** Infos unter 0171 7744817,460.939 €,"46562 Voerde (Niederrhein), Wesel (Kreis)
Die vollständige Adresse der Immobilie erhalten Sie vom Anbieter.",5,162 m²,600 m²,2.845 €/m²,Einfamilienhaus (freistehend),nil,nil,6,2,nil,Nein,"{'is24qa-gaeste-wc-label': '', 'is24qa-einliegerwohnung-label': '', 'is24qa-provisionsfrei-fuer-kaufende-label': ''}"
*** Ein Platz zum Wohlfühlen ! *** Infos unter 0171 7744817,431.809 €,"46569 Hünxe, Wesel (Kreis)
Die vollständige Adresse der Immobilie erhalten Sie vom Anbieter.",5,131 m²,600 m²,3.296 €/m²,Einfamilienhaus (freistehend),nil,nil,4,2,nil,Nein,{'is24qa-provisionsfrei-fuer-kaufende-label': ''}
*** Viel Platz zum Wohlfühlen! *** Infos unter 0171 7744817,432.969 €,"47556 Sonsbeck, Wesel (Kreis)
Die vollständige Adresse der Immobilie erhalten Sie vom Anbieter.",5,162 m²,500 m²,2.673 €/m²,Einfamilienhaus (freistehend),nil,nil,3,2,nil,Nein,"{'is24qa-gaeste-wc-label': '', 'is24qa-provisionsfrei-fuer-kaufende-label': ''}"
*** Ein Platz zum Wohlfühlen! *** Infos unter 0171 7744817,438.889 €,"46519 Alpen, Wesel (Kreis)
Die vollständige Adresse der Immobilie erhalten Sie vom Anbieter.",5,131 m²,630 m²,3.350 €/m²,Einfamilienhaus (freistehend),nil,nil,4,2,nil,Nein,{'is24qa-provisionsfrei-fuer-kaufende-label': ''}
*** Viel Platz zum Wohlfühlen *** Infos unter 0171 7744817,516.468 €,"46509 Xanten, Wesel (Kreis)
Die vollständige Adresse der Immobilie erhalten Sie vom Anbieter.",5,162 m²,550 m²,3.188 €/m²,Einfamilienhaus (freistehend),nil,nil,4,2,nil,Nein,{'is24qa-provisionsfrei-fuer-kaufende-label': ''}
*** Viel Platz zum Wohlfühlen! *** Infos unter 0171 7744817,424.689 €,"47506 Neukirchen-Vluyn, Wesel (Kreis)
Die vollständige Adresse der Immobilie erhalten Sie vom Anbieter.",5,159 m²,500 m²,2.671 €/m²,Einfamilienhaus (freistehend),nil,nil,4,2,nil,Nein,{'is24qa-provisionsfrei-fuer-kaufende-label': ''}
Wir sind persönlich für Sie da. Infos unter 0171 7744817,472.969 €,"47506 Neukirchen-Vluyn, Wesel (Kreis)
Die vollständige Adresse der Immobilie erhalten Sie vom Anbieter.",5,162 m²,500 m²,2.920 €/m²,Einfamilienhaus (freistehend),nil,nil,4,2,nil,Nein,{'is24qa-provisionsfrei-fuer-kaufende-label': ''}
*** Durchdacht strukturiertes Einfamilienhaus mit gerader Treppe *** Infos unter 0171 7744817,454.689 €,"47506 Neukirchen-Vluyn, Wesel (Kreis)
Die vollständige Adresse der Immobilie erhalten Sie vom Anbieter.",5,159 m²,500 m²,2.860 €/m²,Einfamilienhaus (freistehend),nil,nil,4,2,nil,Nein,{'is24qa-provisionsfrei-fuer-kaufende-label': ''}
** Wir sind persönlich für Sie da. Infos unter 0171 7744817,464.689 €,"47495 Rheinberg, Wesel (Kreis)
Die vollständige Adresse der Immobilie erhalten Sie vom Anbieter.",5,159 m²,650 m²,2.923 €/m²,Einfamilienhaus (freistehend),nil,nil,4,2,nil,Nein,{'is24qa-provisionsfrei-fuer-kaufende-label': ''}
*** Moderne Architektur für individuelles Wohnen *** Infos unter 0171 7744817,532.779 €,"Utfort, 47445 Moers
Die vollständige Adresse der Immobilie erhalten Sie vom Anbieter.",5,145 m²,610 m²,3.674 €/m²,Einfamilienhaus (freistehend),nil,nil,4,2,nil,Nein,{'is24qa-provisionsfrei-fuer-kaufende-label': ''}
*** Viel Platz zum Wohlfühlen! *** Infos unter 0171 7744817,512.969 €,"Hülsdonk, 47441 Moers
Die vollständige Adresse der Immobilie erhalten Sie vom Anbieter.",5,162 m²,510 m²,3.166 €/m²,Einfamilienhaus (freistehend),nil,nil,4,2,nil,Nein,{'is24qa-provisionsfrei-fuer-kaufende-label': ''}
Wow! Imposantes Haus in Alpen bauen - Info unter 0171 7744817,513.489 €,"46519 Alpen, Wesel (Kreis)
Die vollständige Adresse der Immobilie erhalten Sie vom Anbieter.",5,185 m²,630 m²,2.776 €/m²,Einfamilienhaus (freistehend),nil,nil,4,2,nil,Nein,"{'is24qa-gaeste-wc-label': '', 'is24qa-provisionsfrei-fuer-kaufende-label': ''}"
moderne Architektur zum erschwinglichen Preis. Infos unter 0171 7744817,532.779 €,"Asberg, 47441 Moers
Die vollständige Adresse der Immobilie erhalten Sie vom Anbieter.",5,159 m²,300 m²,3.351 €/m²,Einfamilienhaus (freistehend),nil,nil,4,2,nil,Nein,{'is24qa-provisionsfrei-fuer-kaufende-label': ''}
Neubau 2 Familienhaus in Voerde - Energie effizient bauen: Infos unter 0171 7744817,583.569 €,"46562 Voerde (Niederrhein), Wesel (Kreis)
Die vollständige Adresse der Immobilie erhalten Sie vom Anbieter.",8,217 m²,600 m²,2.689 €/m²,Mehrfamilienhaus,nil,nil,6,2,nil,Nein,"{'is24qa-gaeste-wc-label': '', 'is24qa-einliegerwohnung-label': '', 'is24qa-provisionsfrei-fuer-kaufende-label': ''}"
Sie suchen ein Haus in Wesel? Hier ist genau das Richtige für Sie! - Info unter 0171 7744817,584.689 €,"46485 Wesel, Wesel (Kreis)
Die vollständige Adresse der Immobilie erhalten Sie vom Anbieter.",5,159 m²,950 m²,3.677 €/m²,Einfamilienhaus (freistehend),nil,nil,4,2,nil,Nein,{'is24qa-provisionsfrei-fuer-kaufende-label': ''}
Energiesparhaus mit Photovoltaik und Wärmepumpe - Info unter 0171 7744817,443.180 €,"46569 Hünxe, Wesel (Kreis)
Die vollständige Adresse der Immobilie erhalten Sie vom Anbieter.",5,131 m²,600 m²,3.383 €/m²,Einfamilienhaus (freistehend),nil,nil,4,2,nil,Nein,{'is24qa-provisionsfrei-fuer-kaufende-label': ''}
Werden Sie Bauherr: Bauen in Wesel mit massa - Info unter 0171 7744817,583.809 €,"46485 Wesel, Wesel (Kreis)
Die vollständige Adresse der Immobilie erhalten Sie vom Anbieter.",5,131 m²,950 m²,4.457 €/m²,Einfamilienhaus (freistehend),nil,nil,4,2,nil,Nein,{'is24qa-provisionsfrei-fuer-kaufende-label': ''}
Werden Sie Bauherr: Bauen in Sonsbeck - Info unter 0171 7744817,515.419 €,"47556 Sonsbeck, Wesel (Kreis)
Die vollständige Adresse der Immobilie erhalten Sie vom Anbieter.",4,144 m²,500 m²,3.579 €/m²,Einfamilienhaus (freistehend),nil,nil,nil,nil,nil,Nein,{'is24qa-provisionsfrei-fuer-kaufende-label': ''}
Neubau in Voerde - Energie effizient bauen - Info unter 0171 7744817,579.287 €,"46562 Voerde (Niederrhein), Wesel (Kreis)
Die vollständige Adresse der Immobilie erhalten Sie vom Anbieter.",8,217 m²,600 m²,2.670 €/m²,Mehrfamilienhaus,nil,nil,6,2,nil,Nein,"{'is24qa-gaeste-wc-label': '', 'is24qa-einliegerwohnung-label': '', 'is24qa-provisionsfrei-fuer-kaufende-label': ''}"
*** Ein Platz zum Wohlfühlen! *** Infos unter 0171 7744817,448.809 €,"47495 Rheinberg, Wesel (Kreis)
Die vollständige Adresse der Immobilie erhalten Sie vom Anbieter.",5,131 m²,545 m²,3.426 €/m²,Einfamilienhaus (freistehend),nil,nil,4,2,nil,Nein,{'is24qa-provisionsfrei-fuer-kaufende-label': ''}
KfN ready..... Nutzen Sie die Möglichkeiten! Weitere Info unter: Ingo Müller 01717744817,470.000 €,"46509 Xanten, Wesel (Kreis)
Die vollständige Adresse der Immobilie erhalten Sie vom Anbieter.",4,145 m²,450 m²,3.241 €/m²,Einfamilienhaus (freistehend),nil,nil,3,1,nil,Nein,"{'is24qa-gaeste-wc-label': '', 'is24qa-provisionsfrei-fuer-kaufende-label': ''}"
KfN ready..... Nutzen Sie die Möglichkeiten! Weitere Info unter: Ingo Müller 01717744817,485.000 €,"47575 Kamp-Lintfort, Wesel (Kreis)
Die vollständige Adresse der Immobilie erhalten Sie vom Anbieter.",4,145 m²,450 m²,3.345 €/m²,Einfamilienhaus (freistehend),nil,nil,3,1,nil,Nein,"{'is24qa-gaeste-wc-label': '', 'is24qa-provisionsfrei-fuer-kaufende-label': ''}"
KfN ready..... Nutzen Sie die Möglichkeiten! Weitere Info unter: Ingo Müller 01717744817,470.000 €,"46519 Alpen, Wesel (Kreis)
Die vollständige Adresse der Immobilie erhalten Sie vom Anbieter.",4,145 m²,400 m²,3.241 €/m²,Einfamilienhaus (freistehend),nil,nil,3,1,nil,Nein,"{'is24qa-gaeste-wc-label': '', 'is24qa-provisionsfrei-fuer-kaufende-label': ''}"
KfN ready..... Nutzen Sie die Möglichkeiten! Weitere Info unter: Ingo Müller 01717744817,491.000 €,"46485 Wesel, Wesel (Kreis)
Die vollständige Adresse der Immobilie erhalten Sie vom Anbieter.",4,145 m²,400 m²,3.386 €/m²,Einfamilienhaus (freistehend),nil,nil,3,1,nil,Nein,"{'is24qa-gaeste-wc-label': '', 'is24qa-provisionsfrei-fuer-kaufende-label': ''}"
KfN ready..... Nutzen Sie die Möglichkeiten! Weitere Info unter: Ingo Müller 01717744817,471.000 €,"46569 Hünxe, Wesel (Kreis)
Die vollständige Adresse der Immobilie erhalten Sie vom Anbieter.",4,145 m²,400 m²,3.248 €/m²,Einfamilienhaus (freistehend),nil,nil,3,1,nil,Nein,"{'is24qa-gaeste-wc-label': '', 'is24qa-provisionsfrei-fuer-kaufende-label': ''}"
Hausbau HÜNXE /Aktionshaus zum Sonderpreis- Infos unter: 0171-7744817,489.599 €,"46569 Hünxe, Wesel (Kreis)
Die vollständige Adresse der Immobilie erhalten Sie vom Anbieter.",5,133 m²,520 m²,3.681 €/m²,Einfamilienhaus (freistehend),nil,2024,3,1,nil,Nein,"{'is24qa-gaeste-wc-label': '', 'is24qa-provisionsfrei-fuer-kaufende-label': ''}"
Hausbau in WESEL /modernes Haus zum Sonderpreis! Infos unter: 0171-7744817,521.419 €,"46562 Voerde (Niederrhein), Wesel (Kreis)
Die vollständige Adresse der Immobilie erhalten Sie vom Anbieter.",5,133 m²,463 m²,3.920 €/m²,Einfamilienhaus (freistehend),nil,2024,3,1,nil,Nein,"{'is24qa-gaeste-wc-label': '', 'is24qa-provisionsfrei-fuer-kaufende-label': ''}"
Hausbau in XANTEN /Neubau zum Sonderpreis - Infos unter: 0171-7744817,521.419 €,"46509 Xanten, Wesel (Kreis)
Die vollständige Adresse der Immobilie erhalten Sie vom Anbieter.",5,133 m²,463 m²,3.920 €/m²,Einfamilienhaus (freistehend),nil,2024,3,1,nil,Nein,"{'is24qa-gaeste-wc-label': '', 'is24qa-provisionsfrei-fuer-kaufende-label': ''}"
Hausbau in RHEINBERG / Neubau zum Sonderpreis - Infos unter: 0171-7744817,521.869 €,"47495 Rheinberg, Wesel (Kreis)
Die vollständige Adresse der Immobilie erhalten Sie vom Anbieter.",5,133 m²,625 m²,3.924 €/m²,Einfamilienhaus (freistehend),nil,2024,3,1,nil,Nein,"{'is24qa-gaeste-wc-label': '', 'is24qa-provisionsfrei-fuer-kaufende-label': ''}"
Hausbau in MOERS /Neubau zum Sonderpreis - Infos unter: 0171-7744817,485.665 €,"Hülsdonk, 47441 Moers
Die vollständige Adresse der Immobilie erhalten Sie vom Anbieter.",5,133 m²,455 m²,3.652 €/m²,Einfamilienhaus (freistehend),nil,2024,3,1,nil,Nein,"{'is24qa-gaeste-wc-label': '', 'is24qa-provisionsfrei-fuer-kaufende-label': ''}"
Hausbau in WESEL /Neubau zum Sonderpreis! - Infos unter: 0171-7744817,485.479 €,"46485 Wesel, Wesel (Kreis)
Die vollständige Adresse der Immobilie erhalten Sie vom Anbieter.",5,133 m²,416 m²,3.650 €/m²,Einfamilienhaus (freistehend),nil,2024,3,1,nil,Nein,"{'is24qa-gaeste-wc-label': '', 'is24qa-provisionsfrei-fuer-kaufende-label': ''}"
Hausbau in NEUKIRCHEN / Neubau zum Sonderpreis - Infos unter: 0171-7744817,465.744 €,"47506 Neukirchen-Vluyn, Wesel (Kreis)
Die vollständige Adresse der Immobilie erhalten Sie vom Anbieter.",5,133 m²,398 m²,3.502 €/m²,Einfamilienhaus (freistehend),nil,2024,3,1,nil,Nein,"{'is24qa-gaeste-wc-label': '', 'is24qa-provisionsfrei-fuer-kaufende-label': ''}"
Neubau in Wesel / Bauen zum Sonderpreis! Infos unter: 0171-7744817,456.785 €,"46535 Dinslaken, Wesel (Kreis)
Die vollständige Adresse der Immobilie erhalten Sie vom Anbieter.",5,133 m²,435 m²,3.434 €/m²,Einfamilienhaus (freistehend),nil,2024,3,1,nil,Nein,"{'is24qa-gaeste-wc-label': '', 'is24qa-provisionsfrei-fuer-kaufende-label': ''}"
*** Viel Platz zum Wohlfühlen in Hamminkeln *** Infos unter 0171 7744817,461.969 €,"46499 Hamminkeln, Wesel (Kreis)
Die vollständige Adresse der Immobilie erhalten Sie vom Anbieter.",5,162 m²,500 m²,2.852 €/m²,Einfamilienhaus (freistehend),nil,nil,4,2,nil,Nein,{'is24qa-provisionsfrei-fuer-kaufende-label': ''}
Ihr Traum in Neukirchen!! - Info unter 0171 7744817,435.879 €,"47506 Neukirchen-Vluyn, Wesel (Kreis)
Die vollständige Adresse der Immobilie erhalten Sie vom Anbieter.",5,154 m²,345 m²,2.830 €/m²,Doppelhaushälfte,nil,nil,3,2,nil,Nein,"{'is24qa-gaeste-wc-label': '', 'is24qa-provisionsfrei-fuer-kaufende-label': ''}"
freie Sicht in den eigenen Garten in Alpen - Info unter 0171 7744817,448.819 €,"46519 Alpen, Wesel (Kreis)
Die vollständige Adresse der Immobilie erhalten Sie vom Anbieter.",4,145 m²,630 m²,3.095 €/m²,Einfamilienhaus (freistehend),nil,nil,3,1,nil,Nein,"{'is24qa-gaeste-wc-label': '', 'is24qa-provisionsfrei-fuer-kaufende-label': ''}"
KfN ready..... Nutzen Sie die Möglichkeiten! Weitere Info unter: Ingo Müller 01717744817,485.000 €,"Hülsdonk, 47441 Moers
Die vollständige Adresse der Immobilie erhalten Sie vom Anbieter.",4,145 m²,340 m²,3.345 €/m²,Einfamilienhaus (freistehend),nil,nil,3,1,nil,Nein,"{'is24qa-gaeste-wc-label': '', 'is24qa-provisionsfrei-fuer-kaufende-label': ''}"
KfN ready..... Nutzen Sie die Möglichkeiten! Weitere Info unter: Ingo Müller 01717744817,457.000 €,"46562 Voerde (Niederrhein), Wesel (Kreis)
Die vollständige Adresse der Immobilie erhalten Sie vom Anbieter.",4,145 m²,450 m²,3.152 €/m²,Einfamilienhaus (freistehend),nil,nil,3,1,nil,Nein,"{'is24qa-gaeste-wc-label': '', 'is24qa-provisionsfrei-fuer-kaufende-label': ''}"
KfN ready..... Nutzen Sie die Möglichkeiten! Weitere Info unter: Ingo Müller 01717744817,459.000 €,"46539 Dinslaken, Wesel (Kreis)
Die vollständige Adresse der Immobilie erhalten Sie vom Anbieter.",4,145 m²,500 m²,3.166 €/m²,Einfamilienhaus (freistehend),nil,nil,3,1,nil,Nein,"{'is24qa-gaeste-wc-label': '', 'is24qa-provisionsfrei-fuer-kaufende-label': ''}"
Ihr Traumhaus in Neukirchen!! - Info unter 0171 7744817,549.800 €,"47506 Neukirchen-Vluyn, Wesel (Kreis)
Die vollständige Adresse der Immobilie erhalten Sie vom Anbieter.",5,169 m²,670 m²,3.253 €/m²,Einfamilienhaus (freistehend),nil,nil,3,2,nil,Nein,"{'is24qa-gaeste-wc-label': '', 'is24qa-provisionsfrei-fuer-kaufende-label': ''}"
