title,price,address,rooms,living_space,property_area,price_per_m2,type,usable_area,available_from,bedrooms,bathrooms,garage_parking,buyer_commission,criteriagroup_boolean_listing
Renovierungsbedürftiges Reihenhaus,435.000 €,"Hochzoll-Nord, 86163 Augsburg
Die vollständige Adresse der Immobilie erhalten Sie vom Anbieter.",5,130 m²,271 m²,3.346 €/m²,Reihenmittelhaus,nil,nil,nil,nil,1 Stellplatz,"2,38",{'is24qa-keller-label': ''}
Charmantes Reihenmittelhaus mit Garten und Einzelgarage in ruhiger Wohnlage von Germering,740.000 €,"82110 Germering, Fürstenfeldbruck (Kreis)
Die vollständige Adresse der Immobilie erhalten Sie vom Anbieter.",6,"132,55 m²",191 m²,5.583 €/m²,Reihenmittelhaus,"22,13 m²",sofort,5,2,1 Garage,"3,57% inkl. ges. MwSt.","{'is24qa-gaeste-wc-label': '', 'is24qa-keller-label': ''}"
Großzügiges Zweifamilienhaus auch als Kapitalanlage,660.000 €,"85283 Wolnzach, Pfaffenhofen an der Ilm (Kreis)
Die vollständige Adresse der Immobilie erhalten Sie vom Anbieter.",8,"181,69 m²",1.096 m²,3.633 €/m²,Mehrfamilienhaus,nil,05.05.2024,6,2,nil,"3,57 % inkl. ges. MwSt.",{'is24qa-keller-label': ''}
Naturparadies in absoluter Traumlage,2.500.000 €,"84036 Kumhausen, Landshut (Kreis)
Die vollständige Adresse der Immobilie erhalten Sie vom Anbieter.",5,400 m²,19.173 m²,6.250 €/m²,nil,nil,nil,nil,nil,nil,"3,57 % des Kaufpreises inkl. 19% MwSt",{}
Stilvoll restauriertes Baudenkmal in Traunstein,3.100.000 €,"83278 Traunstein, Traunstein (Kreis)
Die vollständige Adresse der Immobilie erhalten Sie vom Anbieter.",11,329 m²,1.002 m²,9.422 €/m²,Wohnimmobilie (sonstige),nil,nach Rücksprache,nil,nil,3 Stellplätze,"3,57 % inkl Mwst",{'is24qa-keller-label': ''}
"650.000,- für 144 qm nicht alltägliches Winkelbungalow mit MEGA Sonnen- Terrasse zum Gartenparadies",650.000 €,"91091 Großenseebach, Erlangen-Höchstadt (Kreis)
Die vollständige Adresse der Immobilie erhalten Sie vom Anbieter.",5,144 m²,995 m²,4.514 €/m²,Bungalow,173 m²,SOFORT - f r e i,4,2,Garage,"3,57% vom Kaufpreis (inkl. MwSt.)","{'is24qa-gaeste-wc-label': '', 'is24qa-keller-label': ''}"
Gemütliches Einfamilienhaus mit sonniger Terrasse,770.000 €,"Laufamholz, 90482 Nürnberg
Die vollständige Adresse der Immobilie erhalten Sie vom Anbieter.",6,"140,7 m²",569 m²,5.473 €/m²,Einfamilienhaus (freistehend),nil,nach Absprache,nil,2,nil,"3,57 % vom Verkaufspreis inkl. MwSt., vom Käufer zu zahlen nach notarieller Beurkundung","{'is24qa-gaeste-wc-label': '', 'is24qa-keller-label': ''}"
Villa im Bungalow-Stil mit Schwimmhalle Nähe Wasserturm,1.550.000 €,"86316 Friedberg, Aichach-Friedberg (Kreis)
Die vollständige Adresse der Immobilie erhalten Sie vom Anbieter.",7,378 m²,1.442 m²,4.101 €/m²,Bungalow,nil,nil,nil,nil,6 Außenstellplätze,"2,38",{'is24qa-keller-label': ''}
Wohn- und Geschäftshaus mit Hinterhaus-Potential im Zentrum von Rothenburg o.d.T.,699.000 €,"91541 Rothenburg ob der Tauber, Ansbach (Kreis)
Die vollständige Adresse der Immobilie erhalten Sie vom Anbieter.",12,195 m²,290 m²,3.585 €/m²,Mehrfamilienhaus,300 m²,nil,nil,4,nil,"3,57 %","{'is24qa-gaeste-wc-label': '', 'is24qa-vermietet-label': ''}"
Teilweise vermietetes Zweifamilienhaus mit Ausbaupotential in Untereisenheim,499.000 €,"97247 Eisenheim, Würzburg (Kreis)
Die vollständige Adresse der Immobilie erhalten Sie vom Anbieter.",10,"220,07 m²",746 m²,2.267 €/m²,Mehrfamilienhaus,156 m²,EG sofort frei,nil,2,2 Stellplätze,"3,57 %","{'is24qa-gaeste-wc-label': '', 'is24qa-keller-label': '', 'is24qa-vermietet-label': ''}"
Einfamilienhaus mit kleinem Grundstück und Garage in Weissenbrunn vorm Wald!,123.600 €,"96472 Rödental, Coburg (Kreis)
Die vollständige Adresse der Immobilie erhalten Sie vom Anbieter.",5,100 m²,271 m²,1.236 €/m²,Einfamilienhaus (freistehend),nil,sofort,nil,1,1 Garage,"3,57","{'is24qa-gaeste-wc-label': '', 'is24qa-keller-label': ''}"
Neubau Designer Doppelhaus,Auf Anfrage,"85598 Vaterstetten, Ebersberg (Kreis)
Die vollständige Adresse der Immobilie erhalten Sie vom Anbieter.",5,158 m²,"284,3 m²",nil,Doppelhaushälfte,236 m²,nil,3,4,2 Stellplätze,Nein,"{'is24qa-gaeste-wc-label': '', 'is24qa-keller-label': '', 'is24qa-provisionsfrei-fuer-kaufende-label': ''}"
RESERVIERT - Teilvermietetes Mehrfamilienhaus mit viel Potenzial in beliebter Wohnlage,319.000 €,"96215 Lichtenfels, Lichtenfels (Kreis)
Die vollständige Adresse der Immobilie erhalten Sie vom Anbieter.",13,224 m²,729 m²,1.424 €/m²,Mehrfamilienhaus,nil,ab sofort,nil,4,Garage,"Die Käuferprovision beträgt 3,57 % des Kaufpreises inkl. 19% MwSt.","{'is24qa-keller-label': '', 'is24qa-vermietet-label': ''}"
Reihenmittelhaus inkl. Einzelgarage in ruhiger Wohnlage,349.000 €,"84144 Geisenhausen, Landshut (Kreis)
Die vollständige Adresse der Immobilie erhalten Sie vom Anbieter.",4,121 m²,205 m²,2.884 €/m²,Reihenmittelhaus,nil,sofort beziehbar,3,1,1 Garage,"2,38 % inkl. gesetzl. MwSt. aus dem Kaufpreis",{'is24qa-keller-label': ''}
Zur Neugestaltung: Doppelhaushälfte mit Garten und Garage für die Familie!,349.000 €,"89269 Vöhringen, Neu-Ulm (Kreis)
Die vollständige Adresse der Immobilie erhalten Sie vom Anbieter.",5,117 m²,338 m²,2.983 €/m²,Doppelhaushälfte,nil,nil,nil,nil,1 Garage,"3,57 %",{'is24qa-keller-label': ''}
Einfamilienhaus mit schönem Grundstück und separatem Bauplatz,498.000 €,"88145 Opfenbach, Lindau (Bodensee) (Kreis)
Die vollständige Adresse der Immobilie erhalten Sie vom Anbieter.","4,5",88 m²,1.192 m²,5.659 €/m²,Einfamilienhaus (freistehend),nil,nach Absprache,nil,nil,1 Garage,"3,57 % inkl. MwSt",{}
Doppelhaushälfte im Allgäu mit schöner Fernsicht,348.000 €,"88167 Gestratz, Lindau (Bodensee) (Kreis)
Die vollständige Adresse der Immobilie erhalten Sie vom Anbieter.",6,170 m²,438 m²,2.047 €/m²,Doppelhaushälfte,nil,vermietet,nil,nil,3 Stellplätze,"3,57 % inkl. MwSt",{}
kleines aber feines Einfamilienhaus,185.000 €,"97493 Bergrheinfeld, Schweinfurt (Kreis)
Die vollständige Adresse der Immobilie erhalten Sie vom Anbieter.",4,134 m²,695 m²,1.381 €/m²,nil,nil,nil,3,1,2 Garagen,"4,95",{}
ALLES NEU! Chic und Modern - Entdecken Sie ihr neues Zuhause!,485.000 €,"Neugablonz, 87600 Kaufbeuren
Die vollständige Adresse der Immobilie erhalten Sie vom Anbieter.",5,130 m²,215 m²,3.731 €/m²,Reihenmittelhaus,50 m²,sofort,4,1,1 Garage,"3,57% inklusive gesetzlicher MwSt.","{'is24qa-gaeste-wc-label': '', 'is24qa-keller-label': ''}"
Freistehendes Haus mit 254m² für den kleinen Geldbeutel durch Eigennutzung plus gute Mieteinnahme,389.000 €,"63808 Haibach, Aschaffenburg (Kreis)
Die vollständige Adresse der Immobilie erhalten Sie vom Anbieter.",9,"189,76 m²",180 m²,2.050 €/m²,Mehrfamilienhaus,"64,2 m²",sofort,4,3,Carport,Nein,"{'is24qa-gaeste-wc-label': '', 'is24qa-vermietet-label': '', 'is24qa-provisionsfrei-fuer-kaufende-label': ''}"
