title,price,address,rooms,living_space,property_area,price_per_m2,type,usable_area,available_from,bedrooms,bathrooms,garage_parking,buyer_commission,criteriagroup_boolean_listing
-WOHNANLAGE ROTE FELD - Wilschenbrucher Weg,1.650.000 €,"Rotes Feld, 21335 Lüneburg
Die vollständige Adresse der Immobilie erhalten Sie vom Anbieter.",30,600 m²,1.510 m²,2.750 €/m²,Mehrfamilienhaus,nil,nil,nil,nil,nil,Nein,"{'is24qa-vermietet-label': '', 'is24qa-provisionsfrei-fuer-kaufende-label': ''}"
---Preisreduzierung--- Moderne Stadtvilla mit Top Ausstattung,535.000 €,"29303 Bergen, Celle (Kreis)
Die vollständige Adresse der Immobilie erhalten Sie vom Anbieter.",5,215 m²,550 m²,2.488 €/m²,Villa,50 m²,Januar 2024,4,2,Garage,"2,98 % inkl. MwSt. vom Kaufpreis, jeweils vom Käufer sowie vom Verkäufer",{}
Mehrfamilienhaus mit Gewerbeanbau auf großem Grundstück in bester Lage von Haste,349.000 €,"31559 Haste, Schaumburg (Kreis)
Die vollständige Adresse der Immobilie erhalten Sie vom Anbieter.",9,290 m²,2.388 m²,1.203 €/m²,Mehrfamilienhaus,110 m²,nil,nil,3,1 Stellplatz,"3,57 %","{'is24qa-gaeste-wc-label': '', 'is24qa-keller-label': ''}"
"Ehrwürdige Domäne mit Reitanlage, Pferdeboxen und Mietwohnungen",900.000 €,"38723 Seesen, Goslar (Kreis)
Die vollständige Adresse der Immobilie erhalten Sie vom Anbieter.",25,715 m²,33.000 m²,1.259 €/m²,Einfamilienhaus (freistehend),nil,nil,nil,nil,10 Außenstellplätze,"2,975 % inkl. MwSt.",{'is24qa-vermietet-label': ''}
Interessante Kapitalanlage: Mehrfamilienhaus mit 3 Wohnungen und einer Gewerbeeinheit,350.000 €,"Herzog-Wilhelm-Str. 17,
38700 Braunlage, Goslar (Kreis)",16,"185,77 m²",274 m²,1.884 €/m²,Reiheneckhaus,"482,85 m²",Nach Vereinbarung,4,3,nil,"3,57 % inkl. MwSt.","{'is24qa-keller-label': '', 'is24qa-als-ferienhaus-geeignet-label': ''}"
"Winkelbungalow - in ruhiger, idyllischer Lage von Winsen (Aller)",365.000 €,"29308 Winsen (Aller), Celle (Kreis)
Die vollständige Adresse der Immobilie erhalten Sie vom Anbieter.",4,"133,28 m²",1.003 m²,2.739 €/m²,Bungalow,"19,6 m²",nach Absprache,3,2,1 Garage,"3,57%",{}
Exklusive Doppelhaushälfte in ruhiger Sackgassenendlage in Papenburg!,339.000 €,"26871 Papenburg, Emsland (Kreis)
Die vollständige Adresse der Immobilie erhalten Sie vom Anbieter.",4,130 m²,482 m²,2.608 €/m²,Doppelhaushälfte,nil,Nach Absprache,nil,1,nil,"2,975 % inkl. MwSt.",{'is24qa-gaeste-wc-label': ''}
RESERVIERT-großzügige Doppelhaushälfte mit vier Schlafräumen und Wintergarten in Stadtrandlage,189.900 €,"31582 Nienburg (Weser), Nienburg (Weser) (Kreis)
Die vollständige Adresse der Immobilie erhalten Sie vom Anbieter.",6,135 m²,579 m²,1.407 €/m²,Einfamilienhaus (freistehend),nil,nach Absprache,nil,nil,nil,"3,57% Käufercourtage (inkl. 19% MwSt.)","{'is24qa-gaeste-wc-label': '', 'is24qa-keller-label': ''}"
Ein- / Zweifamilienhaus in Top-Lage!,845.000 €,"Kirchrode, 30559 Hannover
Die vollständige Adresse der Immobilie erhalten Sie vom Anbieter.",7,213 m²,607 m²,3.967 €/m²,Einfamilienhaus (freistehend),nil,nil,5,2,nil,"+ 3,57 % inkl. MwSt.",{'is24qa-online-besichtigung-moeglich-label': ''}
Exklusives Wohnen mit Seegrundstück an der Marina Bortfeld,1.850.000 €,"38176 Wendeburg, Peine (Kreis)
Die vollständige Adresse der Immobilie erhalten Sie vom Anbieter.",4,200 m²,890 m²,9.250 €/m²,Einfamilienhaus (freistehend),48 m²,nach Vereinbarung,nil,1,Garage,3.57% inkl. MwSt.,{'is24qa-gaeste-wc-label': ''}
Exklusives Anwesen mit Wellnessoase und viel Potential,519.000 €,"49762 Lathen, Emsland (Kreis)
Die vollständige Adresse der Immobilie erhalten Sie vom Anbieter.",8,"646,66 m²",1.325 m²,803 €/m²,Einfamilienhaus (freistehend),70 m²,Absprache,nil,nil,1 Garage,"3,57 % inkl. ges. MwSt.",{}
"Fachwerkperle in herrlich ruhiger, naturnaher Lage",Auf Anfrage,"31249 Hohenhameln, Peine (Kreis)
Die vollständige Adresse der Immobilie erhalten Sie vom Anbieter.",12,475 m²,2.200 m²,nil,Einfamilienhaus (freistehend),nil,nil,nil,3,nil,"3,57% inkl. 19% MwSt","{'is24qa-gaeste-wc-label': '', 'is24qa-als-ferienhaus-geeignet-label': ''}"
Einfamilienhaus mit Doppelgarage in Rinteln - Hohenrode!,255.000 €,"31737 Rinteln, Schaumburg (Kreis)
Die vollständige Adresse der Immobilie erhalten Sie vom Anbieter.",4,112 m²,1.232 m²,2.277 €/m²,Einfamilienhaus (freistehend),26 m²,nach Absprache,1,1,1 Garage,"3,57 % inkl. MwSt",{'is24qa-gaeste-wc-label': ''}
Vier gewinnt: Voll vermietetes Mehrfamilienhaus mit 4 Wohneinheiten und 4 Garagen in der Kuhweide!,499.000 €,"49716 Meppen, Emsland (Kreis)
Die vollständige Adresse der Immobilie erhalten Sie vom Anbieter.",16,262 m²,1.135 m²,1.905 €/m²,Mehrfamilienhaus,110 m²,sofort,12,4,4 Garagen,Nein,"{'is24qa-keller-label': '', 'is24qa-vermietet-label': '', 'is24qa-provisionsfrei-fuer-kaufende-label': ''}"
Großes Grundstück mit Potential,398.000 €,"31185 Söhlde, Hildesheim (Kreis)
Die vollständige Adresse der Immobilie erhalten Sie vom Anbieter.",9,300 m²,1.337 m²,1.327 €/m²,Mehrfamilienhaus,150 m²,nil,nil,nil,1 Garage,"3,57 % inkl. ges. MwSt.","{'is24qa-gaeste-wc-label': '', 'is24qa-keller-label': '', 'is24qa-einliegerwohnung-label': ''}"
Moderne & neuwertige DHH in Sackgassenendlage von Osteel!,289.000 €,"26529 Osteel, Aurich (Kreis)
Die vollständige Adresse der Immobilie erhalten Sie vom Anbieter.",4,146 m²,400 m²,1.979 €/m²,Doppelhaushälfte,nil,nil,3,nil,2 Außenstellplätze,"3,57 % inkl. ges. MwSt.",{'is24qa-gaeste-wc-label': ''}
Gepflegtes Einfamilienhaus in Thüste bei Salzhemmendorf,145.000 €,"Lange Straße 8,
31020 Salzhemmendorf, Hameln-Pyrmont (Kreis)",7,163 m²,400 m²,890 €/m²,Einfamilienhaus (freistehend),nil,sofort,4,1,1 Garage,"3,57 %","{'is24qa-gaeste-wc-label': '', 'is24qa-keller-label': ''}"
Familientraum! Einfamilienhaus in Südbrookmerland,225.000 €,"26624 Südbrookmerland, Aurich (Kreis)
Die vollständige Adresse der Immobilie erhalten Sie vom Anbieter.",5,165 m²,670 m²,1.364 €/m²,Einfamilienhaus (freistehend),nil,Nach Vereinbarung,nil,nil,1 Carport,"3,57 % inkl. ges. MwSt.",{'is24qa-gaeste-wc-label': ''}
Gemütliches Einfamilienhaus mit Garten in Emden-Jarßum auf Erbbaugrundstück,135.000 €,"Widdelswehr/Jarßum, 26725 Emden
Die vollständige Adresse der Immobilie erhalten Sie vom Anbieter.",4,90 m²,985 m²,1.500 €/m²,Einfamilienhaus (freistehend),16 m²,sofort,2,1,2 Stellplätze,"2,97% inkl. MwSt.",{}
Heimat für Herz und Seele,335.684 €,"27809 Lemwerder, Wesermarsch (Kreis)
Die vollständige Adresse der Immobilie erhalten Sie vom Anbieter.",4,120 m²,607 m²,2.797 €/m²,Einfamilienhaus (freistehend),0 m²,nil,3,1,1 Stellplatz,Nein,"{'is24qa-gaeste-wc-label': '', 'is24qa-provisionsfrei-fuer-kaufende-label': ''}"
Exklusiv für Sie – Verwirklichen Sie Ihren Traum vom Eigenheim mit Schwabenhaus,401.360 €,"27809 Lemwerder, Wesermarsch (Kreis)
Die vollständige Adresse der Immobilie erhalten Sie vom Anbieter.",4,110 m²,607 m²,3.649 €/m²,Bungalow,0 m²,nil,3,1,1 Stellplatz,Nein,"{'is24qa-gaeste-wc-label': '', 'is24qa-provisionsfrei-fuer-kaufende-label': ''}"
Familientraum – Glücklich leben im Eigenheim,510.358 €,"27777 Ganderkesee, Oldenburg (Kreis)
Die vollständige Adresse der Immobilie erhalten Sie vom Anbieter.",6,160 m²,465 m²,3.190 €/m²,Einfamilienhaus (freistehend),0 m²,nil,3,1,1 Stellplatz,Nein,"{'is24qa-gaeste-wc-label': '', 'is24qa-provisionsfrei-fuer-kaufende-label': ''}"
Naturnahe Oase: Ihr Zuhause für Gemütlichkeit,398.569 €,"27777 Ganderkesee, Oldenburg (Kreis)
Die vollständige Adresse der Immobilie erhalten Sie vom Anbieter.",7,183 m²,465 m²,2.178 €/m²,Doppelhaushälfte,0 m²,nil,6,2,1 Stellplatz,Nein,"{'is24qa-gaeste-wc-label': '', 'is24qa-provisionsfrei-fuer-kaufende-label': ''}"
Kinderparadies – Ihr Zuhause,412.586 €,"27777 Ganderkesee, Oldenburg (Kreis)
Die vollständige Adresse der Immobilie erhalten Sie vom Anbieter.",7,203 m²,465 m²,2.032 €/m²,Mehrfamilienhaus,0 m²,nil,5,2,1 Stellplatz,Nein,"{'is24qa-gaeste-wc-label': '', 'is24qa-provisionsfrei-fuer-kaufende-label': ''}"
Familientraum – Glücklich leben im Eigenheim,305.682 €,"27777 Ganderkesee, Oldenburg (Kreis)
Die vollständige Adresse der Immobilie erhalten Sie vom Anbieter.",5,113 m²,465 m²,2.705 €/m²,Doppelhaushälfte,0 m²,nil,4,2,nil,Nein,"{'is24qa-gaeste-wc-label': '', 'is24qa-provisionsfrei-fuer-kaufende-label': ''}"
Heimat für Herz und Seele,376.345 €,"27777 Ganderkesee, Oldenburg (Kreis)
Die vollständige Adresse der Immobilie erhalten Sie vom Anbieter.",5,130 m²,465 m²,2.895 €/m²,Einfamilienhaus (freistehend),0 m²,nil,3,1,1 Stellplatz,Nein,"{'is24qa-gaeste-wc-label': '', 'is24qa-provisionsfrei-fuer-kaufende-label': ''}"
Bauen mit Vertrauen: Die Zukunft für Ihre Familie,376.925 €,"26789 Leer (Ostfriesland), Leer (Kreis)
Die vollständige Adresse der Immobilie erhalten Sie vom Anbieter.",4,130 m²,597 m²,2.899 €/m²,Doppelhaushälfte,0 m²,nil,3,1,1 Stellplatz,Nein,"{'is24qa-gaeste-wc-label': '', 'is24qa-provisionsfrei-fuer-kaufende-label': ''}"
Bauen mit Vertrauen: Die Zukunft für Ihre Familie,513.687 €,"26789 Leer (Ostfriesland), Leer (Kreis)
Die vollständige Adresse der Immobilie erhalten Sie vom Anbieter.",7,"214,01 m²",597 m²,2.400 €/m²,Mehrfamilienhaus,0 m²,nil,5,1,1 Stellplatz,Nein,"{'is24qa-gaeste-wc-label': '', 'is24qa-provisionsfrei-fuer-kaufende-label': ''}"
Familientraum – Glücklich leben im Eigenheim,381.645 €,"26789 Leer (Ostfriesland), Leer (Kreis)
Die vollständige Adresse der Immobilie erhalten Sie vom Anbieter.",5,105 m²,597 m²,3.635 €/m²,Einfamilienhaus (freistehend),0 m²,nil,3,1,1 Stellplatz,Nein,"{'is24qa-gaeste-wc-label': '', 'is24qa-provisionsfrei-fuer-kaufende-label': ''}"
Heimat für Herz und Seele,480.549 €,"26789 Leer (Ostfriesland), Leer (Kreis)
Die vollständige Adresse der Immobilie erhalten Sie vom Anbieter.",5,144 m²,597 m²,3.337 €/m²,Einfamilienhaus (freistehend),0 m²,nil,3,1,1 Stellplatz,Nein,"{'is24qa-gaeste-wc-label': '', 'is24qa-provisionsfrei-fuer-kaufende-label': ''}"
Familientraum – Glücklich leben im Eigenheim,336.854 €,"26789 Leer (Ostfriesland), Leer (Kreis)
Die vollständige Adresse der Immobilie erhalten Sie vom Anbieter.",4,104 m²,597 m²,3.239 €/m²,Einfamilienhaus (freistehend),0 m²,nil,3,1,1 Stellplatz,Nein,"{'is24qa-gaeste-wc-label': '', 'is24qa-provisionsfrei-fuer-kaufende-label': ''}"
Familientraum – Glücklich leben im Eigenheim,286.354 €,"49661 Cloppenburg, Cloppenburg (Kreis)
Die vollständige Adresse der Immobilie erhalten Sie vom Anbieter.",4,113 m²,573 m²,2.534 €/m²,Doppelhaushälfte,0 m²,nil,3,2,nil,Nein,"{'is24qa-gaeste-wc-label': '', 'is24qa-provisionsfrei-fuer-kaufende-label': ''}"
Sensationelles Design – Wohnen auf höchstem Niveau!,375.642 €,"49661 Cloppenburg, Cloppenburg (Kreis)
Die vollständige Adresse der Immobilie erhalten Sie vom Anbieter.",5,144 m²,573 m²,2.609 €/m²,Einfamilienhaus (freistehend),0 m²,nil,3,1,1 Stellplatz,Nein,"{'is24qa-gaeste-wc-label': '', 'is24qa-provisionsfrei-fuer-kaufende-label': ''}"
Bauen mit Vertrauen: Die Zukunft für Ihre Familie,352.645 €,"49661 Cloppenburg, Cloppenburg (Kreis)
Die vollständige Adresse der Immobilie erhalten Sie vom Anbieter.",7,183 m²,573 m²,1.927 €/m²,Doppelhaushälfte,0 m²,nil,6,2,1 Stellplatz,Nein,"{'is24qa-gaeste-wc-label': '', 'is24qa-provisionsfrei-fuer-kaufende-label': ''}"
Heimat für Herz und Seele,400.235 €,"49661 Cloppenburg, Cloppenburg (Kreis)
Die vollständige Adresse der Immobilie erhalten Sie vom Anbieter.",5,198 m²,573 m²,2.021 €/m²,Einfamilienhaus (freistehend),0 m²,nil,4,1,1 Stellplatz,Nein,"{'is24qa-gaeste-wc-label': '', 'is24qa-provisionsfrei-fuer-kaufende-label': ''}"
Ihr Neubau in Bestlage,342.628 €,"49661 Cloppenburg, Cloppenburg (Kreis)
Die vollständige Adresse der Immobilie erhalten Sie vom Anbieter.",5,130 m²,573 m²,2.636 €/m²,Einfamilienhaus (freistehend),0 m²,nil,3,1,1 Stellplatz,Nein,"{'is24qa-gaeste-wc-label': '', 'is24qa-provisionsfrei-fuer-kaufende-label': ''}"
Familientraum – Glücklich leben im Eigenheim,296.358 €,"26209 Hatten, Oldenburg (Kreis)
Die vollständige Adresse der Immobilie erhalten Sie vom Anbieter.",4,107 m²,695 m²,2.770 €/m²,Einfamilienhaus (freistehend),0 m²,nil,3,1,1 Stellplatz,Nein,"{'is24qa-gaeste-wc-label': '', 'is24qa-provisionsfrei-fuer-kaufende-label': ''}"
Familientraum – Glücklich leben im Eigenheim,402.364 €,"26209 Hatten, Oldenburg (Kreis)
Die vollständige Adresse der Immobilie erhalten Sie vom Anbieter.",7,223 m²,695 m²,1.804 €/m²,Mehrfamilienhaus,0 m²,nil,5,2,1 Stellplatz,Nein,"{'is24qa-gaeste-wc-label': '', 'is24qa-provisionsfrei-fuer-kaufende-label': ''}"
Heimat für Herz und Seele,410.657 €,"26209 Hatten, Oldenburg (Kreis)
Die vollständige Adresse der Immobilie erhalten Sie vom Anbieter.",5,"144,01 m²",695 m²,2.852 €/m²,Einfamilienhaus (freistehend),0 m²,nil,3,1,1 Stellplatz,Nein,"{'is24qa-gaeste-wc-label': '', 'is24qa-provisionsfrei-fuer-kaufende-label': ''}"
Familientraum – Glücklich leben im Eigenheim,300.654 €,"26209 Hatten, Oldenburg (Kreis)
Die vollständige Adresse der Immobilie erhalten Sie vom Anbieter.",4,113 m²,695 m²,2.661 €/m²,Doppelhaushälfte,0 m²,nil,3,2,nil,Nein,"{'is24qa-gaeste-wc-label': '', 'is24qa-provisionsfrei-fuer-kaufende-label': ''}"
Familientraum – Glücklich leben im Eigenheim,421.689 €,"26209 Hatten, Oldenburg (Kreis)
Die vollständige Adresse der Immobilie erhalten Sie vom Anbieter.",7,203 m²,695 m²,2.077 €/m²,Mehrfamilienhaus,0 m²,nil,5,2,1 Stellplatz,Nein,"{'is24qa-gaeste-wc-label': '', 'is24qa-provisionsfrei-fuer-kaufende-label': ''}"
Familientraum – Glücklich leben im Eigenheim,512.348 €,"26160 Bad Zwischenahn, Ammerland (Kreis)
Die vollständige Adresse der Immobilie erhalten Sie vom Anbieter.",8,"252,01 m²",423 m²,2.033 €/m²,Mehrfamilienhaus,0 m²,nil,6,2,1 Stellplatz,Nein,{'is24qa-provisionsfrei-fuer-kaufende-label': ''}
Innovative Bautechnik - Zukunftssicher wohnen,395.461 €,"26160 Bad Zwischenahn, Ammerland (Kreis)
Die vollständige Adresse der Immobilie erhalten Sie vom Anbieter.",3,90 m²,423 m²,4.394 €/m²,Doppelhaushälfte,0 m²,nil,2,1,1 Stellplatz,Nein,"{'is24qa-gaeste-wc-label': '', 'is24qa-provisionsfrei-fuer-kaufende-label': ''}"
Familientraum – Glücklich leben im Eigenheim,465.384 €,"26160 Bad Zwischenahn, Ammerland (Kreis)
Die vollständige Adresse der Immobilie erhalten Sie vom Anbieter.",7,199 m²,423 m²,2.339 €/m²,Mehrfamilienhaus,0 m²,nil,5,2,1 Stellplatz,Nein,"{'is24qa-gaeste-wc-label': '', 'is24qa-provisionsfrei-fuer-kaufende-label': ''}"
Heimat für Herz und Seele,426.515 €,"26160 Bad Zwischenahn, Ammerland (Kreis)
Die vollständige Adresse der Immobilie erhalten Sie vom Anbieter.",5,169 m²,423 m²,2.524 €/m²,Doppelhaushälfte,0 m²,nil,4,2,nil,Nein,"{'is24qa-gaeste-wc-label': '', 'is24qa-provisionsfrei-fuer-kaufende-label': ''}"
Bauen mit Vertrauen: Die Zukunft für Ihre Familie,423.617 €,"26160 Bad Zwischenahn, Ammerland (Kreis)
Die vollständige Adresse der Immobilie erhalten Sie vom Anbieter.",5,130 m²,423 m²,3.259 €/m²,Einfamilienhaus (freistehend),0 m²,nil,3,1,1 Stellplatz,Nein,"{'is24qa-gaeste-wc-label': '', 'is24qa-provisionsfrei-fuer-kaufende-label': ''}"
