title,price,address,rooms,living_space,property_area,price_per_m2,type,usable_area,available_from,bedrooms,bathrooms,garage_parking,buyer_commission,criteriagroup_boolean_listing
Familientraum - Charmantes Eigenheim nahe der Ostsee!,549.000 €,"18211 Börgerende-Rethwisch, Rostock (Kreis)
Die vollständige Adresse der Immobilie erhalten Sie vom Anbieter.",6,153 m²,614 m²,3.588 €/m²,Einfamilienhaus (freistehend),50 m²,01.06.2024,nil,2,5 Stellplätze,3.57 %,{'is24qa-gaeste-wc-label': ''}
Naturnahes Unikat mit 180 Grad Meerblick,1.500.000 €,"18225 Kühlungsborn, Rostock (Kreis)
Die vollständige Adresse der Immobilie erhalten Sie vom Anbieter.",7,132 m²,38.892 m²,11.364 €/m²,Einfamilienhaus (freistehend),157 m²,nil,nil,nil,14 Stellplätze,3.57 %,{'is24qa-keller-label': ''}
"Modernes, beliebtes Ferienhaus - fußläufig in 15 Minuten am Ostseestrand",349.000 €,"18374 Zingst, Vorpommern-Rügen (Kreis)
Die vollständige Adresse der Immobilie erhalten Sie vom Anbieter.",3,61 m²,177 m²,5.721 €/m²,Doppelhaushälfte,nil,nach Vereinbarung,2,2,1 Stellplatz,3.57 %,"{'is24qa-gaeste-wc-label': '', 'is24qa-als-ferienhaus-geeignet-label': ''}"
TOP-Haushälfte in ruhiger & strandnaher Lage - Ihre Ferienimmobilie wartet auf Sie!,595.000 €,"18374 Zingst, Vorpommern-Rügen (Kreis)
Die vollständige Adresse der Immobilie erhalten Sie vom Anbieter.",4,100 m²,289 m²,5.950 €/m²,Doppelhaushälfte,nil,nil,3,2,2 Stellplätze,3.57 %,{'is24qa-als-ferienhaus-geeignet-label': ''}
Ihr Traumhaus wartet auf Sie - Ostsee und Wohnqualität,795.000 €,"18209 Steffenshagen, Rostock (Kreis)
Die vollständige Adresse der Immobilie erhalten Sie vom Anbieter.",4,193 m²,1.541 m²,4.119 €/m²,Einfamilienhaus (freistehend),nil,nach Vereinbarung,nil,2,6 Stellplätze,3.57 %,"{'is24qa-gaeste-wc-label': '', 'is24qa-als-ferienhaus-geeignet-label': ''}"
*** Eine Rarität mit Geschichte steht zum Verkauf! Mühle in Mühlen Eichsen ***,490.000 €,"19205 Mühlen Eichsen, Nordwestmecklenburg (Kreis)
Die vollständige Adresse der Immobilie erhalten Sie vom Anbieter.",11,300 m²,2.750 m²,1.633 €/m²,Wohnimmobilie (sonstige),270 m²,01.04.2024,nil,3,Garage,"7,14 % inkl. 19 % MwSt.",{}
Ein Haus für Generationen * 17367 Eggesin *,119.000 €,"Stettiner Str. 25,
17367 Eggesin, Vorpommern-Greifswald (Kreis)",12,340 m²,849 m²,350 €/m²,Mehrfamilienhaus,nil,nil,nil,nil,nil,Nein,{'is24qa-provisionsfrei-fuer-kaufende-label': ''}
Oase an der Müritz,599.000 €,"17192 Klink, Mecklenburgische Seenplatte (Kreis)
Die vollständige Adresse der Immobilie erhalten Sie vom Anbieter.",5,163 m²,410 m²,3.675 €/m²,Einfamilienhaus (freistehend),196 m²,nil,4,2,2 Stellplätze,3.57 %,"{'is24qa-gaeste-wc-label': '', 'is24qa-als-ferienhaus-geeignet-label': ''}"
Reetgedecktes Ferienhaus mit Meerblick,690.000 €,"18556 Dranske, Vorpommern-Rügen (Kreis)
Die vollständige Adresse der Immobilie erhalten Sie vom Anbieter.",5,135 m²,656 m²,5.111 €/m²,Einfamilienhaus (freistehend),nil,nach Vereinbarung,3,2,2 Stellplätze,3.57 %,"{'is24qa-gaeste-wc-label': '', 'is24qa-als-ferienhaus-geeignet-label': ''}"
Einfamilienhaus und Bungalow in gefragter Umgebung,760.000 €,"18586 Sellin, Vorpommern-Rügen (Kreis)
Die vollständige Adresse der Immobilie erhalten Sie vom Anbieter.",9,194 m²,1.081 m²,3.918 €/m²,Einfamilienhaus (freistehend),82 m²,nach Vereinbarung,6,4,5 Stellplätze,3.57 %,{'is24qa-gaeste-wc-label': ''}
Mehrfamilienhaus mit 3 x Wohneinheiten in TOP-Wohnlage direkt am Lindenpark...!!!,650.000 €,"Kräwtweg 0,
Kröpeliner-Tor-Vorstadt, 18057 Rostock",11,"237,55 m²",332 m²,2.736 €/m²,Mehrfamilienhaus,"237,55 m²",nach Vereinbarung,nil,nil,1 Außenstellplatz,"5,95 % des Kaufpreises inkl. MwSt. vom Käufer zu zahlen",{'is24qa-keller-label': ''}
Bis zu 85 % Förderung in bester Lage,420.000 €,"18273 Güstrow, Rostock (Kreis)
Die vollständige Adresse der Immobilie erhalten Sie vom Anbieter.",19,506 m²,233 m²,830 €/m²,Mehrfamilienhaus,nil,nil,nil,nil,nil,"7,14",{'is24qa-online-besichtigung-moeglich-label': ''}
Sie suchen die perfekte Verbindung von Stadt und Natur?,279.000 €,"17373 Ueckermünde, Vorpommern-Greifswald (Kreis)
Die vollständige Adresse der Immobilie erhalten Sie vom Anbieter.",8,135 m²,680 m²,2.067 €/m²,Einfamilienhaus (freistehend),195 m²,nil,1,1,nil,"3,57 inkl. MwSt.",{}
Charmantes Einfamilienhaus mit Terrasse und Carport in Schwerin Friedrichsthal,314.900 €,"Friedrichsthal, 19057 Schwerin
Die vollständige Adresse der Immobilie erhalten Sie vom Anbieter.",4,104 m²,457 m²,3.028 €/m²,Einfamilienhaus (freistehend),nil,nach Vereinbarung,2,1,2 Carports,"3,57 % inkl. gesetzl. MwSt. vom not. Kaufpreis",{'is24qa-gaeste-wc-label': ''}
"Einfamilienhaus mit Einliegerwohnung, Garten und tollem Ausblick",320.000 €,"19069 Zickhusen, Nordwestmecklenburg (Kreis)
Die vollständige Adresse der Immobilie erhalten Sie vom Anbieter.",6,152 m²,740 m²,2.105 €/m²,Einfamilienhaus (freistehend),nil,nach Vereinbarung,4,nil,3 Garagen,"3,57% vom Kaufpreis inkl. MwSt.",{}
bebautes Grundstück in Strandnähe im Ostseebad Ückeritz,385.000 €,"17459 Ückeritz, Vorpommern-Greifswald (Kreis)
Die vollständige Adresse der Immobilie erhalten Sie vom Anbieter.",4,110 m²,1.200 m²,3.500 €/m²,Einfamilienhaus (freistehend),nil,nil,3,1,nil,"3,57% inkl. MwSt.","{'is24qa-gaeste-wc-label': '', 'is24qa-keller-label': ''}"
"Geräumiges Mehrgenerationenhaus, Zweifamilienhaus mit viel Nebengelass, auf 0,45 ha Land",274.000 €,"17166 Teterow, Rostock (Kreis)
Die vollständige Adresse der Immobilie erhalten Sie vom Anbieter.",9,195 m²,4.361 m²,1.405 €/m²,Mehrfamilienhaus,nil,nil,5,2,3 Garagen,"Käuferprovision beträgt 3,57 % (inkl. MwSt.) des beurkundeten Kaufpreises","{'is24qa-keller-label': '', 'is24qa-einliegerwohnung-label': ''}"
Großzügiges und exklusives Ferienhaus unter Reet im Ostseebad Karlshagen,1.250.000 €,"17449 Karlshagen, Vorpommern-Greifswald (Kreis)
Die vollständige Adresse der Immobilie erhalten Sie vom Anbieter.",7,225 m²,2.111 m²,5.556 €/m²,Einfamilienhaus (freistehend),nil,nil,6,3,nil,3.57 %,"{'is24qa-listonlyonis24-label': 'Nur hier gefunden', 'is24qa-als-ferienhaus-geeignet-label': ''}"
Große Doppelhaushälfte mit schönem Garten,388.000 €,"17498 Dersekow, Vorpommern-Greifswald (Kreis)
Die vollständige Adresse der Immobilie erhalten Sie vom Anbieter.",7,230 m²,898 m²,1.687 €/m²,Einfamilienhaus (freistehend),nil,sofort,2,3,3 Stellplätze,3.57 %,"{'is24qa-keller-label': '', 'is24qa-vermietet-label': ''}"
Wohnhaus mit großer Halle,799.000 €,"18469 Velgast, Vorpommern-Rügen (Kreis)
Die vollständige Adresse der Immobilie erhalten Sie vom Anbieter.",5,180 m²,4.288 m²,4.439 €/m²,Wohnimmobilie (sonstige),700 m²,Sofort,4,2,Außenstellplatz,5.95 inkl. MwSt.,{'is24qa-gaeste-wc-label': ''}
