title,price,address,rooms,living_space,property_area,price_per_m2,type,usable_area,available_from,bedrooms,bathrooms,garage_parking,buyer_commission,criteriagroup_boolean_listing
"Großzügig, modernisiert, barrierefrei – ideal für Familien!",579.000 €,"24107 Quarnbek, Rendsburg-Eckernförde (Kreis)
Die vollständige Adresse der Immobilie erhalten Sie vom Anbieter.","5,5","194,2 m²",868 m²,2.981 €/m²,Einfamilienhaus (freistehend),nil,nach Vereinbarung,4,2,2 Carports,"3,25% inkl. MwSt.","{'is24qa-gaeste-wc-label': '', 'is24qa-keller-label': '', 'is24qa-stufenloser-zugang-label': ''}"
Nur ca. 700 m zum Strand: Einfamilienhaus in Sackgassenlage auf großem Erbpachtgrundstück,419.000 €,"23683 Scharbeutz, Ostholstein (Kreis)
Die vollständige Adresse der Immobilie erhalten Sie vom Anbieter.",5,"168,02 m²","1.047,02 m²",2.494 €/m²,Einfamilienhaus (freistehend),nil,nach Absprache,4,2,2 Stellplätze,"3,57 %","{'is24qa-online-besichtigung-moeglich-label': '', 'is24qa-keller-label': ''}"
Modernisiertes Wohn- und Geschäftshaus mit etabliertem Café in der Innenstadt von Malente,398.000 €,"23714 Malente, Ostholstein (Kreis)
Die vollständige Adresse der Immobilie erhalten Sie vom Anbieter.",3,"140,18 m²","537,18 m²",2.839 €/m²,Wohnimmobilie (sonstige),nil,ab sofort,2,nil,nil,"5,95 %","{'is24qa-online-besichtigung-moeglich-label': '', 'is24qa-keller-label': ''}"
"Landhaus/Resthof Nordstrand, Westküste, am Deich in Alleinlage, Energieklasse B-C",640.000 €,"25845 Nordstrand, Nordfriesland (Kreis)
Die vollständige Adresse der Immobilie erhalten Sie vom Anbieter.","6,5","200,9 m²",2.950 m²,3.186 €/m²,Bauernhaus,200 m²,nach Absprache,3,2,Carport,Nein,"{'is24qa-gaeste-wc-label': '', 'is24qa-provisionsfrei-fuer-kaufende-label': ''}"
Bei Rendsburg / Charmantes Einfamilienhaus mit Reithalle inkl. 8 Pferdeboxen und Nebengebäuden,519.000 €,"24799 Friedrichsgraben, Rendsburg-Eckernförde (Kreis)
Die vollständige Adresse der Immobilie erhalten Sie vom Anbieter.",3,80 m²,63.000 m²,6.488 €/m²,Einfamilienhaus (freistehend),nil,nach Absprache,2,1,Garage,Käuferprovision 3 % des Kaufpreises inkl. MwSt.,{}
"Wohnträume entfalten: großzügig, vielseitig, frei!",450.000 €,"24594 Hohenwestedt, Rendsburg-Eckernförde (Kreis)
Die vollständige Adresse der Immobilie erhalten Sie vom Anbieter.",10,"297,58 m²",1.033 m²,1.512 €/m²,Mehrfamilienhaus,nil,01.02.2024,nil,4,4 Stellplätze,"3,57 % inkl. ges. MwSt.",{}
Einfamilienhaus mit zwei Einliegerwohnungen direkt an der Ostsee,330.000 €,"24398 Brodersby, Rendsburg-Eckernförde (Kreis)
Die vollständige Adresse der Immobilie erhalten Sie vom Anbieter.",6,230 m²,800 m²,1.435 €/m²,Einfamilienhaus (freistehend),"111,67 m²",nil,nil,nil,4 Außenstellplätze,"2,98% (inkl. 19% MwSt.)",{'is24qa-keller-label': ''}
Mehrfamilienhaus mit drei Wohneinheiten direkt an der Ostsee,330.000 €,"24398 Brodersby, Rendsburg-Eckernförde (Kreis)
Die vollständige Adresse der Immobilie erhalten Sie vom Anbieter.",10,230 m²,800 m²,1.435 €/m²,Mehrfamilienhaus,"111,67 m²",nil,nil,nil,4 Außenstellplätze,"2,98% (inkl. 19% MwSt.)","{'is24qa-keller-label': '', 'is24qa-vermietet-label': ''}"
Charmantes Einfamilienhaus mit eigenem Garten,248.000 €,"25853 Ahrenshöft, Nordfriesland (Kreis)
Die vollständige Adresse der Immobilie erhalten Sie vom Anbieter.",4,113 m²,682 m²,2.195 €/m²,Einfamilienhaus (freistehend),nil,nil,nil,nil,1 Garage,"3,57 % inkl. ges. MwSt.",{}
Idyllisches Einfamilienhaus im ruhigen Laboe,369.000 €,"24235 Laboe, Plön (Kreis)
Die vollständige Adresse der Immobilie erhalten Sie vom Anbieter.","4,5",122 m²,484 m²,3.025 €/m²,nil,nil,nil,nil,2,4 Stellplätze,3.57%,"{'is24qa-gaeste-wc-label': '', 'is24qa-keller-label': ''}"
"Niedrigenergiehaus, genau für Sie!",690.000 €,"25451 Quickborn, Pinneberg (Kreis)
Die vollständige Adresse der Immobilie erhalten Sie vom Anbieter.",4,120 m²,550 m²,5.750 €/m²,nil,nil,nil,nil,2,4 Außenstellplätze,3.57%,{'is24qa-gaeste-wc-label': ''}
Idyllische gelegenes Ein-/Zweifamilienhaus,1.190.000 €,"23758 Wangels, Ostholstein (Kreis)
Die vollständige Adresse der Immobilie erhalten Sie vom Anbieter.",7,240 m²,56.345 m²,4.958 €/m²,Mehrfamilienhaus,260 m²,nil,4,3,3 Außenstellplätze,"3,57 % inkl. ges. MwSt.","{'is24qa-gaeste-wc-label': '', 'is24qa-keller-label': '', 'is24qa-einliegerwohnung-label': ''}"
"Reihenmittelhaus in Eutin: Gemütliches Zuhause mit Garten in ruhiger, begehrter Wohnlage",169.500 €,"23701 Eutin, Ostholstein (Kreis)
Die vollständige Adresse der Immobilie erhalten Sie vom Anbieter.",4,"87,57 m²",183 m²,1.936 €/m²,Reihenmittelhaus,nil,nil,3,1,nil,"3,57 % inkl. ges. MwSt.","{'is24qa-gaeste-wc-label': '', 'is24qa-keller-label': ''}"
Großes Einfamilienhaus mit Bauplatz,345.000 €,"24238 Selent, Plön (Kreis)
Die vollständige Adresse der Immobilie erhalten Sie vom Anbieter.",8,206 m²,1.252 m²,1.675 €/m²,Einfamilienhaus (freistehend),100 m²,nil,nil,nil,nil,"3,57 % inkl. ges. MwSt.",{}
Eine Oase in Lütjenburg,322.000 €,"24321 Lütjenburg, Plön (Kreis)
Die vollständige Adresse der Immobilie erhalten Sie vom Anbieter.",4,106 m²,907 m²,3.038 €/m²,Einfamilienhaus (freistehend),nil,nil,nil,nil,1 Carport,"3,57 % inkl. ges. MwSt.",{}
Energieeffizient - idyllische Feldrandlage mit Weitblick,829.000 €,"22949 Ammersbek, Stormarn (Kreis)
Die vollständige Adresse der Immobilie erhalten Sie vom Anbieter.",5,140 m²,910 m²,5.921 €/m²,Einfamilienhaus (freistehend),9 m²,nil,3,2,1 Außenstellplatz,"Käuferprovision beträgt 3,57 % (inkl. MwSt.) des beurkundeten Kaufpreises",{'is24qa-gaeste-wc-label': ''}
Zuhause gestalten: EFH mit Renovierungsbedarf in zentraler Lage von Bredstedt,99.000 €,"25821 Bredstedt, Nordfriesland (Kreis)
Die vollständige Adresse der Immobilie erhalten Sie vom Anbieter.",3,"84,39 m²","93,29 m²",1.173 €/m²,Einfamilienhaus (freistehend),nil,nach Absprache,1,nil,nil,"3,57 %","{'is24qa-online-besichtigung-moeglich-label': '', 'is24qa-gaeste-wc-label': '', 'is24qa-keller-label': ''}"
Willkommen in Strande,995.000 €,"24229 Strande, Rendsburg-Eckernförde (Kreis)
Die vollständige Adresse der Immobilie erhalten Sie vom Anbieter.",4,120 m²,405 m²,8.292 €/m²,Doppelhaushälfte,nil,nil,nil,nil,1 Stellplatz,"2,38% des Kaufpreises inkl. MwSt.",{}
ruhig gelegenes Einfamilienhaus in Lieth nahe der Kreisstadt Heide,215.000 €,"25770 Lieth, Dithmarschen (Kreis)
Die vollständige Adresse der Immobilie erhalten Sie vom Anbieter.",6,115 m²,830 m²,1.870 €/m²,Einfamilienhaus (freistehend),15 m²,nach Absprache,nil,2,3 Stellplätze,"3,57 % inkl. ges. MwSt.",{'is24qa-online-besichtigung-moeglich-label': ''}
Hand in Hand!,575.778 €,"23899 Gudow, Herzogtum Lauenburg (Kreis)
Die vollständige Adresse der Immobilie erhalten Sie vom Anbieter.",5,140 m²,600 m²,4.113 €/m²,Einfamilienhaus (freistehend),nil,nil,nil,nil,nil,nil,{}
Aus dem eigenen Garten!,765.489 €,"21465 Reinbek, Stormarn (Kreis)
Die vollständige Adresse der Immobilie erhalten Sie vom Anbieter.",5,125 m²,330 m²,6.124 €/m²,Doppelhaushälfte,nil,nil,nil,nil,nil,nil,{}
Den Sommer in vollen Zügen genießen!,1.264.679 €,"21465 Reinbek, Stormarn (Kreis)
Die vollständige Adresse der Immobilie erhalten Sie vom Anbieter.",5,207 m²,670 m²,6.110 €/m²,Mehrfamilienhaus,nil,nil,nil,nil,nil,nil,{}
Verwirklichen Sie JETZT den Traum vom Eigenheim!,589.567 €,"23899 Gudow, Herzogtum Lauenburg (Kreis)
Die vollständige Adresse der Immobilie erhalten Sie vom Anbieter.",5,140 m²,600 m²,4.211 €/m²,Einfamilienhaus (freistehend),nil,nil,nil,nil,nil,nil,{}
Verwirklichen Sie JETZT den Traum vom Eigenheim!,755.465 €,"21509 Glinde, Stormarn (Kreis)
Die vollständige Adresse der Immobilie erhalten Sie vom Anbieter.",5,150 m²,700 m²,5.036 €/m²,Einfamilienhaus (freistehend),nil,nil,nil,nil,nil,nil,{}
Barrierefreiheit für´s Alter!,701.247 €,"23689 Ratekau, Ostholstein (Kreis)
Die vollständige Adresse der Immobilie erhalten Sie vom Anbieter.",5,125 m²,600 m²,5.610 €/m²,Bungalow,nil,nil,nil,nil,nil,nil,{}
Den Sommer in vollen Zügen genießen!,658.090 €,"21481 Lauenburg/Elbe, Herzogtum Lauenburg (Kreis)
Die vollständige Adresse der Immobilie erhalten Sie vom Anbieter.",5,150 m²,700 m²,4.387 €/m²,Einfamilienhaus (freistehend),nil,nil,nil,nil,nil,nil,{}
Doppelhauspartner gesucht!,785.674 €,"21509 Glinde, Stormarn (Kreis)
Die vollständige Adresse der Immobilie erhalten Sie vom Anbieter.",5,125 m²,700 m²,6.285 €/m²,Doppelhaushälfte,nil,nil,nil,nil,nil,nil,{}
Verwirklichen Sie JETZT den Traum vom Eigenheim!,758.546 €,"23689 Ratekau, Ostholstein (Kreis)
Die vollständige Adresse der Immobilie erhalten Sie vom Anbieter.",5,160 m²,650 m²,4.741 €/m²,Einfamilienhaus (freistehend),nil,nil,nil,nil,nil,nil,{}
Let´s do it! - Bauen mit Bien Zenker!,538.746 €,"21481 Lauenburg/Elbe, Herzogtum Lauenburg (Kreis)
Die vollständige Adresse der Immobilie erhalten Sie vom Anbieter.",5,125 m²,600 m²,4.310 €/m²,Bungalow,nil,nil,nil,nil,nil,nil,{}
