title,price,address,rooms,living_space,property_area,price_per_m2,type,usable_area,available_from,bedrooms,bathrooms,garage_parking,buyer_commission,criteriagroup_boolean_listing
Liebevoll renoviertes Fachwerkhaus in Rambach,179.000 €,"37299 Weißenborn, Werra-Meißner-Kreis
Die vollständige Adresse der Immobilie erhalten Sie vom Anbieter.",8,"170,95 m²",909 m²,1.047 €/m²,Einfamilienhaus (freistehend),nil,nil,4,2,1 Garage,"Käuferprovision beträgt 3,57 % (inkl. MwSt.) des beurkundeten Kaufpreises","{'is24qa-gaeste-wc-label': '', 'is24qa-keller-label': ''}"
Preiswertes 4-Zimmer-Einfamilienhaus in Schauenburg / Breitenbach,130.000 €,"34270 Schauenburg, Kassel (Kreis)
Die vollständige Adresse der Immobilie erhalten Sie vom Anbieter.",4,110 m²,171 m²,1.182 €/m²,Einfamilienhaus (freistehend),nil,1.5.2024,3,1,1 Carport,Nein,"{'is24qa-keller-label': '', 'is24qa-provisionsfrei-fuer-kaufende-label': ''}"
Charmantes EFH mit Garten in Steinfurth,309.000 €,"61231 Bad Nauheim, Wetteraukreis
Die vollständige Adresse der Immobilie erhalten Sie vom Anbieter.",6,121 m²,211 m²,2.554 €/m²,Einfamilienhaus (freistehend),nil,nil,3,3,nil,"Käuferprovision beträgt 3,57 % (inkl. MwSt.) des beurkundeten Kaufpreises","{'is24qa-gaeste-wc-label': '', 'is24qa-keller-label': ''}"
Elz. Großzügiges Einfamilienhaus in traumhafter Wohnlage.,599.000 €,"65604 Elz, Limburg-Weilburg (Kreis)
Die vollständige Adresse der Immobilie erhalten Sie vom Anbieter.",7,189 m²,495 m²,3.169 €/m²,Einfamilienhaus (freistehend),26 m²,nil,4,2,1 Carport,"Käuferprovision beträgt 3,57 % (inkl. MwSt.) des beurkundeten Kaufpreises",{}
Einfamilienhaus mit viel Platz zum Erweitern!,699.000 €,"65719 Hofheim am Taunus, Main-Taunus-Kreis
Die vollständige Adresse der Immobilie erhalten Sie vom Anbieter.",7,200 m²,651 m²,3.495 €/m²,Einfamilienhaus (freistehend),nil,nil,4,2,1 Garage,"Käuferprovision beträgt 3,57 % (inkl. MwSt.) des beurkundeten Kaufpreises","{'is24qa-gaeste-wc-label': '', 'is24qa-keller-label': '', 'is24qa-stufenloser-zugang-label': '', 'is24qa-einliegerwohnung-label': ''}"
Großzügig - Umfangreich ausgestattet - Gartenoase - Einliegerwohnung,560.000 €,"64711 Erbach, Odenwaldkreis
Die vollständige Adresse der Immobilie erhalten Sie vom Anbieter.","7,5","286,43 m²",805 m²,1.955 €/m²,Einfamilienhaus (freistehend),nil,nach Absprache,5,3,2 Garagen,"3,57 % inkl. ges. MwSt.","{'is24qa-gaeste-wc-label': '', 'is24qa-keller-label': '', 'is24qa-einliegerwohnung-label': ''}"
Modernes Wohnen mit tollem Klima,849.000 €,"64832 Babenhausen, Darmstadt-Dieburg (Kreis)
Die vollständige Adresse der Immobilie erhalten Sie vom Anbieter.",4,160 m²,493 m²,5.306 €/m²,Einfamilienhaus (freistehend),50 m²,nil,3,1,3 Stellplätze,"3,57 % inkl. ges. MwSt.",{'is24qa-gaeste-wc-label': ''}
Seniorengerecht! KFW55 -Tinyhouse mit 74 m² - Ortsmitte Groß-Bieberau,398.750 €,"64401 Groß-Bieberau, Darmstadt-Dieburg (Kreis)
Die vollständige Adresse der Immobilie erhalten Sie vom Anbieter.",2,72 m²,200 m²,5.538 €/m²,Einfamilienhaus (freistehend),nil,nach Vereinbarung,1,1,nil,"2,97 % inkl. MwSt.","{'is24qa-stufenloser-zugang-label': '', 'is24qa-als-ferienhaus-geeignet-label': ''}"
Seniorengerecht! KFW55 -Tinyhouse mit 62 m² - Ortsmitte Groß-Bieberau,379.900 €,"64401 Groß-Bieberau, Darmstadt-Dieburg (Kreis)
Die vollständige Adresse der Immobilie erhalten Sie vom Anbieter.",2,62 m²,200 m²,6.127 €/m²,Einfamilienhaus (freistehend),nil,nach Vereinbarung,1,1,nil,"2,97 % inkl. MwSt.","{'is24qa-stufenloser-zugang-label': '', 'is24qa-als-ferienhaus-geeignet-label': ''}"
Ein Anwesen für Tierliebhaber.......,489.000 €,"64347 Griesheim, Darmstadt-Dieburg (Kreis)
Die vollständige Adresse der Immobilie erhalten Sie vom Anbieter.",3,103 m²,1.093 m²,4.748 €/m²,Einfamilienhaus (freistehend),nil,nach Absprache,3,2,nil,"3,57 % inkl. MwSt",{}
Ihr Familienglück. Top gepflegt und in bester Lage.,399.999 €,"35510 Butzbach, Wetteraukreis
Die vollständige Adresse der Immobilie erhalten Sie vom Anbieter.",9,214 m²,740 m²,1.869 €/m²,Wohnimmobilie (sonstige),112 m²,sofort,3,3,5 Stellplätze,Nein,"{'is24qa-keller-label': '', 'is24qa-als-ferienhaus-geeignet-label': '', 'is24qa-provisionsfrei-fuer-kaufende-label': ''}"
Das können Sie sich leisten! Neubau - Doppelhaushälfte in ruhiger Lage!,552.000 €,"63110 Rodgau, Offenbach (Kreis)
Die vollständige Adresse der Immobilie erhalten Sie vom Anbieter.",5,139 m²,152 m²,3.971 €/m²,Doppelhaushälfte,10 m²,nil,4,1,2 Außenstellplätze,"2,5 % inkl. ges. MwSt.",{'is24qa-gaeste-wc-label': ''}
KAPITALANLAGE | 2 Fam. Haus,645.000 €,"64665 Alsbach-Hähnlein, Darmstadt-Dieburg (Kreis)
Die vollständige Adresse der Immobilie erhalten Sie vom Anbieter.",7,"165,31 m²",495 m²,3.902 €/m²,Mehrfamilienhaus,"77,99 m²",kurzfristig,4,4,2 Außenstellplätze,"5,95 % Maklerprovision für den Käufer inkl. MwSt.","{'is24qa-gaeste-wc-label': '', 'is24qa-keller-label': '', 'is24qa-vermietet-label': ''}"
Ein Familienhaus aus der Zeit als die Zukunft noch orange war....,650.000 €,"64367 Mühltal, Darmstadt-Dieburg (Kreis)
Die vollständige Adresse der Immobilie erhalten Sie vom Anbieter.",7,185 m²,607 m²,3.514 €/m²,Einfamilienhaus (freistehend),"69,3 m²",nach Vereinbarung,5,2,1 Garage,"3,57% inkl. MwSt.","{'is24qa-gaeste-wc-label': '', 'is24qa-keller-label': ''}"
Wohnen und Arbeiten in bester Wohnlage in Usingen - Feldbergblick inklusive !,549.000 €,"61250 Usingen, Hochtaunuskreis
Die vollständige Adresse der Immobilie erhalten Sie vom Anbieter.",12,280 m²,642 m²,1.961 €/m²,Einfamilienhaus (freistehend),36 m²,kurzfristig,7,2,3 Stellplätze,"3,57 %",{}
Charmante Doppelhaushälfte mit Potenzial!,449.000 €,"Rambach, 65207 Wiesbaden
Die vollständige Adresse der Immobilie erhalten Sie vom Anbieter.",6,134 m²,400 m²,3.351 €/m²,Doppelhaushälfte,nil,sofort,3,2,nil,Nein,"{'is24qa-gaeste-wc-label': '', 'is24qa-provisionsfrei-fuer-kaufende-label': ''}"
Energieeffizientes Reihenmittelhaus in begehrter Wohnlage von Offenbach am Main,650.000 €,"Bachschule, 63071 Offenbach am Main
Die vollständige Adresse der Immobilie erhalten Sie vom Anbieter.",5,142 m²,143 m²,4.577 €/m²,Reihenmittelhaus,nil,nach Absprache,4,2,2 Stellplätze,"Die Provision für den/die Käufer/in beträgt 3,57% inkl. gesetzlicher MwSt. und ist bei Abschluss ...",{'is24qa-gaeste-wc-label': ''}
2 Familienhaus in Bestlage Dreieich Sprendlingen,649.000 €,"63303 Dreieich, Offenbach (Kreis)
Die vollständige Adresse der Immobilie erhalten Sie vom Anbieter.",6,181 m²,366 m²,3.586 €/m²,Mehrfamilienhaus,80 m²,sofort,4,3,2 Außenstellplätze,"5,95%",{'is24qa-gaeste-wc-label': ''}
Perfekte Kapitalanlage mit vier Einheiten Bad Homburg - Stadtmitte,740.000 €,"61348 Bad Homburg vor der Höhe, Hochtaunuskreis
Die vollständige Adresse der Immobilie erhalten Sie vom Anbieter.",9,231 m²,268 m²,3.203 €/m²,Mehrfamilienhaus,112 m²,nach Vereinbarung,nil,4,1 Garage,"5,95 % inkl. MwSt.","{'is24qa-keller-label': '', 'is24qa-vermietet-label': ''}"
FREISTEHENDES EINFAMILIENHAUS MIT GARAGE IN WIESBADEN RAMBACH,385.000 €,"Rambach, 65205 Wiesbaden
Die vollständige Adresse der Immobilie erhalten Sie vom Anbieter.",5,115 m²,280 m²,3.348 €/m²,Einfamilienhaus (freistehend),30 m²,Nach Absprache - aktuell vermietet,4,2,1 Garage,"2,98 % inklusive MwSt. vom Kaufprei",{'is24qa-keller-label': ''}
