title,price,address,rooms,living_space,property_area,price_per_m2,type,usable_area,available_from,bedrooms,bathrooms,garage_parking,buyer_commission,criteriagroup_boolean_listing
AIGNER - Schönes und energieeffizientes Einfamilienhaus mit großem Garten in Hilgertshausen!,795.000 €,"86567 Hilgertshausen-Tandern, Dachau (Kreis)
Die vollständige Adresse der Immobilie erhalten Sie vom Anbieter.",5,"141,57 m²",646 m²,5.616 €/m²,Einfamilienhaus (freistehend),78 m²,nach Absprache,3,1,2 Garagen,"3,57% des Kaufpreises inkl. MwSt.","{'is24qa-gaeste-wc-label': '', 'is24qa-keller-label': ''}"
"Modernes Mehrfamilienhaus mit 10 Wohneinheiten, 15 TG-Stellplätzen im Herzen von Hallbergmoos",6.110.000 €,"85399 Hallbergmoos, Freising (Kreis)
Die vollständige Adresse der Immobilie erhalten Sie vom Anbieter.",28,"690,2 m²",1.059 m²,8.853 €/m²,Mehrfamilienhaus,nil,15.11.2025,18,12,15 Tiefgaragen-Stellplätze,Nein,{'is24qa-provisionsfrei-fuer-kaufende-label': ''}
Zweifamilienhaus in Nürnberg-Gaulnhofen,459.000 €,"Kornburg, Worzeldorf, 90455 Nürnberg
Die vollständige Adresse der Immobilie erhalten Sie vom Anbieter.","8,5","162,64 m²",571 m²,2.822 €/m²,Mehrfamilienhaus,"61,32 m²",sofort,3,2,2 Garagen,"3,57 % inkl. ges. MwSt.",{'is24qa-keller-label': ''}
"Charmantes, ruhig gelegenes Reiheneckhaus",670.000 €,"82140 Olching, Fürstenfeldbruck (Kreis)
Die vollständige Adresse der Immobilie erhalten Sie vom Anbieter.",5,"123,53 m²","237,29 m²",5.424 €/m²,Reiheneckhaus,"46,41 m²",nach Vereinbarung,3,1,1 Garage,"€ 16.422,00 inkl. 19% MwSt.","{'is24qa-gaeste-wc-label': '', 'is24qa-keller-label': ''}"
der Zeit VORAUS - NACHHALTIGES Investment in STARNBERG - 4 DHH in ökologischem MASSIV LEHMSTEIN,6.160.000 €,"82319 Starnberg, Starnberg (Kreis)
Die vollständige Adresse der Immobilie erhalten Sie vom Anbieter.",24,612 m²,1.333 m²,10.065 €/m²,Doppelhaushälfte,200 m²,1.12.2025,20,8,8 Außenstellplätze,Nein,"{'is24qa-gaeste-wc-label': '', 'is24qa-keller-label': '', 'is24qa-provisionsfrei-fuer-kaufende-label': ''}"
Schönes Einfamilienhaus mit Wellness-Oase in Straßlach - OT Ebertshausen,3.000.000 €,"82064 Straßlach-Dingharting, München (Kreis)
Die vollständige Adresse der Immobilie erhalten Sie vom Anbieter.",6,250 m²,813 m²,12.000 €/m²,Einfamilienhaus (freistehend),53 m²,nach Vereinbarung,nil,3,2 Garagen,"3,57 % inkl. 19% MwSt.",{'is24qa-keller-label': ''}
Solide Investitionsmöglichkeit!,655.000 €,"83052 Bruckmühl, Rosenheim (Kreis)
Die vollständige Adresse der Immobilie erhalten Sie vom Anbieter.",5,166 m²,315 m²,3.946 €/m²,Doppelhaushälfte,nil,nil,3,1,1 Garage,"15589,00","{'is24qa-gaeste-wc-label': '', 'is24qa-keller-label': '', 'is24qa-vermietet-label': ''}"
Traumobjekt mit viel Potential zum Ausschöpfen - Denkmalobjekt in top Lage,695.000 €,"91161 Hilpoltstein, Roth (Kreis)
Die vollständige Adresse der Immobilie erhalten Sie vom Anbieter.",9,262 m²,364 m²,2.653 €/m²,Einfamilienhaus (freistehend),nil,sofort,nil,3,1 Carport,"3,57 % Käuferprovision inkl. 19 % MwSt.",{'is24qa-keller-label': ''}
Familienfreundliche Doppelhaushälfte mit großzügigem Garten und Carport,247.000 €,"95339 Wirsberg, Kulmbach (Kreis)
Die vollständige Adresse der Immobilie erhalten Sie vom Anbieter.",5,133 m²,766 m²,1.857 €/m²,Doppelhaushälfte,nil,01.08.2024,3,1,1 Carport,"3,57 % inkl. MwSt.",{'is24qa-gaeste-wc-label': ''}
EINZIGARTIG - GEMÜTLICH - STILVOLL Einfamilienhaus mit besonderem Flair in Windach/Hechenwang,1.290.000 €,"86949 Windach, Landsberg am Lech (Kreis)
Die vollständige Adresse der Immobilie erhalten Sie vom Anbieter.",9,"166,06 m²",855 m²,7.768 €/m²,Einfamilienhaus (freistehend),nil,nil,4,2,1 Garage,"2,38 % inkl. MwSt.",{'is24qa-online-besichtigung-moeglich-label': ''}
TOP Angebot! Neubau Einfamilienhaus in Stoffen,649.000 €,"Am Fuchsloch 10,
86932 Pürgen, Landsberg am Lech (Kreis)",5,115 m²,400 m²,5.643 €/m²,Einfamilienhaus (freistehend),130 m²,nil,3,2,nil,Nein,"{'is24qa-gaeste-wc-label': '', 'is24qa-provisionsfrei-fuer-kaufende-label': ''}"
Ökologisches Einfamilienhaus in Kirchberg - Beziehbar in spätestens 3 Jahren,640.000 €,"84434 Kirchberg, Erding (Kreis)
Die vollständige Adresse der Immobilie erhalten Sie vom Anbieter.",4,131 m²,598 m²,4.885 €/m²,Einfamilienhaus (freistehend),97 m²,Spätestens in 3 Jahren,3,2,3 Stellplätze,"3,57% des Kaufpreises inkl. MwSt.",{'is24qa-keller-label': ''}
"PUCHHEIM inmitten von Gärten: RH in abs. ruh. Bestlage, 5 1/2 Zi, chices Bad, tiefer Südgarten",750.000 €,"82178 Puchheim, Fürstenfeldbruck (Kreis)
Die vollständige Adresse der Immobilie erhalten Sie vom Anbieter.","5,5",131 m²,201 m²,5.725 €/m²,Reihenmittelhaus,"44,5 m²",kurzfristig bzw. nach Vereinbarung,4,1,1 Stellplatz,"3,57 % vom Gesamtkaufpreis","{'is24qa-gaeste-wc-label': '', 'is24qa-keller-label': ''}"
Top Kapitalanlage - Mehrfamilienhaus in Innenstadtnähe von Hof!,359.000 €,"Innenstadt, 95028 Hof
Die vollständige Adresse der Immobilie erhalten Sie vom Anbieter.",9,260 m²,230 m²,1.381 €/m²,Mehrfamilienhaus,nil,nil,nil,2,1 Stellplatz,"3,57 %","{'is24qa-gaeste-wc-label': '', 'is24qa-vermietet-label': ''}"
"Moderne, schön ausgestattete DHH sehr gepflegt, mit kleinem Garten",690.000 €,"Mozartring 33,
84405 Dorfen, Erding (Kreis)",5,138 m²,223 m²,5.000 €/m²,Doppelhaushälfte,nil,nil,4,2,1 Garage,"3,57","{'is24qa-gaeste-wc-label': '', 'is24qa-keller-label': '', 'is24qa-vermietet-label': ''}"
Exklusives Wohnen im Bärenkeller,949.000 €,"Bärenkeller, 86156 Augsburg
Die vollständige Adresse der Immobilie erhalten Sie vom Anbieter.",4,180 m²,544 m²,5.272 €/m²,Einfamilienhaus (freistehend),nil,nil,2,2,nil,"1,785 % inkl. MwSt.",{'is24qa-online-besichtigung-moeglich-label': ''}
Großes Einfamilienhaus mit Park ähnlichem Grundstück,395.000 €,"95234 Sparneck, Hof (Kreis)
Die vollständige Adresse der Immobilie erhalten Sie vom Anbieter.",10,250 m²,2.681 m²,1.580 €/m²,Einfamilienhaus (freistehend),nil,sofort,nil,nil,4 Garagen,"3,57 % inkl. ges. MwSt.",{'is24qa-keller-label': ''}
Neubau-Reihenhäuser in Malching (S-Bahn). Mit Grundwasserwärmepumpe,764.000 €,"82216 Maisach, Fürstenfeldbruck (Kreis)
Die vollständige Adresse der Immobilie erhalten Sie vom Anbieter.",4,105 m²,406 m²,7.276 €/m²,Reiheneckhaus,68 m²,nil,3,1,2 Stellplätze,Nein,{'is24qa-provisionsfrei-fuer-kaufende-label': ''}
Neubau-Reihenhäuser in Malching (S-Bahn). Mit Grundwasserwärmepumpe,764.000 €,"82216 Maisach, Fürstenfeldbruck (Kreis)
Die vollständige Adresse der Immobilie erhalten Sie vom Anbieter.",4,105 m²,258 m²,7.276 €/m²,Reiheneckhaus,68 m²,nil,3,1,2 Stellplätze,Nein,{'is24qa-provisionsfrei-fuer-kaufende-label': ''}
Jugendstilvilla im Frauenland!,1.890.000 €,"Frauenland, 97074 Würzburg
Die vollständige Adresse der Immobilie erhalten Sie vom Anbieter.",8,290 m²,1.261 m²,6.517 €/m²,Villa,50 m²,nach Vereinbarung,7,4,2 Garagen,"3,57 % Provision inkl. MwSt.","{'is24qa-keller-label': '', 'is24qa-einliegerwohnung-label': '', 'is24qa-vermietet-label': ''}"
